# https://github.com/mikedh/trimesh
v 0.04394079 0.00454647 -0.01641108
v 0.04760502 0.00409265 -0.00876235
v 0.04488920 0.00409265 -0.01710776
v 0.00872792 0.02561652 -0.04174513
v 0.01116070 0.02381247 -0.04174513
v -0.01444221 0.03022560 -0.04174513
v 0.00401661 -0.03007312 -0.03966513
v 0.00101361 -0.03114798 -0.03966513
v 0.00100829 -0.03112848 -0.03999072
v 0.00612970 0.02717356 -0.04174513
v 0.01340497 0.02177797 -0.04174513
v 0.00339142 0.02846884 -0.04174513
v 0.02234779 -0.00616730 0.04088051
v 0.02210315 -0.00611885 0.04095673
v 0.02159970 -0.00915376 0.04088051
v 0.02136097 -0.00908107 0.04095673
v 0.02255106 -0.00309753 0.04095673
v 0.02404024 0.00075646 -0.02538810
v 0.02392315 0.00313834 -0.02238222
v 0.02406955 0.00016015 -0.02528323
v 0.00053970 0.02948933 -0.04174513
v -0.00239889 0.03022560 -0.04174513
v -0.00539480 0.03066998 -0.04174513
v 0.02401178 0.00133547 -0.02548980
v 0.02398560 0.00186796 -0.02577475
v 0.02395795 0.00243043 -0.02607594
v -0.00842026 0.03081829 -0.04174513
v 0.02393662 0.00286450 -0.02650349
v 0.02392315 0.00313834 -0.02677322
v 0.02185202 -0.00606862 0.04098213
v 0.04394079 -0.00422557 -0.01641108
v 0.04541215 -0.00438039 -0.00801485
v 0.04292265 -0.00438039 -0.01566299
v 0.01880056 0.01450270 -0.04174513
v 0.01724351 0.01710092 -0.04174513
v 0.01543888 0.01953370 -0.04174513
v -0.00526539 0.03198534 0.04012473
v -0.00525239 0.03211888 0.03984643
v -0.00842026 0.03214075 0.04012473
v 0.02009584 0.01176443 -0.04174513
v 0.02111633 0.00891270 -0.04174513
v 0.04654729 -0.00422557 -0.00840190
v 0.02390306 -0.00323107 0.03922774
v 0.02343565 -0.00638357 0.03922774
v 0.02345515 -0.00638771 0.03890214
v 0.02345515 0.00629320 -0.03163526
v 0.02370586 0.00460317 -0.03017538
v 0.02369130 0.00470129 -0.03112574
v 0.02185202 0.00597411 -0.04174513
v 0.02388861 0.00337115 -0.02700641
v 0.02384299 0.00367872 -0.02752416
v 0.02378159 0.00409265 -0.02822094
v 0.02375517 0.00427070 -0.02877234
v 0.02371426 0.00454647 -0.02962628
v -0.01144571 0.03066998 -0.04174513
v 0.00367506 -0.02924880 -0.04151822
v 0.00075479 -0.03029412 -0.04151822
v 0.00068624 -0.03006721 -0.04164349
v 0.02369931 0.00464730 -0.03164599
v -0.03648844 -0.01504985 0.04058506
v -0.03470094 -0.01760730 0.04075523
v -0.03629580 -0.01494703 0.04075523
v 0.02361233 -0.00320212 0.04012473
v 0.02314906 -0.00632685 0.04012473
v 0.02328024 -0.00635285 0.03984643
v -0.03488294 -0.01772903 0.04058506
v -0.02023194 0.02846884 -0.04174513
v 0.00612970 -0.02726807 -0.04174513
v -0.02297021 0.02717356 -0.04174513
v -0.00539480 -0.03076449 -0.04174513
v -0.02556844 0.02561652 -0.04174513
v -0.03800412 0.01220702 -0.04113590
v -0.03666039 0.01504752 -0.04113590
v -0.03648844 0.01495534 -0.04134804
v -0.03762180 -0.01214316 0.04075523
v -0.03608662 -0.01483534 0.04088051
v -0.03450416 -0.01747612 0.04088051
v -0.02800122 0.02381247 -0.04174513
v -0.03693635 0.01176443 -0.04174513
v -0.03564167 0.01450270 -0.04174513
v -0.03024548 0.02177797 -0.04174513
v -0.03227998 0.01953370 -0.04174513
v 0.00081802 -0.03050330 -0.04134804
v -0.00225412 -0.03104753 -0.04151822
v -0.03408403 0.01710092 -0.04174513
v 0.01991501 0.00558884 -0.03163526
v -0.01125189 0.02870402 -0.03163526
v 0.02033102 0.00278438 -0.03163526
v 0.01922601 0.00833893 -0.03163526
v 0.01827111 0.01100865 -0.03163526
v 0.01705856 0.01357143 -0.03163526
v 0.01560079 0.01600361 -0.03163526
v -0.00842026 0.02884288 -0.03163526
v 0.01391197 0.01828038 -0.03163526
v 0.02046988 -0.00004726 -0.03163526
v 0.02267988 -0.00948171 0.03890214
v 0.02266097 -0.00947580 0.03922774
v 0.00383342 -0.02963112 -0.04113590
v 0.00389724 -0.02978476 -0.04088772
v 0.00087474 -0.03069003 -0.04113590
v -0.03429676 -0.01733726 0.04095673
v -0.03586680 -0.01471775 0.04095673
v 0.02260365 -0.00945807 0.03954505
v 0.02158729 -0.01247703 0.03922774
v -0.03795685 0.00891270 -0.04174513
v -0.03869312 0.00597411 -0.04174513
v -0.03629580 0.01485252 -0.04151822
v -0.03782389 0.01213197 -0.04134804
v 0.02153174 -0.01245398 0.03954505
v 0.02337656 -0.00637235 0.03954505
v -0.03247735 -0.01979071 0.04095673
v -0.03680753 0.01512611 -0.04088772
v -0.03518371 0.01783543 -0.04088772
v -0.03504485 0.01774265 -0.04113590
v 0.02229638 0.00297820 -0.04174513
v 0.02244529 -0.00004726 -0.04174513
v -0.01738021 0.02948933 -0.04174513
v 0.02250970 -0.00942971 0.03984643
v 0.02111633 -0.00900721 -0.04174513
v 0.02185202 -0.00606862 -0.04174513
v -0.03815835 0.01227024 -0.04088772
v 0.00398647 -0.02999925 -0.04030804
v 0.00099056 -0.03107117 -0.04030804
v 0.00096220 -0.03097721 -0.04060940
v -0.03408403 -0.01719544 0.04098213
v -0.03564167 -0.01459721 0.04098213
v 0.02229638 -0.00307271 -0.04174513
v 0.02009584 -0.01185894 -0.04174513
v -0.03227998 -0.01962821 0.04098213
v 0.01880056 -0.01459721 -0.04174513
v -0.03692571 0.01518934 -0.04060940
v 0.02238147 -0.00939071 0.04012473
v -0.00208394 -0.03190316 -0.03999072
v -0.03529480 0.01790988 -0.04060940
v -0.03701257 0.01523543 -0.04030804
v 0.01543888 -0.01962821 -0.04174513
v 0.01724351 -0.01719544 -0.04174513
v 0.02222192 -0.00934285 0.04037290
v 0.02298538 -0.00629435 0.04037290
v 0.00061356 -0.02982848 -0.04171972
v -0.00239889 -0.03032011 -0.04174513
v 0.00053970 -0.02958385 -0.04174513
v 0.04292265 0.00470129 -0.01566299
v 0.03896297 0.00470129 -0.02223095
v 0.01786042 0.01751279 0.04075523
v 0.01945529 0.01485252 0.04075523
v 0.01964792 0.01495534 0.04058506
v -0.00234867 -0.03057066 -0.04171972
v 0.01116070 -0.02390698 -0.04174513
v 0.01340497 -0.02187249 -0.04174513
v -0.03828185 0.01232165 -0.04060940
v -0.03837285 0.01235947 -0.04030804
v 0.01804242 0.01763452 0.04058506
v -0.00230021 -0.03081530 -0.04164349
v 0.04123324 0.00337115 -0.02512049
v 0.04570347 0.00337115 -0.01770636
v 0.04632865 0.00243043 -0.01816549
v 0.00872792 -0.02571103 -0.04174513
v 0.04672102 0.00133547 -0.01845445
v 0.04174379 0.00243043 -0.02576990
v 0.00339142 -0.02856335 -0.04174513
v 0.02111633 -0.00900721 0.04098213
v 0.01766365 0.01738161 0.04088051
v 0.04206465 0.00133547 -0.02617822
v -0.00221158 -0.03126203 -0.04134804
v 0.04685515 0.00016015 -0.01855254
v 0.01924611 0.01474083 0.04088051
v 0.01582947 0.01985397 0.04088051
v -0.03928580 -0.00004726 -0.04174513
v -0.03913749 0.00297820 -0.04174513
v -0.03869312 -0.00606862 -0.04174513
v -0.03913749 -0.00307271 -0.04174513
v -0.00842026 -0.03091280 -0.04174513
v -0.03542658 -0.01809185 0.03922774
v -0.03348130 -0.02061444 0.03954505
v -0.03537635 -0.01805875 0.03954505
v 0.02160560 -0.01248471 0.03890214
v -0.01444221 -0.03032011 -0.04174513
v -0.01738021 -0.02958385 -0.04174513
v -0.01144571 -0.03076449 -0.04174513
v -0.03842780 0.01238252 -0.03999072
v -0.03706517 0.01526379 -0.03999072
v -0.00217317 -0.03145348 -0.04113590
v 0.04488920 -0.00377235 -0.01710776
v 0.04123324 -0.00305085 -0.02512049
v 0.04570347 -0.00305085 -0.01770636
v 0.01745624 0.01724274 0.04095673
v 0.01902629 0.01462324 0.04095673
v -0.02023194 -0.02856335 -0.04174513
v 0.00092320 -0.03084898 -0.04088772
v -0.03844671 0.01239020 -0.03966513
v -0.02297021 -0.02726807 -0.04174513
v 0.02144133 -0.01241616 0.03984643
v -0.02556844 -0.02571103 -0.04174513
v -0.03708289 0.01527324 -0.03966513
v 0.01853583 0.01796424 -0.04030804
v 0.01858547 0.01799734 -0.03999072
v 0.02017147 0.01523543 -0.04030804
v 0.01668688 0.02055774 -0.03999072
v -0.02800122 -0.02390698 -0.04174513
v 0.03979437 -0.00422557 -0.02328867
v -0.00214067 -0.03161657 -0.04088772
v -0.03518371 -0.01792994 0.04012473
v -0.03692571 -0.01528385 0.03984643
v -0.03529480 -0.01800439 0.03984643
v 0.04190511 -0.00422557 -0.01491489
v 0.03896297 -0.00438039 -0.02223095
v 0.02131724 -0.01236476 0.04012473
v -0.03717271 0.01186252 -0.04171972
v -0.03586680 0.01462324 -0.04171972
v -0.03330166 -0.02046730 0.04012473
v 0.01724351 0.01710092 0.04098213
v -0.03740317 0.01195765 -0.04164349
v -0.03608662 0.01474083 -0.04164349
v -0.03762180 0.01204865 -0.04151822
v 0.01880056 0.01450270 0.04098213
v -0.03795685 -0.00900721 -0.04174513
v -0.00528194 -0.03191439 -0.04113590
v -0.03693635 -0.01185894 -0.04174513
v -0.03680753 -0.01522062 0.04012473
v -0.03504485 -0.01783716 0.04037290
v -0.03666039 -0.01514203 0.04037290
v -0.00211467 -0.03174835 -0.04060940
v -0.03408403 -0.01719544 -0.04174513
v -0.03564167 -0.01459721 -0.04174513
v -0.03227998 -0.01962821 -0.04174513
v -0.03024548 -0.02187249 -0.04174513
v 0.01670224 0.02057074 0.03890214
v 0.01668688 0.02055774 0.03922774
v 0.01860261 0.01800856 0.03890214
v 0.01964792 -0.01504985 0.04058506
v 0.02098338 -0.01222648 0.04058506
v 0.02078129 -0.01214316 0.04075523
v 0.01858547 0.01799734 0.03922774
v 0.02182602 -0.00922230 0.04075523
v -0.00209576 -0.03184407 -0.04030804
v 0.02896833 0.00016015 0.03640674
v 0.02405269 -0.00059765 0.03710359
v 0.02892815 -0.00101516 0.03621645
v 0.02406955 0.00016015 0.03722763
v 0.02407974 -0.00004726 0.03719119
v 0.01656456 0.02045729 0.03984643
v 0.01845429 0.01790988 0.03984643
v 0.01853583 0.01796424 0.03954505
v 0.02397834 -0.00211012 0.03646892
v 0.02881115 -0.00211012 0.03565925
v 0.02399717 -0.00172711 0.03666753
v 0.03951724 0.00243043 -0.01316049
v 0.04014183 0.00337115 -0.01361963
v 0.03618215 0.00243043 -0.01869199
v -0.03302217 -0.02023744 0.04058506
v -0.03317344 -0.02036153 0.04037290
v 0.02056265 -0.01205216 0.04088051
v 0.02033220 -0.01195703 0.04095673
v 0.01924611 -0.01483534 0.04088051
v -0.03935021 0.00933520 -0.04060940
v -0.00207980 -0.03192266 -0.03966513
v 0.02401178 0.00133547 0.03704046
v 0.02404894 0.00057930 0.03716084
v 0.02892815 0.00133547 0.03621645
v 0.02009584 -0.01185894 0.04098213
v -0.00536998 -0.03101858 -0.04171972
v 0.03735747 -0.00377235 -0.02018758
v 0.04095670 -0.00377235 -0.01421822
v 0.04014183 -0.00305085 -0.01361963
v -0.03782389 -0.01222648 0.04058506
v -0.00532212 -0.03150252 -0.04151822
v -0.03740317 -0.01205216 0.04088051
v -0.03866712 -0.00922230 0.04075523
v 0.02024179 -0.01536775 0.03890214
v -0.00530085 -0.03172057 -0.04134804
v -0.03844021 0.00905924 -0.04164349
v 0.01618165 0.02014293 0.04058506
v 0.01820433 0.01774265 0.04037290
v 0.03951724 -0.00211012 -0.01316049
v 0.03912428 -0.00101516 -0.01287212
v 0.03618215 -0.00211012 -0.01869199
v -0.03717271 -0.01195703 0.04095673
v 0.02022406 0.01526379 0.03922774
v 0.02158729 0.01238252 0.03922774
v 0.02160560 0.01239020 0.03890214
v -0.03693635 -0.01185894 0.04098213
v 0.02024179 0.01527324 0.03890214
v -0.03706517 -0.01535830 0.03922774
v -0.03844671 -0.01248471 0.03890214
v -0.03708289 -0.01536775 0.03890214
v 0.02116360 -0.01230153 0.04037290
v -0.03842780 -0.01247703 0.03922774
v -0.00526539 -0.03207985 -0.04088772
v -0.03887630 0.00919161 -0.04134804
v -0.00525239 -0.03221339 -0.04060940
v 0.02017147 0.01523543 0.03954505
v -0.00524294 -0.03231089 -0.04030804
v 0.02203520 -0.00928612 0.04058506
v -0.03837285 -0.01245398 0.03954505
v -0.03828185 -0.01241616 0.03984643
v -0.00523703 -0.03237057 -0.03999072
v -0.00842026 -0.03246748 -0.04030804
v 0.02008520 0.01518934 0.03984643
v 0.02153174 0.01235947 0.03954505
v -0.03815835 -0.01236476 0.04012473
v -0.00523467 -0.03239067 -0.03966513
v -0.03952099 0.00938720 -0.03966513
v 0.03899015 0.00016015 -0.01277344
v 0.03912428 0.00133547 -0.01287212
v 0.03575197 0.00016015 -0.01814422
v -0.03800412 -0.01230153 0.04037290
v 0.03586188 0.00133547 -0.01828367
v 0.01945529 -0.01494703 0.04075523
v 0.01804242 -0.01772903 0.04058506
v 0.01834260 0.01783543 0.04012473
v 0.01996702 0.01512611 0.04012473
v 0.01786042 -0.01760730 0.04075523
v 0.03669269 0.00337115 -0.01934140
v 0.04206465 0.00133547 0.02656396
v 0.03599601 0.00133547 0.03249078
v 0.03607283 0.00016015 0.03266155
v -0.03906303 -0.00934285 0.04037290
v -0.03820148 0.00898656 -0.04171972
v -0.00534576 -0.03126675 -0.04164349
v -0.03544312 -0.01810307 0.03890214
v 0.01766365 -0.01747612 0.04088051
v 0.01981988 0.01504752 0.04037290
v -0.03701257 -0.01532994 0.03954505
v 0.01845429 0.01790988 -0.04060940
v 0.01834260 0.01783543 -0.04088772
v 0.01656456 0.02045729 -0.04060940
v 0.01902629 -0.01471775 0.04095673
v -0.00842026 -0.03165499 -0.04151822
v 0.01745624 -0.01733726 0.04095673
v 0.04095670 0.00409265 -0.01421822
v -0.03866712 0.00912779 -0.04151822
v -0.00842026 -0.03223526 -0.04088772
v -0.00842026 -0.03206862 -0.04113590
v 0.01880056 -0.01459721 0.04098213
v 0.01724351 -0.01719544 0.04098213
v -0.03906303 0.00924833 -0.04113590
v 0.03599601 -0.00101516 0.03249078
v 0.03576910 -0.00211012 0.03199087
v -0.03982648 0.00619984 -0.04113590
v 0.04174379 -0.00211012 0.02615564
v 0.03540806 -0.00305085 0.03119551
v -0.00842026 -0.03252716 -0.03999072
v -0.03963503 0.00616202 -0.04134804
v -0.03922199 0.00929620 -0.04088772
v 0.01786042 0.01751279 -0.04151822
v 0.01618165 0.02014293 -0.04134804
v 0.01804242 0.01763452 -0.04134804
v 0.02022406 -0.01535830 0.03922774
v 0.02017147 -0.01532994 0.03954505
v 0.02008520 -0.01528385 0.03984643
v 0.01853583 -0.01805875 0.03954505
v 0.02098338 0.01213197 0.04058506
v -0.02847216 -0.02448016 0.04075523
v -0.03077021 -0.02239721 0.04075523
v -0.03092503 -0.02255203 0.04058506
v 0.04217397 0.00016015 0.02670342
v 0.04206465 -0.00101516 0.02656396
v 0.02008520 0.01518934 -0.04060940
v 0.02078129 0.01204865 0.04075523
v 0.02056265 0.01195765 0.04088051
v 0.02182602 0.00912779 0.04075523
v 0.02022406 0.01526379 -0.03999072
v 0.03493769 -0.00377235 0.03015906
v 0.04123324 -0.00305085 0.02550624
v 0.02024179 0.01527324 -0.03966513
v 0.02158729 0.01238252 -0.03999072
v -0.03266999 -0.01994848 0.04088051
v -0.03060298 -0.02222998 0.04088051
v -0.03042630 -0.02205330 0.04095673
v 0.01860261 0.01800856 -0.03966513
v -0.03944416 0.00936356 -0.04030804
v -0.02816371 -0.02410435 0.04095673
v -0.04021767 0.00627784 -0.04030804
v 0.01996702 -0.01522062 0.04012473
v 0.02033220 0.01186252 0.04095673
v -0.03950149 0.00938129 -0.03999072
v -0.02800122 -0.02390698 0.04098213
v 0.02136097 0.00898656 0.04095673
v 0.02009584 0.01176443 0.04098213
v -0.03024548 -0.02187249 0.04098213
v 0.03735747 0.00409265 -0.02018758
v 0.04190511 0.00454647 -0.01491489
v 0.04174379 0.00243043 0.02615564
v 0.03576910 0.00243043 0.03199087
v 0.03813215 0.00454647 -0.02117322
v 0.01981988 -0.01514203 0.04037290
v 0.01820433 -0.01783716 0.04037290
v 0.03979437 0.00454647 -0.02328867
v -0.04029567 0.00629320 -0.03966513
v -0.03894367 0.00602434 -0.04171972
v 0.02144133 0.01232165 0.03984643
v 0.03813215 -0.00422557 -0.02117322
v 0.01860261 -0.01810307 0.03890214
v 0.01858547 -0.01809185 0.03922774
v 0.03813215 0.00454647 0.02155896
v 0.03321519 0.00454647 0.02636129
v 0.03380256 0.00470129 0.02765655
v -0.03918830 0.00607279 -0.04164349
v 0.02131724 0.01227024 0.04012473
v 0.02116360 0.01220702 0.04037290
v 0.02238147 0.00929620 0.04012473
v 0.01845429 -0.01800439 0.03984643
v 0.01664079 -0.02061444 0.03954505
v -0.03942053 0.00611888 -0.04151822
v 0.03669269 -0.00305085 -0.01934140
v -0.03118090 -0.02280730 0.04012473
v -0.03340567 -0.02055180 0.03984643
v -0.03127544 -0.02290243 0.03984643
v 0.01834260 -0.01792994 0.04012473
v 0.04056847 0.00409265 0.02466006
v 0.03493769 0.00409265 0.03015906
v 0.03540806 0.00337115 0.03119551
v -0.04027617 0.00628906 -0.03999072
v -0.02884030 -0.02492866 0.04012473
v -0.02203894 -0.02552607 -0.03163526
v -0.00842026 -0.02893739 -0.03163526
v -0.02447112 -0.02406889 -0.03163526
v -0.01947617 -0.02673862 -0.03163526
v -0.01680703 -0.02769352 -0.03163526
v -0.01405635 -0.02838253 -0.03163526
v -0.01125189 -0.02879853 -0.03163526
v -0.02674849 -0.02238007 -0.03163526
v 0.02862442 0.00337115 0.03477169
v 0.01560079 0.01600361 0.04098213
v 0.01705856 0.01357143 0.04098213
v 0.01827111 0.01100865 0.04098213
v 0.03586188 -0.00101516 -0.01828367
v 0.01996702 0.01512611 -0.04088772
v 0.01981988 0.01504752 -0.04113590
v -0.00842026 -0.03116866 -0.04171972
v -0.02873453 -0.02479985 0.04037290
v -0.03106271 -0.02268971 0.04037290
v -0.04076366 0.00313834 -0.03966513
v -0.04029567 0.00629320 0.03890214
v -0.00842026 -0.03141803 -0.04164349
v -0.02861103 -0.02464916 0.04058506
v 0.02325247 0.00307215 0.04058506
v 0.02279451 0.00616202 0.04058506
v 0.02258002 0.00611888 0.04075523
v 0.02203520 0.00919161 0.04058506
v 0.02779301 -0.00438039 0.03082442
v 0.03380256 -0.00438039 0.02765655
v 0.03439052 -0.00422557 0.02895183
v 0.02748928 -0.00422557 0.02937964
v 0.03321519 -0.00422557 0.02636129
v 0.03219707 -0.00305085 -0.02373126
v 0.02159970 0.00905924 0.04088051
v -0.03285317 -0.02009916 0.04075523
v 0.02234779 0.00607279 0.04088051
v -0.01160408 -0.03237057 -0.03999072
v -0.01159817 -0.03231089 -0.04030804
v -0.00842026 -0.03254725 -0.03966513
v 0.02210315 0.00602434 0.04095673
v 0.01668688 -0.02065226 0.03922774
v 0.01670224 -0.02066525 0.03890214
v 0.01902629 0.01462324 -0.04171972
v 0.01745624 0.01724274 -0.04171972
v -0.00842026 -0.03187362 -0.04134804
v 0.01766365 0.01738161 -0.04164349
v -0.03998958 0.00623234 -0.04088772
v 0.01924611 0.01474083 -0.04164349
v 0.01945529 0.01485252 -0.04151822
v -0.04012135 0.00625834 -0.04060940
v 0.01656456 -0.02055180 0.03984643
v 0.01450406 -0.02297157 0.03954505
v -0.04058639 0.00312061 -0.04060940
v -0.03352739 -0.02065226 0.03922774
v -0.03354335 -0.02066525 0.03890214
v 0.02266097 0.00938129 0.03922774
v 0.02267988 0.00938720 0.03890214
v -0.03138712 -0.02301412 0.03922774
v -0.03140130 -0.02302830 0.03890214
v 0.01646115 -0.02046730 0.04012473
v -0.00842026 -0.03236939 -0.04060940
v -0.03134457 -0.02297157 0.03954505
v -0.01155917 -0.03191439 -0.04113590
v -0.03939157 0.00300302 -0.04171972
v -0.01157512 -0.03207985 -0.04088772
v 0.02260365 0.00936356 0.03954505
v 0.03153228 0.00016015 -0.02226522
v 0.01618165 -0.02023744 0.04058506
v 0.01601265 -0.02009916 0.04075523
v 0.04570347 0.00337115 0.01809210
v 0.04123324 0.00337115 0.02550624
v 0.01964792 0.01495534 -0.04134804
v 0.02250970 0.00933520 0.03984643
v 0.02337656 0.00627784 0.03954505
v -0.04068449 0.00313065 -0.04030804
v 0.01820433 0.01774265 -0.04113590
v -0.04074358 0.00313656 -0.03999072
v -0.04090017 -0.00004726 -0.03999072
v -0.04084049 -0.00004726 -0.04030804
v -0.01147053 -0.03101858 -0.04171972
v -0.04092026 -0.00004726 -0.03966513
v 0.02222192 0.00924833 0.04037290
v 0.02314906 0.00623234 0.04012473
v 0.03183660 0.00243043 -0.02293590
v -0.01149535 -0.03126675 -0.04164349
v 0.02298538 0.00619984 0.04037290
v 0.01408392 -0.02255203 0.04058506
v -0.01151839 -0.03150252 -0.04151822
v 0.01392970 -0.02239721 0.04075523
v -0.01153967 -0.03172057 -0.04134804
v 0.04672102 -0.00101516 0.01884019
v 0.04632865 -0.00211012 0.01855183
v -0.04028739 0.00309165 -0.04113590
v 0.02345515 0.00629320 0.03890214
v 0.02343565 0.00628906 0.03922774
v 0.04570347 -0.00305085 0.01809210
v 0.01163106 -0.02448016 0.04075523
v 0.01376188 -0.02222998 0.04088051
v -0.02832149 -0.02429698 0.04088051
v 0.01582947 -0.01994848 0.04088051
v -0.01160585 -0.03239067 -0.03966513
v -0.01475717 -0.03190316 -0.03999072
v 0.02328024 0.00625834 0.03984643
v -0.02571026 -0.02592376 0.04095673
v -0.03954167 -0.00004726 -0.04171972
v -0.02556844 -0.02571103 0.04098213
v -0.01476071 -0.03192266 -0.03966513
v -0.03963976 0.00302784 -0.04164349
v -0.02902526 -0.02515439 0.03922774
v 0.04217397 0.00016015 -0.02631767
v -0.03979103 -0.00004726 -0.04164349
v 0.01563683 -0.01979071 0.04095673
v 0.04632865 0.00243043 0.01855183
v -0.02903826 -0.02517034 0.03890214
v -0.02646544 -0.02705358 0.03922774
v 0.01358579 -0.02205330 0.04095673
v -0.02898744 -0.02510830 0.03954505
v -0.03987613 0.00305088 -0.04151822
v 0.04672102 -0.00101516 -0.01845445
v 0.04206465 -0.00101516 -0.02617822
v 0.02344687 0.00309165 0.04037290
v -0.04002799 -0.00004726 -0.04151822
v 0.04672102 0.00133547 0.01884019
v -0.02892539 -0.02503266 0.03984643
v 0.04685515 0.00016015 0.01893887
v 0.04174379 -0.00211012 -0.02576990
v 0.04632865 -0.00211012 -0.01816549
v 0.01543888 -0.01962821 0.04098213
v 0.01340497 -0.02187249 0.04098213
v -0.04009358 0.00307215 -0.04134804
v 0.02303501 0.00305088 0.04075523
v 0.02340611 -0.00004726 0.04058506
v 0.02318747 -0.00004726 0.04075523
v 0.02279924 0.00302784 0.04088051
v -0.01158871 -0.03221339 -0.04060940
v 0.02295052 -0.00004726 0.04088051
v -0.04045345 0.00310761 -0.04088772
v 0.04394079 0.00454647 0.01679682
v 0.04488920 0.00409265 0.01749409
v -0.04060826 -0.00004726 -0.04088772
v 0.02255106 0.00300302 0.04095673
v 0.02270115 -0.00004726 0.04095673
v 0.02229638 0.00297820 0.04098213
v 0.02244529 -0.00004726 0.04098213
v 0.03321519 0.00454647 -0.02597495
v 0.02185202 0.00597411 0.04098213
v 0.01633233 -0.02036153 0.04037290
v 0.01433979 -0.02280730 0.04012473
v -0.04074239 -0.00004726 -0.04060940
v -0.01449185 -0.03057066 -0.04171972
v 0.02399268 0.00172382 0.03683907
v 0.01563683 0.01969620 -0.04171972
v 0.01582947 0.01985397 -0.04164349
v -0.01745467 -0.02982848 -0.04171972
v -0.01454030 -0.03081530 -0.04164349
v 0.04056847 0.00409265 -0.02427431
v 0.02407974 -0.00004726 0.03890214
v 0.02392315 0.00313834 0.03890214
v -0.04024662 -0.00004726 -0.04134804
v 0.02392315 0.00313834 0.03578695
v 0.02394145 0.00276602 0.03614731
v 0.02395795 0.00243043 0.03647233
v 0.02033220 0.01186252 -0.04171972
v -0.01458699 -0.03104753 -0.04151822
v -0.04044162 -0.00004726 -0.04113590
v -0.01462953 -0.03126203 -0.04134804
v 0.03540806 0.00337115 -0.03080976
v 0.04056847 -0.00377235 0.02466006
v 0.01456079 -0.02302830 0.03890214
v 0.01454661 -0.02301412 0.03922774
v 0.04488920 -0.00377235 0.01749409
v -0.01466735 -0.03145348 -0.04113590
v -0.01765912 -0.03050330 -0.04134804
v 0.03576910 -0.00211012 -0.03160512
v 0.02388861 0.00337115 0.03556547
v 0.02390306 0.00313656 0.03922774
v 0.02405965 -0.00004726 0.03922774
v 0.02098338 0.01213197 -0.04134804
v 0.02078129 0.01204865 -0.04151822
v 0.02384338 0.00313065 0.03954505
v 0.04056847 -0.00377235 -0.02427431
v 0.01443433 -0.02290243 0.03984643
v 0.02399938 -0.00004726 0.03954505
v 0.03493769 -0.00377235 -0.02977272
v 0.02116360 0.01220702 -0.04113590
v 0.02374588 0.00312061 0.03984643
v 0.02390129 -0.00004726 0.03984643
v -0.01469985 -0.03161657 -0.04088772
v 0.02361233 0.00310761 0.04012473
v -0.01472585 -0.03174835 -0.04060940
v 0.01422220 -0.02268971 0.04037290
v 0.02131724 0.01227024 -0.04088772
v 0.02376774 -0.00004726 0.04012473
v 0.03160970 0.00133547 -0.02243599
v 0.02144133 0.01232165 -0.04060940
v 0.02398469 0.00188634 0.02617083
v 0.02395795 0.00243043 0.02646227
v 0.02392315 0.00313834 0.02715912
v 0.02393375 0.00292265 0.02694681
v 0.02661769 0.00016015 -0.02485636
v 0.01189401 -0.02479985 0.04037290
v 0.02153174 0.01235947 -0.04030804
v 0.04292265 0.00470129 0.01604933
v 0.03979437 0.00454647 0.02367442
v 0.02360111 -0.00004726 0.04037290
v 0.03896297 0.00470129 0.02261668
v 0.02401178 0.00133547 0.02587584
v 0.02407974 -0.00004726 -0.02531625
v 0.02406955 0.00016015 0.02566928
v 0.02407974 -0.00004726 0.02570232
v 0.03439052 0.00454647 0.02895183
v 0.02665788 0.00133547 -0.02504663
v 0.02404132 0.00073438 0.02577014
v -0.01474535 -0.03184407 -0.04030804
v 0.02160560 0.01239020 -0.03966513
v 0.03219707 0.00337115 -0.02373126
v 0.03266742 0.00409265 -0.02476772
v 0.01176992 -0.02464916 0.04058506
v 0.02111633 0.00891270 0.04098213
v 0.02809734 0.00454647 0.03226919
v 0.02375753 0.00425482 0.03389224
v 0.02838097 0.00409265 0.03361587
v 0.02677547 0.00243043 -0.02560386
v 0.02388861 0.00337115 0.02739216
v 0.02696220 0.00337115 0.02687715
v 0.01219715 -0.02517034 0.03890214
v 0.02382892 0.00377357 0.02806988
v 0.01218474 -0.02515439 0.03922774
v 0.02056265 0.01195765 -0.04164349
v 0.03979437 -0.00422557 0.02367442
v 0.04394079 -0.00422557 0.01679682
v 0.03380256 0.00470129 -0.02727022
v 0.02369130 0.00470129 0.03151186
v 0.01214693 -0.02510830 0.03954505
v 0.02371426 0.00454647 0.03300367
v 0.02370586 0.00460317 0.03245733
v 0.02378159 0.00409265 0.03438643
v 0.03896297 -0.00438039 0.02261668
v 0.02385049 0.00362812 0.03514570
v -0.01151839 0.03140801 0.04075523
v -0.00842026 0.03156048 0.04075523
v -0.00842026 0.03177911 0.04058506
v 0.02203520 0.00919161 -0.04134804
v -0.01153967 0.03162606 0.04058506
v 0.02378159 0.00409265 0.02860728
v 0.02182602 0.00912779 -0.04151822
v 0.01208429 -0.02503266 0.03984643
v 0.02374180 0.00436085 0.02943774
v 0.02371426 0.00454647 0.03001239
v 0.02370010 0.00464194 0.03093701
v -0.01771585 -0.03069003 -0.04113590
v -0.01149535 0.03117224 0.04088051
v -0.00842026 0.03132352 0.04088051
v 0.01199920 -0.02492866 0.04012473
v -0.01147053 0.03092407 0.04095673
v -0.00842026 0.03107415 0.04095673
v 0.02392315 -0.00323285 -0.02730247
v 0.02392315 -0.00323285 -0.00301931
v 0.02389165 -0.00344520 -0.02765993
v 0.01391197 0.01828038 0.04098213
v 0.02345515 -0.00638771 -0.03163526
v 0.02376726 -0.00428374 -0.03204706
v 0.02375292 -0.00438039 -0.03111541
v 0.02388861 0.00337115 -0.03517935
v 0.02862442 0.00337115 -0.03438595
v 0.02392315 0.00313834 -0.03540081
v 0.02377589 -0.00422557 -0.02961595
v 0.02376196 -0.00431948 -0.03052548
v 0.02384312 -0.00377235 -0.02821063
v 0.02380410 -0.00403538 -0.02902615
v 0.01148097 -0.02429698 0.04088051
v -0.00842026 0.03081829 0.04098213
v -0.00536998 0.03092407 0.04095673
v 0.01922601 0.00833893 0.04098213
v -0.01144571 0.03066998 0.04098213
v 0.01991501 0.00558884 0.04098213
v 0.02395795 0.00243043 -0.03608599
v 0.02392315 0.00313834 -0.03966513
v 0.02392770 0.00304569 -0.03549048
v 0.02401178 0.00133547 -0.03665433
v 0.02397663 0.00205038 -0.03628328
v -0.00842026 0.03245274 0.03890214
v -0.00842026 0.03243265 0.03922774
v -0.00523467 0.03229615 0.03890214
v 0.02406955 0.00016015 -0.03684188
v 0.02407974 -0.00004726 -0.03966513
v 0.02403214 0.00092113 -0.03672037
v 0.01116070 -0.02390698 0.04098213
v 0.01132260 -0.02410435 0.04095673
v -0.00523703 0.03227606 0.03922774
v 0.02373715 0.00439215 -0.03308798
v 0.02371426 0.00454647 -0.03261792
v 0.02838097 0.00409265 -0.03322953
v 0.02393210 -0.00305085 -0.02699913
v 0.02395432 -0.00259878 -0.02655386
v 0.02397834 -0.00211012 -0.02607253
v 0.02400530 -0.00156179 -0.02577910
v 0.02403216 -0.00101516 -0.02548639
v 0.02406193 -0.00040948 -0.02537988
v 0.02378159 0.00409265 -0.03400047
v 0.02345515 0.00629320 -0.03966513
v -0.02033003 -0.02879971 -0.04171972
v -0.01752676 -0.03006721 -0.04164349
v -0.02042517 -0.02903017 -0.04164349
v 0.02381795 0.00384751 -0.03440116
v -0.00842026 0.03237297 0.03954505
v -0.00003408 0.02759901 0.04098213
v -0.00003408 0.02759901 -0.03163526
v 0.00263565 0.02664411 -0.03163526
v -0.00524294 0.03221638 0.03954505
v 0.02267988 0.00938720 -0.03966513
v -0.01158871 0.03211888 0.03984643
v -0.00842026 0.03227488 0.03984643
v 0.00926151 -0.02650994 0.04058506
v 0.00913979 -0.02632793 0.04075523
v 0.00658233 -0.02811544 0.04058506
v 0.02720565 0.00409265 -0.02764722
v 0.02748928 0.00454647 -0.02899390
v 0.01705856 -0.01366594 -0.03163526
v 0.01560079 -0.01609812 -0.03163526
v 0.01827111 -0.01110316 -0.03163526
v 0.01922601 -0.00843344 -0.03163526
v 0.01991501 -0.00568335 -0.03163526
v 0.02033102 -0.00287889 -0.03163526
v 0.01391197 -0.01837489 -0.03163526
v 0.02260365 0.00936356 -0.04030804
v 0.02266097 0.00938129 -0.03999072
v 0.02337656 0.00627784 -0.04030804
v 0.03735747 0.00409265 0.02057333
v 0.03266742 0.00409265 0.02515406
v 0.01200806 0.02038107 -0.03163526
v -0.00842026 0.03197411 0.04037290
v -0.00528194 0.03181988 0.04037290
v 0.03813215 -0.00422557 0.02155896
v 0.03380256 -0.00438039 -0.02727022
v 0.03439052 -0.00422557 -0.02856608
v 0.02033102 0.00278438 0.04098213
v 0.02046988 -0.00004726 0.04098213
v -0.01155917 0.03181988 0.04037290
v 0.03321519 -0.00422557 -0.02597495
v 0.03266742 -0.00377235 0.02515406
v 0.02384312 -0.00377235 -0.03399016
v 0.02345515 -0.00638771 -0.03966513
v 0.02391111 -0.00331402 -0.03473888
v 0.00900801 -0.02613116 0.04088051
v 0.02392315 -0.00323285 -0.03487156
v 0.02381849 -0.00393840 -0.03348371
v 0.02377589 -0.00422557 -0.03260759
v 0.02136097 0.00898656 -0.04171972
v 0.02159970 0.00905924 -0.04164349
v 0.03266742 -0.00377235 -0.02476772
v -0.01160408 0.03227606 0.03922774
v -0.01160585 0.03229615 0.03890214
v -0.01159817 0.03221638 0.03954505
v 0.02838097 -0.00377235 -0.03322953
v 0.02862442 -0.00305085 -0.03438595
v 0.00886974 -0.02592376 0.04095673
v 0.02403216 -0.00101516 -0.03665091
v 0.02401293 -0.00140649 -0.03644777
v 0.02392315 -0.00323285 -0.03966513
v 0.02397834 -0.00211012 -0.03608257
v -0.02320835 -0.02771362 -0.04164349
v -0.02584912 -0.02613116 -0.04164349
v -0.02571026 -0.02592376 -0.04171972
v 0.02396172 -0.00244833 -0.03575524
v 0.02393210 -0.00305085 -0.03517206
v 0.03183660 -0.00211012 -0.02293590
v 0.02406918 -0.00026213 -0.03677116
v 0.00872792 -0.02571103 0.04098213
v 0.00625024 -0.02749380 0.04095673
v -0.01157512 0.03198534 0.04012473
v 0.03160970 -0.00101516 -0.02243599
v 0.00612970 -0.02726807 0.04098213
v -0.01469985 0.03152206 0.04012473
v 0.02222192 0.00924833 -0.04113590
v 0.02238147 0.00929620 -0.04088772
v 0.00963556 -0.02707012 0.03890214
v 0.00962433 -0.02705358 0.03922774
v 0.00959124 -0.02700335 0.03954505
v 0.03669269 0.00337115 0.01972715
v 0.02250970 0.00933520 -0.04060940
v 0.04014183 0.00337115 0.01400596
v -0.01462953 0.03116752 0.04058506
v 0.04095670 0.00409265 0.01460396
v 0.04190511 0.00454647 0.01530124
v -0.01476071 0.03182815 -0.03966513
v -0.01476071 0.03182815 0.03890214
v 0.00946242 -0.02681071 0.04012473
v 0.02407974 -0.00004726 -0.03680541
v -0.01458699 0.03095302 0.04075523
v 0.04292265 -0.00438039 0.01604933
v 0.02343565 0.00628906 -0.03999072
v 0.02390129 -0.00004726 -0.04060940
v 0.02399938 -0.00004726 -0.04030804
v 0.02374588 -0.00321512 -0.04060940
v 0.02384338 -0.00322516 -0.04030804
v -0.02085003 -0.03005480 -0.03999072
v -0.02373130 -0.02869217 -0.03999072
v -0.02370294 -0.02863898 -0.04030804
v 0.03219707 -0.00305085 0.02411760
v 0.03735747 -0.00377235 0.02057333
v 0.02405965 -0.00004726 -0.03999072
v 0.02390306 -0.00323107 -0.03999072
v -0.01680703 0.02759901 -0.03163526
v -0.01680703 0.02759901 0.04098213
v -0.01947617 0.02664411 0.04098213
v -0.01454030 0.03072079 0.04088051
v 0.04190511 -0.00422557 0.01530124
v 0.03669269 -0.00305085 0.01972715
v 0.03599601 -0.00101516 -0.03210504
v -0.03140130 0.02293379 0.03890214
v -0.03140130 0.02293379 -0.03966513
v -0.03354335 0.02057074 0.03890214
v -0.01449185 0.03047615 0.04095673
v 0.00689079 -0.02869217 0.03922774
v -0.01745467 0.02973397 0.04095673
v -0.02309076 -0.02749380 -0.04171972
v 0.04014183 -0.00305085 0.01400596
v 0.03618215 -0.00211012 0.01907774
v 0.02343565 -0.00638357 -0.03999072
v -0.01444221 0.03022560 0.04098213
v 0.00953688 -0.02692180 0.03984643
v 0.03183660 -0.00211012 0.02332223
v -0.01475717 0.03180865 0.03922774
v -0.03075308 0.01828038 0.04098213
v -0.03075308 0.01828038 -0.03163526
v -0.02884917 0.02038107 0.04098213
v -0.01784880 0.03103397 0.03922774
v 0.03160970 -0.00101516 0.02282233
v 0.03586188 -0.00101516 0.01866942
v 0.03153228 0.00016015 0.02265155
v 0.03575197 0.00016015 0.01853055
v 0.02279451 0.00616202 -0.04134804
v 0.02298538 0.00619984 -0.04113590
v -0.01474535 0.03174956 0.03954505
v 0.03160970 0.00133547 0.02282233
v 0.02295052 -0.00004726 -0.04164349
v 0.02318747 -0.00004726 -0.04151822
v 0.02279924 -0.00312235 -0.04164349
v 0.02303501 -0.00314539 -0.04151822
v 0.02314906 0.00623234 -0.04088772
v -0.01472585 0.03165384 0.03984643
v 0.00936965 -0.02667185 0.04037290
v 0.02340611 -0.00004726 -0.04134804
v 0.02328024 0.00625834 -0.04060940
v 0.00667451 -0.02828739 0.04037290
v 0.03586188 0.00133547 0.01866942
v 0.02325247 -0.00316666 -0.04134804
v -0.01780271 0.03088270 0.03984643
v 0.03183660 0.00243043 0.02332223
v -0.01776430 0.03075447 0.04012473
v 0.03439052 0.00454647 -0.02856608
v 0.02360111 -0.00004726 -0.04113590
v 0.02344687 -0.00318616 -0.04113590
v -0.02051617 -0.02924880 -0.04151822
v -0.02332003 -0.02792280 -0.04151822
v 0.03618215 0.00243043 0.01907774
v 0.03219707 0.00337115 0.02411760
v 0.02376774 -0.00004726 -0.04088772
v 0.00690024 -0.02870989 0.03890214
v 0.02361233 -0.00320212 -0.04088772
v 0.03493769 0.00409265 -0.02977272
v 0.03899015 0.00016015 0.01315919
v -0.01466735 0.03135897 0.04037290
v 0.00686242 -0.02863898 0.03954505
v -0.01771585 0.03059552 0.04037290
v 0.02210315 0.00602434 -0.04171972
v -0.01765912 0.03040879 0.04058506
v 0.03576910 0.00243043 -0.03160512
v -0.02351503 -0.02828739 -0.04113590
v -0.02610203 -0.02650994 -0.04134804
v -0.02342344 -0.02811544 -0.04134804
v -0.01405635 0.02828802 0.04098213
v 0.02375292 -0.00438039 0.03150153
v 0.02376114 -0.00432499 0.03203546
v 0.02377589 -0.00422557 0.03299334
v 0.02379934 -0.00406745 0.03347582
v -0.02067453 -0.02963112 -0.04113590
v 0.00675311 -0.02843453 0.04012473
v -0.00842026 0.02884288 0.04098213
v -0.01125189 0.02870402 0.04098213
v -0.00558862 0.02870402 0.04098213
v 0.02388040 -0.00352101 0.03478670
v 0.02392315 -0.00323285 0.03525770
v 0.02392315 -0.00323285 0.03890214
v 0.02234779 0.00607279 -0.04164349
v 0.02384312 -0.00377235 0.03437612
v 0.02376726 -0.00428374 0.03056546
v 0.02258002 0.00611888 -0.04151822
v 0.02377589 -0.00422557 0.03000206
v 0.02381608 -0.00395465 0.02916206
v 0.02384312 -0.00377235 0.02859697
v 0.02390342 -0.00336585 0.02791236
v 0.02392315 -0.00323285 0.02768838
v -0.01759589 0.03019961 0.04075523
v -0.02051617 0.02915429 0.04075523
v 0.00647951 -0.02792280 0.04075523
v 0.00375897 -0.02945089 0.04058506
v 0.04979788 0.00016015 0.00989678
v 0.02255106 -0.00309753 -0.04171972
v 0.02270115 -0.00004726 -0.04171972
v -0.02060007 0.02935638 0.04058506
v 0.03540806 -0.00305085 -0.03080976
v 0.02677547 -0.00211012 0.02599019
v 0.02397834 -0.00211012 0.02645887
v 0.02400579 -0.00155172 0.02615985
v -0.01752676 0.02997270 0.04088051
v 0.02394823 -0.00272280 0.03587589
v 0.02393210 -0.00305085 0.03555818
v 0.02303501 0.00305088 -0.04151822
v -0.02042517 0.02893566 0.04088051
v 0.02210315 -0.00611885 -0.04171972
v 0.02395684 -0.00254758 0.02688948
v 0.02393210 -0.00305085 0.02738487
v -0.02646544 -0.02705358 -0.03999072
v -0.02898744 -0.02510830 -0.04030804
v -0.02643176 -0.02700335 -0.04030804
v 0.00636783 -0.02771362 0.04088051
v 0.02344687 0.00309165 -0.04113590
v -0.01738021 0.02948933 0.04098213
v 0.02403216 -0.00101516 0.02587242
v 0.02406041 -0.00044061 0.02577149
v -0.02023194 0.02846884 0.04098213
v -0.02374076 -0.02870989 -0.03966513
v 0.02258002 -0.00621339 -0.04151822
v 0.01991501 -0.00568335 0.04098213
v 0.01922601 -0.00843344 0.04098213
v -0.01785471 0.03105347 0.03890214
v 0.01827111 -0.01110316 0.04098213
v 0.02779301 -0.00438039 -0.03043867
v -0.02647667 -0.02707012 -0.03966513
v 0.04921051 0.00243043 0.00969587
v -0.01783167 0.03097665 0.03954505
v 0.01560079 -0.01609812 0.04098213
v 0.01391197 -0.01837489 0.04098213
v 0.03607283 0.00016015 -0.03227521
v 0.04964837 0.00133547 0.00984538
v 0.00358465 -0.02903017 0.04088051
v 0.02267988 -0.00948171 -0.03966513
v -0.02598090 -0.02632793 -0.04151822
v 0.02384338 0.00313065 -0.04030804
v 0.02390306 0.00313656 -0.03999072
v 0.00348952 -0.02879971 0.04095673
v -0.02078917 0.02981434 0.03984643
v -0.02621076 -0.02667185 -0.04113590
v 0.02337656 -0.00637235 -0.04030804
v 0.02260365 -0.00945807 -0.04030804
v -0.02630294 -0.02681071 -0.04088772
v -0.02873453 -0.02479985 -0.04113590
v 0.02881115 -0.00211012 -0.03527290
v -0.02884030 -0.02492866 -0.04088772
v 0.00339142 -0.02856335 0.04098213
v 0.01456079 -0.02302830 -0.03966513
v -0.02359362 -0.02843453 -0.04088772
v 0.01200806 -0.02047558 -0.03163526
v 0.00990738 -0.02238007 0.04098213
v 0.00763001 -0.02406889 -0.03163526
v 0.00763001 -0.02406889 0.04098213
v -0.02067453 0.02953661 0.04037290
v -0.02365685 -0.02855271 -0.04060940
v 0.00519842 -0.02552607 -0.03163526
v 0.00519842 -0.02552607 0.04098213
v -0.02637740 -0.02692180 -0.04060940
v 0.04654729 0.00454647 0.00878764
v 0.04760502 0.00409265 0.00914868
v 0.02255106 0.00300302 -0.04171972
v 0.04760502 -0.00377235 0.00914868
v 0.02024179 -0.01536775 -0.03966513
v -0.02085771 0.02997861 0.03890214
v -0.02085003 0.02996029 0.03922774
v 0.02234779 -0.00616730 -0.04164349
v 0.00681574 -0.02855271 0.03984643
v 0.02033102 -0.00287889 0.04098213
v -0.01783167 -0.03107117 -0.04030804
v -0.01784880 -0.03112848 -0.03999072
v -0.02082698 -0.02999925 -0.04030804
v -0.02082698 0.02990474 0.03954505
v 0.01705856 -0.01366594 0.04098213
v 0.02361233 0.00310761 -0.04088772
v -0.01785471 -0.03114798 -0.03966513
v 0.04095670 -0.00377235 0.01460396
v -0.01785471 -0.03114798 0.03890214
v -0.02073835 0.02969025 0.04012473
v 0.02279924 0.00302784 -0.04164349
v 0.02136097 -0.00908107 -0.04171972
v 0.00383342 -0.02963112 0.04037290
v 0.03599601 0.00133547 -0.03210504
v 0.02892815 0.00133547 -0.03583072
v 0.01200806 -0.02047558 0.04098213
v 0.00263565 -0.02673862 0.04098213
v 0.02325247 0.00307215 -0.04134804
v 0.00990738 -0.02238007 -0.03163526
v 0.00263565 -0.02673862 -0.03163526
v -0.00003408 -0.02769352 -0.03163526
v -0.00003408 -0.02769352 0.04098213
v -0.00278417 -0.02838253 -0.03163526
v 0.00367506 -0.02924880 0.04075523
v 0.00081802 -0.03050330 0.04058506
v 0.02665788 -0.00101516 -0.02504663
v 0.02279451 -0.00625653 -0.04134804
v 0.00075479 -0.03029412 0.04075523
v 0.00068624 -0.03006721 0.04088051
v 0.02696220 0.00337115 -0.02649140
v -0.02373130 0.02859766 0.03922774
v 0.04851324 0.00337115 0.00945832
v -0.02374076 0.02861538 0.03890214
v 0.02298538 -0.00629435 -0.04113590
v -0.01759589 -0.03029412 -0.04151822
v 0.02374588 0.00312061 -0.04060940
v 0.02314906 -0.00632685 -0.04088772
v -0.02351503 0.02819288 0.04037290
v 0.00401661 -0.03007312 0.03890214
v 0.00400892 -0.03005480 0.03922774
v 0.05019319 0.00243043 0.00019287
v 0.00398647 -0.02999925 0.03954505
v 0.02328024 -0.00635285 -0.04060940
v 0.00394865 -0.02990885 0.03984643
v 0.02748928 -0.00422557 -0.02899390
v 0.04964837 -0.00101516 0.00984538
v -0.02060007 -0.02945089 -0.04134804
v 0.02720565 -0.00377235 -0.02764722
v 0.02696220 -0.00305085 -0.02649140
v -0.02033003 0.02870520 0.04095673
v 0.02266097 -0.00947580 -0.03999072
v 0.04921051 -0.00211012 0.00969587
v 0.00389724 -0.02978476 0.04012473
v -0.01776430 -0.03084898 -0.04088772
v 0.02677547 -0.00211012 -0.02560386
v 0.04851324 -0.00305085 0.00945832
v -0.03389967 -0.01366594 -0.03163526
v -0.03389967 -0.01366594 0.04098213
v -0.03244190 -0.01609812 0.04098213
v -0.03511162 -0.01110316 -0.03163526
v -0.03511162 -0.01110316 0.04098213
v 0.04947169 -0.00305085 0.00019287
v -0.01780271 -0.03097721 -0.04060940
v 0.02159970 -0.00915376 -0.04164349
v 0.02182602 -0.00922230 -0.04151822
v -0.02203894 0.02543156 -0.03163526
v -0.02203894 0.02543156 0.04098213
v -0.02647667 -0.02707012 0.03890214
v -0.02085771 -0.03007312 0.03890214
v -0.02085771 -0.03007312 -0.03966513
v -0.00278417 -0.02838253 0.04098213
v -0.00558862 -0.02879853 -0.03163526
v -0.00558862 -0.02879853 0.04098213
v 0.02203520 -0.00928612 -0.04134804
v -0.01476071 -0.03192266 0.03890214
v 0.04654729 -0.00422557 0.00878764
v -0.02342344 0.02802093 0.04058506
v -0.00842026 -0.02893739 0.04098213
v -0.01125189 -0.02879853 0.04098213
v -0.01405635 -0.02838253 0.04098213
v 0.04541215 -0.00438039 0.00840060
v -0.01947617 -0.02673862 0.04098213
v -0.02203894 -0.02552607 0.04098213
v -0.02447112 -0.02406889 0.04098213
v -0.02674849 -0.02238007 0.04098213
v -0.00221158 -0.03126203 0.04058506
v -0.00225412 -0.03104753 0.04075523
v -0.02332003 0.02782829 0.04075523
v -0.03844671 -0.01248471 -0.03966513
v -0.02610203 0.02641543 0.04058506
v -0.02598090 0.02623342 0.04075523
v -0.03708289 -0.01536775 -0.03966513
v -0.00230021 -0.03081530 0.04088051
v -0.02847216 0.02438565 0.04075523
v 0.00061356 -0.02982848 0.04095673
v -0.03140130 -0.02302830 -0.03966513
v -0.01405635 0.02828802 -0.03163526
v 0.02779301 0.00470129 -0.03043867
v -0.02903826 -0.02517034 -0.03966513
v -0.02320835 0.02761911 0.04088051
v 0.04231047 0.00337115 0.00734288
v 0.04321870 0.00409265 0.00765310
v -0.02884917 -0.02047558 0.04098213
v -0.02884917 -0.02047558 -0.03163526
v -0.03075308 -0.01837489 0.04098213
v -0.00234867 -0.03057066 0.04095673
v -0.02584912 0.02603665 0.04088051
v -0.02073835 -0.02978476 -0.04088772
v 0.02809734 0.00454647 -0.03188344
v 0.00053970 -0.02958385 0.04098213
v -0.03606652 -0.00843344 0.04098213
v -0.03606652 -0.00843344 -0.03163526
v 0.02222192 -0.00934285 -0.04113590
v -0.02832149 0.02420247 0.04088051
v -0.02571026 0.02582925 0.04095673
v -0.02816371 0.02400984 0.04095673
v -0.00239889 -0.03032011 0.04098213
v -0.00536998 -0.03101858 0.04095673
v -0.02309076 0.02739929 0.04095673
v 0.04427701 0.00454647 0.00801356
v -0.02078917 -0.02990885 -0.04060940
v -0.03244190 0.01600361 -0.03163526
v -0.03244190 0.01600361 0.04098213
v -0.03389967 0.01357143 0.04098213
v 0.02238147 -0.00939071 -0.04088772
v 0.02809734 -0.00422557 -0.03188344
v -0.02556844 0.02561652 0.04098213
v 0.00101361 -0.03114798 0.03890214
v -0.00558862 0.02870402 -0.03163526
v -0.00842026 0.03245274 -0.03966513
v 0.04399043 0.00409265 0.00019287
v 0.00100829 -0.03112848 0.03922774
v 0.02250970 -0.00942971 -0.04060940
v -0.00278417 0.02828802 0.04098213
v 0.04541215 0.00470129 0.00840060
v -0.02085771 0.02997861 -0.03966513
v -0.01785471 0.03105347 -0.03966513
v 0.00099056 -0.03107117 0.03954505
v -0.02297021 0.02717356 0.04098213
v 0.00096220 -0.03097721 0.03984643
v -0.02447112 0.02397438 0.04098213
v -0.02674849 0.02228556 -0.03163526
v -0.02447112 0.02397438 -0.03163526
v 0.00092320 -0.03084898 0.04012473
v -0.01947617 0.02664411 -0.03163526
v 0.00087474 -0.03069003 0.04037290
v 0.01670224 0.02057074 -0.03966513
v 0.04427701 -0.00422557 0.00801356
v -0.03952099 -0.00948171 0.03890214
v 0.02056265 -0.01205216 -0.04164349
v -0.00214067 -0.03161657 0.04012473
v 0.04321870 -0.00377235 0.00765310
v -0.02370294 0.02854447 0.03954505
v -0.03544312 -0.01810307 -0.03966513
v 0.02098338 -0.01222648 -0.04134804
v -0.03075308 -0.01837489 -0.03163526
v -0.03244190 -0.01609812 -0.03163526
v -0.02365685 0.02845820 0.03984643
v 0.00990738 0.02228556 -0.03163526
v 0.00763001 0.02397438 -0.03163526
v -0.02637740 0.02682729 0.03984643
v -0.03675553 -0.00568335 -0.03163526
v -0.03717153 -0.00287889 -0.03163526
v -0.03731098 -0.00004726 -0.03163526
v -0.02643176 0.02690884 0.03954505
v -0.02359362 0.02834002 0.04012473
v 0.02144133 -0.01241616 -0.04060940
v 0.02153174 -0.01245398 -0.04030804
v -0.03939157 -0.00309753 -0.04171972
v 0.03912428 -0.00101516 0.01325788
v 0.04117533 -0.00101516 0.00695583
v 0.04161320 -0.00211012 0.00710533
v 0.02158729 -0.01247703 -0.03999072
v 0.02017147 -0.01532994 -0.04030804
v -0.02630294 0.02671620 0.04012473
v -0.03963976 -0.00312235 -0.04164349
v 0.03912428 0.00133547 0.01325788
v -0.01155917 0.03181988 -0.04113590
v -0.00842026 0.03197411 -0.04113590
v -0.00842026 0.03177911 -0.04134804
v -0.00207980 -0.03192266 0.03890214
v -0.00208394 -0.03190316 0.03922774
v -0.04028739 -0.00318616 -0.04113590
v -0.04045345 -0.00320212 -0.04088772
v 0.02160560 -0.01248471 -0.03966513
v -0.00209576 -0.03184407 0.03954505
v -0.00528194 0.03181988 -0.04113590
v -0.00842026 0.03214075 -0.04088772
v 0.03951724 0.00243043 0.01354683
v -0.02647667 0.02697561 0.03890214
v -0.02646544 0.02695907 0.03922774
v -0.01157512 0.03198534 -0.04088772
v -0.04058639 -0.00321512 -0.04060940
v -0.04068449 -0.00322516 -0.04030804
v -0.04074358 -0.00323107 -0.03999072
v -0.01158871 0.03211888 -0.04060940
v -0.00842026 0.03227488 -0.04060940
v 0.02033220 -0.01195703 -0.04171972
v -0.00211467 -0.03174835 0.03984643
v 0.04161320 0.00243043 0.00710533
v -0.01159817 0.03221638 -0.04030804
v -0.00842026 0.03237297 -0.04030804
v -0.00842026 0.03107415 -0.04171972
v -0.01147053 0.03092407 -0.04171972
v -0.00525239 -0.03221339 0.03984643
v 0.00953688 0.02682729 -0.04060940
v 0.01208429 0.02493815 -0.04060940
v 0.01199920 0.02483415 -0.04088772
v 0.02078129 -0.01214316 -0.04151822
v 0.03951724 -0.00211012 0.01354683
v -0.02621076 0.02657734 0.04037290
v 0.04231047 -0.00305085 0.00734288
v -0.00217317 -0.03145348 0.04037290
v -0.01160408 0.03227606 -0.03999072
v -0.04027617 -0.00638357 -0.03999072
v -0.00842026 0.03243265 -0.03999072
v -0.04076366 -0.00323285 -0.03966513
v -0.01160585 0.03229615 -0.03966513
v 0.02116360 -0.01230153 -0.04113590
v -0.04029567 -0.00638771 -0.03966513
v 0.01601265 0.02000465 -0.04151822
v -0.02902526 0.02505988 0.03922774
v -0.04076366 -0.00323285 0.03890214
v -0.01153967 0.03162606 -0.04134804
v -0.00842026 0.03156048 -0.04151822
v 0.01902629 -0.01471775 -0.04171972
v -0.02898744 0.02501379 0.03954505
v 0.01945529 -0.01494703 -0.04151822
v -0.01469985 0.03152206 -0.04088772
v 0.01924611 -0.01483534 -0.04164349
v -0.00530085 -0.03172057 0.04058506
v -0.00532212 -0.03150252 0.04075523
v -0.00842026 -0.03187362 0.04058506
v -0.01472585 0.03165384 -0.04060940
v 0.01664079 0.02051993 -0.04030804
v 0.04102584 0.00016015 0.00690501
v -0.01449185 0.03047615 -0.04171972
v -0.02873453 0.02470534 0.04037290
v -0.01149535 0.03117224 -0.04164349
v -0.00534576 -0.03126675 0.04088051
v 0.04117533 0.00133547 0.00695583
v -0.00842026 0.03132352 -0.04164349
v -0.03987613 -0.00314539 -0.04151822
v -0.01151839 0.03140801 -0.04151822
v 0.05080183 0.00016015 0.00019287
v 0.02131724 -0.01236476 -0.04088772
v -0.01458699 0.03095302 -0.04151822
v -0.03942053 -0.00621339 -0.04151822
v 0.05064701 -0.00101516 0.00019287
v 0.01996702 -0.01522062 -0.04088772
v 0.05019319 -0.00211012 0.00019287
v -0.03918830 -0.00616730 -0.04164349
v -0.00539480 -0.03076449 0.04098213
v -0.00842026 -0.03116866 0.04095673
v -0.04009358 -0.00316666 -0.04134804
v -0.00842026 -0.03091280 0.04098213
v -0.01462953 0.03116752 -0.04134804
v 0.02008520 -0.01528385 -0.04060940
v 0.01456079 0.02293379 -0.03966513
v -0.02674849 0.02228556 0.04098213
v 0.01456079 0.02293379 0.03890214
v -0.00523467 -0.03239067 0.03890214
v 0.04743601 -0.00422557 0.00019287
v -0.00523703 -0.03237057 0.03922774
v -0.01474535 0.03174956 -0.04030804
v -0.03982648 -0.00629435 -0.04113590
v 0.04626129 -0.00438039 0.00019287
v 0.02022406 -0.01535830 -0.03999072
v -0.01475717 0.03180865 -0.03999072
v -0.00524294 -0.03231089 0.03954505
v -0.01784880 0.03103397 -0.03999072
v -0.02861103 0.02455465 0.04058506
v 0.01454661 0.02291961 -0.03999072
v 0.04626129 0.00470129 0.00019287
v 0.04743601 0.00454647 0.00019287
v 0.04853156 0.00409265 0.00019287
v -0.01745467 0.02973397 -0.04171972
v -0.01454030 0.03072079 -0.04164349
v -0.00526539 -0.03207985 0.04012473
v -0.04021767 -0.00637235 -0.04030804
v -0.03042630 0.02195879 0.04095673
v -0.02800122 0.02381247 0.04098213
v 0.05064701 0.00133547 0.00019287
v -0.02647667 0.02697561 -0.03966513
v -0.02903826 0.02507583 -0.03966513
v -0.03894367 -0.00611885 -0.04171972
v -0.01466735 0.03135897 -0.04113590
v -0.00528194 -0.03191439 0.04037290
v 0.04399043 -0.00377235 0.00019287
v 0.04508596 -0.00422557 0.00019287
v -0.02903826 0.02507583 0.03890214
v 0.01860261 -0.01810307 -0.03966513
v -0.00842026 -0.03206862 0.04037290
v -0.01752676 0.02997270 -0.04164349
v -0.01765912 0.03040879 -0.04134804
v -0.03134457 0.02287706 0.03954505
v -0.01759589 0.03019961 -0.04151822
v 0.04232879 -0.00211012 0.00019287
v -0.01776430 0.03075447 -0.04088772
v -0.01680703 -0.02769352 0.04098213
v -0.02892539 0.02493815 0.03984643
v 0.01443433 0.02280792 -0.04060940
v 0.01646115 0.02037279 -0.04088772
v 0.01433979 0.02271279 -0.04088772
v -0.02884030 0.02483415 0.04012473
v 0.04187497 0.00133547 0.00019287
v 0.04232879 0.00243043 0.00019287
v 0.01214693 0.02501379 -0.04030804
v 0.01450406 0.02287706 -0.04030804
v 0.01218474 0.02505988 -0.03999072
v 0.01964792 -0.01504985 -0.04134804
v -0.01783167 0.03097665 -0.04030804
v -0.03952099 -0.00948171 -0.03966513
v 0.01219715 0.02507583 -0.03966513
v -0.02085003 0.02996029 -0.03999072
v 0.04508596 0.00454647 0.00019287
v 0.02881115 0.00243043 -0.03527290
v 0.01132260 0.02400984 -0.04171972
v 0.01358579 0.02195879 -0.04171972
v -0.01771585 0.03059552 -0.04113590
v 0.01981988 -0.01514203 -0.04113590
v -0.03963503 -0.00625653 -0.04134804
v -0.03077021 0.02230270 0.04075523
v -0.03092503 0.02245752 0.04058506
v 0.02896833 0.00016015 -0.03602099
v -0.01780271 0.03088270 -0.04060940
v -0.03060298 0.02213547 0.04088051
v -0.03266999 0.01985397 0.04088051
v -0.03998958 -0.00632685 -0.04088772
v 0.01392970 0.02230270 -0.04151822
v 0.01376188 0.02213547 -0.04164349
v 0.02892815 -0.00101516 -0.03583072
v 0.01163106 0.02438565 -0.04151822
v 0.04947169 0.00337115 0.00019287
v 0.01176992 0.02455465 -0.04134804
v -0.00842026 -0.03165499 0.04075523
v -0.03024548 0.02177797 0.04098213
v 0.01408392 0.02245752 -0.04134804
v -0.04012135 -0.00635285 -0.04060940
v 0.01189401 0.02470534 -0.04113590
v -0.02067453 0.02953661 -0.04113590
v 0.01422220 0.02259520 -0.04113590
v 0.01745624 -0.01733726 -0.04171972
v -0.03935021 -0.00942971 -0.04060940
v -0.02073835 0.02969025 -0.04088772
v -0.02078917 0.02981434 -0.04060940
v -0.01153967 -0.03172057 0.04058506
v -0.02082698 0.02990474 -0.04030804
v -0.01151839 -0.03150252 0.04075523
v 0.01804242 -0.01772903 -0.04134804
v 0.01820433 -0.01783716 -0.04113590
v -0.03138712 0.02291961 0.03922774
v -0.03820148 -0.00908107 -0.04171972
v -0.02042517 0.02893566 -0.04164349
v -0.00842026 -0.03141803 0.04088051
v -0.03844021 -0.00915376 -0.04164349
v -0.02051617 0.02915429 -0.04151822
v -0.03740317 -0.01205216 -0.04164349
v -0.01149535 -0.03126675 0.04088051
v -0.02060007 0.02935638 -0.04134804
v 0.04853156 -0.00377235 0.00019287
v 0.01858547 -0.01809185 -0.03999072
v 0.04851324 -0.00305085 -0.00907258
v -0.03127544 0.02280792 0.03984643
v -0.03866712 -0.00922230 -0.04151822
v -0.03340567 0.02045729 0.03984643
v 0.01853583 -0.01805875 -0.04030804
v 0.01845429 -0.01800439 -0.04060940
v -0.03118090 0.02271279 0.04012473
v -0.03106271 0.02259520 0.04037290
v -0.03887630 -0.00928612 -0.04134804
v -0.03302217 0.02014293 0.04058506
v -0.03906303 -0.00934285 -0.04113590
v -0.02365685 0.02845820 -0.04060940
v -0.02884917 0.02038107 -0.03163526
v 0.01633233 0.02026702 -0.04113590
v 0.04172015 0.00016015 0.00019287
v -0.03285317 0.02000465 0.04075523
v -0.03470094 0.01751279 0.04075523
v 0.01786042 -0.01760730 -0.04151822
v -0.03488294 0.01763452 0.04058506
v -0.02373130 0.02859766 -0.03999072
v -0.03922199 -0.00939071 -0.04088772
v -0.02033003 0.02870520 -0.04171972
v -0.03247735 0.01969620 0.04095673
v -0.02320835 0.02761911 -0.04164349
v 0.04305029 0.00337115 0.00019287
v -0.02342344 0.02802093 -0.04134804
v 0.01834260 -0.01792994 -0.04088772
v -0.03227998 0.01953370 0.04098213
v -0.02351503 0.02819288 -0.04113590
v -0.03944416 -0.00945807 -0.04030804
v 0.01116070 0.02381247 0.04098213
v 0.00990738 0.02228556 0.04098213
v 0.01340497 0.02177797 0.04098213
v -0.02370294 0.02854447 -0.04030804
v -0.03354335 0.02057074 -0.03966513
v -0.03544312 0.01800856 0.03890214
v -0.03352739 0.02055774 0.03922774
v -0.03950149 -0.00947580 -0.03999072
v 0.00519842 0.02543156 0.04098213
v 0.00763001 0.02397438 0.04098213
v 0.00612970 0.02717356 0.04098213
v -0.02374076 0.02861538 -0.03966513
v -0.03542658 0.01799734 0.03922774
v -0.03348130 0.02051993 0.03954505
v 0.00690024 0.02861538 -0.03966513
v 0.00690024 0.02861538 0.03890214
v 0.00963556 0.02697561 0.03890214
v -0.01147053 -0.03101858 0.04095673
v -0.03537635 0.01796424 0.03954505
v -0.02332003 0.02782829 -0.04151822
v -0.01144571 -0.03076449 0.04098213
v -0.00842026 -0.03254725 0.03890214
v -0.00278417 0.02828802 -0.03163526
v -0.00842026 -0.03252716 0.03922774
v -0.03529480 0.01790988 0.03984643
v -0.02610203 0.02641543 -0.04134804
v -0.02621076 0.02657734 -0.04113590
v 0.01766365 -0.01747612 -0.04164349
v -0.03330166 0.02037279 0.04012473
v 0.04305029 -0.00305085 0.00019287
v 0.04321870 -0.00377235 -0.00726676
v 0.00263565 0.02664411 0.04098213
v -0.02359362 0.02834002 -0.04088772
v 0.00519842 0.02543156 -0.03163526
v -0.03317344 0.02026702 0.04037290
v -0.02630294 0.02671620 -0.04088772
v -0.00842026 -0.03246748 0.03954505
v 0.00339142 0.02846884 0.04098213
v 0.00872792 0.02561652 0.04098213
v 0.01200806 0.02038107 0.04098213
v -0.00842026 -0.03236939 0.03984643
v -0.00539480 0.03066998 0.04098213
v -0.00239889 0.03022560 0.04098213
v -0.01159817 -0.03231089 0.03954505
v -0.00842026 -0.03223526 0.04012473
v 0.00053970 0.02948933 0.04098213
v -0.02643176 0.02690884 -0.04030804
v -0.02309076 0.02739929 -0.04171972
v 0.01618165 -0.02023744 -0.04134804
v 0.04187497 -0.00101516 0.00019287
v 0.04117533 -0.00101516 -0.00657008
v -0.01155917 -0.03191439 0.04037290
v -0.01157512 -0.03207985 0.04012473
v -0.03648844 0.01495534 0.04058506
v -0.03629580 0.01485252 0.04075523
v 0.01543888 0.01953370 0.04098213
v 0.01563683 -0.01979071 -0.04171972
v -0.03450416 0.01738161 0.04088051
v -0.01160585 -0.03239067 0.03890214
v -0.03608662 0.01474083 0.04088051
v -0.02646544 0.02695907 -0.03999072
v -0.03429676 0.01724274 0.04095673
v -0.03504485 -0.01783716 -0.04113590
v -0.03666039 -0.01514203 -0.04113590
v -0.03648844 -0.01504985 -0.04134804
v 0.02881115 0.00243043 0.03565925
v -0.03586680 0.01462324 0.04095673
v 0.01670224 -0.02066525 -0.03966513
v -0.02598090 0.02623342 -0.04151822
v 0.01601265 -0.02009916 -0.04151822
v -0.03680753 -0.01522062 -0.04088772
v -0.03518371 -0.01792994 -0.04088772
v -0.03408403 0.01710092 0.04098213
v -0.01160408 -0.03237057 0.03922774
v -0.03564167 0.01450270 0.04098213
v -0.02637740 0.02682729 -0.04060940
v 0.01646115 -0.02046730 -0.04088772
v 0.01633233 -0.02036153 -0.04113590
v -0.03429676 -0.01733726 -0.04171972
v -0.01158871 -0.03221339 0.03984643
v -0.03247735 -0.01979071 -0.04171972
v -0.02902526 0.02505988 -0.03999072
v -0.02898744 0.02501379 -0.04030804
v 0.01656456 -0.02055180 -0.04060940
v 0.02862442 -0.00305085 0.03477169
v -0.02571026 0.02582925 -0.04171972
v 0.01664079 -0.02061444 -0.04030804
v -0.02584912 0.02603665 -0.04164349
v -0.01469985 -0.03161657 0.04012473
v 0.02838097 -0.00377235 0.03361587
v -0.02832149 0.02420247 -0.04164349
v -0.02816371 0.02400984 -0.04171972
v -0.03701257 0.01523543 0.03954505
v 0.02809734 -0.00422557 0.03226919
v -0.02847216 0.02438565 -0.04151822
v 0.01668688 -0.02065226 -0.03999072
v -0.02861103 0.02455465 -0.04134804
v 0.00096220 0.03088270 -0.04060940
v 0.00394865 0.02981434 -0.04060940
v 0.00389724 0.02969025 -0.04088772
v -0.02873453 0.02470534 -0.04113590
v -0.02884030 0.02483415 -0.04088772
v -0.03518371 0.01783543 0.04012473
v 0.00963556 0.02697561 -0.03966513
v 0.01454661 -0.02301412 -0.03999072
v -0.01466735 -0.03145348 0.04037290
v -0.03504485 0.01774265 0.04037290
v -0.03666039 0.01504752 0.04037290
v 0.00946242 0.02671620 -0.04088772
v 0.00936965 0.02657734 -0.04113590
v -0.03706517 -0.01535830 -0.03999072
v -0.03542658 -0.01809185 -0.03999072
v 0.01582947 -0.01994848 -0.04164349
v 0.01358579 -0.02205330 -0.04171972
v -0.01462953 -0.03126203 0.04058506
v -0.01458699 -0.03104753 0.04075523
v 0.02720565 0.00409265 0.02803355
v -0.03586680 -0.01471775 -0.04171972
v -0.03450416 -0.01747612 -0.04164349
v -0.03608662 -0.01483534 -0.04164349
v -0.03470094 -0.01760730 -0.04151822
v -0.03629580 -0.01494703 -0.04151822
v 0.00686242 0.02854447 -0.04030804
v 0.00959124 0.02690884 -0.04030804
v -0.01454030 -0.03081530 0.04088051
v -0.03488294 -0.01772903 -0.04134804
v -0.03511162 0.01100865 -0.03163526
v -0.03511162 0.01100865 0.04098213
v 0.02748928 0.00454647 0.02937964
v -0.03706517 0.01526379 0.03922774
v -0.03708289 0.01527324 0.03890214
v 0.02779301 0.00470129 0.03082442
v -0.01449185 -0.03057066 0.04095673
v -0.01752676 -0.03006721 0.04088051
v -0.03317344 -0.02036153 -0.04113590
v -0.03837285 0.01235947 0.03954505
v -0.03692571 0.01518934 0.03984643
v -0.02892539 0.02493815 -0.04060940
v -0.03330166 -0.02046730 -0.04088772
v -0.03828185 0.01232165 0.03984643
v -0.03340567 -0.02055180 -0.04060940
v 0.01433979 -0.02280730 -0.04088772
v 0.01443433 -0.02290243 -0.04060940
v -0.03529480 -0.01800439 -0.04060940
v -0.03680753 0.01512611 0.04012473
v -0.03800412 0.01220702 0.04037290
v 0.00681574 0.02845820 -0.04060940
v -0.03782389 0.01213197 0.04058506
v 0.00689079 0.02859766 -0.03999072
v 0.01450406 -0.02297157 -0.04030804
v 0.02720565 -0.00377235 0.02803355
v 0.00962433 0.02695907 -0.03999072
v -0.03762180 0.01204865 0.04075523
v -0.03717271 -0.01195703 -0.04171972
v -0.03134457 0.02287706 -0.04030804
v 0.02696220 -0.00305085 0.02687715
v -0.03138712 0.02291961 -0.03999072
v -0.03740317 0.01195765 0.04088051
v -0.03693635 0.01176443 0.04098213
v 0.01376188 -0.02222998 -0.04164349
v -0.03717271 0.01186252 0.04095673
v -0.01444221 -0.03032011 0.04098213
v -0.03092503 0.02245752 -0.04134804
v -0.03762180 -0.01214316 -0.04151822
v -0.03118090 0.02271279 -0.04088772
v 0.01392970 -0.02239721 -0.04151822
v -0.03042630 0.02195879 -0.04171972
v -0.01475717 -0.03190316 0.03922774
v -0.03782389 -0.01222648 -0.04134804
v -0.03795685 0.00891270 0.04098213
v -0.03060298 0.02213547 -0.04164349
v 0.00913979 0.02623342 -0.04151822
v 0.01148097 0.02420247 -0.04164349
v 0.00900801 0.02603665 -0.04164349
v -0.03842780 0.01238252 0.03922774
v 0.02677547 0.00243043 0.02599019
v 0.01422220 -0.02268971 -0.04113590
v -0.03844671 0.01239020 0.03890214
v -0.03800412 -0.01230153 -0.04113590
v -0.01474535 -0.03184407 0.03954505
v -0.03077021 0.02230270 -0.04151822
v -0.03815835 -0.01236476 -0.04088772
v -0.01472585 -0.03174835 0.03984643
v -0.03944416 0.00936356 0.03954505
v -0.03828185 -0.01241616 -0.04060940
v -0.03106271 0.02259520 -0.04113590
v 0.00926151 0.02641543 -0.04134804
v -0.01780271 -0.03097721 0.03984643
v -0.03837285 -0.01245398 -0.04030804
v -0.03606652 0.00833893 0.04098213
v 0.02665788 -0.00101516 0.02543238
v -0.03815835 0.01227024 0.04012473
v 0.00667451 0.02819288 -0.04113590
v 0.02661769 0.00016015 0.02524211
v -0.03675553 0.00558884 0.04098213
v -0.03869312 0.00597411 0.04098213
v -0.03928580 -0.00004726 0.04098213
v -0.03731098 -0.00004726 0.04098213
v -0.03913749 0.00297820 0.04098213
v -0.03717153 0.00278438 0.04098213
v 0.02665788 0.00133547 0.02543238
v -0.03842780 -0.01247703 -0.03999072
v 0.02229638 -0.00307271 0.04098213
v -0.03606652 0.00833893 -0.03163526
v -0.03887630 0.00919161 0.04058506
v -0.03866712 0.00912779 0.04075523
v -0.03127544 0.02280792 -0.04060940
v -0.03942053 0.00611888 0.04075523
v 0.00625024 0.02739929 -0.04171972
v 0.00886974 0.02582925 -0.04171972
v -0.03963503 0.00616202 0.04058506
v 0.01408392 -0.02255203 -0.04134804
v -0.03844021 0.00905924 0.04088051
v -0.03918830 0.00607279 0.04088051
v -0.03247735 0.01969620 -0.04171972
v -0.03963976 0.00302784 0.04088051
v 0.00658233 0.02802093 -0.04134804
v 0.04979788 0.00016015 -0.00951044
v -0.02033003 -0.02879971 0.04095673
v -0.01745467 -0.02982848 0.04095673
v -0.01738021 -0.02958385 0.04098213
v -0.02023194 -0.02856335 0.04098213
v -0.03820148 0.00898656 0.04095673
v 0.01199920 -0.02492866 -0.04088772
v -0.03894367 0.00602434 0.04095673
v 0.00398647 0.02990474 -0.04030804
v 0.00400892 0.02996029 -0.03999072
v -0.02610203 -0.02650994 0.04058506
v -0.02598090 -0.02632793 0.04075523
v 0.04921051 -0.00211012 -0.00931013
v -0.03330166 0.02037279 -0.04088772
v 0.00401661 0.02997861 -0.03966513
v 0.01214693 -0.02510830 -0.04030804
v -0.03340567 0.02045729 -0.04060940
v -0.02332003 -0.02792280 0.04075523
v -0.02320835 -0.02771362 0.04088051
v -0.02584912 -0.02613116 0.04088051
v -0.02342344 -0.02811544 0.04058506
v -0.03352739 0.02055774 -0.03999072
v -0.02051617 -0.02924880 0.04075523
v 0.01218474 -0.02515439 -0.03999072
v -0.03692571 -0.01528385 -0.04060940
v -0.03952099 0.00938720 0.03890214
v -0.03950149 0.00938129 0.03922774
v 0.01219715 -0.02517034 -0.03966513
v -0.03348130 0.02051993 -0.04030804
v -0.02309076 -0.02749380 0.04095673
v -0.04021767 0.00627784 0.03954505
v -0.03935021 0.00933520 0.03984643
v -0.02042517 -0.02903017 0.04088051
v 0.00647951 0.02782829 -0.04151822
v -0.04012135 0.00625834 0.03984643
v -0.03542658 0.01799734 -0.03999072
v 0.04117533 0.00133547 -0.00657008
v 0.04102584 0.00016015 -0.00651867
v -0.03544312 0.01800856 -0.03966513
v 0.01163106 -0.02448016 -0.04151822
v -0.03922199 0.00929620 0.04012473
v 0.00383342 0.02953661 -0.04113590
v -0.03701257 -0.01532994 -0.04030804
v 0.04161320 0.00243043 -0.00671958
v -0.03998958 0.00623234 0.04012473
v 0.00375897 0.02935638 -0.04134804
v 0.01189401 -0.02479985 -0.04113590
v 0.01176992 -0.02464916 -0.04134804
v -0.03537635 -0.01805875 -0.04030804
v -0.03906303 0.00924833 0.04037290
v 0.00675311 0.02834002 -0.04088772
v -0.02297021 -0.02726807 0.04098213
v -0.03982648 0.00619984 0.04037290
v -0.03302217 0.02014293 -0.04134804
v 0.04231047 0.00337115 -0.00695713
v -0.02643176 -0.02700335 0.03954505
v -0.02637740 -0.02692180 0.03984643
v 0.01208429 -0.02503266 -0.04060940
v 0.04321870 0.00409265 -0.00726676
v -0.03429676 0.01724274 -0.04171972
v -0.03354335 -0.02066525 -0.03966513
v -0.04027617 0.00628906 0.03922774
v -0.03266999 0.01985397 -0.04164349
v -0.03285317 0.02000465 -0.04151822
v 0.04427701 0.00454647 -0.00762781
v 0.00636783 0.02761911 -0.04164349
v 0.00690024 -0.02870989 -0.03966513
v 0.00963556 -0.02707012 -0.03966513
v -0.04058639 0.00312061 0.03984643
v 0.00348952 0.02870520 -0.04171972
v -0.03317344 0.02026702 -0.04113590
v 0.04541215 0.00470129 -0.00801485
v 0.00061356 0.02973397 -0.04171972
v 0.00358465 0.02893566 -0.04164349
v 0.04427701 -0.00422557 -0.00762781
v 0.00367506 0.02915429 -0.04151822
v -0.02816371 -0.02410435 -0.04171972
v 0.01132260 -0.02410435 -0.04171972
v 0.04231047 -0.00305085 -0.00695713
v 0.01148097 -0.02429698 -0.04164349
v -0.02073835 -0.02978476 0.04012473
v -0.02067453 -0.02963112 0.04037290
v -0.02359362 -0.02843453 0.04012473
v 0.00886974 -0.02592376 -0.04171972
v -0.02351503 -0.02828739 0.04037290
v 0.04161320 -0.00211012 -0.00671958
v -0.02621076 -0.02667185 0.04037290
v 0.00101361 0.03105347 -0.03966513
v 0.00101361 0.03105347 0.03890214
v 0.00401661 0.02997861 0.03890214
v -0.03675553 0.00558884 -0.03163526
v -0.00207980 0.03182815 0.03890214
v -0.00207980 0.03182815 -0.03966513
v -0.04009358 0.00307215 0.04058506
v -0.02373130 -0.02869217 0.03922774
v 0.00099056 0.03097665 -0.04030804
v -0.03987613 0.00305088 0.04075523
v -0.02374076 -0.02870989 0.03890214
v 0.00926151 -0.02650994 -0.04134804
v -0.04002799 -0.00004726 0.04075523
v -0.03979103 -0.00004726 0.04088051
v -0.02370294 -0.02863898 0.03954505
v -0.04024662 -0.00004726 0.04058506
v 0.00913979 -0.02632793 -0.04151822
v 0.00100829 0.03103397 -0.03999072
v -0.02365685 -0.02855271 0.03984643
v -0.03939157 0.00300302 0.04095673
v -0.02630294 -0.02681071 0.04012473
v -0.03954167 -0.00004726 0.04095673
v -0.03042630 -0.02205330 -0.04171972
v -0.03675553 -0.00568335 0.04098213
v -0.03869312 -0.00606862 0.04098213
v -0.02832149 -0.02429698 -0.04164349
v -0.03060298 -0.02222998 -0.04164349
v 0.00946242 -0.02681071 -0.04088772
v 0.04654729 0.00454647 -0.00840190
v -0.03913749 -0.00307271 0.04098213
v -0.04076366 0.00313834 0.03890214
v -0.03717153 0.00278438 -0.03163526
v -0.04092026 -0.00004726 0.03890214
v -0.03717153 -0.00287889 0.04098213
v 0.00953688 -0.02692180 -0.04060940
v -0.03795685 -0.00900721 0.04098213
v 0.04851324 0.00337115 -0.00907258
v -0.04074358 0.00313656 0.03922774
v 0.00962433 -0.02705358 -0.03999072
v -0.03389967 0.01357143 -0.03163526
v -0.04090017 -0.00004726 0.03922774
v -0.04068449 0.00313065 0.03954505
v -0.04084049 -0.00004726 0.03954505
v -0.04074239 -0.00004726 0.03984643
v 0.04921051 0.00243043 -0.00931013
v 0.00092320 0.03075447 -0.04088772
v 0.00087474 0.03059552 -0.04113590
v 0.04964837 0.00133547 -0.00945963
v 0.00900801 -0.02613116 -0.04164349
v -0.02060007 -0.02945089 0.04058506
v 0.00625024 -0.02749380 -0.04171972
v -0.04045345 0.00310761 0.04012473
v -0.03266999 -0.01994848 -0.04164349
v -0.03077021 -0.02239721 -0.04151822
v -0.04060826 -0.00004726 0.04012473
v -0.03450416 0.01738161 -0.04164349
v -0.04028739 0.00309165 0.04037290
v -0.01765912 -0.03050330 0.04058506
v -0.01759589 -0.03029412 0.04075523
v -0.03285317 -0.02009916 -0.04151822
v -0.03092503 -0.02255203 -0.04134804
v -0.04044162 -0.00004726 0.04037290
v -0.03470094 0.01751279 -0.04151822
v -0.03488294 0.01763452 -0.04134804
v -0.00234867 0.03047615 -0.04171972
v 0.04964837 -0.00101516 -0.00945963
v 0.00068624 0.02997270 -0.04164349
v -0.01784880 -0.03112848 0.03922774
v -0.01783167 -0.03107117 0.03954505
v 0.04760502 -0.00377235 -0.00876235
v 0.00075479 0.03019961 -0.04151822
v 0.02303501 -0.00314539 0.04075523
v 0.02325247 -0.00316666 0.04058506
v -0.03537635 0.01796424 -0.04030804
v 0.00658233 -0.02811544 -0.04134804
v 0.00936965 -0.02667185 -0.04113590
v -0.00225412 0.03095302 -0.04151822
v 0.01219715 0.02507583 0.03890214
v 0.02258002 -0.00621339 0.04075523
v 0.02279924 -0.00312235 0.04088051
v -0.00221158 0.03116752 -0.04134804
v -0.00230021 0.03072079 -0.04164349
v 0.00081802 0.03040879 -0.04134804
v -0.01776430 -0.03084898 0.04012473
v -0.03127544 -0.02290243 -0.04060940
v -0.03118090 -0.02280730 -0.04088772
v -0.02892539 -0.02503266 -0.04060940
v -0.01771585 -0.03069003 0.04037290
v -0.02847216 -0.02448016 -0.04151822
v 0.00959124 -0.02700335 -0.04030804
v -0.02861103 -0.02464916 -0.04134804
v 0.02403216 -0.00101516 0.03703704
v -0.03106271 -0.02268971 -0.04113590
v -0.02085003 -0.03005480 0.03922774
v -0.02082698 -0.02999925 0.03954505
v -0.02078917 -0.02990885 0.03984643
v -0.03348130 -0.02061444 -0.04030804
v 0.02384338 -0.00322516 0.03954505
v 0.01664079 0.02051993 0.03954505
v -0.03352739 -0.02065226 -0.03999072
v -0.03138712 -0.02301412 -0.03999072
v 0.00667451 -0.02828739 -0.04113590
v 0.02374588 -0.00321512 0.03984643
v 0.00675311 -0.02843453 -0.04088772
v 0.01646115 0.02037279 0.04012473
v 0.01433979 0.02271279 0.04012473
v 0.01633233 0.02026702 0.04037290
v -0.00214067 0.03152206 -0.04088772
v -0.00211467 0.03165384 -0.04060940
v 0.02344687 -0.00318616 0.04037290
v 0.01601265 0.02000465 0.04075523
v 0.01408392 0.02245752 0.04058506
v 0.00686242 -0.02863898 -0.04030804
v 0.01392970 0.02230270 0.04075523
v -0.00209576 0.03174956 -0.04030804
v 0.00689079 -0.02869217 -0.03999072
v 0.02279451 -0.00625653 0.04058506
v 0.01376188 0.02213547 0.04088051
v -0.04009358 -0.00316666 0.04058506
v -0.03987613 -0.00314539 0.04075523
v 0.01163106 0.02438565 0.04075523
v 0.01148097 0.02420247 0.04088051
v 0.01563683 0.01969620 0.04095673
v -0.03942053 -0.00621339 0.04075523
v 0.01358579 0.02195879 0.04095673
v -0.03302217 -0.02023744 -0.04134804
v -0.03963976 -0.00312235 0.04088051
v -0.03939157 -0.00309753 0.04095673
v -0.00523467 0.03229615 -0.03966513
v 0.01218474 0.02505988 0.03922774
v 0.01454661 0.02291961 0.03922774
v -0.00208394 0.03180865 -0.03999072
v 0.01214693 0.02501379 0.03954505
v 0.00400892 -0.03005480 -0.03999072
v 0.01450406 0.02287706 0.03954505
v 0.01208429 0.02493815 0.03984643
v 0.01443433 0.02280792 0.03984643
v 0.01199920 0.02483415 0.04012473
v -0.04074358 -0.00323107 0.03922774
v 0.00636783 -0.02771362 -0.04164349
v -0.04027617 -0.00638357 0.03922774
v 0.01189401 0.02470534 0.04037290
v -0.04068449 -0.00322516 0.03954505
v 0.01422220 0.02259520 0.04037290
v -0.03134457 -0.02297157 -0.04030804
v 0.01176992 0.02455465 0.04058506
v 0.00348952 -0.02879971 -0.04171972
v -0.04058639 -0.00321512 0.03984643
v 0.00647951 -0.02792280 -0.04151822
v -0.04045345 -0.00320212 0.04012473
v -0.03998958 -0.00632685 0.04012473
v -0.04028739 -0.00318616 0.04037290
v 0.00681574 -0.02855271 -0.04060940
v -0.03982648 -0.00629435 0.04037290
v -0.03963503 -0.00625653 0.04058506
v 0.00358465 -0.02903017 -0.04164349
v 0.00075479 0.03019961 0.04075523
v 0.00367506 0.02915429 0.04075523
v 0.00375897 0.02935638 0.04058506
v -0.00217317 0.03135897 -0.04113590
v -0.03887630 -0.00928612 0.04058506
v 0.00375897 -0.02945089 -0.04134804
v 0.00100829 0.03103397 0.03922774
v 0.00400892 0.02996029 0.03922774
v -0.03918830 -0.00616730 0.04088051
v -0.02902526 -0.02515439 -0.03999072
v -0.03844021 -0.00915376 0.04088051
v 0.00394865 0.02981434 0.03984643
v 0.00398647 0.02990474 0.03954505
v 0.00096220 0.03088270 0.03984643
v 0.00087474 0.03059552 0.04037290
v 0.00383342 0.02953661 0.04037290
v 0.00389724 0.02969025 0.04012473
v -0.03894367 -0.00611885 0.04095673
v -0.03820148 -0.00908107 0.04095673
v -0.00526539 0.03198534 -0.04088772
v 0.00913979 0.02623342 0.04075523
v -0.00525239 0.03211888 -0.04060940
v 0.00926151 0.02641543 0.04058506
v 0.00900801 0.02603665 0.04088051
v 0.00394865 -0.02990885 -0.04060940
v 0.00886974 0.02582925 0.04095673
v -0.00524294 0.03221638 -0.04030804
v -0.04029567 -0.00638771 0.03890214
v 0.01132260 0.02400984 0.04095673
v -0.00523703 0.03227606 -0.03999072
v -0.03944416 -0.00945807 0.03954505
v -0.04021767 -0.00637235 0.03954505
v -0.03950149 -0.00947580 0.03922774
v 0.00962433 0.02695907 0.03922774
v 0.00959124 0.02690884 0.03954505
v 0.00686242 0.02854447 0.03954505
v 0.00681574 0.02845820 0.03984643
v -0.04012135 -0.00635285 0.03984643
v 0.00953688 0.02682729 0.03984643
v -0.00536998 0.03092407 -0.04171972
v 0.00667451 0.02819288 0.04037290
v 0.00936965 0.02657734 0.04037290
v 0.00946242 0.02671620 0.04012473
v -0.03922199 -0.00939071 0.04012473
v -0.00532212 0.03140801 -0.04151822
v -0.00530085 0.03162606 -0.04134804
v 0.00689079 0.02859766 0.03922774
v 0.00675311 0.02834002 0.04012473
v 0.00658233 0.02802093 0.04058506
v -0.03935021 -0.00942971 0.03984643
v 0.00647951 0.02782829 0.04075523
v 0.00636783 0.02761911 0.04088051
v 0.00358465 0.02893566 0.04088051
v 0.00068624 0.02997270 0.04088051
v 0.00625024 0.02739929 0.04095673
v 0.00348952 0.02870520 0.04095673
v 0.00061356 0.02973397 0.04095673
v -0.00534576 0.03117224 -0.04164349
v 0.00081802 0.03040879 0.04058506
v -0.00225412 0.03095302 0.04075523
v -0.00221158 0.03116752 0.04058506
v -0.00532212 0.03140801 0.04075523
v -0.00230021 0.03072079 0.04088051
v -0.00234867 0.03047615 0.04095673
v 0.00099056 0.03097665 0.03954505
v 0.00092320 0.03075447 0.04012473
v -0.00208394 0.03180865 0.03922774
v -0.00209576 0.03174956 0.03954505
v -0.00211467 0.03165384 0.03984643
v -0.00214067 0.03152206 0.04012473
v -0.00217317 0.03135897 0.04037290
v -0.00530085 0.03162606 0.04058506
v -0.00534576 0.03117224 0.04088051
f 1 2 3
f 4 5 6
f 7 8 9
f 10 4 6
f 11 6 5
f 12 10 6
f 13 14 15
f 16 15 14
f 14 13 17
f 18 19 20
f 21 6 22
f 22 6 23
f 24 19 18
f 24 25 19
f 25 26 19
f 12 6 21
f 27 23 6
f 26 28 19
f 29 19 28
f 16 14 30
f 31 32 33
f 34 6 35
f 35 6 36
f 37 38 39
f 40 41 6
f 31 42 32
f 43 44 45
f 46 47 48
f 49 6 41
f 29 50 19
f 11 36 6
f 34 40 6
f 50 51 19
f 51 52 19
f 46 19 52
f 52 53 46
f 54 46 53
f 54 47 46
f 6 55 27
f 56 57 58
f 48 59 46
f 60 61 62
f 63 64 65
f 60 66 61
f 67 68 69
f 69 70 71
f 72 73 74
f 75 62 76
f 61 77 62
f 76 62 77
f 71 70 78
f 79 80 70
f 81 70 82
f 57 83 84
f 85 82 70
f 86 87 88
f 89 87 86
f 90 87 89
f 91 87 90
f 92 93 91
f 94 93 92
f 95 88 87
f 96 44 97
f 80 85 70
f 45 44 96
f 98 99 100
f 101 102 76
f 103 104 97
f 105 79 70
f 106 105 70
f 74 107 108
f 103 109 104
f 78 70 81
f 76 77 101
f 110 103 97
f 65 103 110
f 74 108 72
f 44 110 97
f 101 77 111
f 112 113 114
f 115 116 117
f 114 73 112
f 109 103 118
f 119 117 120
f 103 65 118
f 112 73 121
f 122 123 124
f 102 125 126
f 120 117 127
f 128 117 119
f 127 117 116
f 101 125 102
f 111 129 101
f 65 64 118
f 130 117 128
f 112 131 113
f 118 64 132
f 101 129 125
f 133 9 8
f 134 113 131
f 131 135 134
f 136 117 137
f 49 115 117
f 137 117 130
f 49 117 6
f 138 132 139
f 140 141 142
f 143 1 144
f 145 146 147
f 148 141 140
f 64 139 132
f 149 117 150
f 136 150 117
f 151 152 131
f 147 153 145
f 140 58 148
f 131 152 135
f 154 148 58
f 155 156 157
f 158 68 117
f 149 158 117
f 58 57 154
f 57 84 154
f 159 160 157
f 161 69 68
f 30 162 16
f 145 163 146
f 160 159 164
f 70 69 141
f 117 68 67
f 142 69 161
f 165 84 83
f 159 166 164
f 146 163 167
f 163 145 168
f 141 69 142
f 169 170 70
f 171 172 173
f 174 175 176
f 96 97 177
f 97 104 177
f 178 179 180
f 181 182 135
f 100 183 165
f 173 180 179
f 184 185 186
f 135 152 181
f 167 187 188
f 179 189 173
f 100 190 183
f 181 191 182
f 189 192 173
f 83 100 165
f 109 118 193
f 192 194 173
f 182 191 195
f 163 187 167
f 196 197 198
f 132 193 118
f 199 197 196
f 194 200 173
f 33 201 31
f 183 190 202
f 170 106 70
f 203 204 205
f 33 206 207
f 132 208 193
f 172 169 173
f 209 210 80
f 70 173 169
f 203 205 211
f 187 212 188
f 132 138 208
f 190 124 202
f 213 214 210
f 215 107 214
f 212 216 188
f 217 171 173
f 183 202 218
f 107 215 108
f 219 217 173
f 220 221 222
f 223 202 124
f 224 225 173
f 226 224 173
f 124 123 223
f 227 226 173
f 228 229 230
f 231 232 233
f 229 234 230
f 225 219 173
f 200 227 173
f 233 232 235
f 236 223 123
f 72 121 73
f 237 238 239
f 237 240 241
f 241 238 237
f 15 233 235
f 236 9 133
f 242 243 244
f 221 66 222
f 151 131 112
f 245 246 247
f 248 249 250
f 66 60 222
f 9 236 123
f 121 151 112
f 221 251 66
f 221 252 251
f 253 254 255
f 254 253 16
f 121 256 151
f 133 8 257
f 15 16 253
f 80 79 209
f 254 16 162
f 258 259 260
f 70 141 148
f 162 261 254
f 240 237 259
f 259 237 260
f 262 148 154
f 263 264 265
f 62 266 60
f 62 75 266
f 84 165 267
f 75 268 269
f 210 209 213
f 177 104 270
f 268 75 76
f 271 165 183
f 268 76 102
f 272 213 209
f 273 153 274
f 218 271 183
f 213 215 214
f 275 276 277
f 102 278 268
f 126 278 102
f 279 280 281
f 126 282 278
f 283 279 281
f 283 234 279
f 284 285 286
f 234 283 230
f 138 287 208
f 284 288 285
f 202 223 289
f 108 215 290
f 291 289 223
f 280 279 292
f 234 244 279
f 236 293 291
f 294 232 287
f 244 292 279
f 223 236 291
f 295 204 296
f 297 298 293
f 299 300 292
f 293 236 133
f 293 133 297
f 299 292 243
f 220 301 296
f 257 302 297
f 244 243 292
f 191 181 303
f 133 257 297
f 304 305 306
f 222 307 301
f 305 248 308
f 231 309 310
f 299 311 312
f 309 313 310
f 249 314 250
f 233 309 231
f 222 301 220
f 262 70 148
f 233 253 309
f 315 316 317
f 299 243 311
f 266 318 307
f 319 209 79
f 60 266 307
f 320 262 154
f 105 319 79
f 274 312 311
f 84 267 320
f 174 286 321
f 255 322 313
f 312 274 323
f 284 286 174
f 324 295 288
f 255 313 309
f 284 324 288
f 154 84 320
f 209 319 272
f 324 284 176
f 309 253 255
f 274 153 323
f 325 326 327
f 324 176 205
f 323 153 147
f 176 284 174
f 324 204 295
f 255 328 322
f 329 267 271
f 328 330 322
f 205 204 324
f 328 255 254
f 271 267 165
f 249 331 314
f 213 272 332
f 204 220 296
f 215 213 332
f 254 261 328
f 220 204 203
f 289 333 334
f 60 307 222
f 335 336 330
f 215 332 290
f 289 334 218
f 328 335 330
f 221 220 203
f 202 289 218
f 261 335 328
f 337 72 108
f 290 337 108
f 338 246 339
f 340 337 290
f 341 339 342
f 298 297 343
f 340 290 344
f 302 343 297
f 121 72 345
f 346 347 348
f 270 104 349
f 345 256 121
f 350 351 352
f 337 345 72
f 353 147 146
f 354 355 356
f 109 350 349
f 357 338 358
f 317 338 357
f 359 325 196
f 339 341 358
f 360 353 146
f 196 198 359
f 344 290 332
f 339 358 338
f 104 109 349
f 360 361 362
f 198 197 363
f 360 167 361
f 342 364 365
f 363 366 367
f 350 193 351
f 360 146 167
f 368 369 370
f 363 197 371
f 371 366 363
f 193 208 351
f 372 152 151
f 193 350 109
f 370 369 373
f 256 372 151
f 361 167 188
f 256 374 372
f 375 351 208
f 361 188 376
f 372 377 152
f 373 378 370
f 377 181 152
f 379 376 380
f 370 378 381
f 382 331 383
f 376 188 216
f 314 331 382
f 216 380 376
f 384 385 316
f 382 383 386
f 208 287 375
f 315 384 316
f 386 383 143
f 287 387 375
f 386 143 144
f 317 357 315
f 388 387 231
f 303 181 377
f 387 232 231
f 389 144 1
f 377 390 303
f 287 232 387
f 1 3 389
f 300 280 292
f 33 207 201
f 105 391 319
f 300 299 392
f 207 206 393
f 270 349 394
f 391 105 106
f 349 395 394
f 206 264 393
f 396 397 398
f 299 312 392
f 272 319 399
f 312 400 392
f 350 352 395
f 400 401 402
f 399 319 391
f 349 350 395
f 400 323 401
f 393 264 263
f 352 403 404
f 332 272 405
f 403 352 351
f 312 323 400
f 406 263 265
f 406 265 275
f 351 375 403
f 323 147 401
f 407 408 409
f 410 403 375
f 411 412 413
f 414 377 372
f 147 353 401
f 409 415 407
f 416 417 418
f 419 417 416
f 420 417 419
f 421 417 420
f 422 417 421
f 423 418 417
f 412 424 413
f 374 414 372
f 275 277 406
f 425 91 426
f 425 92 91
f 387 388 410
f 426 91 427
f 276 428 277
f 326 429 430
f 173 262 431
f 375 387 410
f 377 414 390
f 432 407 415
f 262 320 431
f 432 433 407
f 262 173 70
f 434 390 414
f 180 173 431
f 390 435 303
f 231 310 388
f 431 320 436
f 433 437 356
f 438 439 440
f 267 329 436
f 441 362 439
f 442 443 444
f 362 440 439
f 320 267 436
f 272 399 405
f 353 360 441
f 443 445 446
f 360 362 441
f 405 344 332
f 406 277 447
f 362 448 440
f 251 449 66
f 448 450 440
f 343 451 452
f 449 61 66
f 361 448 362
f 449 251 355
f 343 452 298
f 449 355 369
f 326 325 429
f 343 302 453
f 355 251 356
f 368 77 61
f 325 359 429
f 449 368 61
f 379 454 450
f 369 368 449
f 395 455 456
f 34 457 40
f 368 111 77
f 34 458 457
f 448 379 450
f 111 368 370
f 394 395 456
f 458 34 35
f 271 459 329
f 458 460 457
f 381 129 111
f 461 337 340
f 381 111 370
f 462 457 460
f 461 345 337
f 463 462 346
f 218 334 459
f 352 404 455
f 460 346 462
f 428 276 304
f 461 464 345
f 395 352 455
f 345 464 256
f 404 465 466
f 271 218 459
f 467 464 461
f 468 174 321
f 404 403 465
f 468 175 174
f 469 468 321
f 280 470 471
f 472 469 473
f 410 474 465
f 468 469 472
f 374 256 464
f 333 289 291
f 428 304 306
f 281 280 471
f 403 410 465
f 291 475 333
f 474 410 388
f 468 476 175
f 333 477 334
f 391 106 478
f 305 308 306
f 175 476 409
f 477 333 479
f 300 480 470
f 250 308 248
f 481 306 308
f 476 468 472
f 408 205 176
f 482 313 483
f 484 485 384
f 346 348 463
f 408 211 205
f 313 322 483
f 485 413 385
f 280 300 470
f 348 486 463
f 175 408 176
f 485 385 384
f 310 313 482
f 480 487 488
f 374 464 489
f 490 430 486
f 479 333 475
f 175 409 408
f 300 392 480
f 491 414 374
f 298 475 293
f 392 487 480
f 489 491 374
f 291 293 475
f 492 489 493
f 489 492 491
f 211 408 407
f 491 434 414
f 400 402 487
f 433 252 211
f 431 494 180
f 433 211 407
f 495 434 491
f 392 400 487
f 203 211 252
f 496 497 402
f 250 314 498
f 436 499 494
f 496 500 497
f 221 203 252
f 402 401 496
f 431 436 494
f 356 252 433
f 499 436 329
f 496 441 500
f 482 483 501
f 441 496 353
f 329 502 499
f 401 353 496
f 483 503 501
f 252 356 251
f 459 504 502
f 505 341 506
f 344 507 340
f 470 508 471
f 508 470 509
f 356 437 354
f 506 365 510
f 480 509 470
f 511 503 512
f 513 369 355
f 509 480 488
f 514 512 503
f 355 354 513
f 451 515 516
f 453 515 451
f 513 373 369
f 514 503 483
f 517 488 487
f 155 157 160
f 518 373 513
f 106 170 478
f 169 519 170
f 514 483 322
f 378 373 520
f 478 170 519
f 516 515 521
f 478 522 391
f 402 497 517
f 451 343 453
f 522 399 391
f 523 472 473
f 402 517 487
f 166 524 164
f 525 522 478
f 514 526 512
f 384 527 484
f 528 523 473
f 528 529 523
f 530 512 526
f 519 525 478
f 523 531 472
f 526 514 330
f 522 532 399
f 524 533 534
f 166 533 524
f 472 531 476
f 330 336 526
f 384 315 527
f 439 535 500
f 322 330 514
f 532 405 399
f 439 500 441
f 522 536 532
f 329 459 502
f 315 357 537
f 476 538 409
f 357 539 537
f 540 534 541
f 46 471 508
f 415 409 538
f 533 541 534
f 530 542 543
f 539 357 358
f 544 344 405
f 459 334 504
f 538 476 531
f 526 542 530
f 477 504 334
f 532 544 405
f 526 336 542
f 186 185 540
f 541 186 540
f 438 545 546
f 545 547 546
f 438 440 545
f 544 507 344
f 440 450 545
f 545 548 547
f 549 479 475
f 548 550 547
f 551 340 507
f 552 411 553
f 548 545 450
f 554 551 507
f 555 556 550
f 553 485 484
f 433 432 437
f 548 555 550
f 454 548 450
f 549 475 298
f 340 551 461
f 548 454 555
f 549 298 452
f 557 558 556
f 555 557 556
f 386 144 559
f 555 560 557
f 551 467 461
f 326 430 490
f 560 555 454
f 490 486 348
f 474 561 562
f 537 527 315
f 563 467 551
f 467 489 464
f 494 564 178
f 388 561 474
f 494 499 564
f 489 467 493
f 258 260 565
f 493 467 563
f 494 178 180
f 505 539 358
f 35 566 458
f 388 310 561
f 567 460 458
f 568 564 569
f 310 482 561
f 505 358 341
f 389 3 570
f 499 569 564
f 571 241 240
f 525 536 522
f 571 258 572
f 499 502 569
f 532 536 573
f 341 365 506
f 574 572 575
f 575 572 576
f 457 462 577
f 502 578 569
f 573 544 532
f 570 156 155
f 565 572 258
f 573 579 544
f 570 3 156
f 576 572 565
f 579 507 544
f 502 504 578
f 258 571 259
f 240 259 571
f 504 580 578
f 554 563 551
f 155 160 581
f 365 582 510
f 583 455 584
f 579 554 507
f 574 508 572
f 510 582 585
f 456 455 583
f 580 586 587
f 588 540 185
f 477 586 580
f 508 574 589
f 590 591 571
f 455 404 584
f 486 592 593
f 572 590 571
f 404 466 584
f 508 509 572
f 509 590 572
f 486 430 592
f 492 495 491
f 590 594 591
f 463 486 593
f 185 184 595
f 465 596 466
f 597 591 594
f 595 201 598
f 575 424 574
f 488 594 590
f 465 474 596
f 479 586 477
f 184 31 595
f 509 488 590
f 430 599 592
f 580 504 477
f 31 201 595
f 430 429 599
f 594 600 597
f 596 474 562
f 600 601 597
f 517 600 594
f 479 602 586
f 600 603 601
f 549 604 602
f 605 562 561
f 549 602 479
f 488 517 594
f 599 429 606
f 603 607 601
f 561 482 605
f 481 308 608
f 250 498 608
f 359 609 606
f 517 497 600
f 610 19 611
f 612 613 19
f 608 308 250
f 359 198 609
f 497 603 600
f 611 19 613
f 608 614 481
f 501 615 605
f 429 359 606
f 603 535 607
f 609 198 616
f 617 618 552
f 605 482 501
f 607 535 619
f 617 620 618
f 500 535 603
f 610 621 19
f 622 623 624
f 363 367 616
f 622 20 623
f 625 618 620
f 497 500 603
f 626 608 498
f 438 546 619
f 363 616 198
f 627 623 19
f 20 19 623
f 452 604 549
f 552 618 411
f 438 619 535
f 604 452 628
f 367 366 629
f 439 438 535
f 314 382 630
f 618 625 412
f 448 361 376
f 618 412 411
f 382 386 631
f 501 503 632
f 448 376 379
f 411 485 553
f 631 386 559
f 454 379 633
f 503 511 632
f 628 451 516
f 633 560 454
f 413 485 411
f 457 577 40
f 498 314 630
f 634 635 636
f 379 380 633
f 498 630 637
f 452 451 628
f 341 342 365
f 630 382 631
f 612 638 639
f 583 584 640
f 641 639 638
f 364 582 365
f 642 640 584
f 462 643 577
f 644 645 585
f 462 463 643
f 559 144 646
f 647 46 508
f 644 585 582
f 642 466 648
f 582 444 644
f 508 649 650
f 647 508 650
f 596 648 466
f 364 444 582
f 635 508 651
f 649 508 635
f 463 593 643
f 584 466 642
f 652 645 644
f 653 508 589
f 654 655 656
f 651 508 653
f 592 599 657
f 658 654 656
f 46 659 19
f 593 592 660
f 596 661 648
f 641 19 659
f 638 19 641
f 662 46 663
f 659 46 662
f 664 663 46
f 647 664 46
f 665 586 602
f 596 562 661
f 654 666 655
f 644 444 443
f 666 667 655
f 668 661 562
f 612 19 638
f 605 615 668
f 669 670 667
f 562 605 668
f 666 669 667
f 671 672 673
f 674 92 425
f 675 676 677
f 678 679 680
f 681 675 682
f 677 682 675
f 501 632 615
f 683 675 684
f 511 512 685
f 686 687 670
f 681 684 675
f 675 683 672
f 427 90 688
f 673 672 683
f 669 689 670
f 688 89 690
f 686 670 689
f 691 692 693
f 694 692 695
f 691 695 692
f 696 697 698
f 699 700 701
f 702 703 543
f 543 703 530
f 697 704 698
f 705 706 707
f 672 671 708
f 708 709 672
f 709 710 672
f 710 711 672
f 711 712 672
f 712 713 672
f 622 672 713
f 59 706 46
f 706 705 46
f 714 715 705
f 716 717 718
f 714 719 715
f 719 678 715
f 720 704 697
f 721 722 723
f 680 715 678
f 724 704 720
f 715 725 46
f 726 727 720
f 728 729 730
f 727 38 724
f 731 559 732
f 727 724 720
f 733 87 734
f 735 87 733
f 736 87 735
f 737 738 87
f 95 87 738
f 737 87 736
f 734 87 739
f 559 731 631
f 281 629 283
f 740 741 742
f 389 646 144
f 727 39 38
f 616 367 740
f 397 743 744
f 559 646 732
f 741 740 367
f 396 398 620
f 632 511 728
f 94 674 745
f 620 398 625
f 729 728 511
f 674 94 92
f 367 629 741
f 644 443 652
f 629 725 741
f 427 91 90
f 443 446 652
f 89 688 90
f 746 747 37
f 652 446 748
f 207 749 750
f 89 86 690
f 201 207 750
f 39 746 37
f 86 751 690
f 511 685 729
f 95 752 751
f 749 207 393
f 39 753 746
f 393 263 754
f 446 755 748
f 756 757 758
f 685 759 729
f 758 757 760
f 756 761 757
f 675 757 761
f 746 656 747
f 762 675 761
f 763 643 764
f 675 762 676
f 530 703 685
f 765 754 263
f 685 512 530
f 766 697 696
f 263 406 765
f 406 447 765
f 767 766 696
f 643 593 764
f 768 720 697
f 769 758 770
f 766 768 697
f 703 771 759
f 772 773 774
f 773 775 774
f 764 593 660
f 703 702 771
f 776 777 778
f 775 779 774
f 774 779 780
f 774 780 760
f 781 447 277
f 703 759 685
f 768 726 720
f 277 428 781
f 774 760 757
f 592 657 660
f 774 700 772
f 782 772 700
f 771 783 784
f 785 39 727
f 428 786 781
f 726 785 727
f 783 787 784
f 428 306 786
f 788 785 726
f 481 786 306
f 702 783 771
f 599 789 657
f 785 753 39
f 606 790 789
f 642 791 640
f 599 606 789
f 792 642 648
f 648 793 792
f 790 606 609
f 746 753 658
f 794 744 743
f 790 609 795
f 793 648 661
f 658 656 746
f 794 743 796
f 797 658 753
f 743 397 396
f 740 795 616
f 743 396 798
f 609 616 795
f 396 799 798
f 800 801 767
f 615 802 668
f 799 620 617
f 803 782 700
f 799 396 620
f 804 658 797
f 652 805 645
f 741 806 742
f 807 808 809
f 805 652 748
f 810 809 808
f 811 812 813
f 804 654 658
f 755 814 815
f 808 816 810
f 817 810 816
f 748 755 815
f 818 819 820
f 804 821 654
f 821 666 654
f 815 822 748
f 725 715 806
f 741 725 806
f 700 774 817
f 815 814 823
f 700 817 816
f 642 792 791
f 534 540 824
f 825 826 827
f 821 828 666
f 828 669 666
f 824 540 588
f 793 829 792
f 821 830 828
f 192 831 194
f 46 705 715
f 831 778 194
f 832 823 833
f 817 774 834
f 716 192 189
f 716 831 192
f 669 835 689
f 828 835 669
f 836 793 661
f 598 201 750
f 776 831 718
f 823 814 837
f 823 837 833
f 801 838 767
f 839 840 841
f 767 838 766
f 842 838 801
f 833 843 844
f 837 843 833
f 668 802 836
f 844 845 846
f 847 789 848
f 844 843 845
f 849 768 766
f 846 845 850
f 851 852 853
f 661 668 836
f 838 849 766
f 852 854 853
f 855 848 790
f 849 856 768
f 790 795 855
f 857 802 615
f 852 858 854
f 795 859 855
f 857 728 860
f 716 718 831
f 856 726 768
f 850 861 846
f 862 854 858
f 789 790 848
f 863 856 849
f 864 861 850
f 632 728 857
f 615 632 857
f 865 856 863
f 646 389 866
f 867 868 862
f 788 726 856
f 869 870 776
f 871 864 872
f 867 873 868
f 792 874 791
f 873 875 868
f 874 792 829
f 856 865 788
f 876 866 570
f 740 742 859
f 858 867 862
f 877 846 861
f 878 753 785
f 859 795 740
f 864 871 861
f 869 776 718
f 570 866 389
f 788 878 785
f 793 879 829
f 880 878 788
f 836 879 793
f 570 155 876
f 881 49 763
f 876 155 581
f 872 794 871
f 753 878 797
f 794 872 744
f 882 797 878
f 581 160 883
f 884 885 886
f 818 887 819
f 888 889 45
f 890 891 45
f 892 884 886
f 893 802 857
f 93 894 895
f 807 809 875
f 160 164 883
f 763 764 881
f 894 93 896
f 897 898 45
f 899 45 898
f 764 900 881
f 901 45 891
f 890 45 889
f 873 807 875
f 45 902 888
f 660 903 900
f 45 672 904
f 902 45 904
f 660 657 903
f 905 672 906
f 904 672 905
f 764 660 900
f 907 672 908
f 906 672 907
f 847 903 657
f 797 882 909
f 909 804 797
f 910 909 882
f 657 789 847
f 730 911 912
f 913 539 505
f 914 127 915
f 916 910 882
f 49 881 115
f 185 917 588
f 918 919 920
f 595 598 917
f 921 821 804
f 917 185 595
f 915 127 116
f 909 921 804
f 851 853 914
f 922 899 923
f 903 847 924
f 915 851 914
f 898 923 899
f 921 909 925
f 914 926 120
f 911 730 729
f 672 927 928
f 672 928 908
f 927 672 919
f 914 120 127
f 729 759 911
f 929 930 931
f 759 932 911
f 812 929 931
f 830 821 921
f 853 926 914
f 848 855 933
f 934 835 828
f 919 672 920
f 934 828 830
f 935 672 936
f 920 672 935
f 937 934 830
f 812 938 929
f 854 862 939
f 936 672 624
f 749 393 754
f 931 813 812
f 95 738 752
f 940 736 941
f 942 842 801
f 943 941 736
f 694 701 692
f 680 693 692
f 803 700 699
f 754 944 749
f 929 938 945
f 680 692 715
f 946 527 537
f 838 842 947
f 948 739 949
f 838 947 849
f 776 870 777
f 950 524 534
f 537 539 951
f 778 831 776
f 932 784 952
f 96 953 675
f 534 824 950
f 954 777 870
f 955 806 956
f 957 952 784
f 886 954 870
f 849 947 863
f 886 885 954
f 771 932 759
f 771 784 932
f 863 947 958
f 715 692 956
f 884 959 885
f 960 834 961
f 962 963 959
f 964 588 917
f 784 787 957
f 962 965 963
f 787 966 957
f 967 456 583
f 742 806 955
f 817 834 960
f 884 968 959
f 968 962 959
f 739 969 949
f 880 788 865
f 806 715 956
f 774 757 834
f 810 817 960
f 970 971 972
f 865 973 880
f 968 974 962
f 975 976 971
f 974 977 962
f 978 553 979
f 978 552 553
f 980 881 900
f 484 979 553
f 813 931 977
f 878 880 882
f 974 813 977
f 981 585 645
f 270 394 982
f 982 177 270
f 983 984 942
f 675 45 96
f 853 854 985
f 45 675 672
f 984 842 942
f 854 939 985
f 622 624 672
f 879 836 986
f 987 752 738
f 987 738 940
f 737 940 738
f 988 989 990
f 940 737 736
f 628 516 988
f 943 736 735
f 836 802 986
f 842 991 947
f 516 989 988
f 943 735 992
f 733 992 735
f 805 748 822
f 993 855 859
f 802 893 986
f 733 734 992
f 948 992 734
f 842 984 991
f 948 734 739
f 521 994 989
f 815 995 822
f 857 860 893
f 994 521 996
f 516 521 989
f 947 991 958
f 568 716 189
f 189 179 568
f 997 865 863
f 926 119 120
f 903 924 998
f 926 999 119
f 564 568 179
f 860 730 1000
f 883 164 1001
f 958 997 863
f 1002 1001 950
f 967 583 640
f 1001 524 950
f 1001 164 524
f 903 998 900
f 926 985 999
f 860 728 730
f 564 179 178
f 853 985 926
f 972 971 976
f 716 568 717
f 997 973 865
f 1003 949 969
f 976 975 1004
f 1003 969 970
f 924 847 1005
f 614 608 626
f 970 1006 971
f 568 569 717
f 1004 975 1007
f 1004 1007 1008
f 569 578 717
f 916 880 973
f 1009 1008 1010
f 912 1011 1012
f 848 933 1005
f 1013 481 614
f 916 882 880
f 862 1014 939
f 1011 912 911
f 1015 1011 952
f 847 848 1005
f 952 1016 1015
f 932 952 1011
f 630 1017 637
f 911 932 1011
f 957 1016 952
f 983 1018 984
f 18 614 626
f 484 1019 979
f 18 626 24
f 868 1014 862
f 1020 1018 983
f 855 993 933
f 1021 1014 868
f 1022 587 869
f 1017 630 631
f 1023 993 859
f 626 498 637
f 1024 1021 875
f 25 24 637
f 527 946 1019
f 1025 973 997
f 1026 829 1027
f 484 527 1019
f 1017 631 731
f 1028 946 951
f 875 1021 868
f 1023 955 807
f 946 537 951
f 874 829 1026
f 859 742 1023
f 742 955 1023
f 28 26 1017
f 809 1024 875
f 879 1029 1027
f 1030 1024 809
f 1022 717 578
f 980 115 881
f 913 951 539
f 986 1031 1029
f 879 986 1029
f 998 980 900
f 910 925 909
f 829 879 1027
f 960 1030 810
f 1022 578 580
f 980 116 115
f 810 1030 809
f 1032 754 765
f 1022 580 587
f 980 915 116
f 998 915 980
f 913 505 1033
f 665 1034 587
f 998 851 915
f 1035 765 447
f 852 851 924
f 1034 665 892
f 1036 447 781
f 986 893 1031
f 858 852 1005
f 587 586 665
f 924 1005 852
f 924 851 998
f 925 1037 921
f 1038 961 834
f 1037 830 921
f 1039 1033 506
f 505 506 1033
f 893 1040 1031
f 933 858 1005
f 892 665 1041
f 1036 781 1042
f 834 757 1038
f 1039 510 1043
f 757 953 1038
f 858 933 867
f 781 786 1042
f 665 602 1041
f 867 993 873
f 757 675 953
f 506 510 1039
f 993 1023 873
f 860 1000 1040
f 1044 1045 1046
f 1037 937 830
f 993 867 933
f 602 604 1041
f 1047 1048 1045
f 1049 1043 981
f 786 1013 1042
f 730 912 1000
f 604 1050 1041
f 1043 585 981
f 1013 786 481
f 893 860 1040
f 1023 807 873
f 955 808 807
f 1050 628 988
f 1051 985 939
f 604 628 1050
f 510 585 1043
f 939 1052 1051
f 1053 820 1054
f 939 1014 1052
f 708 671 1036
f 808 956 816
f 956 692 816
f 1055 945 938
f 709 708 1036
f 709 1036 1042
f 1008 1009 1004
f 1056 938 1057
f 956 808 955
f 1009 1010 1058
f 1058 1010 1059
f 1058 1059 1060
f 1014 1021 1061
f 1057 996 1056
f 709 1042 710
f 521 1062 996
f 711 710 1042
f 711 1042 1013
f 990 989 811
f 711 1013 712
f 816 692 700
f 645 1063 981
f 973 1064 916
f 1065 417 1066
f 422 1066 417
f 692 701 700
f 763 49 41
f 713 614 622
f 577 41 40
f 1067 1066 421
f 422 421 1066
f 1063 805 1068
f 713 712 1013
f 713 1013 614
f 41 577 763
f 1067 421 420
f 1069 420 419
f 577 643 763
f 416 1070 419
f 1069 419 1070
f 645 805 1063
f 637 26 25
f 989 994 811
f 417 1059 87
f 416 418 1071
f 626 637 24
f 811 994 1057
f 423 1072 418
f 1071 418 1072
f 1012 1015 1073
f 50 29 1017
f 1017 29 28
f 637 1017 26
f 994 996 1057
f 1015 1074 1073
f 1017 731 50
f 51 50 731
f 1012 1011 1015
f 1065 1060 417
f 1064 1075 916
f 1034 870 869
f 1075 910 916
f 718 717 1022
f 285 1076 286
f 1051 999 985
f 731 52 51
f 1077 1078 1064
f 718 1022 869
f 1079 286 1076
f 1016 1080 1074
f 1078 1075 1064
f 1081 1078 1077
f 886 870 1034
f 731 732 52
f 1016 1082 1080
f 587 1034 869
f 1015 1016 1074
f 473 469 1083
f 887 1084 895
f 646 1085 732
f 1086 528 1083
f 1087 925 910
f 87 93 895
f 886 1034 892
f 1086 1055 528
f 866 1085 646
f 910 1075 1087
f 1088 798 1089
f 1090 1072 1091
f 423 1091 1072
f 1092 1090 1091
f 1052 1014 1061
f 1080 1082 1093
f 1078 1094 1075
f 884 1095 968
f 706 59 1096
f 1096 1085 866
f 1082 1097 1093
f 1045 1044 1047
f 1098 1047 1099
f 1095 884 892
f 1094 1087 1075
f 1100 1061 1021
f 1095 892 1041
f 1016 957 1082
f 866 876 1096
f 1101 1094 1078
f 1094 1102 1087
f 1096 876 707
f 1089 798 799
f 1021 1024 1100
f 1101 1103 1094
f 581 707 876
f 1093 1104 1105
f 1093 1097 1104
f 1087 1106 925
f 1089 799 1107
f 966 1097 1082
f 968 1095 1108
f 925 1106 1037
f 957 966 1082
f 799 617 1107
f 1109 1110 1111
f 1087 1102 1106
f 1112 1100 1024
f 762 1113 676
f 1106 1102 1114
f 1108 1095 1050
f 1113 750 749
f 1050 988 1108
f 1026 1027 1115
f 1113 749 944
f 896 93 1116
f 696 1117 767
f 1118 1089 1107
f 1027 1119 1115
f 1112 1030 1120
f 1041 1050 1095
f 1121 896 1116
f 944 754 1032
f 722 721 1121
f 960 1120 1030
f 1027 1029 1119
f 1122 617 552
f 1108 988 990
f 1123 983 1124
f 1029 1125 1119
f 1030 1112 1024
f 1106 1126 1037
f 1107 617 1122
f 1123 1020 983
f 1126 937 1037
f 974 968 1108
f 990 974 1108
f 1036 1035 447
f 1029 1031 1125
f 990 813 974
f 960 961 1120
f 1031 1127 1125
f 552 978 1122
f 1106 1114 1126
f 1057 812 811
f 1032 765 1035
f 621 627 19
f 813 990 811
f 128 119 999
f 1035 684 1032
f 1057 938 812
f 725 471 46
f 629 281 471
f 629 471 725
f 1128 1129 1130
f 1040 1131 1127
f 629 366 283
f 1128 1130 1053
f 1132 820 1053
f 1000 1133 1131
f 820 1132 818
f 371 230 366
f 283 366 230
f 1084 887 818
f 1040 1000 1131
f 87 895 1084
f 1031 1040 1127
f 1068 805 822
f 371 1134 230
f 1068 822 1135
f 285 1136 1076
f 1051 1052 1137
f 87 91 93
f 818 417 1084
f 1132 417 818
f 1053 417 1132
f 1130 417 1053
f 1129 417 1130
f 1138 1131 1133
f 822 995 1135
f 286 1079 321
f 1135 995 1139
f 1140 991 984
f 912 1133 1000
f 86 88 751
f 321 1141 469
f 1018 1140 984
f 677 676 944
f 1142 1061 1100
f 88 95 751
f 1092 1091 1143
f 1143 1144 1092
f 1046 1092 1144
f 1032 681 682
f 1046 1144 1044
f 1032 682 944
f 677 944 682
f 683 684 1035
f 1145 991 1140
f 681 1032 684
f 671 673 1036
f 1036 673 1035
f 683 1035 673
f 1146 1147 745
f 745 93 94
f 958 991 1145
f 1140 1148 1145
f 1099 417 1149
f 1150 1149 417
f 1047 417 1099
f 1044 417 1047
f 1144 417 1044
f 1143 417 1144
f 1091 417 1143
f 1151 1150 417
f 732 53 52
f 1140 1152 1148
f 732 54 53
f 1145 1153 958
f 1120 961 1154
f 732 1085 54
f 47 54 1085
f 958 1153 997
f 961 1155 1154
f 519 169 1156
f 48 47 1085
f 1157 1158 1159
f 1160 1161 1155
f 1162 1153 1145
f 1153 1025 997
f 1155 1038 1160
f 525 519 1163
f 912 1012 1133
f 861 1164 877
f 1038 1155 961
f 1165 1166 1167
f 861 871 1164
f 1064 973 1025
f 1025 1077 1064
f 1168 1119 1169
f 1170 1171 579
f 1160 953 1172
f 1119 1125 1169
f 1125 1173 1169
f 1174 1166 1175
f 871 1176 1164
f 1119 1168 1115
f 953 1160 1038
f 794 1176 871
f 1177 1178 1020
f 1179 1175 1166
f 554 1180 563
f 1178 1018 1020
f 1172 953 177
f 96 177 953
f 1179 1166 1165
f 1085 1096 48
f 59 48 1096
f 1176 794 796
f 1152 1140 1018
f 563 1181 493
f 1152 1018 1178
f 493 1182 492
f 1183 1175 1179
f 796 743 798
f 1183 1184 1175
f 999 1185 128
f 1182 493 1181
f 1173 1127 1186
f 999 1051 1185
f 1187 796 1088
f 1051 1137 1185
f 1188 1189 1184
f 1187 1176 796
f 1188 1184 1183
f 1127 1173 1125
f 27 1190 23
f 1148 1162 1145
f 1191 1190 27
f 1138 1192 1186
f 796 798 1088
f 1131 1186 1127
f 815 823 995
f 1193 1194 1195
f 832 995 823
f 1196 1137 1052
f 1186 1131 1138
f 832 833 1197
f 1052 1061 1196
f 1153 1162 1198
f 1139 832 1199
f 1025 1153 1198
f 1133 1200 1138
f 1139 995 832
f 1061 1142 1196
f 1197 833 844
f 1188 1201 1189
f 1182 1181 1202
f 1201 1203 1189
f 1012 1200 1133
f 1200 1012 1073
f 1182 1204 492
f 1201 1205 1203
f 832 1197 1199
f 1205 1117 1203
f 1204 495 492
f 1206 1100 1112
f 800 1205 1201
f 1207 1204 1182
f 1205 800 767
f 1077 1025 1198
f 1117 1205 767
f 1157 844 846
f 346 1208 347
f 1157 846 877
f 1207 1182 1202
f 1209 1178 1177
f 1197 844 1157
f 1204 1210 495
f 1211 1167 1212
f 1213 1185 1137
f 1211 1165 1167
f 1209 1214 1178
f 1158 1157 877
f 1214 1152 1178
f 169 172 1156
f 1215 1196 1142
f 1197 1159 1199
f 1179 1165 1216
f 1217 1137 1196
f 1218 1219 1220
f 519 1156 1163
f 1221 1179 1216
f 1073 1074 1218
f 1159 1197 1157
f 1218 1074 1219
f 327 1222 325
f 1223 1158 877
f 1222 196 325
f 27 55 1191
f 1223 877 1164
f 1224 55 6
f 55 1224 1191
f 1080 1219 1074
f 1198 1162 1225
f 1191 1226 1190
f 1219 1080 1227
f 1223 1164 1228
f 1226 1229 1190
f 1228 1164 1176
f 1176 1187 1228
f 1100 1206 1142
f 1230 525 1163
f 1231 1212 1229
f 1227 1093 1105
f 913 1033 1232
f 1112 1233 1206
f 525 1230 536
f 196 1222 199
f 1229 1226 1231
f 1226 1234 1231
f 1230 1163 1235
f 1231 1211 1212
f 1232 1033 1236
f 1154 1237 1233
f 1093 1227 1080
f 197 1134 371
f 1039 1238 1236
f 1163 1239 1235
f 1105 1240 1241
f 1033 1039 1236
f 1242 573 536
f 199 1134 197
f 1039 1043 1238
f 1240 1243 1241
f 1231 1244 1211
f 1240 1105 1104
f 1242 536 1230
f 228 230 1134
f 1154 1245 1237
f 1170 579 573
f 1120 1154 1233
f 1183 1179 1221
f 228 1134 1246
f 1112 1120 1233
f 1129 1247 841
f 1242 1170 573
f 1248 228 1246
f 1128 1247 1129
f 1168 1169 1249
f 1063 1068 1250
f 1053 1054 1128
f 1169 1251 1249
f 1252 1188 1183
f 1170 1242 1253
f 1183 1221 1252
f 1250 1068 1254
f 1255 1161 1160
f 1252 1256 1188
f 1135 1254 1068
f 1173 1257 1251
f 554 579 1171
f 1101 1078 1081
f 1256 1201 1188
f 1173 1186 1257
f 1252 1258 1256
f 1259 1081 1077
f 1260 199 1222
f 1169 1173 1251
f 1255 1160 1172
f 800 1201 1256
f 1261 1122 978
f 979 1262 978
f 1186 1192 1257
f 1172 177 982
f 1124 801 800
f 1263 1262 979
f 554 1171 1180
f 199 1260 1246
f 1224 6 1264
f 1265 1226 1191
f 1019 1263 979
f 1191 1224 1265
f 1192 1138 1266
f 1181 563 1180
f 1102 1094 1103
f 1265 1234 1226
f 1267 1181 1180
f 1268 1103 1101
f 1200 1266 1138
f 1269 1102 1103
f 1210 1204 1207
f 1234 1244 1231
f 951 1270 1028
f 1270 913 1232
f 1271 1272 1177
f 1273 172 171
f 913 1270 951
f 1273 1156 172
f 1211 1244 1274
f 1200 1275 1266
f 1274 1165 1211
f 1172 982 1255
f 1274 1216 1165
f 1276 1277 1139
f 1278 1209 1177
f 1200 1073 1275
f 1135 1139 1277
f 117 1264 6
f 394 1279 982
f 1218 1280 1275
f 1224 1264 1281
f 1139 1199 1276
f 1265 1224 1281
f 1220 1280 1218
f 1282 1244 1234
f 1202 1181 1267
f 1275 1073 1218
f 1209 1283 1214
f 1284 1282 1234
f 1285 1159 1158
f 1286 1216 1274
f 1067 420 1287
f 1287 420 1069
f 1288 1152 1214
f 1289 1290 1291
f 1059 417 1060
f 1288 1148 1152
f 1137 1217 1213
f 1194 1289 1291
f 1292 1162 1148
f 1292 1225 1162
f 1288 1292 1148
f 942 801 1124
f 942 1124 983
f 1196 1215 1217
f 1293 1228 1187
f 1294 1187 1088
f 1295 1296 1289
f 1260 1296 1297
f 1142 1298 1215
f 1299 1252 1221
f 1300 1207 1202
f 1301 1260 1297
f 1295 1297 1296
f 1136 1207 1300
f 707 581 679
f 1239 1163 1156
f 1246 1260 1301
f 1299 1258 1252
f 1248 1246 1301
f 1302 1258 1299
f 1273 1239 1156
f 1258 1124 1256
f 679 581 883
f 1124 800 1256
f 1123 1124 1258
f 1261 1303 1122
f 1304 679 883
f 1198 1225 1259
f 1123 1258 1302
f 1303 1107 1122
f 1305 1306 11
f 1259 1077 1198
f 1142 1206 1298
f 1307 1244 1282
f 1308 1298 1206
f 1230 1235 1309
f 978 1262 1261
f 1244 1307 1274
f 1309 1242 1230
f 1310 1081 1259
f 1304 1001 1002
f 883 1001 1304
f 1311 1310 1259
f 1233 1237 1308
f 701 1002 1312
f 1274 1307 1286
f 1313 1221 1216
f 1314 1081 1310
f 1313 1216 1286
f 1242 1309 1253
f 1206 1233 1308
f 950 1312 1002
f 1081 1314 1101
f 1313 1299 1221
f 1310 1315 1314
f 1316 1171 1170
f 1317 567 1318
f 1253 1316 1170
f 1312 824 1319
f 1317 1318 1320
f 1019 1321 1263
f 1320 1322 1317
f 950 824 1312
f 1219 1323 1220
f 1155 1245 1154
f 1155 1161 1245
f 1284 1265 1281
f 1324 1269 1103
f 1268 1324 1103
f 1284 1234 1265
f 1028 1321 946
f 1268 1101 1314
f 1185 130 128
f 1317 1322 1325
f 1185 1213 130
f 1326 1171 1316
f 1319 588 964
f 1019 946 1321
f 1322 1327 1325
f 1328 1307 1282
f 1180 1171 1326
f 824 588 1319
f 1329 1325 1327
f 1217 1330 1213
f 1326 1316 1331
f 1114 1102 1269
f 1291 1329 1195
f 1307 1332 1286
f 1194 1291 1195
f 1313 1286 1333
f 1323 1334 1220
f 1335 1299 1313
f 1327 1195 1329
f 1335 1302 1299
f 1323 1336 1334
f 1308 1337 1298
f 1267 1180 1326
f 1194 1295 1289
f 779 964 770
f 1237 1338 1308
f 327 1296 1222
f 825 1339 1278
f 171 217 1340
f 770 964 917
f 1340 1273 171
f 1278 1339 1209
f 1296 1260 1222
f 1219 1227 1323
f 1281 1264 1341
f 1227 1342 1323
f 1340 1343 1273
f 1238 1043 1049
f 199 1246 1134
f 1344 1284 1281
f 1344 1281 1341
f 1239 1273 1343
f 1343 1340 1345
f 1342 1346 1336
f 1344 1347 1284
f 1283 1209 1339
f 981 1348 1049
f 35 36 566
f 1282 1284 1347
f 1342 1336 1323
f 1105 1241 1342
f 1255 982 1349
f 1350 1049 1348
f 1214 1283 1351
f 1306 566 36
f 1288 1214 1351
f 1239 1343 1352
f 1348 1063 1250
f 1353 1351 1283
f 1306 36 11
f 1239 1352 1235
f 1328 1332 1307
f 981 1063 1348
f 1227 1105 1342
f 1161 1354 1355
f 1282 1347 1328
f 567 458 566
f 1351 1356 1288
f 1356 1292 1288
f 770 917 598
f 770 598 769
f 1357 1225 1292
f 460 567 1208
f 1254 42 1250
f 1161 1255 1354
f 1357 1311 1225
f 1255 1349 1354
f 769 750 1113
f 1356 1357 1292
f 1358 1235 1352
f 346 460 1208
f 769 598 750
f 1135 1277 1254
f 1208 567 1317
f 782 1319 772
f 1286 1332 1333
f 1317 1325 1208
f 1279 1349 982
f 1319 782 1312
f 699 1312 803
f 803 1312 782
f 1311 1259 1225
f 772 1319 773
f 964 773 1319
f 1359 1311 1357
f 1309 1358 1360
f 1332 1361 1333
f 773 964 775
f 779 770 780
f 1362 1129 841
f 964 779 775
f 347 1208 1325
f 780 770 760
f 760 770 758
f 758 769 756
f 347 1363 348
f 1313 1333 1335
f 761 1113 762
f 1363 490 348
f 1364 1228 1293
f 1359 1365 1311
f 1113 761 769
f 756 769 761
f 347 1329 1363
f 1365 1310 1311
f 1235 1358 1309
f 1228 1364 1223
f 944 676 1113
f 1359 1366 1365
f 1298 1337 1367
f 1096 707 706
f 1366 1359 1368
f 1369 1302 1335
f 705 707 714
f 1325 1329 347
f 1253 1309 1360
f 1187 1294 1293
f 1370 1316 1253
f 1310 1365 1315
f 1215 1298 1367
f 719 679 678
f 1371 117 67
f 1290 490 1363
f 1371 1264 117
f 714 707 719
f 679 719 707
f 1253 1360 1370
f 1315 1372 1314
f 693 680 1304
f 1304 680 679
f 326 490 1290
f 693 1304 691
f 1314 1372 1268
f 695 1002 694
f 1291 1290 1363
f 1341 1264 1371
f 1337 1308 1338
f 1341 1371 1373
f 1370 1331 1316
f 691 1304 695
f 1002 695 1304
f 1002 701 694
f 1374 1294 1088
f 1329 1291 1363
f 1312 699 701
f 1347 1344 1375
f 326 1290 327
f 1338 1237 1376
f 1268 1372 1377
f 1328 1347 1378
f 1379 1267 1326
f 1268 1377 1324
f 1290 1289 327
f 1380 1381 1382
f 1088 1089 1374
f 1379 1326 1331
f 1089 1118 1374
f 1271 1177 1020
f 1355 1376 1245
f 1289 1296 327
f 1383 1335 1333
f 1383 1369 1335
f 1384 1385 827
f 1318 566 1306
f 1386 1339 825
f 1379 1387 1267
f 827 1386 825
f 1388 1389 1390
f 1318 567 566
f 1387 1202 1267
f 1237 1245 1376
f 1369 1391 1302
f 827 1392 1386
f 1123 1302 1391
f 1386 1393 1339
f 1241 1346 1342
f 1394 1395 1396
f 1241 1397 1346
f 1391 1020 1123
f 1393 1283 1339
f 1107 1303 1118
f 1161 1355 1245
f 1398 1393 1386
f 1202 1387 1300
f 1341 1373 1399
f 1399 1344 1341
f 1330 136 137
f 1213 137 130
f 1243 1400 1397
f 1399 1375 1344
f 1213 1330 137
f 1243 1397 1241
f 1117 696 698
f 1353 1283 1393
f 302 1249 1401
f 1402 1121 1116
f 1251 1403 1401
f 1393 1404 1353
f 1347 1375 1378
f 1121 1402 722
f 1375 1405 1406
f 1217 1407 1330
f 1353 1408 1351
f 1276 1409 1410
f 1408 1356 1351
f 1215 1407 1217
f 1388 1390 1411
f 1328 1378 1412
f 1147 1389 1413
f 1249 1251 1401
f 1408 1414 1356
f 1389 1147 1146
f 1332 1328 1412
f 1378 1415 1412
f 1414 1357 1356
f 1257 1416 1403
f 1417 1411 1390
f 1413 745 1147
f 723 745 1413
f 722 745 723
f 1402 745 722
f 1116 745 1402
f 93 745 1116
f 1276 1199 1409
f 1407 1215 1367
f 1389 1381 1418
f 1380 1418 1381
f 1251 1257 1403
f 1418 1390 1389
f 1419 1382 1381
f 1357 1414 1359
f 1416 1257 1192
f 1412 1361 1332
f 1159 1285 1409
f 1416 1192 1420
f 1409 1199 1159
f 896 1121 1421
f 721 1422 1121
f 1416 1420 1423
f 1424 1420 1266
f 721 1411 1425
f 1417 1425 1411
f 1383 1333 1361
f 1359 1414 1368
f 1421 1121 1422
f 1425 1422 721
f 1361 1426 1383
f 1427 1371 67
f 1192 1266 1420
f 1428 1337 1338
f 1429 1285 1158
f 1430 1429 1364
f 67 69 1427
f 1429 1158 1223
f 1266 1275 1424
f 1364 1429 1223
f 1427 1373 1371
f 212 426 216
f 1275 1280 1424
f 317 237 239
f 1280 1431 1432
f 1433 1434 1368
f 1280 1432 1424
f 674 1435 1419
f 1330 1436 136
f 1434 1366 1368
f 1435 425 212
f 1330 1407 1436
f 426 212 425
f 625 636 412
f 1365 1366 1437
f 515 453 1438
f 1399 1405 1375
f 739 87 969
f 674 425 1435
f 1382 1419 1435
f 1437 1315 1365
f 1439 1437 1366
f 1378 1375 1406
f 380 216 427
f 426 427 216
f 1406 1415 1378
f 1439 1366 1434
f 424 412 636
f 653 424 636
f 394 456 1279
f 1440 1383 1426
f 1441 1372 1315
f 1440 1369 1383
f 636 651 653
f 1437 1441 1315
f 1271 1391 1369
f 1442 1443 1444
f 1445 385 413
f 1020 1391 1271
f 1439 1446 1437
f 1440 1271 1369
f 560 690 557
f 413 424 1445
f 1446 1441 1437
f 557 751 558
f 1447 1279 456
f 688 633 427
f 1448 1405 1399
f 424 575 1445
f 576 1445 575
f 385 1445 260
f 1449 1367 1337
f 1445 565 260
f 1401 1403 1438
f 1450 1443 1451
f 1445 576 565
f 1452 1377 1372
f 1453 1438 1403
f 385 260 316
f 1441 1452 1372
f 1454 1441 1446
f 1403 1416 1453
f 1455 1361 1412
f 1416 1423 1453
f 1412 1415 1455
f 316 237 317
f 1456 1457 1376
f 1454 1452 1441
f 316 260 237
f 1376 1355 1456
f 1455 1426 1361
f 338 317 239
f 225 224 1458
f 1423 1420 1459
f 246 338 239
f 1460 1458 224
f 1461 1440 1426
f 690 560 688
f 1461 1426 1462
f 1456 1355 1463
f 239 247 246
f 752 558 751
f 827 1385 1392
f 339 246 1464
f 1465 1427 69
f 246 922 1464
f 69 71 1465
f 1460 224 226
f 1464 342 339
f 1466 1463 1354
f 1420 1424 1459
f 1432 1459 1424
f 245 922 246
f 1467 1427 1465
f 1354 1349 1466
f 1427 1467 1373
f 1432 1431 1468
f 1469 364 342
f 1470 1467 1465
f 1354 1463 1355
f 1464 1469 342
f 1398 1386 1392
f 1470 1465 1471
f 1448 1399 1373
f 1464 897 1469
f 1467 1448 1373
f 901 1469 897
f 1392 1472 1398
f 633 688 560
f 751 557 690
f 380 427 633
f 1473 364 1469
f 1474 1448 1467
f 1349 1475 1466
f 1393 1398 1404
f 1476 1448 1474
f 1477 1478 1479
f 1405 1448 1476
f 894 896 686
f 686 689 895
f 1349 1279 1475
f 1473 1469 890
f 835 887 689
f 1279 1447 1475
f 934 819 835
f 1406 1480 1481
f 1415 1406 1481
f 1464 922 923
f 1431 1280 1220
f 1482 1353 1404
f 887 835 819
f 1464 898 897
f 923 898 1464
f 87 1084 417
f 1408 1353 1482
f 1278 1177 1272
f 1483 1394 1396
f 1272 825 1278
f 1484 1475 1447
f 1469 891 890
f 1485 1431 1334
f 1469 901 891
f 1473 889 888
f 840 417 1362
f 1362 417 1129
f 1431 1220 1334
f 1473 890 889
f 1447 456 967
f 1486 1414 1408
f 1462 1426 1455
f 1482 1486 1408
f 1401 453 302
f 1062 521 1438
f 1486 1482 1487
f 650 649 634
f 1401 1438 453
f 1488 1327 1489
f 634 649 635
f 1486 1368 1414
f 651 636 635
f 589 424 653
f 1440 1461 1272
f 1433 1368 1486
f 1490 1491 1141
f 1272 1271 1440
f 1436 1492 1493
f 1494 1336 1495
f 1433 1486 1487
f 895 894 686
f 1421 686 896
f 589 574 424
f 1436 1407 1492
f 1346 1495 1336
f 1334 1336 1494
f 1110 1109 839
f 872 639 1496
f 1471 1465 71
f 1458 1497 225
f 1367 1449 1492
f 1458 1498 1497
f 895 689 887
f 1498 1499 1497
f 820 819 937
f 1500 1501 1499
f 1407 1367 1492
f 1193 1502 1503
f 937 1126 820
f 1500 1499 1498
f 1346 1504 1495
f 1474 1467 1470
f 934 937 819
f 1449 1337 1428
f 1500 1505 1501
f 1506 1111 1507
f 1054 820 1126
f 1444 1501 1505
f 744 1508 397
f 1457 1428 1338
f 1054 1126 1128
f 1385 1509 1392
f 1496 1508 744
f 1510 1509 1385
f 1480 1406 1405
f 647 1511 664
f 1338 1376 1457
f 1476 1480 1405
f 1511 398 397
f 1114 1128 1126
f 1444 1505 1442
f 1508 664 1511
f 1269 1324 1247
f 1509 1472 1392
f 1504 1512 1513
f 1397 1512 1504
f 1505 1514 1442
f 397 1508 1511
f 1346 1397 1504
f 398 1511 634
f 1509 1515 1472
f 1269 1247 1128
f 1442 1451 1443
f 1511 647 650
f 1516 1404 1398
f 1517 1415 1481
f 634 1511 650
f 1472 1516 1398
f 1415 1517 1455
f 398 634 625
f 841 1247 1324
f 1518 1451 1442
f 1516 1472 1519
f 636 625 634
f 1473 444 364
f 1520 1451 1518
f 1521 1463 1522
f 1520 1523 1451
f 1462 1455 1517
f 1128 1114 1269
f 1466 1522 1463
f 1518 1442 1514
f 1524 1482 1404
f 1110 839 1377
f 1463 1521 1456
f 442 444 1473
f 1524 1404 1516
f 1450 1451 1523
f 1473 888 442
f 1487 1482 1524
f 839 841 1377
f 902 442 888
f 826 1272 1461
f 1324 1377 841
f 442 902 904
f 442 904 445
f 150 136 1436
f 1524 1525 1487
f 1493 150 1436
f 1377 1452 1110
f 442 445 443
f 1193 1526 1502
f 1433 1487 1527
f 1471 71 78
f 1136 1300 1076
f 1502 1528 1503
f 1452 1454 1110
f 1111 1110 1454
f 1466 1529 1522
f 446 445 1530
f 1528 1531 1503
f 1532 1434 1433
f 219 1533 217
f 446 1530 755
f 1433 1527 1532
f 1340 217 1533
f 1475 1484 1529
f 1534 1462 1517
f 928 1535 1530
f 1535 755 1530
f 1475 1529 1466
f 1534 1536 1462
f 1536 1461 1462
f 1434 1532 1537
f 1394 1531 1528
f 1537 1439 1434
f 1394 1483 1531
f 1454 1538 1111
f 1533 1345 1340
f 826 1461 1536
f 1447 967 1484
f 825 1272 826
f 1507 1111 1538
f 1492 1539 1493
f 905 906 445
f 1530 445 906
f 1540 1446 1439
f 1397 1400 1512
f 445 904 905
f 1400 1541 1512
f 1474 1542 1476
f 906 907 1530
f 1537 1540 1439
f 1543 1352 1343
f 907 908 1530
f 1530 908 928
f 515 1438 521
f 1481 1480 1544
f 1345 1543 1343
f 1535 927 919
f 1428 1545 1449
f 1535 928 927
f 1538 1454 1446
f 78 81 1546
f 1453 1547 1062
f 1538 1446 1540
f 1358 1352 1548
f 1546 1471 78
f 1540 1549 1538
f 1438 1453 1062
f 1546 1550 1471
f 1551 1552 1553
f 1554 1509 1510
f 1548 1543 1444
f 1555 611 613
f 1550 1470 1471
f 613 612 639
f 1555 613 639
f 1457 1456 1556
f 1453 1423 1547
f 1557 1554 1510
f 639 641 1496
f 1456 1521 1556
f 1358 1548 1558
f 1423 1559 1547
f 659 1496 641
f 1360 1358 1558
f 1470 1560 1474
f 1554 1515 1509
f 1496 659 662
f 1470 1550 1560
f 1552 1320 1318
f 663 1508 662
f 1496 662 1508
f 1370 1360 1561
f 1459 1562 1559
f 1474 1560 1542
f 1515 1554 1563
f 1331 1370 1564
f 1320 1552 1551
f 1565 1544 1480
f 664 1508 663
f 1423 1459 1559
f 1566 1320 1551
f 755 1535 814
f 1566 1322 1320
f 1562 1468 1567
f 919 918 1535
f 1519 1472 1515
f 1379 1331 1568
f 1459 1432 1562
f 1327 1322 1489
f 1538 1549 1507
f 1569 1507 1549
f 1432 1468 1562
f 1570 918 935
f 1489 1322 1566
f 1516 1519 1571
f 837 814 918
f 1516 1571 1524
f 1572 1489 1566
f 1535 918 814
f 1485 1468 1431
f 1570 935 936
f 1573 1570 624
f 623 1573 624
f 936 624 1570
f 627 1573 623
f 1195 1327 1488
f 1574 1569 1575
f 1549 1575 1569
f 1334 1494 1485
f 1565 1480 1476
f 837 1570 843
f 1576 1577 1578
f 1571 1525 1524
f 150 1493 149
f 920 935 918
f 1575 1578 1574
f 1579 1574 1578
f 1542 1565 1476
f 837 918 1570
f 1195 1488 1193
f 1577 1579 1578
f 621 1580 627
f 1194 1503 1295
f 1527 1487 1525
f 752 987 558
f 1581 1387 1379
f 1531 1295 1503
f 1582 558 987
f 1581 1379 1568
f 1503 1194 1193
f 843 1570 1573
f 1569 1574 1583
f 1506 1507 1583
f 1569 1583 1507
f 843 1573 845
f 1492 1449 1539
f 162 30 941
f 1573 627 1580
f 1295 1531 1297
f 1584 1527 1525
f 1580 621 610
f 1581 1076 1387
f 1297 1483 1301
f 1580 850 845
f 1076 1300 1387
f 987 940 1582
f 30 1582 940
f 940 941 30
f 1076 1581 1079
f 1531 1483 1297
f 1585 1532 1527
f 1586 1517 1481
f 845 1573 1580
f 1396 1301 1483
f 1449 1545 1539
f 1580 610 1555
f 1584 1585 1527
f 611 1555 610
f 1587 1585 1584
f 261 162 943
f 941 943 162
f 1481 1544 1586
f 1533 219 1497
f 4 1588 1589
f 992 335 943
f 850 1580 1555
f 1499 1533 1497
f 335 992 336
f 1590 1587 1584
f 1555 864 850
f 1497 219 225
f 1428 1591 1545
f 261 943 335
f 1589 1553 1305
f 1533 1499 1345
f 1428 1457 1591
f 1501 1345 1499
f 864 1555 639
f 1592 1537 1532
f 1586 1534 1517
f 872 864 639
f 948 336 992
f 1585 1592 1532
f 1345 1501 1543
f 1496 744 872
f 1587 1593 1585
f 949 542 948
f 336 948 542
f 1546 81 1594
f 1585 1593 1592
f 1593 1587 1595
f 1556 1591 1457
f 1543 1548 1352
f 81 82 1594
f 1551 1596 1566
f 1597 1232 1236
f 1598 1599 1600
f 1572 1566 1596
f 543 542 1003
f 1598 1600 1601
f 1602 1540 1537
f 949 1003 542
f 1501 1444 1543
f 1592 1602 1537
f 1521 1522 1603
f 970 543 1003
f 1592 1593 1604
f 1605 1606 1502
f 976 787 972
f 972 783 970
f 1607 1608 437
f 1238 1049 1609
f 1605 1526 1478
f 1604 1602 1592
f 1502 1606 1528
f 702 543 970
f 1443 1558 1548
f 1544 1565 1610
f 1528 1611 1394
f 783 972 787
f 1548 1444 1443
f 1540 1602 1549
f 702 970 783
f 1529 1484 1612
f 1606 1611 1528
f 1558 1561 1360
f 1544 1613 1586
f 966 1004 1097
f 354 437 1608
f 1604 1575 1602
f 1614 1608 1607
f 1575 1549 1602
f 1610 1613 1544
f 1615 1616 1608
f 32 1254 1277
f 1614 1615 1608
f 966 787 1004
f 1617 1614 1607
f 1534 1618 1536
f 1370 1561 1564
f 1619 1614 1617
f 1612 1484 1620
f 976 1004 787
f 1564 1561 1621
f 1331 1564 1568
f 1622 1623 1557
f 1384 827 826
f 1009 1097 1004
f 1623 1554 1557
f 967 1624 1620
f 1608 1616 354
f 1058 1104 1009
f 640 1624 967
f 1616 513 354
f 1484 967 1620
f 1263 1321 2
f 1534 1586 1625
f 1243 1240 1060
f 1554 1623 1563
f 1615 1626 1616
f 1558 1443 1450
f 1450 1561 1558
f 1623 1627 1563
f 1563 1628 1515
f 1629 1615 1614
f 1621 1561 1450
f 1630 1596 1551
f 1534 1625 1618
f 1628 1519 1515
f 1631 1628 1563
f 513 1616 518
f 1621 1450 1523
f 1625 1632 1618
f 1618 1384 1536
f 826 1536 1384
f 1626 518 1616
f 1633 1634 1293
f 1631 1563 1627
f 1635 1384 1618
f 1545 1591 1636
f 1598 1626 1615
f 1637 1571 1519
f 1634 1364 1293
f 1596 1638 1572
f 1639 1568 1564
f 1633 1293 1294
f 1635 1618 1632
f 1621 1639 1564
f 1633 1294 1640
f 1626 1598 1601
f 1637 1519 1628
f 1629 1598 1615
f 1641 1637 1628
f 1642 1638 1596
f 1643 1644 1556
f 1645 1639 1621
f 518 520 373
f 1646 1571 1637
f 1647 1488 1489
f 1556 1521 1643
f 518 1648 520
f 1649 1637 1641
f 1489 1572 1647
f 1645 1621 1523
f 1644 1591 1556
f 1640 1294 1374
f 1626 1648 518
f 1560 1650 1542
f 1490 1568 1639
f 1626 1601 1648
f 1490 1581 1568
f 1491 1639 1645
f 1572 1479 1647
f 1491 1490 1639
f 1525 1571 1646
f 1640 1374 1651
f 1478 1647 1479
f 1643 1521 1603
f 1646 1637 1649
f 1478 1526 1647
f 528 1055 529
f 1646 1584 1525
f 1479 1572 1638
f 1651 1374 1118
f 1490 1079 1581
f 1647 1526 1488
f 1652 531 523
f 1141 1079 1490
f 1653 531 1652
f 1526 1193 1488
f 1654 1603 1522
f 531 1653 538
f 1118 1655 1651
f 321 1079 1141
f 1605 1502 1526
f 1118 1303 1655
f 1656 82 85
f 469 1657 1083
f 1622 435 1658
f 1588 4 10
f 473 1083 528
f 1659 1550 1546
f 1658 1623 1622
f 1654 1529 1612
f 1659 1660 1550
f 1607 437 432
f 1655 1303 1661
f 1654 1522 1529
f 1546 1594 1659
f 1261 1661 1303
f 1589 1588 1662
f 1168 1249 302
f 1662 1553 1589
f 1658 1627 1623
f 423 417 1091
f 1651 1655 249
f 1560 1550 1660
f 1662 1630 1553
f 874 1663 791
f 1551 1553 1630
f 1664 640 791
f 1655 1661 331
f 1665 1631 1627
f 1006 970 969
f 1666 10 12
f 1650 1667 1542
f 1668 1661 1261
f 1560 1660 1650
f 1666 1588 10
f 1669 1666 12
f 1631 1641 1628
f 21 1669 12
f 1666 1670 1588
f 1670 1662 1588
f 1277 1671 32
f 1010 87 1059
f 1008 87 1010
f 1007 87 1008
f 975 87 1007
f 971 87 975
f 1006 87 971
f 969 87 1006
f 1664 791 1663
f 1630 1662 1672
f 1642 1630 1672
f 200 1673 227
f 1672 1662 1670
f 1674 149 1493
f 1673 200 778
f 1493 1539 1674
f 1409 1675 1410
f 1676 1674 1539
f 1409 1285 1675
f 1590 1646 1649
f 1596 1630 1642
f 1539 1545 1676
f 1565 1542 1667
f 1590 1584 1646
f 1545 1636 1676
f 1671 1277 1276
f 11 5 1305
f 1671 1276 1410
f 1589 5 4
f 1104 1058 1240
f 1589 1305 5
f 1097 1009 1104
f 640 1664 1624
f 1318 1306 1552
f 1677 1678 1679
f 1674 1680 158
f 1679 1678 1681
f 1060 1240 1058
f 1675 1285 1682
f 1674 158 149
f 1552 1306 1305
f 1553 1552 1305
f 264 1410 1675
f 1610 1565 1667
f 1683 1681 1617
f 1684 1685 1686
f 1429 1430 1682
f 1687 1583 1574
f 1684 1688 1685
f 1285 1429 1682
f 1689 698 1688
f 1066 1067 1400
f 1600 1541 1287
f 1060 1065 1243
f 1611 1684 1686
f 1590 1649 1690
f 1688 1684 1689
f 1065 1066 1243
f 1400 1243 1066
f 1610 134 1613
f 1400 1067 1541
f 1691 529 1055
f 1072 1090 381
f 1605 1478 1692
f 1364 1634 1430
f 1590 1690 1693
f 1694 1691 1055
f 275 1682 1430
f 1587 1590 1693
f 1644 1643 1695
f 1625 1586 1613
f 1696 1693 1690
f 523 529 1652
f 1600 1287 1601
f 1697 1693 1696
f 1691 1698 529
f 1070 1648 1069
f 1696 1690 1699
f 1698 1652 529
f 1700 1636 1644
f 1605 1692 1701
f 1591 1644 1636
f 1701 1606 1605
f 1587 1693 1595
f 1601 1069 1648
f 1698 1702 1652
f 1693 1697 1595
f 1652 1702 1653
f 1703 1604 1593
f 1701 1684 1606
f 520 1648 1071
f 1703 1578 1604
f 1653 1704 538
f 1593 1595 1703
f 1606 1684 1611
f 1070 1071 1648
f 1705 1595 1697
f 415 538 1704
f 1705 1703 1595
f 1067 1287 1541
f 1069 1601 1287
f 227 1673 1706
f 1704 1653 1679
f 1707 1708 1098
f 1510 195 191
f 191 1557 1510
f 1709 1710 1706
f 1575 1604 1578
f 1681 1683 1704
f 1673 1709 1706
f 1576 1578 1703
f 1603 1654 1711
f 191 303 1557
f 1622 1557 303
f 1576 1703 1705
f 1681 1704 1679
f 1712 1263 2
f 1622 303 435
f 1576 1713 1577
f 1702 1679 1653
f 1714 435 434
f 390 434 435
f 1262 1263 1712
f 1715 1579 1577
f 495 1716 434
f 1717 1577 1713
f 1654 1612 1718
f 1574 1579 1715
f 1687 1574 1715
f 1719 1098 1708
f 1683 415 1704
f 1683 432 415
f 3 2 1720
f 1714 434 1716
f 1721 1658 435
f 1620 1624 1722
f 1717 1713 1707
f 1723 1111 1506
f 1683 1607 432
f 1714 1721 435
f 1111 1723 1109
f 1724 1714 1716
f 1724 1721 1714
f 1617 1607 1683
f 840 839 1109
f 1321 1720 2
f 1721 1725 1658
f 1708 1707 1713
f 1362 841 840
f 1725 1627 1658
f 1723 417 1109
f 1506 417 1723
f 1583 417 1506
f 840 1109 417
f 1687 417 1583
f 1715 417 1687
f 1151 417 1715
f 1726 1725 1721
f 1321 1028 1720
f 1098 1719 1048
f 1727 1725 1726
f 1720 1028 1728
f 1729 1479 1638
f 126 1045 282
f 1385 1635 1510
f 1726 1721 1724
f 1694 1055 938
f 1730 1729 1638
f 938 1056 1694
f 1046 129 1092
f 157 1728 1731
f 1627 1725 1665
f 1676 1732 1680
f 1070 416 1071
f 1594 82 1656
f 1733 1617 1681
f 1725 1727 1665
f 210 1656 85
f 1731 1728 1270
f 1619 1617 1733
f 1477 1692 1478
f 1028 1270 1728
f 1045 126 1046
f 1732 1734 1680
f 1665 1735 1631
f 1729 1477 1479
f 1680 1674 1676
f 1232 1597 1731
f 1641 1631 1735
f 1736 1710 1737
f 210 85 80
f 1731 1270 1232
f 1738 1735 1665
f 129 1046 125
f 1048 282 1045
f 125 1046 126
f 1738 1665 1727
f 1594 1739 1659
f 1740 1649 1641
f 1741 1742 1733
f 282 1048 1719
f 1743 1737 1744
f 1742 1619 1733
f 1742 1741 1495
f 1742 1513 1619
f 1495 1504 1742
f 1740 1641 1735
f 520 1071 378
f 1494 1495 1741
f 1745 1735 1738
f 1619 1629 1614
f 1660 1746 1747
f 1745 1740 1735
f 1619 1513 1629
f 1748 1669 21
f 1749 1597 1236
f 1504 1513 1742
f 1649 1740 1690
f 1599 1598 1629
f 1072 378 1071
f 1513 1599 1629
f 1749 1236 1238
f 1747 1650 1660
f 1699 1690 1740
f 1599 1513 1512
f 1238 1609 1749
f 1092 129 1090
f 378 1072 381
f 1700 1732 1636
f 1650 114 1667
f 1512 1541 1599
f 381 1090 129
f 1745 1699 1740
f 1600 1599 1541
f 1669 1750 1666
f 1715 1577 1151
f 1666 1750 1670
f 1676 1636 1732
f 1062 1547 996
f 1547 1751 996
f 541 1609 1350
f 1559 1752 1751
f 1562 1752 1559
f 1049 1350 1609
f 1644 1695 1700
f 1547 1559 1751
f 1753 186 1350
f 1670 1750 1754
f 547 1755 1756
f 1753 1350 1348
f 1672 1670 1754
f 1625 1613 1757
f 1758 1695 1759
f 1643 1759 1695
f 547 550 1755
f 1562 1567 1752
f 1750 1760 1754
f 1613 134 1757
f 546 547 1756
f 1301 1396 1761
f 1762 1763 13
f 1754 1760 1764
f 1760 1750 1765
f 135 1757 134
f 1348 1250 1753
f 1766 1642 1672
f 1763 1762 1755
f 1767 1567 1468
f 1759 1603 1711
f 1757 1632 1625
f 1250 42 1753
f 1755 550 1763
f 1730 1642 1766
f 1672 1754 1766
f 1757 182 1632
f 1603 1759 1643
f 195 1632 182
f 1764 1766 1754
f 13 1763 17
f 182 1757 135
f 550 556 1763
f 1730 1638 1642
f 556 17 1763
f 1385 1384 1635
f 1768 1769 1770
f 305 1633 1640
f 14 17 1582
f 1654 1718 1711
f 1582 30 14
f 1485 1771 1767
f 558 17 556
f 1632 195 1635
f 558 1582 17
f 195 1510 1635
f 1709 1772 1710
f 1468 1485 1767
f 1612 1773 1718
f 1594 1656 1739
f 1485 1494 1771
f 1774 1744 1737
f 1774 963 1744
f 1494 1741 1771
f 901 897 45
f 214 1739 1656
f 1620 1722 1773
f 214 107 1739
f 239 238 1775
f 963 1776 1744
f 1668 1712 143
f 1620 1773 1612
f 1775 247 239
f 1656 210 214
f 1262 1712 1668
f 1746 1660 1659
f 1751 1777 1056
f 1712 1 143
f 963 965 1776
f 1668 1261 1262
f 1746 1659 1739
f 996 1751 1056
f 2 1 1712
f 1664 1722 1624
f 1778 1691 1777
f 1746 1739 107
f 238 571 1775
f 241 571 238
f 571 899 1775
f 1751 1752 1777
f 1775 899 247
f 247 899 245
f 1752 1778 1777
f 1254 32 42
f 899 922 245
f 74 1747 1746
f 206 33 1671
f 74 73 1747
f 45 899 43
f 1779 1778 1567
f 1645 1523 1780
f 571 591 899
f 32 1671 33
f 591 43 899
f 107 74 1746
f 1567 1767 1779
f 206 1410 264
f 43 1781 44
f 1752 1567 1778
f 1671 1410 206
f 1677 1679 1702
f 44 1781 110
f 1650 1747 114
f 229 1782 234
f 597 1781 43
f 1675 265 264
f 1677 1702 1779
f 234 1782 244
f 1783 1645 1780
f 1747 73 114
f 114 113 1667
f 1677 1779 1767
f 597 43 591
f 1783 1780 1784
f 1759 1711 1785
f 1786 110 1781
f 113 1610 1667
f 1767 1771 1677
f 65 110 1786
f 1678 1677 1771
f 601 1786 1781
f 113 134 1610
f 244 1782 242
f 1711 1787 1785
f 265 1682 275
f 265 1675 1682
f 1733 1681 1678
f 597 601 1781
f 243 242 1788
f 1741 1733 1678
f 311 243 1788
f 1771 1741 1678
f 1718 1787 1711
f 1789 1788 242
f 275 1430 276
f 1790 274 311
f 65 1786 63
f 276 1430 1634
f 601 607 1786
f 1736 1458 1460
f 607 63 1786
f 304 276 1634
f 1729 1791 1792
f 1633 305 304
f 273 274 1790
f 1706 226 227
f 63 1793 64
f 1777 1694 1056
f 304 1634 1633
f 1706 1460 226
f 1694 1777 1691
f 248 305 1640
f 1736 1498 1458
f 1793 139 64
f 1794 153 273
f 619 1793 63
f 1691 1778 1698
f 1779 1702 1698
f 1795 273 1790
f 1640 1651 248
f 1773 1722 1796
f 1706 1710 1460
f 1651 249 248
f 1779 1698 1778
f 1655 331 249
f 1710 1736 1460
f 619 63 607
f 1794 145 153
f 273 1797 1794
f 1048 1047 1098
f 1798 1477 1792
f 1736 1743 1498
f 1793 1756 139
f 166 1749 533
f 1795 1797 273
f 1099 1149 1098
f 619 546 1793
f 166 1597 1749
f 546 1756 1793
f 1609 533 1749
f 1722 1799 1796
f 294 287 138
f 533 1609 541
f 145 1794 168
f 138 139 1800
f 1350 186 541
f 1797 1801 1794
f 1802 1803 1699
f 1801 168 1794
f 294 138 1800
f 1797 1804 1805
f 1722 1664 1799
f 1803 1696 1699
f 1805 1801 1797
f 139 1756 1800
f 163 168 1806
f 1802 1807 1803
f 163 1806 187
f 1808 1806 168
f 1753 184 186
f 1808 1382 1806
f 184 42 31
f 232 294 235
f 1801 1808 168
f 1762 235 294
f 1809 1743 1744
f 1810 1697 1696
f 1753 42 184
f 1435 212 187
f 1806 1435 187
f 13 15 235
f 1799 1664 1663
f 1806 1382 1435
f 1762 13 235
f 1803 1810 1696
f 1800 1762 294
f 1756 1755 1800
f 1755 1762 1800
f 156 3 1720
f 1811 1705 1697
f 1812 698 1689
f 156 1720 1728
f 1810 1811 1697
f 1798 1692 1477
f 1813 1814 1248
f 7 1663 1026
f 156 1728 157
f 253 233 15
f 1731 159 157
f 1498 1743 1500
f 1813 1248 1761
f 1811 1713 1705
f 1815 1692 1798
f 1505 1500 1809
f 1701 1692 1815
f 1816 1814 1813
f 1713 1576 1705
f 1799 1663 1817
f 1816 1818 1814
f 1684 1701 1689
f 1708 1713 1811
f 1817 1663 7
f 1809 1500 1743
f 1597 159 1731
f 159 1597 166
f 1689 1701 1815
f 1819 1820 1818
f 1809 1514 1505
f 1680 1734 68
f 1821 1789 1820
f 1819 1821 1820
f 1819 1818 1816
f 1661 383 331
f 1210 1716 495
f 1680 68 158
f 1822 1724 1716
f 1732 1823 1734
f 1661 1668 383
f 1210 1822 1716
f 1732 1700 1823
f 1824 1822 1210
f 1825 1789 1821
f 1822 1826 1724
f 143 383 1668
f 1825 1827 1789
f 1726 1724 1826
f 1827 1795 1790
f 1523 1520 1780
f 1828 1780 1520
f 1829 1795 1827
f 1734 1823 1830
f 1825 1829 1827
f 1831 1727 1726
f 161 68 1734
f 1737 1743 1736
f 1814 228 1248
f 1726 1826 1831
f 228 1814 229
f 229 1818 1782
f 1700 1832 1823
f 1818 1820 1782
f 1809 1776 1514
f 1818 229 1814
f 1831 1833 1727
f 1700 1695 1832
f 1832 1695 1758
f 1744 1776 1809
f 1727 1833 1738
f 1782 1820 242
f 21 22 1748
f 1834 1833 1831
f 1769 1514 1776
f 1759 1785 1758
f 1769 1518 1514
f 1768 1520 1518
f 1835 1745 1738
f 1765 1750 1669
f 1788 1789 1827
f 1827 1790 1788
f 1768 1828 1520
f 1748 1765 1669
f 1738 1833 1835
f 1789 242 1820
f 1783 1491 1645
f 1836 1787 1718
f 1491 1783 1657
f 1833 1837 1835
f 1790 311 1788
f 1718 1773 1836
f 1802 1745 1835
f 1141 1491 1657
f 1699 1745 1802
f 1657 469 1141
f 1836 1773 1796
f 1830 142 161
f 745 674 1419
f 1769 1768 1518
f 1734 1830 161
f 1301 1761 1248
f 1381 1146 1419
f 1151 1577 1150
f 1717 1150 1577
f 1838 1802 1835
f 1839 1830 1823
f 1780 1828 1784
f 1823 1832 1839
f 1840 1841 1842
f 1083 1657 1783
f 1764 1843 1766
f 1784 1083 1783
f 1115 8 1026
f 1766 1843 1730
f 318 266 1844
f 1758 1785 1845
f 1807 1802 1838
f 1844 269 1838
f 1846 1847 1686
f 1807 1838 269
f 1787 1836 99
f 75 1844 266
f 1846 1686 1685
f 75 269 1844
f 1807 1848 1803
f 1796 1799 122
f 1843 1791 1730
f 874 1026 1663
f 1791 1729 1730
f 930 929 1849
f 1803 1848 1810
f 1850 1848 1807
f 1817 9 123
f 1851 1852 1853
f 123 122 1817
f 1799 1817 122
f 1086 1849 945
f 1792 1477 1729
f 1817 7 9
f 269 1850 1807
f 945 1055 1086
f 929 945 1849
f 269 268 1850
f 1830 140 142
f 1839 58 140
f 1854 1855 1856
f 1810 1848 1857
f 1830 1839 140
f 200 194 778
f 1857 1811 1810
f 56 58 1839
f 1858 1857 1848
f 1839 1832 56
f 57 56 1845
f 1719 1708 1857
f 83 57 1845
f 1859 1791 1843
f 1719 1857 1858
f 1758 1845 56
f 1850 1858 1848
f 1795 1804 1797
f 278 1850 268
f 1673 778 777
f 1832 1758 56
f 1829 1804 1795
f 98 100 83
f 1829 1860 1804
f 278 1858 1850
f 777 1709 1673
f 83 1845 98
f 1792 1791 1861
f 1862 1860 1829
f 98 1845 1785
f 1857 1708 1811
f 99 190 100
f 1785 1787 98
f 1861 1791 1859
f 1787 99 98
f 1710 1772 1737
f 1859 1184 1861
f 1804 1863 1805
f 99 1864 190
f 954 1772 1709
f 1863 1865 1805
f 282 1719 1858
f 124 190 1864
f 1860 1863 1804
f 99 1836 1864
f 282 1858 278
f 954 885 1772
f 1792 1861 1866
f 1864 122 124
f 1150 1717 1149
f 1707 1149 1717
f 1836 1796 1864
f 777 954 1709
f 1866 1798 1792
f 1867 1210 1207
f 1796 122 1864
f 1868 1805 1865
f 1207 1136 1867
f 1168 302 257
f 1869 1815 1798
f 1867 1824 1210
f 257 8 1168
f 1115 1168 8
f 1026 8 7
f 1737 1772 1774
f 1866 1869 1798
f 1772 885 1774
f 1870 1871 1824
f 1870 1824 1872
f 1869 1812 1815
f 1873 1761 1396
f 1822 1871 1826
f 1774 885 959
f 1871 1822 1824
f 1874 1873 1875
f 959 963 1774
f 1689 1815 1812
f 1874 1875 1876
f 1869 1117 1812
f 1871 1877 1826
f 1874 1876 1878
f 1877 1831 1826
f 1879 1748 22
f 1877 1834 1831
f 1880 1881 1882
f 1883 1834 1877
f 1834 1837 1833
f 1760 1765 1884
f 1885 1760 1884
f 1886 1873 1396
f 1760 1885 1764
f 1770 965 977
f 1395 1886 1396
f 1835 1837 1838
f 1886 1875 1873
f 1837 1844 1838
f 965 962 977
f 1707 1098 1149
f 1887 1882 1878
f 1770 977 931
f 1882 1887 1880
f 931 930 1770
f 1872 1824 1867
f 1769 1776 965
f 1174 1764 1885
f 1881 1880 1888
f 1136 1872 1867
f 1166 1885 1167
f 1166 1174 1885
f 1813 1761 1873
f 1874 1816 1813
f 965 1770 1769
f 288 1872 1136
f 1874 1878 1816
f 1874 1813 1873
f 1174 1843 1764
f 288 295 1872
f 1819 1816 1878
f 1768 1770 930
f 1819 1878 1882
f 288 1136 285
f 1821 1819 1882
f 1768 930 1828
f 1881 1825 1821
f 1889 1871 1870
f 1828 1849 1784
f 1882 1881 1821
f 1849 1086 1784
f 1825 1881 1862
f 1859 1843 1174
f 1862 1829 1825
f 1849 1828 930
f 1881 1888 1862
f 1872 295 1870
f 1175 1859 1174
f 1784 1086 1083
f 1889 1877 1871
f 296 1889 1870
f 296 301 1889
f 1859 1175 1184
f 296 1870 295
f 1862 1888 1890
f 1883 1877 1889
f 1184 1189 1861
f 1890 1860 1862
f 1841 1890 1888
f 1189 1866 1861
f 1883 1889 301
f 1869 1866 1203
f 1841 1888 1842
f 1883 318 1834
f 1891 1863 1860
f 1890 1891 1860
f 318 1837 1834
f 1841 1892 1890
f 307 318 1883
f 1189 1203 1866
f 1891 1890 1892
f 307 1883 301
f 698 1812 1117
f 1893 1892 1841
f 1894 1865 1863
f 1203 1117 1869
f 1891 1894 1863
f 318 1844 1837
f 1891 1895 1894
f 1879 22 23
f 1892 1895 1891
f 1895 1892 1896
f 1190 1879 23
f 1897 1765 1748
f 1893 1896 1892
f 1390 1418 1865
f 1879 1897 1748
f 1894 1390 1865
f 1390 1894 1417
f 1229 1897 1879
f 1894 1895 1417
f 1212 1897 1229
f 1229 1879 1190
f 1425 1417 1895
f 1765 1897 1884
f 1413 1388 1411
f 1413 1389 1388
f 1686 1395 1611
f 1394 1611 1395
f 1686 1847 1395
f 1884 1897 1212
f 1847 1886 1395
f 1886 1847 1852
f 1167 1885 1884
f 1852 1875 1886
f 1167 1884 1212
f 1852 1851 1875
f 622 614 20
f 1851 1876 1875
f 18 20 614
f 1878 1876 1887
f 1876 1856 1887
f 1876 1851 1856
f 1855 1887 1856
f 1855 1880 1887
f 1855 1842 1880
f 1842 1888 1880
f 723 1411 721
f 1413 1411 723
f 1805 1868 1801
f 1868 1808 1801
f 1868 1380 1808
f 1380 1382 1808
f 1868 1418 1380
f 1418 1868 1865
f 1146 1381 1389
f 745 1419 1146
f 1898 1840 1842
f 1898 1899 1840
f 1900 1899 1898
f 1901 1899 1900
f 1840 1893 1841
f 1902 1840 1899
f 1902 1893 1840
f 1902 1903 1893
f 1903 1896 1893
f 1895 1896 1425
f 1903 1422 1896
f 1422 1425 1896
f 1847 1904 1852
f 1847 1846 1904
f 1853 1852 1904
f 1851 1853 1905
f 1851 1905 1856
f 1856 1905 1854
f 1842 1855 1898
f 1855 1854 1898
f 1900 1898 1854
f 1688 1906 1685
f 1906 1846 1685
f 704 1906 1688
f 704 724 1906
f 704 1688 698
f 1907 1904 1846
f 1906 1907 1846
f 1907 1906 724
f 1907 1908 1904
f 1904 1908 1853
f 1907 38 1908
f 1908 38 37
f 38 1907 724
f 1909 1905 1853
f 1853 1908 1909
f 37 1909 1908
f 1910 1854 1905
f 1900 1854 1910
f 1909 1910 1905
f 747 1909 37
f 747 1910 1909
f 747 1911 1910
f 1911 1900 1910
f 1911 747 656
f 1911 1901 1900
f 655 1911 656
f 655 1901 1911
f 1912 1902 1899
f 687 1902 1912
f 1901 1912 1899
f 667 1912 1901
f 667 670 1912
f 655 667 1901
f 687 1903 1902
f 1912 670 687
f 1421 1903 687
f 1421 1422 1903
f 1421 687 686