solid exported
	facet normal -0.08715579259882451 -0.9961946937303325 0
		outer loop
			vertex 29.25 0 -13
			vertex 30.118240356445312 -0.07596123218536377 -5
			vertex 29.25 0 -5
		endloop
	endfacet
	facet normal -0.2587727402065686 -0.9657530249471957 0.018914643304193755
		outer loop
			vertex 30.960100173950195 -0.30153688788414 -5
			vertex 30.118240356445312 -0.07596123218536377 -5
			vertex 29.25 0 -13
		endloop
	endfacet
	facet normal -0.4219527085909431 -0.9048810607638221 0.05609079767401319
		outer loop
			vertex 31.75 -0.6698729991912842 -5
			vertex 30.960100173950195 -0.30153688788414 -5
			vertex 29.25 0 -13
		endloop
	endfacet
	facet normal -0.5700960952930304 -0.814183531643851 0.10998008424976971
		outer loop
			vertex 32.46393966674805 -1.169777750968933 -5
			vertex 31.75 -0.6698729991912842 -5
			vertex 29.25 0 -13
		endloop
	endfacet
	facet normal -0.6958404812039192 -0.695839539017672 0.17780146416037165
		outer loop
			vertex 33.080223083496094 -1.7860620021820068 -5
			vertex 32.46393966674805 -1.169777750968933 -5
			vertex 29.25 0 -13
		endloop
	endfacet
	facet normal -0.9961946147568287 -0.08715669526487153 0
		outer loop
			vertex 34.25 -5 -11
			vertex 34.25 -5 -5
			vertex 34.17403793334961 -4.131759166717529 -5
		endloop
	endfacet
	facet normal -0.965619027978203 -0.2587355026720245 0.025215718579591966
		outer loop
			vertex 34.25 -5 -11
			vertex 34.17403793334961 -4.131759166717529 -5
			vertex 33.948463439941406 -3.2898993492126465 -5
		endloop
	endfacet
	facet normal -0.9037760243012546 -0.42143723306704517 0.07469642885045719
		outer loop
			vertex 34.25 -5 -11
			vertex 33.948463439941406 -3.2898993492126465 -5
			vertex 33.58012771606445 -2.5 -5
		endloop
	endfacet
	facet normal -0.8103799271970932 -0.5674339802397147 0.14595564965204133
		outer loop
			vertex 34.25 -5 -11
			vertex 33.58012771606445 -2.5 -5
			vertex 33.080223083496094 -1.7860620021820068 -5
		endloop
	endfacet
	facet normal -0.7318876087412365 -0.6497474276412405 0.20535045274998984
		outer loop
			vertex 34.25 -5 -11
			vertex 33.080223083496094 -1.7860620021820068 -5
			vertex 29.25 0 -13
		endloop
	endfacet
	facet normal 0 -1 0
		outer loop
			vertex 0.6698729991912842 0 -2.5
			vertex 1.7860620021820068 0 -1.169777750968933
			vertex 1.169777750968933 0 -1.7860620021820068
		endloop
	endfacet
	facet normal 0 -1 0
		outer loop
			vertex 3.2898993492126465 0 -0.30153688788414
			vertex 2.5 0 -0.6698729991912842
			vertex 1.7860620021820068 0 -1.169777750968933
		endloop
	endfacet
	facet normal 0 -1 0
		outer loop
			vertex 3.2898993492126465 0 -0.30153688788414
			vertex 1.7860620021820068 0 -1.169777750968933
			vertex 0.6698729991912842 0 -2.5
		endloop
	endfacet
	facet normal 0 -1 0
		outer loop
			vertex 0.07596123218536377 0 -4.131759166717529
			vertex 0.6698729991912842 0 -2.5
			vertex 0.30153688788414 0 -3.2898993492126465
		endloop
	endfacet
	facet normal 0 -1 0
		outer loop
			vertex 0 0 -5
			vertex 5 0 0
			vertex 4.131759166717529 0 -0.07596123218536377
		endloop
	endfacet
	facet normal 0 -1 0
		outer loop
			vertex 0 0 -5
			vertex 4.131759166717529 0 -0.07596123218536377
			vertex 3.2898993492126465 0 -0.30153688788414
		endloop
	endfacet
	facet normal 0 -1 0
		outer loop
			vertex 0 0 -5
			vertex 0.6698729991912842 0 -2.5
			vertex 0.07596123218536377 0 -4.131759166717529
		endloop
	endfacet
	facet normal 0 -1 0
		outer loop
			vertex 0 0 -5
			vertex 3.2898993492126465 0 -0.30153688788414
			vertex 0.6698729991912842 0 -2.5
		endloop
	endfacet
	facet normal 0 -1 0
		outer loop
			vertex 19.81624412536621 0 -5
			vertex 19.81624412536621 0 0
			vertex 5 0 0
		endloop
	endfacet
	facet normal 0 -1 0
		outer loop
			vertex 19.81624412536621 0 -5
			vertex 5 0 0
			vertex 0 0 -5
		endloop
	endfacet
	facet normal 0 -1 0
		outer loop
			vertex 0 0 -25
			vertex 19.81624412536621 0 -5
			vertex 0 0 -5
		endloop
	endfacet
	facet normal 0 -1 0
		outer loop
			vertex 1.169777750968933 0 -28.213937759399414
			vertex 0 0 -25
			vertex 0.07596123218536377 0 -25.868240356445312
		endloop
	endfacet
	facet normal 0 -1 0
		outer loop
			vertex 1.169777750968933 0 -28.213937759399414
			vertex 0.07596123218536377 0 -25.868240356445312
			vertex 0.30153688788414 0 -26.710100173950195
		endloop
	endfacet
	facet normal 0 -1 0
		outer loop
			vertex 1.169777750968933 0 -28.213937759399414
			vertex 0.30153688788414 0 -26.710100173950195
			vertex 0.6698729991912842 0 -27.5
		endloop
	endfacet
	facet normal 0 -1 0
		outer loop
			vertex 3.2898993492126465 0 -29.698463439941406
			vertex 1.169777750968933 0 -28.213937759399414
			vertex 1.7860620021820068 0 -28.830223083496094
		endloop
	endfacet
	facet normal 0 -1 0
		outer loop
			vertex 3.2898993492126465 0 -29.698463439941406
			vertex 1.7860620021820068 0 -28.830223083496094
			vertex 2.5 0 -29.330127716064453
		endloop
	endfacet
	facet normal 0 -1 0
		outer loop
			vertex 4.131759166717529 0 -29.92403793334961
			vertex 1.169777750968933 0 -28.213937759399414
			vertex 3.2898993492126465 0 -29.698463439941406
		endloop
	endfacet
	facet normal 0 -1 0
		outer loop
			vertex 5 0 -30
			vertex 0 0 -25
			vertex 1.169777750968933 0 -28.213937759399414
		endloop
	endfacet
	facet normal 0 -1 0
		outer loop
			vertex 5 0 -30
			vertex 1.169777750968933 0 -28.213937759399414
			vertex 4.131759166717529 0 -29.92403793334961
		endloop
	endfacet
	facet normal 0 -1 0
		outer loop
			vertex 29.25 0 -13
			vertex 29.25 0 -5
			vertex 19.81624412536621 0 -5
		endloop
	endfacet
	facet normal 0 -1 0
		outer loop
			vertex 19.81624412536621 0 -25
			vertex 19.81624412536621 0 -5
			vertex 0 0 -25
		endloop
	endfacet
	facet normal 0 -1 0
		outer loop
			vertex 19.81624412536621 0 -25
			vertex 29.25 0 -13
			vertex 19.81624412536621 0 -5
		endloop
	endfacet
	facet normal 0 -1 0
		outer loop
			vertex 19.81624412536621 0 -25
			vertex 0 0 -25
			vertex 5 0 -30
		endloop
	endfacet
	facet normal 0 -1 0
		outer loop
			vertex 19.81624412536621 0 -30
			vertex 19.81624412536621 0 -25
			vertex 5 0 -30
		endloop
	endfacet
	facet normal 0 -1 0
		outer loop
			vertex 34.66709518432617 0 -17
			vertex 34.66709518432617 0 -13
			vertex 29.25 0 -13
		endloop
	endfacet
	facet normal 0 -1 0
		outer loop
			vertex 29.25 0 -25
			vertex 29.25 0 -13
			vertex 19.81624412536621 0 -25
		endloop
	endfacet
	facet normal 0 -1 0
		outer loop
			vertex 29.25 0 -25
			vertex 34.66709518432617 0 -17
			vertex 29.25 0 -13
		endloop
	endfacet
	facet normal -1 0 0
		outer loop
			vertex 34.25 -35.90528106689453 -9.375128746032715
			vertex 34.25 -40 -5
			vertex 34.25 -35.729434967041016 -9.17663860321045
		endloop
	endfacet
	facet normal -1 0 0
		outer loop
			vertex 34.25 -35.51119613647461 -9.02599811553955
			vertex 34.25 -35.729434967041016 -9.17663860321045
			vertex 34.25 -40 -5
		endloop
	endfacet
	facet normal -1 0 0
		outer loop
			vertex 34.25 -36.02851867675781 -9.60993480682373
			vertex 34.25 -40 -5
			vertex 34.25 -35.90528106689453 -9.375128746032715
		endloop
	endfacet
	facet normal -1 0 0
		outer loop
			vertex 34.25 -35.263248443603516 -8.931963920593262
			vertex 34.25 -35.51119613647461 -9.02599811553955
			vertex 34.25 -40 -5
		endloop
	endfacet
	facet normal -1 0 0
		outer loop
			vertex 34.25 -35.263248443603516 -8.931963920593262
			vertex 34.25 -39.698463439941406 -3.2898993492126465
			vertex 34.25 -39.33012771606445 -2.5
		endloop
	endfacet
	facet normal -1 0 0
		outer loop
			vertex 34.25 -35.263248443603516 -8.931963920593262
			vertex 34.25 -39.92403793334961 -4.131759166717529
			vertex 34.25 -39.698463439941406 -3.2898993492126465
		endloop
	endfacet
	facet normal -1 0 0
		outer loop
			vertex 34.25 -35.263248443603516 -8.931963920593262
			vertex 34.25 -40 -5
			vertex 34.25 -39.92403793334961 -4.131759166717529
		endloop
	endfacet
	facet normal -1 0 0
		outer loop
			vertex 34.25 -36.09197998046875 -9.867409706115723
			vertex 34.25 -40 -5
			vertex 34.25 -36.02851867675781 -9.60993480682373
		endloop
	endfacet
	facet normal -1 0 0
		outer loop
			vertex 34.25 -35 -8.899999618530273
			vertex 34.25 -35.86824035644531 -0.07596123218536377
			vertex 34.25 -35 -1.3164953466767207e-15
		endloop
	endfacet
	facet normal -1 0 0
		outer loop
			vertex 34.25 -35 -8.899999618530273
			vertex 34.25 -36.71010208129883 -0.30153688788414
			vertex 34.25 -35.86824035644531 -0.07596123218536377
		endloop
	endfacet
	facet normal -1 0 0
		outer loop
			vertex 34.25 -35 -8.899999618530273
			vertex 34.25 -37.5 -0.6698729991912842
			vertex 34.25 -36.71010208129883 -0.30153688788414
		endloop
	endfacet
	facet normal -1 0 0
		outer loop
			vertex 34.25 -35 -8.899999618530273
			vertex 34.25 -38.21393966674805 -1.169777750968933
			vertex 34.25 -37.5 -0.6698729991912842
		endloop
	endfacet
	facet normal -1 0 0
		outer loop
			vertex 34.25 -35 -8.899999618530273
			vertex 34.25 -35.263248443603516 -8.931963920593262
			vertex 34.25 -39.33012771606445 -2.5
		endloop
	endfacet
	facet normal -1 0 0
		outer loop
			vertex 34.25 -35 -8.899999618530273
			vertex 34.25 -38.830223083496094 -1.7860620021820068
			vertex 34.25 -38.21393966674805 -1.169777750968933
		endloop
	endfacet
	facet normal -1 0 0
		outer loop
			vertex 34.25 -35 -8.899999618530273
			vertex 34.25 -39.33012771606445 -2.5
			vertex 34.25 -38.830223083496094 -1.7860620021820068
		endloop
	endfacet
	facet normal -1 0 0
		outer loop
			vertex 34.25 -36.09197998046875 -10.132590293884277
			vertex 34.25 -40 -5
			vertex 34.25 -36.09197998046875 -9.867409706115723
		endloop
	endfacet
	facet normal -1 0 0
		outer loop
			vertex 34.25 -34.736751556396484 -8.931963920593262
			vertex 34.25 -35 -8.899999618530273
			vertex 34.25 -35 -1.3164953466767207e-15
		endloop
	endfacet
	facet normal -1 0 0
		outer loop
			vertex 34.25 -36.02851867675781 -10.39006519317627
			vertex 34.25 -40 -5
			vertex 34.25 -36.09197998046875 -10.132590293884277
		endloop
	endfacet
	facet normal -1 0 0
		outer loop
			vertex 34.25 -34.48880386352539 -9.02599811553955
			vertex 34.25 -34.736751556396484 -8.931963920593262
			vertex 34.25 -35 -1.3164953466767207e-15
		endloop
	endfacet
	facet normal -1 0 0
		outer loop
			vertex 34.25 -34.270565032958984 -9.17663860321045
			vertex 34.25 -34.48880386352539 -9.02599811553955
			vertex 34.25 -35 -1.3164953466767207e-15
		endloop
	endfacet
	facet normal -1 0 0
		outer loop
			vertex 34.25 -29.246978759765625 -11.4363374710083
			vertex 34.25 -33.90802001953125 -9.867409706115723
			vertex 34.25 -33.97148132324219 -9.60993480682373
		endloop
	endfacet
	facet normal -1 0 0
		outer loop
			vertex 34.25 -29.563663482666016 -11.753020286560059
			vertex 34.25 -33.90802001953125 -9.867409706115723
			vertex 34.25 -29.246978759765625 -11.4363374710083
		endloop
	endfacet
	facet normal -1 0 0
		outer loop
			vertex 34.25 -29.563663482666016 -11.753020286560059
			vertex 34.25 -33.90802001953125 -10.132590293884277
			vertex 34.25 -33.90802001953125 -9.867409706115723
		endloop
	endfacet
	facet normal -1 0 0
		outer loop
			vertex 34.25 -29.801937103271484 -12.132232666015625
			vertex 34.25 -34.09471893310547 -10.624871253967285
			vertex 34.25 -33.97148132324219 -10.39006519317627
		endloop
	endfacet
	facet normal -1 0 0
		outer loop
			vertex 34.25 -29.801937103271484 -12.132232666015625
			vertex 34.25 -33.97148132324219 -10.39006519317627
			vertex 34.25 -33.90802001953125 -10.132590293884277
		endloop
	endfacet
	facet normal -1 0 0
		outer loop
			vertex 34.25 -29.801937103271484 -12.132232666015625
			vertex 34.25 -33.90802001953125 -10.132590293884277
			vertex 34.25 -29.563663482666016 -11.753020286560059
		endloop
	endfacet
	facet normal -1 0 0
		outer loop
			vertex 34.25 -28.867767333984375 -11.1980619430542
			vertex 34.25 -29.246978759765625 -11.4363374710083
			vertex 34.25 -33.97148132324219 -9.60993480682373
		endloop
	endfacet
	facet normal -1 0 0
		outer loop
			vertex 34.25 -28.867767333984375 -11.1980619430542
			vertex 34.25 -33.97148132324219 -9.60993480682373
			vertex 34.25 -34.09471893310547 -9.375128746032715
		endloop
	endfacet
	facet normal -1 0 0
		outer loop
			vertex 34.25 -28.44504165649414 -11.05014419555664
			vertex 34.25 -34.270565032958984 -9.17663860321045
			vertex 34.25 -35 -1.3164953466767207e-15
		endloop
	endfacet
	facet normal -1 0 0
		outer loop
			vertex 34.25 -28.44504165649414 -11.05014419555664
			vertex 34.25 -34.09471893310547 -9.375128746032715
			vertex 34.25 -34.270565032958984 -9.17663860321045
		endloop
	endfacet
	facet normal -1 0 0
		outer loop
			vertex 34.25 -28.44504165649414 -11.05014419555664
			vertex 34.25 -28.867767333984375 -11.1980619430542
			vertex 34.25 -34.09471893310547 -9.375128746032715
		endloop
	endfacet
	facet normal -1 0 0
		outer loop
			vertex 34.25 -29.94985580444336 -12.55495834350586
			vertex 34.25 -34.09471893310547 -10.624871253967285
			vertex 34.25 -29.801937103271484 -12.132232666015625
		endloop
	endfacet
	facet normal -1 0 0
		outer loop
			vertex 34.25 -29.94985580444336 -12.55495834350586
			vertex 34.25 -34.270565032958984 -10.82336139678955
			vertex 34.25 -34.09471893310547 -10.624871253967285
		endloop
	endfacet
	facet normal -1 0 0
		outer loop
			vertex 34.25 -28 -11
			vertex 34.25 -28.44504165649414 -11.05014419555664
			vertex 34.25 -35 -1.3164953466767207e-15
		endloop
	endfacet
	facet normal -1 0 0
		outer loop
			vertex 34.25 -30 -13
			vertex 34.25 -34.270565032958984 -10.82336139678955
			vertex 34.25 -29.94985580444336 -12.55495834350586
		endloop
	endfacet
	facet normal -1 0 0
		outer loop
			vertex 34.25 -30 -13
			vertex 34.25 -34.736751556396484 -11.068036079406738
			vertex 34.25 -34.48880386352539 -10.97400188446045
		endloop
	endfacet
	facet normal -1 0 0
		outer loop
			vertex 34.25 -30 -13
			vertex 34.25 -34.48880386352539 -10.97400188446045
			vertex 34.25 -34.270565032958984 -10.82336139678955
		endloop
	endfacet
	facet normal -1 0 0
		outer loop
			vertex 34.25 -35.729434967041016 -19.176637649536133
			vertex 34.25 -35.729434967041016 -10.82336139678955
			vertex 34.25 -35.51119613647461 -10.97400188446045
		endloop
	endfacet
	facet normal -1 0 0
		outer loop
			vertex 34.25 -35.90528106689453 -19.37512969970703
			vertex 34.25 -35.729434967041016 -10.82336139678955
			vertex 34.25 -35.729434967041016 -19.176637649536133
		endloop
	endfacet
	facet normal -1 0 0
		outer loop
			vertex 34.25 -35.90528106689453 -19.37512969970703
			vertex 34.25 -35.90528106689453 -10.624871253967285
			vertex 34.25 -35.729434967041016 -10.82336139678955
		endloop
	endfacet
	facet normal -1 0 0
		outer loop
			vertex 34.25 -35.51119613647461 -19.025999069213867
			vertex 34.25 -35.729434967041016 -19.176637649536133
			vertex 34.25 -35.51119613647461 -10.97400188446045
		endloop
	endfacet
	facet normal -1 0 0
		outer loop
			vertex 34.25 -36.02851867675781 -19.609933853149414
			vertex 34.25 -36.02851867675781 -10.39006519317627
			vertex 34.25 -35.90528106689453 -10.624871253967285
		endloop
	endfacet
	facet normal -1 0 0
		outer loop
			vertex 34.25 -36.02851867675781 -19.609933853149414
			vertex 34.25 -35.90528106689453 -10.624871253967285
			vertex 34.25 -35.90528106689453 -19.37512969970703
		endloop
	endfacet
	facet normal -1 0 0
		outer loop
			vertex 34.25 -21.339746475219727 -5
			vertex 34.25 -35 -1.3164953466767207e-15
			vertex 34.25 -21.339746475219727 -1.3164953466767207e-15
		endloop
	endfacet
	facet normal -1 0 0
		outer loop
			vertex 34.25 -21.339746475219727 -5
			vertex 34.25 -28 -11
			vertex 34.25 -35 -1.3164953466767207e-15
		endloop
	endfacet
	facet normal -1 0 0
		outer loop
			vertex 34.25 -35.263248443603516 -18.931964874267578
			vertex 34.25 -35.51119613647461 -10.97400188446045
			vertex 34.25 -35.263248443603516 -11.068036079406738
		endloop
	endfacet
	facet normal -1 0 0
		outer loop
			vertex 34.25 -35.263248443603516 -18.931964874267578
			vertex 34.25 -35.51119613647461 -19.025999069213867
			vertex 34.25 -35.51119613647461 -10.97400188446045
		endloop
	endfacet
	facet normal -1 0 0
		outer loop
			vertex 34.25 -35 -18.899999618530273
			vertex 34.25 -35.263248443603516 -18.931964874267578
			vertex 34.25 -35.263248443603516 -11.068036079406738
		endloop
	endfacet
	facet normal -1 0 0
		outer loop
			vertex 34.25 -35 -18.899999618530273
			vertex 34.25 -35.263248443603516 -11.068036079406738
			vertex 34.25 -35 -11.100000381469727
		endloop
	endfacet
	facet normal -1 0 0
		outer loop
			vertex 34.25 -34.736751556396484 -18.931964874267578
			vertex 34.25 -35 -18.899999618530273
			vertex 34.25 -35 -11.100000381469727
		endloop
	endfacet
	facet normal -1 0 0
		outer loop
			vertex 34.25 -34.736751556396484 -18.931964874267578
			vertex 34.25 -35 -11.100000381469727
			vertex 34.25 -34.736751556396484 -11.068036079406738
		endloop
	endfacet
	facet normal -1 0 0
		outer loop
			vertex 34.25 -40 -25
			vertex 34.25 -40 -5
			vertex 34.25 -36.02851867675781 -10.39006519317627
		endloop
	endfacet
	facet normal -1 0 0
		outer loop
			vertex 34.25 -40 -25
			vertex 34.25 -36.02851867675781 -19.609933853149414
			vertex 34.25 -36.09197998046875 -19.867408752441406
		endloop
	endfacet
	facet normal -1 0 0
		outer loop
			vertex 34.25 -40 -25
			vertex 34.25 -36.09197998046875 -19.867408752441406
			vertex 34.25 -36.09197998046875 -20.132591247558594
		endloop
	endfacet
	facet normal -1 0 0
		outer loop
			vertex 34.25 -40 -25
			vertex 34.25 -36.09197998046875 -20.132591247558594
			vertex 34.25 -36.02851867675781 -20.390066146850586
		endloop
	endfacet
	facet normal -1 0 0
		outer loop
			vertex 34.25 -40 -25
			vertex 34.25 -36.02851867675781 -20.390066146850586
			vertex 34.25 -35.90528106689453 -20.62487030029297
		endloop
	endfacet
	facet normal -1 0 0
		outer loop
			vertex 34.25 -40 -25
			vertex 34.25 -36.02851867675781 -10.39006519317627
			vertex 34.25 -36.02851867675781 -19.609933853149414
		endloop
	endfacet
	facet normal -1 0 0
		outer loop
			vertex 34.25 -35.729434967041016 -20.823362350463867
			vertex 34.25 -40 -25
			vertex 34.25 -35.90528106689453 -20.62487030029297
		endloop
	endfacet
	facet normal -1 0 0
		outer loop
			vertex 34.25 -35.51119613647461 -20.974000930786133
			vertex 34.25 -40 -25
			vertex 34.25 -35.729434967041016 -20.823362350463867
		endloop
	endfacet
	facet normal -1 0 0
		outer loop
			vertex 34.25 -35.263248443603516 -21.068035125732422
			vertex 34.25 -40 -25
			vertex 34.25 -35.51119613647461 -20.974000930786133
		endloop
	endfacet
	facet normal -1 0 0
		outer loop
			vertex 34.25 -39.92403793334961 -25.868240356445312
			vertex 34.25 -40 -25
			vertex 34.25 -35.263248443603516 -21.068035125732422
		endloop
	endfacet
	facet normal -1 0 0
		outer loop
			vertex 34.25 -30 -17
			vertex 34.25 -34.736751556396484 -18.931964874267578
			vertex 34.25 -34.736751556396484 -11.068036079406738
		endloop
	endfacet
	facet normal -1 0 0
		outer loop
			vertex 34.25 -30 -17
			vertex 34.25 -34.270565032958984 -19.176637649536133
			vertex 34.25 -34.48880386352539 -19.025999069213867
		endloop
	endfacet
	facet normal -1 0 0
		outer loop
			vertex 34.25 -30 -17
			vertex 34.25 -34.48880386352539 -19.025999069213867
			vertex 34.25 -34.736751556396484 -18.931964874267578
		endloop
	endfacet
	facet normal -1 0 0
		outer loop
			vertex 34.25 -30 -17
			vertex 34.25 -34.736751556396484 -11.068036079406738
			vertex 34.25 -30 -13
		endloop
	endfacet
	facet normal -1 0 0
		outer loop
			vertex 34.25 -39.698463439941406 -26.710100173950195
			vertex 34.25 -39.92403793334961 -25.868240356445312
			vertex 34.25 -35.263248443603516 -21.068035125732422
		endloop
	endfacet
	facet normal -1 0 0
		outer loop
			vertex 34.25 -29.94985580444336 -17.44504165649414
			vertex 34.25 -34.270565032958984 -19.176637649536133
			vertex 34.25 -30 -17
		endloop
	endfacet
	facet normal -1 0 0
		outer loop
			vertex 34.25 -29.94985580444336 -17.44504165649414
			vertex 34.25 -34.09471893310547 -19.37512969970703
			vertex 34.25 -34.270565032958984 -19.176637649536133
		endloop
	endfacet
	facet normal -1 0 0
		outer loop
			vertex 34.25 -29.801937103271484 -17.867767333984375
			vertex 34.25 -33.90802001953125 -19.867408752441406
			vertex 34.25 -33.97148132324219 -19.609933853149414
		endloop
	endfacet
	facet normal -1 0 0
		outer loop
			vertex 34.25 -29.801937103271484 -17.867767333984375
			vertex 34.25 -33.97148132324219 -19.609933853149414
			vertex 34.25 -34.09471893310547 -19.37512969970703
		endloop
	endfacet
	facet normal -1 0 0
		outer loop
			vertex 34.25 -29.801937103271484 -17.867767333984375
			vertex 34.25 -34.09471893310547 -19.37512969970703
			vertex 34.25 -29.94985580444336 -17.44504165649414
		endloop
	endfacet
	facet normal -1 0 0
		outer loop
			vertex 34.25 -39.33012771606445 -27.5
			vertex 34.25 -39.698463439941406 -26.710100173950195
			vertex 34.25 -35.263248443603516 -21.068035125732422
		endloop
	endfacet
	facet normal -1 0 0
		outer loop
			vertex 34.25 -39.33012771606445 -27.5
			vertex 34.25 -35.263248443603516 -21.068035125732422
			vertex 34.25 -35 -21.100000381469727
		endloop
	endfacet
	facet normal -1 0 0
		outer loop
			vertex 34.25 -29.563663482666016 -18.246978759765625
			vertex 34.25 -33.90802001953125 -19.867408752441406
			vertex 34.25 -29.801937103271484 -17.867767333984375
		endloop
	endfacet
	facet normal -1 0 0
		outer loop
			vertex 34.25 -29.563663482666016 -18.246978759765625
			vertex 34.25 -33.90802001953125 -20.132591247558594
			vertex 34.25 -33.90802001953125 -19.867408752441406
		endloop
	endfacet
	facet normal -1 0 0
		outer loop
			vertex 34.25 -29.246978759765625 -18.563663482666016
			vertex 34.25 -33.97148132324219 -20.390066146850586
			vertex 34.25 -33.90802001953125 -20.132591247558594
		endloop
	endfacet
	facet normal -1 0 0
		outer loop
			vertex 34.25 -29.246978759765625 -18.563663482666016
			vertex 34.25 -33.90802001953125 -20.132591247558594
			vertex 34.25 -29.563663482666016 -18.246978759765625
		endloop
	endfacet
	facet normal -1 0 0
		outer loop
			vertex 34.25 -38.830223083496094 -28.213937759399414
			vertex 34.25 -39.33012771606445 -27.5
			vertex 34.25 -35 -21.100000381469727
		endloop
	endfacet
	facet normal -1 0 0
		outer loop
			vertex 34.25 -28.867767333984375 -18.801937103271484
			vertex 34.25 -34.09471893310547 -20.62487030029297
			vertex 34.25 -33.97148132324219 -20.390066146850586
		endloop
	endfacet
	facet normal -1 0 0
		outer loop
			vertex 34.25 -28.867767333984375 -18.801937103271484
			vertex 34.25 -33.97148132324219 -20.390066146850586
			vertex 34.25 -29.246978759765625 -18.563663482666016
		endloop
	endfacet
	facet normal -1 0 0
		outer loop
			vertex 34.25 -28.44504165649414 -18.94985580444336
			vertex 34.25 -34.270565032958984 -20.823362350463867
			vertex 34.25 -34.09471893310547 -20.62487030029297
		endloop
	endfacet
	facet normal -1 0 0
		outer loop
			vertex 34.25 -28.44504165649414 -18.94985580444336
			vertex 34.25 -34.09471893310547 -20.62487030029297
			vertex 34.25 -28.867767333984375 -18.801937103271484
		endloop
	endfacet
	facet normal -1 0 0
		outer loop
			vertex 34.25 -38.21393966674805 -28.830223083496094
			vertex 34.25 -38.830223083496094 -28.213937759399414
			vertex 34.25 -35 -21.100000381469727
		endloop
	endfacet
	facet normal -1 0 0
		outer loop
			vertex 34.25 -37.5 -29.330127716064453
			vertex 34.25 -38.21393966674805 -28.830223083496094
			vertex 34.25 -35 -21.100000381469727
		endloop
	endfacet
	facet normal -1 0 0
		outer loop
			vertex 34.25 -36.71010208129883 -29.698463439941406
			vertex 34.25 -37.5 -29.330127716064453
			vertex 34.25 -35 -21.100000381469727
		endloop
	endfacet
	facet normal -1 0 0
		outer loop
			vertex 34.25 -35.86824035644531 -29.92403793334961
			vertex 34.25 -36.71010208129883 -29.698463439941406
			vertex 34.25 -35 -21.100000381469727
		endloop
	endfacet
	facet normal -1 0 0
		outer loop
			vertex 34.25 -35 -30
			vertex 34.25 -28.44504165649414 -18.94985580444336
			vertex 34.25 -28 -19
		endloop
	endfacet
	facet normal -1 0 0
		outer loop
			vertex 34.25 -35 -30
			vertex 34.25 -34.270565032958984 -20.823362350463867
			vertex 34.25 -28.44504165649414 -18.94985580444336
		endloop
	endfacet
	facet normal -1 0 0
		outer loop
			vertex 34.25 -35 -30
			vertex 34.25 -35 -21.100000381469727
			vertex 34.25 -34.736751556396484 -21.068035125732422
		endloop
	endfacet
	facet normal -1 0 0
		outer loop
			vertex 34.25 -35 -30
			vertex 34.25 -34.736751556396484 -21.068035125732422
			vertex 34.25 -34.48880386352539 -20.974000930786133
		endloop
	endfacet
	facet normal -1 0 0
		outer loop
			vertex 34.25 -35 -30
			vertex 34.25 -34.48880386352539 -20.974000930786133
			vertex 34.25 -34.270565032958984 -20.823362350463867
		endloop
	endfacet
	facet normal -1 0 0
		outer loop
			vertex 34.25 -35 -30
			vertex 34.25 -35.86824035644531 -29.92403793334961
			vertex 34.25 -35 -21.100000381469727
		endloop
	endfacet
	facet normal -1 0 0
		outer loop
			vertex 34.25 -21.339746475219727 -25
			vertex 34.25 -35 -30
			vertex 34.25 -28 -19
		endloop
	endfacet
	facet normal -1 0 0
		outer loop
			vertex 34.25 -5 -11
			vertex 34.25 -21.339746475219727 -5
			vertex 34.25 -5 -5
		endloop
	endfacet
	facet normal -1 0 0
		outer loop
			vertex 34.25 -21.339746475219727 -30
			vertex 34.25 -35 -30
			vertex 34.25 -21.339746475219727 -25
		endloop
	endfacet
	facet normal -1 0 0
		outer loop
			vertex 34.25 -5 -25
			vertex 34.25 -21.339746475219727 -25
			vertex 34.25 -5 -19
		endloop
	endfacet
	facet normal -1 0 0
		outer loop
			vertex 34.25 -28 -11
			vertex 34.25 -21.339746475219727 -5
			vertex 34.25 -5 -11
		endloop
	endfacet
	facet normal -1 0 0
		outer loop
			vertex 34.25 -5 -19
			vertex 34.25 -21.339746475219727 -25
			vertex 34.25 -28 -19
		endloop
	endfacet
	facet normal 0 -0.12054079645241458 0.9927083742925804
		outer loop
			vertex 36.75 -34.736751556396484 -21.068035125732422
			vertex 34.25 -34.736751556396484 -21.068035125732422
			vertex 34.25 -35 -21.100000381469727
		endloop
	endfacet
	facet normal 0 -0.12054079645241458 0.9927083742925804
		outer loop
			vertex 36.75 -34.736751556396484 -21.068035125732422
			vertex 34.25 -35 -21.100000381469727
			vertex 36.75 -35 -21.100000381469727
		endloop
	endfacet
	facet normal 0 -0.3546050140465002 0.9350161945191546
		outer loop
			vertex 36.75 -34.48880386352539 -20.974000930786133
			vertex 34.25 -34.48880386352539 -20.974000930786133
			vertex 34.25 -34.736751556396484 -21.068035125732422
		endloop
	endfacet
	facet normal 0 -0.3546050140465002 0.9350161945191546
		outer loop
			vertex 36.75 -34.48880386352539 -20.974000930786133
			vertex 34.25 -34.736751556396484 -21.068035125732422
			vertex 36.75 -34.736751556396484 -21.068035125732422
		endloop
	endfacet
	facet normal 0 -0.5680626834428887 0.8229852900748983
		outer loop
			vertex 36.75 -34.270565032958984 -20.823362350463867
			vertex 34.25 -34.270565032958984 -20.823362350463867
			vertex 34.25 -34.48880386352539 -20.974000930786133
		endloop
	endfacet
	facet normal 0 -0.5680626834428887 0.8229852900748983
		outer loop
			vertex 36.75 -34.270565032958984 -20.823362350463867
			vertex 34.25 -34.48880386352539 -20.974000930786133
			vertex 36.75 -34.48880386352539 -20.974000930786133
		endloop
	endfacet
	facet normal 0 -0.7485154498210077 0.6631173511372287
		outer loop
			vertex 36.75 -34.09471893310547 -20.62487030029297
			vertex 34.25 -34.09471893310547 -20.62487030029297
			vertex 34.25 -34.270565032958984 -20.823362350463867
		endloop
	endfacet
	facet normal 0 -0.7485154498210077 0.6631173511372287
		outer loop
			vertex 36.75 -34.09471893310547 -20.62487030029297
			vertex 34.25 -34.270565032958984 -20.823362350463867
			vertex 36.75 -34.270565032958984 -20.823362350463867
		endloop
	endfacet
	facet normal 0 -0.8854515511006235 0.4647316974916818
		outer loop
			vertex 36.75 -33.97148132324219 -20.390066146850586
			vertex 34.25 -33.97148132324219 -20.390066146850586
			vertex 34.25 -34.09471893310547 -20.62487030029297
		endloop
	endfacet
	facet normal 0 -0.9709423074618067 0.23931367612558788
		outer loop
			vertex 36.75 -33.97148132324219 -20.390066146850586
			vertex 34.25 -33.90802001953125 -20.132591247558594
			vertex 34.25 -33.97148132324219 -20.390066146850586
		endloop
	endfacet
	facet normal 0 -0.8854515511006235 0.4647316974916818
		outer loop
			vertex 36.75 -33.97148132324219 -20.390066146850586
			vertex 34.25 -34.09471893310547 -20.62487030029297
			vertex 36.75 -34.09471893310547 -20.62487030029297
		endloop
	endfacet
	facet normal 0 -0.9709423074618067 0.23931367612558788
		outer loop
			vertex 36.75 -33.90802001953125 -20.132591247558594
			vertex 34.25 -33.90802001953125 -20.132591247558594
			vertex 36.75 -33.97148132324219 -20.390066146850586
		endloop
	endfacet
	facet normal 0 -1 0
		outer loop
			vertex 36.75 -33.90802001953125 -19.867408752441406
			vertex 34.25 -33.90802001953125 -19.867408752441406
			vertex 34.25 -33.90802001953125 -20.132591247558594
		endloop
	endfacet
	facet normal 0 -1 0
		outer loop
			vertex 36.75 -33.90802001953125 -19.867408752441406
			vertex 34.25 -33.90802001953125 -20.132591247558594
			vertex 36.75 -33.90802001953125 -20.132591247558594
		endloop
	endfacet
	facet normal 0 -0.9709423074618067 -0.23931367612558788
		outer loop
			vertex 36.75 -33.97148132324219 -19.609933853149414
			vertex 34.25 -33.97148132324219 -19.609933853149414
			vertex 34.25 -33.90802001953125 -19.867408752441406
		endloop
	endfacet
	facet normal 0 -0.9709423074618067 -0.23931367612558788
		outer loop
			vertex 36.75 -33.97148132324219 -19.609933853149414
			vertex 34.25 -33.90802001953125 -19.867408752441406
			vertex 36.75 -33.90802001953125 -19.867408752441406
		endloop
	endfacet
	facet normal 0 -0.8854515511006235 -0.4647316974916818
		outer loop
			vertex 36.75 -34.09471893310547 -19.37512969970703
			vertex 34.25 -34.09471893310547 -19.37512969970703
			vertex 34.25 -33.97148132324219 -19.609933853149414
		endloop
	endfacet
	facet normal 0 -0.8854515511006235 -0.4647316974916818
		outer loop
			vertex 36.75 -34.09471893310547 -19.37512969970703
			vertex 34.25 -33.97148132324219 -19.609933853149414
			vertex 36.75 -33.97148132324219 -19.609933853149414
		endloop
	endfacet
	facet normal 0 -0.7485154498210077 -0.6631173511372287
		outer loop
			vertex 36.75 -34.270565032958984 -19.176637649536133
			vertex 34.25 -34.270565032958984 -19.176637649536133
			vertex 34.25 -34.09471893310547 -19.37512969970703
		endloop
	endfacet
	facet normal 0 -0.7485154498210077 -0.6631173511372287
		outer loop
			vertex 36.75 -34.270565032958984 -19.176637649536133
			vertex 34.25 -34.09471893310547 -19.37512969970703
			vertex 36.75 -34.09471893310547 -19.37512969970703
		endloop
	endfacet
	facet normal 0 -0.5680626834428887 -0.8229852900748983
		outer loop
			vertex 36.75 -34.48880386352539 -19.025999069213867
			vertex 34.25 -34.48880386352539 -19.025999069213867
			vertex 34.25 -34.270565032958984 -19.176637649536133
		endloop
	endfacet
	facet normal 0 -0.3546050140465002 -0.9350161945191546
		outer loop
			vertex 36.75 -34.48880386352539 -19.025999069213867
			vertex 34.25 -34.736751556396484 -18.931964874267578
			vertex 34.25 -34.48880386352539 -19.025999069213867
		endloop
	endfacet
	facet normal 0 -0.5680626834428887 -0.8229852900748983
		outer loop
			vertex 36.75 -34.48880386352539 -19.025999069213867
			vertex 34.25 -34.270565032958984 -19.176637649536133
			vertex 36.75 -34.270565032958984 -19.176637649536133
		endloop
	endfacet
	facet normal 0 -0.3546050140465002 -0.9350161945191546
		outer loop
			vertex 36.75 -34.736751556396484 -18.931964874267578
			vertex 34.25 -34.736751556396484 -18.931964874267578
			vertex 36.75 -34.48880386352539 -19.025999069213867
		endloop
	endfacet
	facet normal 0 -0.12054079645241458 -0.9927083742925804
		outer loop
			vertex 36.75 -34.736751556396484 -18.931964874267578
			vertex 34.25 -35 -18.899999618530273
			vertex 34.25 -34.736751556396484 -18.931964874267578
		endloop
	endfacet
	facet normal 0 -0.12054079645241458 -0.9927083742925804
		outer loop
			vertex 36.75 -35 -18.899999618530273
			vertex 34.25 -35 -18.899999618530273
			vertex 36.75 -34.736751556396484 -18.931964874267578
		endloop
	endfacet
	facet normal 0 0.12054079645241458 -0.9927083742925804
		outer loop
			vertex 36.75 -35.263248443603516 -18.931964874267578
			vertex 34.25 -35.263248443603516 -18.931964874267578
			vertex 34.25 -35 -18.899999618530273
		endloop
	endfacet
	facet normal 0 0.12054079645241458 -0.9927083742925804
		outer loop
			vertex 36.75 -35.263248443603516 -18.931964874267578
			vertex 34.25 -35 -18.899999618530273
			vertex 36.75 -35 -18.899999618530273
		endloop
	endfacet
	facet normal 0 0.3546050140465002 -0.9350161945191546
		outer loop
			vertex 36.75 -35.51119613647461 -19.025999069213867
			vertex 34.25 -35.263248443603516 -18.931964874267578
			vertex 36.75 -35.263248443603516 -18.931964874267578
		endloop
	endfacet
	facet normal 0 0.3546050140465002 -0.9350161945191546
		outer loop
			vertex 36.75 -35.51119613647461 -19.025999069213867
			vertex 34.25 -35.51119613647461 -19.025999069213867
			vertex 34.25 -35.263248443603516 -18.931964874267578
		endloop
	endfacet
	facet normal 0 0.5680626834428887 -0.8229852900748983
		outer loop
			vertex 36.75 -35.729434967041016 -19.176637649536133
			vertex 34.25 -35.729434967041016 -19.176637649536133
			vertex 34.25 -35.51119613647461 -19.025999069213867
		endloop
	endfacet
	facet normal 0 0.5680626834428887 -0.8229852900748983
		outer loop
			vertex 36.75 -35.729434967041016 -19.176637649536133
			vertex 34.25 -35.51119613647461 -19.025999069213867
			vertex 36.75 -35.51119613647461 -19.025999069213867
		endloop
	endfacet
	facet normal 0 0.7485154498210077 -0.6631173511372287
		outer loop
			vertex 36.75 -35.90528106689453 -19.37512969970703
			vertex 34.25 -35.90528106689453 -19.37512969970703
			vertex 34.25 -35.729434967041016 -19.176637649536133
		endloop
	endfacet
	facet normal 0 0.7485154498210077 -0.6631173511372287
		outer loop
			vertex 36.75 -35.90528106689453 -19.37512969970703
			vertex 34.25 -35.729434967041016 -19.176637649536133
			vertex 36.75 -35.729434967041016 -19.176637649536133
		endloop
	endfacet
	facet normal 0 0.8854515511006235 -0.4647316974916818
		outer loop
			vertex 36.75 -36.02851867675781 -19.609933853149414
			vertex 34.25 -36.02851867675781 -19.609933853149414
			vertex 34.25 -35.90528106689453 -19.37512969970703
		endloop
	endfacet
	facet normal 0 0.8854515511006235 -0.4647316974916818
		outer loop
			vertex 36.75 -36.02851867675781 -19.609933853149414
			vertex 34.25 -35.90528106689453 -19.37512969970703
			vertex 36.75 -35.90528106689453 -19.37512969970703
		endloop
	endfacet
	facet normal 0 0.9709423074618067 -0.23931367612558788
		outer loop
			vertex 36.75 -36.09197998046875 -19.867408752441406
			vertex 34.25 -36.09197998046875 -19.867408752441406
			vertex 34.25 -36.02851867675781 -19.609933853149414
		endloop
	endfacet
	facet normal 0 1 0
		outer loop
			vertex 36.75 -36.09197998046875 -19.867408752441406
			vertex 34.25 -36.09197998046875 -20.132591247558594
			vertex 34.25 -36.09197998046875 -19.867408752441406
		endloop
	endfacet
	facet normal 0 0.9709423074618067 -0.23931367612558788
		outer loop
			vertex 36.75 -36.09197998046875 -19.867408752441406
			vertex 34.25 -36.02851867675781 -19.609933853149414
			vertex 36.75 -36.02851867675781 -19.609933853149414
		endloop
	endfacet
	facet normal 0 1 0
		outer loop
			vertex 36.75 -36.09197998046875 -20.132591247558594
			vertex 34.25 -36.09197998046875 -20.132591247558594
			vertex 36.75 -36.09197998046875 -19.867408752441406
		endloop
	endfacet
	facet normal 0 0.9709423074618067 0.23931367612558788
		outer loop
			vertex 36.75 -36.02851867675781 -20.390066146850586
			vertex 34.25 -36.02851867675781 -20.390066146850586
			vertex 34.25 -36.09197998046875 -20.132591247558594
		endloop
	endfacet
	facet normal 0 0.9709423074618067 0.23931367612558788
		outer loop
			vertex 36.75 -36.02851867675781 -20.390066146850586
			vertex 34.25 -36.09197998046875 -20.132591247558594
			vertex 36.75 -36.09197998046875 -20.132591247558594
		endloop
	endfacet
	facet normal 0 0.8854515511006235 0.4647316974916818
		outer loop
			vertex 36.75 -35.90528106689453 -20.62487030029297
			vertex 34.25 -35.90528106689453 -20.62487030029297
			vertex 34.25 -36.02851867675781 -20.390066146850586
		endloop
	endfacet
	facet normal 0 0.8854515511006235 0.4647316974916818
		outer loop
			vertex 36.75 -35.90528106689453 -20.62487030029297
			vertex 34.25 -36.02851867675781 -20.390066146850586
			vertex 36.75 -36.02851867675781 -20.390066146850586
		endloop
	endfacet
	facet normal 0 0.7485154498210077 0.6631173511372287
		outer loop
			vertex 36.75 -35.729434967041016 -20.823362350463867
			vertex 34.25 -35.729434967041016 -20.823362350463867
			vertex 34.25 -35.90528106689453 -20.62487030029297
		endloop
	endfacet
	facet normal 0 0.7485154498210077 0.6631173511372287
		outer loop
			vertex 36.75 -35.729434967041016 -20.823362350463867
			vertex 34.25 -35.90528106689453 -20.62487030029297
			vertex 36.75 -35.90528106689453 -20.62487030029297
		endloop
	endfacet
	facet normal 0 0.5680626834428887 0.8229852900748983
		outer loop
			vertex 36.75 -35.51119613647461 -20.974000930786133
			vertex 34.25 -35.51119613647461 -20.974000930786133
			vertex 34.25 -35.729434967041016 -20.823362350463867
		endloop
	endfacet
	facet normal 0 0.3546050140465002 0.9350161945191546
		outer loop
			vertex 36.75 -35.51119613647461 -20.974000930786133
			vertex 34.25 -35.263248443603516 -21.068035125732422
			vertex 34.25 -35.51119613647461 -20.974000930786133
		endloop
	endfacet
	facet normal 0 0.5680626834428887 0.8229852900748983
		outer loop
			vertex 36.75 -35.51119613647461 -20.974000930786133
			vertex 34.25 -35.729434967041016 -20.823362350463867
			vertex 36.75 -35.729434967041016 -20.823362350463867
		endloop
	endfacet
	facet normal 0 0.3546050140465002 0.9350161945191546
		outer loop
			vertex 36.75 -35.263248443603516 -21.068035125732422
			vertex 34.25 -35.263248443603516 -21.068035125732422
			vertex 36.75 -35.51119613647461 -20.974000930786133
		endloop
	endfacet
	facet normal 0 0.12054079645241458 0.9927083742925804
		outer loop
			vertex 36.75 -35 -21.100000381469727
			vertex 34.25 -35 -21.100000381469727
			vertex 34.25 -35.263248443603516 -21.068035125732422
		endloop
	endfacet
	facet normal 0 0.12054079645241458 0.9927083742925804
		outer loop
			vertex 36.75 -35 -21.100000381469727
			vertex 34.25 -35.263248443603516 -21.068035125732422
			vertex 36.75 -35.263248443603516 -21.068035125732422
		endloop
	endfacet
	facet normal 0 -0.12053725240426601 0.9927088046264275
		outer loop
			vertex 36.75 -34.736751556396484 -11.068036079406738
			vertex 34.25 -34.736751556396484 -11.068036079406738
			vertex 34.25 -35 -11.100000381469727
		endloop
	endfacet
	facet normal 0 -0.12053725240426601 0.9927088046264275
		outer loop
			vertex 36.75 -34.736751556396484 -11.068036079406738
			vertex 34.25 -35 -11.100000381469727
			vertex 36.75 -35 -11.100000381469727
		endloop
	endfacet
	facet normal 0 -0.3546050140465002 0.9350161945191546
		outer loop
			vertex 36.75 -34.48880386352539 -10.97400188446045
			vertex 34.25 -34.48880386352539 -10.97400188446045
			vertex 34.25 -34.736751556396484 -11.068036079406738
		endloop
	endfacet
	facet normal 0 -0.3546050140465002 0.9350161945191546
		outer loop
			vertex 36.75 -34.48880386352539 -10.97400188446045
			vertex 34.25 -34.736751556396484 -11.068036079406738
			vertex 36.75 -34.736751556396484 -11.068036079406738
		endloop
	endfacet
	facet normal 0 -0.5680675550427915 0.8229819274490207
		outer loop
			vertex 36.75 -34.270565032958984 -10.82336139678955
			vertex 34.25 -34.270565032958984 -10.82336139678955
			vertex 34.25 -34.48880386352539 -10.97400188446045
		endloop
	endfacet
	facet normal 0 -0.5680675550427915 0.8229819274490207
		outer loop
			vertex 36.75 -34.270565032958984 -10.82336139678955
			vertex 34.25 -34.48880386352539 -10.97400188446045
			vertex 36.75 -34.48880386352539 -10.97400188446045
		endloop
	endfacet
	facet normal 0 -0.7485122870188626 0.6631209212366865
		outer loop
			vertex 36.75 -34.09471893310547 -10.624871253967285
			vertex 34.25 -34.09471893310547 -10.624871253967285
			vertex 34.25 -34.270565032958984 -10.82336139678955
		endloop
	endfacet
	facet normal 0 -0.7485122870188626 0.6631209212366865
		outer loop
			vertex 36.75 -34.09471893310547 -10.624871253967285
			vertex 34.25 -34.270565032958984 -10.82336139678955
			vertex 36.75 -34.270565032958984 -10.82336139678955
		endloop
	endfacet
	facet normal 0 -0.885453104522982 0.4647287377498977
		outer loop
			vertex 36.75 -33.97148132324219 -10.39006519317627
			vertex 34.25 -33.97148132324219 -10.39006519317627
			vertex 34.25 -34.09471893310547 -10.624871253967285
		endloop
	endfacet
	facet normal 0 -0.9709423074618067 0.23931367612558788
		outer loop
			vertex 36.75 -33.97148132324219 -10.39006519317627
			vertex 34.25 -33.90802001953125 -10.132590293884277
			vertex 34.25 -33.97148132324219 -10.39006519317627
		endloop
	endfacet
	facet normal 0 -0.885453104522982 0.4647287377498977
		outer loop
			vertex 36.75 -33.97148132324219 -10.39006519317627
			vertex 34.25 -34.09471893310547 -10.624871253967285
			vertex 36.75 -34.09471893310547 -10.624871253967285
		endloop
	endfacet
	facet normal 0 -0.9709423074618067 0.23931367612558788
		outer loop
			vertex 36.75 -33.90802001953125 -10.132590293884277
			vertex 34.25 -33.90802001953125 -10.132590293884277
			vertex 36.75 -33.97148132324219 -10.39006519317627
		endloop
	endfacet
	facet normal 0 -1 0
		outer loop
			vertex 36.75 -33.90802001953125 -9.867409706115723
			vertex 34.25 -33.90802001953125 -9.867409706115723
			vertex 34.25 -33.90802001953125 -10.132590293884277
		endloop
	endfacet
	facet normal 0 -1 0
		outer loop
			vertex 36.75 -33.90802001953125 -9.867409706115723
			vertex 34.25 -33.90802001953125 -10.132590293884277
			vertex 36.75 -33.90802001953125 -10.132590293884277
		endloop
	endfacet
	facet normal 0 -0.9709423074618067 -0.23931367612558788
		outer loop
			vertex 36.75 -33.97148132324219 -9.60993480682373
			vertex 34.25 -33.97148132324219 -9.60993480682373
			vertex 34.25 -33.90802001953125 -9.867409706115723
		endloop
	endfacet
	facet normal 0 -0.9709423074618067 -0.23931367612558788
		outer loop
			vertex 36.75 -33.97148132324219 -9.60993480682373
			vertex 34.25 -33.90802001953125 -9.867409706115723
			vertex 36.75 -33.90802001953125 -9.867409706115723
		endloop
	endfacet
	facet normal 0 -0.885453104522982 -0.4647287377498977
		outer loop
			vertex 36.75 -34.09471893310547 -9.375128746032715
			vertex 34.25 -34.09471893310547 -9.375128746032715
			vertex 34.25 -33.97148132324219 -9.60993480682373
		endloop
	endfacet
	facet normal 0 -0.885453104522982 -0.4647287377498977
		outer loop
			vertex 36.75 -34.09471893310547 -9.375128746032715
			vertex 34.25 -33.97148132324219 -9.60993480682373
			vertex 36.75 -33.97148132324219 -9.60993480682373
		endloop
	endfacet
	facet normal 0 -0.7485122870188626 -0.6631209212366865
		outer loop
			vertex 36.75 -34.270565032958984 -9.17663860321045
			vertex 34.25 -34.270565032958984 -9.17663860321045
			vertex 34.25 -34.09471893310547 -9.375128746032715
		endloop
	endfacet
	facet normal 0 -0.7485122870188626 -0.6631209212366865
		outer loop
			vertex 36.75 -34.270565032958984 -9.17663860321045
			vertex 34.25 -34.09471893310547 -9.375128746032715
			vertex 36.75 -34.09471893310547 -9.375128746032715
		endloop
	endfacet
	facet normal 0 -0.5680675550427915 -0.8229819274490207
		outer loop
			vertex 36.75 -34.48880386352539 -9.02599811553955
			vertex 34.25 -34.48880386352539 -9.02599811553955
			vertex 34.25 -34.270565032958984 -9.17663860321045
		endloop
	endfacet
	facet normal 0 -0.3546050140465002 -0.9350161945191546
		outer loop
			vertex 36.75 -34.48880386352539 -9.02599811553955
			vertex 34.25 -34.736751556396484 -8.931963920593262
			vertex 34.25 -34.48880386352539 -9.02599811553955
		endloop
	endfacet
	facet normal 0 -0.5680675550427915 -0.8229819274490207
		outer loop
			vertex 36.75 -34.48880386352539 -9.02599811553955
			vertex 34.25 -34.270565032958984 -9.17663860321045
			vertex 36.75 -34.270565032958984 -9.17663860321045
		endloop
	endfacet
	facet normal 0 -0.3546050140465002 -0.9350161945191546
		outer loop
			vertex 36.75 -34.736751556396484 -8.931963920593262
			vertex 34.25 -34.736751556396484 -8.931963920593262
			vertex 36.75 -34.48880386352539 -9.02599811553955
		endloop
	endfacet
	facet normal 0 -0.12053725240426601 -0.9927088046264275
		outer loop
			vertex 36.75 -34.736751556396484 -8.931963920593262
			vertex 34.25 -35 -8.899999618530273
			vertex 34.25 -34.736751556396484 -8.931963920593262
		endloop
	endfacet
	facet normal 0 -0.12053725240426601 -0.9927088046264275
		outer loop
			vertex 36.75 -35 -8.899999618530273
			vertex 34.25 -35 -8.899999618530273
			vertex 36.75 -34.736751556396484 -8.931963920593262
		endloop
	endfacet
	facet normal 0 0.12053725240426601 -0.9927088046264275
		outer loop
			vertex 36.75 -35.263248443603516 -8.931963920593262
			vertex 34.25 -35.263248443603516 -8.931963920593262
			vertex 34.25 -35 -8.899999618530273
		endloop
	endfacet
	facet normal 0 0.12053725240426601 -0.9927088046264275
		outer loop
			vertex 36.75 -35.263248443603516 -8.931963920593262
			vertex 34.25 -35 -8.899999618530273
			vertex 36.75 -35 -8.899999618530273
		endloop
	endfacet
	facet normal 0 0.3546050140465002 -0.9350161945191546
		outer loop
			vertex 36.75 -35.51119613647461 -9.02599811553955
			vertex 34.25 -35.263248443603516 -8.931963920593262
			vertex 36.75 -35.263248443603516 -8.931963920593262
		endloop
	endfacet
	facet normal 0 0.3546050140465002 -0.9350161945191546
		outer loop
			vertex 36.75 -35.51119613647461 -9.02599811553955
			vertex 34.25 -35.51119613647461 -9.02599811553955
			vertex 34.25 -35.263248443603516 -8.931963920593262
		endloop
	endfacet
	facet normal 0 0.5680675550427915 -0.8229819274490207
		outer loop
			vertex 36.75 -35.729434967041016 -9.17663860321045
			vertex 34.25 -35.729434967041016 -9.17663860321045
			vertex 34.25 -35.51119613647461 -9.02599811553955
		endloop
	endfacet
	facet normal 0 0.5680675550427915 -0.8229819274490207
		outer loop
			vertex 36.75 -35.729434967041016 -9.17663860321045
			vertex 34.25 -35.51119613647461 -9.02599811553955
			vertex 36.75 -35.51119613647461 -9.02599811553955
		endloop
	endfacet
	facet normal 0 0.7485122870188626 -0.6631209212366865
		outer loop
			vertex 36.75 -35.90528106689453 -9.375128746032715
			vertex 34.25 -35.90528106689453 -9.375128746032715
			vertex 34.25 -35.729434967041016 -9.17663860321045
		endloop
	endfacet
	facet normal 0 0.7485122870188626 -0.6631209212366865
		outer loop
			vertex 36.75 -35.90528106689453 -9.375128746032715
			vertex 34.25 -35.729434967041016 -9.17663860321045
			vertex 36.75 -35.729434967041016 -9.17663860321045
		endloop
	endfacet
	facet normal 0 0.885453104522982 -0.4647287377498977
		outer loop
			vertex 36.75 -36.02851867675781 -9.60993480682373
			vertex 34.25 -36.02851867675781 -9.60993480682373
			vertex 34.25 -35.90528106689453 -9.375128746032715
		endloop
	endfacet
	facet normal 0 0.885453104522982 -0.4647287377498977
		outer loop
			vertex 36.75 -36.02851867675781 -9.60993480682373
			vertex 34.25 -35.90528106689453 -9.375128746032715
			vertex 36.75 -35.90528106689453 -9.375128746032715
		endloop
	endfacet
	facet normal 0 0.9709423074618067 -0.23931367612558788
		outer loop
			vertex 36.75 -36.09197998046875 -9.867409706115723
			vertex 34.25 -36.09197998046875 -9.867409706115723
			vertex 34.25 -36.02851867675781 -9.60993480682373
		endloop
	endfacet
	facet normal 0 1 0
		outer loop
			vertex 36.75 -36.09197998046875 -9.867409706115723
			vertex 34.25 -36.09197998046875 -10.132590293884277
			vertex 34.25 -36.09197998046875 -9.867409706115723
		endloop
	endfacet
	facet normal 0 0.9709423074618067 -0.23931367612558788
		outer loop
			vertex 36.75 -36.09197998046875 -9.867409706115723
			vertex 34.25 -36.02851867675781 -9.60993480682373
			vertex 36.75 -36.02851867675781 -9.60993480682373
		endloop
	endfacet
	facet normal 0 1 0
		outer loop
			vertex 36.75 -36.09197998046875 -10.132590293884277
			vertex 34.25 -36.09197998046875 -10.132590293884277
			vertex 36.75 -36.09197998046875 -9.867409706115723
		endloop
	endfacet
	facet normal 0 0.9709423074618067 0.23931367612558788
		outer loop
			vertex 36.75 -36.02851867675781 -10.39006519317627
			vertex 34.25 -36.02851867675781 -10.39006519317627
			vertex 34.25 -36.09197998046875 -10.132590293884277
		endloop
	endfacet
	facet normal 0 0.9709423074618067 0.23931367612558788
		outer loop
			vertex 36.75 -36.02851867675781 -10.39006519317627
			vertex 34.25 -36.09197998046875 -10.132590293884277
			vertex 36.75 -36.09197998046875 -10.132590293884277
		endloop
	endfacet
	facet normal 0 0.885453104522982 0.4647287377498977
		outer loop
			vertex 36.75 -35.90528106689453 -10.624871253967285
			vertex 34.25 -35.90528106689453 -10.624871253967285
			vertex 34.25 -36.02851867675781 -10.39006519317627
		endloop
	endfacet
	facet normal 0 0.885453104522982 0.4647287377498977
		outer loop
			vertex 36.75 -35.90528106689453 -10.624871253967285
			vertex 34.25 -36.02851867675781 -10.39006519317627
			vertex 36.75 -36.02851867675781 -10.39006519317627
		endloop
	endfacet
	facet normal 0 0.7485122870188626 0.6631209212366865
		outer loop
			vertex 36.75 -35.729434967041016 -10.82336139678955
			vertex 34.25 -35.729434967041016 -10.82336139678955
			vertex 34.25 -35.90528106689453 -10.624871253967285
		endloop
	endfacet
	facet normal 0 0.7485122870188626 0.6631209212366865
		outer loop
			vertex 36.75 -35.729434967041016 -10.82336139678955
			vertex 34.25 -35.90528106689453 -10.624871253967285
			vertex 36.75 -35.90528106689453 -10.624871253967285
		endloop
	endfacet
	facet normal 0 0.5680675550427915 0.8229819274490207
		outer loop
			vertex 36.75 -35.51119613647461 -10.97400188446045
			vertex 34.25 -35.51119613647461 -10.97400188446045
			vertex 34.25 -35.729434967041016 -10.82336139678955
		endloop
	endfacet
	facet normal 0 0.3546050140465002 0.9350161945191546
		outer loop
			vertex 36.75 -35.51119613647461 -10.97400188446045
			vertex 34.25 -35.263248443603516 -11.068036079406738
			vertex 34.25 -35.51119613647461 -10.97400188446045
		endloop
	endfacet
	facet normal 0 0.5680675550427915 0.8229819274490207
		outer loop
			vertex 36.75 -35.51119613647461 -10.97400188446045
			vertex 34.25 -35.729434967041016 -10.82336139678955
			vertex 36.75 -35.729434967041016 -10.82336139678955
		endloop
	endfacet
	facet normal 0 0.3546050140465002 0.9350161945191546
		outer loop
			vertex 36.75 -35.263248443603516 -11.068036079406738
			vertex 34.25 -35.263248443603516 -11.068036079406738
			vertex 36.75 -35.51119613647461 -10.97400188446045
		endloop
	endfacet
	facet normal 0 0.12053725240426601 0.9927088046264275
		outer loop
			vertex 36.75 -35 -11.100000381469727
			vertex 34.25 -35 -11.100000381469727
			vertex 34.25 -35.263248443603516 -11.068036079406738
		endloop
	endfacet
	facet normal 0 0.12053725240426601 0.9927088046264275
		outer loop
			vertex 36.75 -35 -11.100000381469727
			vertex 34.25 -35.263248443603516 -11.068036079406738
			vertex 36.75 -35.263248443603516 -11.068036079406738
		endloop
	endfacet
	facet normal -0.12053428210812336 0 0.9927091652829036
		outer loop
			vertex 22.51987075805664 3 -16.602054595947266
			vertex 22.51987075805664 8 -16.602054595947266
			vertex 22.125 8 -16.649999618530273
		endloop
	endfacet
	facet normal -0.12053428210812336 0 0.9927091652829036
		outer loop
			vertex 22.51987075805664 3 -16.602054595947266
			vertex 22.125 8 -16.649999618530273
			vertex 22.125 3 -16.649999618530273
		endloop
	endfacet
	facet normal -0.354607110115626 0 0.9350153995819772
		outer loop
			vertex 22.89179229736328 3 -16.461002349853516
			vertex 22.89179229736328 8 -16.461002349853516
			vertex 22.51987075805664 8 -16.602054595947266
		endloop
	endfacet
	facet normal -0.354607110115626 0 0.9350153995819772
		outer loop
			vertex 22.89179229736328 3 -16.461002349853516
			vertex 22.51987075805664 8 -16.602054595947266
			vertex 22.51987075805664 3 -16.602054595947266
		endloop
	endfacet
	facet normal -0.5680636894387953 0 0.8229845956888768
		outer loop
			vertex 23.219152450561523 3 -16.235042572021484
			vertex 23.219152450561523 8 -16.235042572021484
			vertex 22.89179229736328 8 -16.461002349853516
		endloop
	endfacet
	facet normal -0.5680636894387953 0 0.8229845956888768
		outer loop
			vertex 23.219152450561523 3 -16.235042572021484
			vertex 22.89179229736328 8 -16.461002349853516
			vertex 22.89179229736328 3 -16.461002349853516
		endloop
	endfacet
	facet normal -0.7485109612257667 0 0.6631224177517142
		outer loop
			vertex 23.48292350769043 3 -15.93730640411377
			vertex 23.48292350769043 8 -15.93730640411377
			vertex 23.219152450561523 8 -16.235042572021484
		endloop
	endfacet
	facet normal -0.7485109612257667 0 0.6631224177517142
		outer loop
			vertex 23.48292350769043 3 -15.93730640411377
			vertex 23.219152450561523 8 -16.235042572021484
			vertex 23.219152450561523 3 -16.235042572021484
		endloop
	endfacet
	facet normal -0.8854565330196457 0 0.46472220533651026
		outer loop
			vertex 23.667776107788086 3 -15.585098266601562
			vertex 23.667776107788086 8 -15.585098266601562
			vertex 23.48292350769043 8 -15.93730640411377
		endloop
	endfacet
	facet normal -0.9709411932650283 0 0.23931819659416453
		outer loop
			vertex 23.667776107788086 3 -15.585098266601562
			vertex 23.762969970703125 8 -15.198885917663574
			vertex 23.667776107788086 8 -15.585098266601562
		endloop
	endfacet
	facet normal -0.8854565330196457 0 0.46472220533651026
		outer loop
			vertex 23.667776107788086 3 -15.585098266601562
			vertex 23.48292350769043 8 -15.93730640411377
			vertex 23.48292350769043 3 -15.93730640411377
		endloop
	endfacet
	facet normal -0.9709411932650283 0 0.23931819659416453
		outer loop
			vertex 23.762969970703125 3 -15.198885917663574
			vertex 23.762969970703125 8 -15.198885917663574
			vertex 23.667776107788086 3 -15.585098266601562
		endloop
	endfacet
	facet normal -1 0 0
		outer loop
			vertex 23.762969970703125 3 -14.801114082336426
			vertex 23.762969970703125 8 -14.801114082336426
			vertex 23.762969970703125 8 -15.198885917663574
		endloop
	endfacet
	facet normal -0.9709411932650283 0 -0.23931819659416453
		outer loop
			vertex 23.762969970703125 3 -14.801114082336426
			vertex 23.667776107788086 8 -14.414901733398438
			vertex 23.762969970703125 8 -14.801114082336426
		endloop
	endfacet
	facet normal -1 0 0
		outer loop
			vertex 23.762969970703125 3 -14.801114082336426
			vertex 23.762969970703125 8 -15.198885917663574
			vertex 23.762969970703125 3 -15.198885917663574
		endloop
	endfacet
	facet normal -0.9709411932650283 0 -0.23931819659416453
		outer loop
			vertex 23.667776107788086 3 -14.414901733398438
			vertex 23.667776107788086 8 -14.414901733398438
			vertex 23.762969970703125 3 -14.801114082336426
		endloop
	endfacet
	facet normal -0.8854565330196457 0 -0.46472220533651026
		outer loop
			vertex 23.48292350769043 3 -14.06269359588623
			vertex 23.48292350769043 8 -14.06269359588623
			vertex 23.667776107788086 8 -14.414901733398438
		endloop
	endfacet
	facet normal -0.8854565330196457 0 -0.46472220533651026
		outer loop
			vertex 23.48292350769043 3 -14.06269359588623
			vertex 23.667776107788086 8 -14.414901733398438
			vertex 23.667776107788086 3 -14.414901733398438
		endloop
	endfacet
	facet normal -0.7485109612257667 0 -0.6631224177517142
		outer loop
			vertex 23.219152450561523 3 -13.764957427978516
			vertex 23.219152450561523 8 -13.764957427978516
			vertex 23.48292350769043 8 -14.06269359588623
		endloop
	endfacet
	facet normal -0.7485109612257667 0 -0.6631224177517142
		outer loop
			vertex 23.219152450561523 3 -13.764957427978516
			vertex 23.48292350769043 8 -14.06269359588623
			vertex 23.48292350769043 3 -14.06269359588623
		endloop
	endfacet
	facet normal -0.5680636894387953 0 -0.8229845956888768
		outer loop
			vertex 22.89179229736328 3 -13.538997650146484
			vertex 23.219152450561523 8 -13.764957427978516
			vertex 23.219152450561523 3 -13.764957427978516
		endloop
	endfacet
	facet normal -0.5680636894387953 0 -0.8229845956888768
		outer loop
			vertex 22.89179229736328 3 -13.538997650146484
			vertex 22.89179229736328 8 -13.538997650146484
			vertex 23.219152450561523 8 -13.764957427978516
		endloop
	endfacet
	facet normal -0.3546050140465002 0 -0.9350161945191546
		outer loop
			vertex 22.51987075805664 3 -13.39794635772705
			vertex 22.89179229736328 8 -13.538997650146484
			vertex 22.89179229736328 3 -13.538997650146484
		endloop
	endfacet
	facet normal -0.3546050140465002 0 -0.9350161945191546
		outer loop
			vertex 22.51987075805664 3 -13.39794635772705
			vertex 22.51987075805664 8 -13.39794635772705
			vertex 22.89179229736328 8 -13.538997650146484
		endloop
	endfacet
	facet normal -0.12053664482138896 0 -0.992708878400512
		outer loop
			vertex 22.125 3 -13.350000381469727
			vertex 22.51987075805664 8 -13.39794635772705
			vertex 22.51987075805664 3 -13.39794635772705
		endloop
	endfacet
	facet normal -0.12053664482138896 0 -0.992708878400512
		outer loop
			vertex 22.125 3 -13.350000381469727
			vertex 22.125 8 -13.350000381469727
			vertex 22.51987075805664 8 -13.39794635772705
		endloop
	endfacet
	facet normal 0.12053664482138896 0 -0.992708878400512
		outer loop
			vertex 22.125 3 -13.350000381469727
			vertex 21.73012924194336 8 -13.39794635772705
			vertex 22.125 8 -13.350000381469727
		endloop
	endfacet
	facet normal 0.12053664482138896 0 -0.992708878400512
		outer loop
			vertex 21.73012924194336 3 -13.39794635772705
			vertex 21.73012924194336 8 -13.39794635772705
			vertex 22.125 3 -13.350000381469727
		endloop
	endfacet
	facet normal 0.3546050140465002 0 -0.9350161945191546
		outer loop
			vertex 21.35820770263672 3 -13.538997650146484
			vertex 21.35820770263672 8 -13.538997650146484
			vertex 21.73012924194336 8 -13.39794635772705
		endloop
	endfacet
	facet normal 0.3546050140465002 0 -0.9350161945191546
		outer loop
			vertex 21.35820770263672 3 -13.538997650146484
			vertex 21.73012924194336 8 -13.39794635772705
			vertex 21.73012924194336 3 -13.39794635772705
		endloop
	endfacet
	facet normal 0.5680636894387953 0 -0.8229845956888768
		outer loop
			vertex 21.030847549438477 3 -13.764957427978516
			vertex 21.030847549438477 8 -13.764957427978516
			vertex 21.35820770263672 8 -13.538997650146484
		endloop
	endfacet
	facet normal 0.5680636894387953 0 -0.8229845956888768
		outer loop
			vertex 21.030847549438477 3 -13.764957427978516
			vertex 21.35820770263672 8 -13.538997650146484
			vertex 21.35820770263672 3 -13.538997650146484
		endloop
	endfacet
	facet normal 0.7485109612257667 0 -0.6631224177517142
		outer loop
			vertex 20.76707649230957 3 -14.06269359588623
			vertex 20.76707649230957 8 -14.06269359588623
			vertex 21.030847549438477 8 -13.764957427978516
		endloop
	endfacet
	facet normal 0.7485109612257667 0 -0.6631224177517142
		outer loop
			vertex 20.76707649230957 3 -14.06269359588623
			vertex 21.030847549438477 8 -13.764957427978516
			vertex 21.030847549438477 3 -13.764957427978516
		endloop
	endfacet
	facet normal 0.8854565330196457 0 -0.46472220533651026
		outer loop
			vertex 20.582223892211914 3 -14.414901733398438
			vertex 20.582223892211914 8 -14.414901733398438
			vertex 20.76707649230957 8 -14.06269359588623
		endloop
	endfacet
	facet normal 0.8854565330196457 0 -0.46472220533651026
		outer loop
			vertex 20.582223892211914 3 -14.414901733398438
			vertex 20.76707649230957 8 -14.06269359588623
			vertex 20.76707649230957 3 -14.06269359588623
		endloop
	endfacet
	facet normal 0.9709411932650283 0 -0.23931819659416453
		outer loop
			vertex 20.487030029296875 3 -14.801114082336426
			vertex 20.487030029296875 8 -14.801114082336426
			vertex 20.582223892211914 8 -14.414901733398438
		endloop
	endfacet
	facet normal 0.9709411932650283 0 -0.23931819659416453
		outer loop
			vertex 20.487030029296875 3 -14.801114082336426
			vertex 20.582223892211914 8 -14.414901733398438
			vertex 20.582223892211914 3 -14.414901733398438
		endloop
	endfacet
	facet normal 1 0 0
		outer loop
			vertex 20.487030029296875 3 -15.198885917663574
			vertex 20.487030029296875 8 -15.198885917663574
			vertex 20.487030029296875 8 -14.801114082336426
		endloop
	endfacet
	facet normal 1 0 0
		outer loop
			vertex 20.487030029296875 3 -15.198885917663574
			vertex 20.487030029296875 8 -14.801114082336426
			vertex 20.487030029296875 3 -14.801114082336426
		endloop
	endfacet
	facet normal 0.9709411932650283 0 0.23931819659416453
		outer loop
			vertex 20.582223892211914 3 -15.585098266601562
			vertex 20.582223892211914 8 -15.585098266601562
			vertex 20.487030029296875 8 -15.198885917663574
		endloop
	endfacet
	facet normal 0.8854565330196457 0 0.46472220533651026
		outer loop
			vertex 20.582223892211914 3 -15.585098266601562
			vertex 20.76707649230957 8 -15.93730640411377
			vertex 20.582223892211914 8 -15.585098266601562
		endloop
	endfacet
	facet normal 0.9709411932650283 0 0.23931819659416453
		outer loop
			vertex 20.582223892211914 3 -15.585098266601562
			vertex 20.487030029296875 8 -15.198885917663574
			vertex 20.487030029296875 3 -15.198885917663574
		endloop
	endfacet
	facet normal 0.8854565330196457 0 0.46472220533651026
		outer loop
			vertex 20.76707649230957 3 -15.93730640411377
			vertex 20.76707649230957 8 -15.93730640411377
			vertex 20.582223892211914 3 -15.585098266601562
		endloop
	endfacet
	facet normal 0.7485109612257667 0 0.6631224177517142
		outer loop
			vertex 21.030847549438477 3 -16.235042572021484
			vertex 21.030847549438477 8 -16.235042572021484
			vertex 20.76707649230957 8 -15.93730640411377
		endloop
	endfacet
	facet normal 0.7485109612257667 0 0.6631224177517142
		outer loop
			vertex 21.030847549438477 3 -16.235042572021484
			vertex 20.76707649230957 8 -15.93730640411377
			vertex 20.76707649230957 3 -15.93730640411377
		endloop
	endfacet
	facet normal 0.5680636894387953 0 0.8229845956888768
		outer loop
			vertex 21.35820770263672 3 -16.461002349853516
			vertex 21.35820770263672 8 -16.461002349853516
			vertex 21.030847549438477 8 -16.235042572021484
		endloop
	endfacet
	facet normal 0.5680636894387953 0 0.8229845956888768
		outer loop
			vertex 21.35820770263672 3 -16.461002349853516
			vertex 21.030847549438477 8 -16.235042572021484
			vertex 21.030847549438477 3 -16.235042572021484
		endloop
	endfacet
	facet normal 0.354607110115626 0 0.9350153995819772
		outer loop
			vertex 21.73012924194336 3 -16.602054595947266
			vertex 21.73012924194336 8 -16.602054595947266
			vertex 21.35820770263672 8 -16.461002349853516
		endloop
	endfacet
	facet normal 0.354607110115626 0 0.9350153995819772
		outer loop
			vertex 21.73012924194336 3 -16.602054595947266
			vertex 21.35820770263672 8 -16.461002349853516
			vertex 21.35820770263672 3 -16.461002349853516
		endloop
	endfacet
	facet normal 0.12053428210812336 0 0.9927091652829036
		outer loop
			vertex 22.125 3 -16.649999618530273
			vertex 22.125 8 -16.649999618530273
			vertex 21.73012924194336 8 -16.602054595947266
		endloop
	endfacet
	facet normal 0.12053428210812336 0 0.9927091652829036
		outer loop
			vertex 22.125 3 -16.649999618530273
			vertex 21.73012924194336 8 -16.602054595947266
			vertex 21.73012924194336 3 -16.602054595947266
		endloop
	endfacet
	facet normal -1 0 0
		outer loop
			vertex 0 8 -25
			vertex 0 0 -5
			vertex 0 8 -5
		endloop
	endfacet
	facet normal -1 0 0
		outer loop
			vertex 0 8 -25
			vertex 0 0 -25
			vertex 0 0 -5
		endloop
	endfacet
	facet normal 0 0 1
		outer loop
			vertex 42.448463439941406 -13.629645347595215 0
			vertex 42.75 -15.33974552154541 0
			vertex 42.67403793334961 -14.471505165100098 0
		endloop
	endfacet
	facet normal -1.5488180549137893e-16 0 1
		outer loop
			vertex 34.25 -21.339746475219727 -1.3164953466767207e-15
			vertex 42.75 -35 0
			vertex 42.75 -15.33974552154541 0
		endloop
	endfacet
	facet normal -1.5488180549137893e-16 0 1
		outer loop
			vertex 34.25 -21.339746475219727 -1.3164953466767207e-15
			vertex 34.25 -35 -1.3164953466767207e-15
			vertex 42.75 -35 0
		endloop
	endfacet
	facet normal 0 0 1
		outer loop
			vertex 42.08012771606445 -12.83974552154541 0
			vertex 42.75 -15.33974552154541 0
			vertex 42.448463439941406 -13.629645347595215 0
		endloop
	endfacet
	facet normal 8.621849832370249e-16 -1.4408443883491908e-15 1
		outer loop
			vertex 34.17403793334961 -20.47150421142578 0
			vertex 34.25 -21.339746475219727 -1.3164953466767207e-15
			vertex 42.75 -15.33974552154541 0
		endloop
	endfacet
	facet normal 0 0 1
		outer loop
			vertex 33.948463439941406 -19.6296443939209 0
			vertex 34.17403793334961 -20.47150421142578 0
			vertex 42.75 -15.33974552154541 0
		endloop
	endfacet
	facet normal 0 0 1
		outer loop
			vertex 33.58012771606445 -18.839746475219727 0
			vertex 42.75 -15.33974552154541 0
			vertex 42.08012771606445 -12.83974552154541 0
		endloop
	endfacet
	facet normal 0 0 1
		outer loop
			vertex 33.58012771606445 -18.839746475219727 0
			vertex 33.948463439941406 -19.6296443939209 0
			vertex 42.75 -15.33974552154541 0
		endloop
	endfacet
	facet normal 0 0 1
		outer loop
			vertex 24.14636993408203 -2.5 0
			vertex 33.58012771606445 -18.839746475219727 0
			vertex 42.08012771606445 -12.83974552154541 0
		endloop
	endfacet
	facet normal 0 0 1
		outer loop
			vertex 30.048294067382812 8 0
			vertex 22.31624412536621 -0.6698729991912842 0
			vertex 23.030181884765625 -1.169777750968933 0
		endloop
	endfacet
	facet normal 0 0 1
		outer loop
			vertex 30.048294067382812 8 0
			vertex 23.030181884765625 -1.169777750968933 0
			vertex 23.646465301513672 -1.7860620021820068 0
		endloop
	endfacet
	facet normal 0 0 1
		outer loop
			vertex 30.048294067382812 8 0
			vertex 23.646465301513672 -1.7860620021820068 0
			vertex 24.14636993408203 -2.5 0
		endloop
	endfacet
	facet normal 0 0 1
		outer loop
			vertex 30.048294067382812 8 0
			vertex 24.14636993408203 -2.5 0
			vertex 42.08012771606445 -12.83974552154541 0
		endloop
	endfacet
	facet normal 0 0 1
		outer loop
			vertex 21.526344299316406 -0.30153688788414 0
			vertex 22.31624412536621 -0.6698729991912842 0
			vertex 30.048294067382812 8 0
		endloop
	endfacet
	facet normal 0 0 1
		outer loop
			vertex 20.684484481811523 -0.07596123218536377 0
			vertex 21.526344299316406 -0.30153688788414 0
			vertex 30.048294067382812 8 0
		endloop
	endfacet
	facet normal 0 0 1
		outer loop
			vertex 19.81624412536621 0 0
			vertex 20.684484481811523 -0.07596123218536377 0
			vertex 30.048294067382812 8 0
		endloop
	endfacet
	facet normal 0 0 1
		outer loop
			vertex 5 8 0
			vertex 5 0 0
			vertex 19.81624412536621 0 0
		endloop
	endfacet
	facet normal 0 0 1
		outer loop
			vertex 5 8 0
			vertex 19.81624412536621 0 0
			vertex 30.048294067382812 8 0
		endloop
	endfacet
	facet normal 1 0 0
		outer loop
			vertex 42.75 -37.5 -29.330127716064453
			vertex 42.75 -38.830223083496094 -28.213937759399414
			vertex 42.75 -38.21393966674805 -28.830223083496094
		endloop
	endfacet
	facet normal 1 0 0
		outer loop
			vertex 42.75 -39.698463439941406 -26.710100173950195
			vertex 42.75 -39.33012771606445 -27.5
			vertex 42.75 -38.830223083496094 -28.213937759399414
		endloop
	endfacet
	facet normal 1 0 0
		outer loop
			vertex 42.75 -35.86824035644531 -29.92403793334961
			vertex 42.75 -37.5 -29.330127716064453
			vertex 42.75 -36.71010208129883 -29.698463439941406
		endloop
	endfacet
	facet normal 1 0 0
		outer loop
			vertex 42.75 -35 -30
			vertex 42.75 -38.830223083496094 -28.213937759399414
			vertex 42.75 -37.5 -29.330127716064453
		endloop
	endfacet
	facet normal 1 0 0
		outer loop
			vertex 42.75 -35 -30
			vertex 42.75 -37.5 -29.330127716064453
			vertex 42.75 -35.86824035644531 -29.92403793334961
		endloop
	endfacet
	facet normal 1 0 0
		outer loop
			vertex 42.75 -40 -25
			vertex 42.75 -39.92403793334961 -25.868240356445312
			vertex 42.75 -39.698463439941406 -26.710100173950195
		endloop
	endfacet
	facet normal 1 0 0
		outer loop
			vertex 42.75 -40 -25
			vertex 42.75 -39.698463439941406 -26.710100173950195
			vertex 42.75 -38.830223083496094 -28.213937759399414
		endloop
	endfacet
	facet normal 1 0 0
		outer loop
			vertex 42.75 -40 -25
			vertex 42.75 -38.830223083496094 -28.213937759399414
			vertex 42.75 -35 -30
		endloop
	endfacet
	facet normal 1 0 0
		outer loop
			vertex 42.75 -29.246978759765625 -18.563663482666016
			vertex 42.75 -40 -25
			vertex 42.75 -35 -30
		endloop
	endfacet
	facet normal 1 0 0
		outer loop
			vertex 42.75 -29.563663482666016 -18.246978759765625
			vertex 42.75 -40 -25
			vertex 42.75 -29.246978759765625 -18.563663482666016
		endloop
	endfacet
	facet normal 1 0 0
		outer loop
			vertex 42.75 -29.801937103271484 -17.867767333984375
			vertex 42.75 -40 -25
			vertex 42.75 -29.563663482666016 -18.246978759765625
		endloop
	endfacet
	facet normal 1 0 0
		outer loop
			vertex 42.75 -28.867767333984375 -18.801937103271484
			vertex 42.75 -29.246978759765625 -18.563663482666016
			vertex 42.75 -35 -30
		endloop
	endfacet
	facet normal 1 0 0
		outer loop
			vertex 42.75 -28.44504165649414 -18.94985580444336
			vertex 42.75 -28.867767333984375 -18.801937103271484
			vertex 42.75 -35 -30
		endloop
	endfacet
	facet normal 1 0 0
		outer loop
			vertex 42.75 -29.94985580444336 -17.44504165649414
			vertex 42.75 -40 -25
			vertex 42.75 -29.801937103271484 -17.867767333984375
		endloop
	endfacet
	facet normal 1 0 0
		outer loop
			vertex 42.75 -28 -19
			vertex 42.75 -28.44504165649414 -18.94985580444336
			vertex 42.75 -35 -30
		endloop
	endfacet
	facet normal 1 0 0
		outer loop
			vertex 42.75 -30 -17
			vertex 42.75 -40 -25
			vertex 42.75 -29.94985580444336 -17.44504165649414
		endloop
	endfacet
	facet normal 1 0 0
		outer loop
			vertex 42.75 -15.33974552154541 -30
			vertex 42.75 -28 -19
			vertex 42.75 -35 -30
		endloop
	endfacet
	facet normal 1 0 0
		outer loop
			vertex 42.75 -30 -13
			vertex 42.75 -40 -5
			vertex 42.75 -40 -25
		endloop
	endfacet
	facet normal 1 0 0
		outer loop
			vertex 42.75 -30 -13
			vertex 42.75 -40 -25
			vertex 42.75 -30 -17
		endloop
	endfacet
	facet normal 1 0 0
		outer loop
			vertex 42.75 -39.698463439941406 -3.2898993492126465
			vertex 42.75 -39.92403793334961 -4.131759166717529
			vertex 42.75 -40 -5
		endloop
	endfacet
	facet normal 1 0 0
		outer loop
			vertex 42.75 -29.94985580444336 -12.55495834350586
			vertex 42.75 -40 -5
			vertex 42.75 -30 -13
		endloop
	endfacet
	facet normal 1 0 0
		outer loop
			vertex 42.75 -29.801937103271484 -12.132232666015625
			vertex 42.75 -40 -5
			vertex 42.75 -29.94985580444336 -12.55495834350586
		endloop
	endfacet
	facet normal 1 0 0
		outer loop
			vertex 42.75 -29.563663482666016 -11.753020286560059
			vertex 42.75 -40 -5
			vertex 42.75 -29.801937103271484 -12.132232666015625
		endloop
	endfacet
	facet normal 1 0 0
		outer loop
			vertex 42.75 -29.246978759765625 -11.4363374710083
			vertex 42.75 -40 -5
			vertex 42.75 -29.563663482666016 -11.753020286560059
		endloop
	endfacet
	facet normal 1 0 0
		outer loop
			vertex 42.75 -38.21393966674805 -1.169777750968933
			vertex 42.75 -39.33012771606445 -2.5
			vertex 42.75 -39.698463439941406 -3.2898993492126465
		endloop
	endfacet
	facet normal 1 0 0
		outer loop
			vertex 42.75 -38.21393966674805 -1.169777750968933
			vertex 42.75 -38.830223083496094 -1.7860620021820068
			vertex 42.75 -39.33012771606445 -2.5
		endloop
	endfacet
	facet normal 1 0 0
		outer loop
			vertex 42.75 -37.5 -0.6698729991912842
			vertex 42.75 -38.21393966674805 -1.169777750968933
			vertex 42.75 -39.698463439941406 -3.2898993492126465
		endloop
	endfacet
	facet normal 1 0 0
		outer loop
			vertex 42.75 -35.86824035644531 -0.07596123218536377
			vertex 42.75 -36.71010208129883 -0.30153688788414
			vertex 42.75 -37.5 -0.6698729991912842
		endloop
	endfacet
	facet normal 1 0 0
		outer loop
			vertex 42.75 -35.86824035644531 -0.07596123218536377
			vertex 42.75 -37.5 -0.6698729991912842
			vertex 42.75 -39.698463439941406 -3.2898993492126465
		endloop
	endfacet
	facet normal 1 0 0
		outer loop
			vertex 42.75 -35 0
			vertex 42.75 -40 -5
			vertex 42.75 -29.246978759765625 -11.4363374710083
		endloop
	endfacet
	facet normal 1 0 0
		outer loop
			vertex 42.75 -35 0
			vertex 42.75 -35.86824035644531 -0.07596123218536377
			vertex 42.75 -39.698463439941406 -3.2898993492126465
		endloop
	endfacet
	facet normal 1 0 0
		outer loop
			vertex 42.75 -35 0
			vertex 42.75 -29.246978759765625 -11.4363374710083
			vertex 42.75 -28.867767333984375 -11.1980619430542
		endloop
	endfacet
	facet normal 1 0 0
		outer loop
			vertex 42.75 -35 0
			vertex 42.75 -28.867767333984375 -11.1980619430542
			vertex 42.75 -28.44504165649414 -11.05014419555664
		endloop
	endfacet
	facet normal 1 0 0
		outer loop
			vertex 42.75 -35 0
			vertex 42.75 -28.44504165649414 -11.05014419555664
			vertex 42.75 -28 -11
		endloop
	endfacet
	facet normal 1 0 0
		outer loop
			vertex 42.75 -35 0
			vertex 42.75 -39.698463439941406 -3.2898993492126465
			vertex 42.75 -40 -5
		endloop
	endfacet
	facet normal 1 0 0
		outer loop
			vertex 42.75 -15.33974552154541 -19
			vertex 42.75 -28 -19
			vertex 42.75 -15.33974552154541 -30
		endloop
	endfacet
	facet normal 1 0 0
		outer loop
			vertex 42.75 -15.33974552154541 0
			vertex 42.75 -28 -11
			vertex 42.75 -15.33974552154541 -11
		endloop
	endfacet
	facet normal 1 0 0
		outer loop
			vertex 42.75 -15.33974552154541 0
			vertex 42.75 -35 0
			vertex 42.75 -28 -11
		endloop
	endfacet
	facet normal 0 0 -1
		outer loop
			vertex 34.25 -21.339746475219727 -30
			vertex 42.75 -35 -30
			vertex 34.25 -35 -30
		endloop
	endfacet
	facet normal 0 0 -1
		outer loop
			vertex 19.81624412536621 0 -30
			vertex 5 0 -30
			vertex 5 8 -30
		endloop
	endfacet
	facet normal 0 0 -1
		outer loop
			vertex 42.75 -15.33974552154541 -30
			vertex 34.25 -21.339746475219727 -30
			vertex 34.17403793334961 -20.47150421142578 -30
		endloop
	endfacet
	facet normal 0 0 -1
		outer loop
			vertex 42.75 -15.33974552154541 -30
			vertex 34.17403793334961 -20.47150421142578 -30
			vertex 33.948463439941406 -19.6296443939209 -30
		endloop
	endfacet
	facet normal 0 0 -1
		outer loop
			vertex 42.75 -15.33974552154541 -30
			vertex 33.948463439941406 -19.6296443939209 -30
			vertex 33.58012771606445 -18.839746475219727 -30
		endloop
	endfacet
	facet normal 0 0 -1
		outer loop
			vertex 42.75 -15.33974552154541 -30
			vertex 42.75 -35 -30
			vertex 34.25 -21.339746475219727 -30
		endloop
	endfacet
	facet normal 0 0 -1
		outer loop
			vertex 42.448463439941406 -13.629645347595215 -30
			vertex 42.67403793334961 -14.471505165100098 -30
			vertex 42.75 -15.33974552154541 -30
		endloop
	endfacet
	facet normal 0 0 -1
		outer loop
			vertex 42.08012771606445 -12.83974552154541 -30
			vertex 33.58012771606445 -18.839746475219727 -30
			vertex 24.14636993408203 -2.5 -30
		endloop
	endfacet
	facet normal 0 0 -1
		outer loop
			vertex 42.08012771606445 -12.83974552154541 -30
			vertex 42.75 -15.33974552154541 -30
			vertex 33.58012771606445 -18.839746475219727 -30
		endloop
	endfacet
	facet normal 0 0 -1
		outer loop
			vertex 42.08012771606445 -12.83974552154541 -30
			vertex 42.448463439941406 -13.629645347595215 -30
			vertex 42.75 -15.33974552154541 -30
		endloop
	endfacet
	facet normal 0 0 -1
		outer loop
			vertex 30.048294067382812 8 -30
			vertex 24.14636993408203 -2.5 -30
			vertex 23.646465301513672 -1.7860620021820068 -30
		endloop
	endfacet
	facet normal 0 0 -1
		outer loop
			vertex 30.048294067382812 8 -30
			vertex 23.646465301513672 -1.7860620021820068 -30
			vertex 23.030181884765625 -1.169777750968933 -30
		endloop
	endfacet
	facet normal 0 0 -1
		outer loop
			vertex 30.048294067382812 8 -30
			vertex 23.030181884765625 -1.169777750968933 -30
			vertex 22.31624412536621 -0.6698729991912842 -30
		endloop
	endfacet
	facet normal 0 0 -1
		outer loop
			vertex 30.048294067382812 8 -30
			vertex 22.31624412536621 -0.6698729991912842 -30
			vertex 21.526344299316406 -0.30153688788414 -30
		endloop
	endfacet
	facet normal 0 0 -1
		outer loop
			vertex 30.048294067382812 8 -30
			vertex 21.526344299316406 -0.30153688788414 -30
			vertex 20.684484481811523 -0.07596123218536377 -30
		endloop
	endfacet
	facet normal 0 0 -1
		outer loop
			vertex 30.048294067382812 8 -30
			vertex 20.684484481811523 -0.07596123218536377 -30
			vertex 19.81624412536621 0 -30
		endloop
	endfacet
	facet normal 0 0 -1
		outer loop
			vertex 30.048294067382812 8 -30
			vertex 19.81624412536621 0 -30
			vertex 5 8 -30
		endloop
	endfacet
	facet normal 0 0 -1
		outer loop
			vertex 30.048294067382812 8 -30
			vertex 42.08012771606445 -12.83974552154541 -30
			vertex 24.14636993408203 -2.5 -30
		endloop
	endfacet
	facet normal 0 1 0
		outer loop
			vertex 0.6698729991912842 8 -2.5
			vertex 1.169777750968933 8 -1.7860620021820068
			vertex 1.7860620021820068 8 -1.169777750968933
		endloop
	endfacet
	facet normal 0 1 0
		outer loop
			vertex 3.2898993492126465 8 -0.30153688788414
			vertex 1.7860620021820068 8 -1.169777750968933
			vertex 2.5 8 -0.6698729991912842
		endloop
	endfacet
	facet normal 0 1 0
		outer loop
			vertex 3.2898993492126465 8 -0.30153688788414
			vertex 0.6698729991912842 8 -2.5
			vertex 1.7860620021820068 8 -1.169777750968933
		endloop
	endfacet
	facet normal 0 1 0
		outer loop
			vertex 4.131759166717529 8 -0.07596123218536377
			vertex 0.30153688788414 8 -3.2898993492126465
			vertex 0.6698729991912842 8 -2.5
		endloop
	endfacet
	facet normal 0 1 0
		outer loop
			vertex 4.131759166717529 8 -0.07596123218536377
			vertex 0.07596123218536377 8 -4.131759166717529
			vertex 0.30153688788414 8 -3.2898993492126465
		endloop
	endfacet
	facet normal 0 1 0
		outer loop
			vertex 4.131759166717529 8 -0.07596123218536377
			vertex 0.6698729991912842 8 -2.5
			vertex 3.2898993492126465 8 -0.30153688788414
		endloop
	endfacet
	facet normal 0 1 0
		outer loop
			vertex 0 8 -5
			vertex 0.07596123218536377 8 -4.131759166717529
			vertex 4.131759166717529 8 -0.07596123218536377
		endloop
	endfacet
	facet normal 0 1 0
		outer loop
			vertex 5 8 0
			vertex 0 8 -5
			vertex 4.131759166717529 8 -0.07596123218536377
		endloop
	endfacet
	facet normal 0 1 0
		outer loop
			vertex 0.30153688788414 8 -26.710100173950195
			vertex 0.07596123218536377 8 -25.868240356445312
			vertex 0 8 -25
		endloop
	endfacet
	facet normal 0 1 0
		outer loop
			vertex 1.7860620021820068 8 -28.830223083496094
			vertex 0.6698729991912842 8 -27.5
			vertex 0.30153688788414 8 -26.710100173950195
		endloop
	endfacet
	facet normal 0 1 0
		outer loop
			vertex 1.7860620021820068 8 -28.830223083496094
			vertex 1.169777750968933 8 -28.213937759399414
			vertex 0.6698729991912842 8 -27.5
		endloop
	endfacet
	facet normal 0 1 0
		outer loop
			vertex 1.7860620021820068 8 -28.830223083496094
			vertex 0.30153688788414 8 -26.710100173950195
			vertex 0 8 -25
		endloop
	endfacet
	facet normal 0 1 0
		outer loop
			vertex 3.2898993492126465 8 -29.698463439941406
			vertex 2.5 8 -29.330127716064453
			vertex 1.7860620021820068 8 -28.830223083496094
		endloop
	endfacet
	facet normal 0 1 0
		outer loop
			vertex 21.35820770263672 8 -13.538997650146484
			vertex 20.76707649230957 8 -14.06269359588623
			vertex 21.030847549438477 8 -13.764957427978516
		endloop
	endfacet
	facet normal 0 1 0
		outer loop
			vertex 5 8 -30
			vertex 4.131759166717529 8 -29.92403793334961
			vertex 3.2898993492126465 8 -29.698463439941406
		endloop
	endfacet
	facet normal 0 1 0
		outer loop
			vertex 5 8 -30
			vertex 3.2898993492126465 8 -29.698463439941406
			vertex 1.7860620021820068 8 -28.830223083496094
		endloop
	endfacet
	facet normal 0 1 0
		outer loop
			vertex 5 8 -30
			vertex 1.7860620021820068 8 -28.830223083496094
			vertex 0 8 -25
		endloop
	endfacet
	facet normal 0 1 0
		outer loop
			vertex 20.487030029296875 8 -14.801114082336426
			vertex 20.582223892211914 8 -14.414901733398438
			vertex 20.76707649230957 8 -14.06269359588623
		endloop
	endfacet
	facet normal 0 1 0
		outer loop
			vertex 22.125 8 -13.350000381469727
			vertex 21.35820770263672 8 -13.538997650146484
			vertex 21.73012924194336 8 -13.39794635772705
		endloop
	endfacet
	facet normal 0 1 0
		outer loop
			vertex 20.487030029296875 8 -15.198885917663574
			vertex 20.487030029296875 8 -14.801114082336426
			vertex 20.76707649230957 8 -14.06269359588623
		endloop
	endfacet
	facet normal 0 1 0
		outer loop
			vertex 21.030847549438477 8 -16.235042572021484
			vertex 20.487030029296875 8 -15.198885917663574
			vertex 20.76707649230957 8 -14.06269359588623
		endloop
	endfacet
	facet normal 0 1 0
		outer loop
			vertex 21.030847549438477 8 -16.235042572021484
			vertex 20.582223892211914 8 -15.585098266601562
			vertex 20.487030029296875 8 -15.198885917663574
		endloop
	endfacet
	facet normal 0 1 0
		outer loop
			vertex 21.030847549438477 8 -16.235042572021484
			vertex 20.76707649230957 8 -15.93730640411377
			vertex 20.582223892211914 8 -15.585098266601562
		endloop
	endfacet
	facet normal 0 1 0
		outer loop
			vertex 21.35820770263672 8 -16.461002349853516
			vertex 21.030847549438477 8 -16.235042572021484
			vertex 20.76707649230957 8 -14.06269359588623
		endloop
	endfacet
	facet normal 0 1 0
		outer loop
			vertex 21.73012924194336 8 -16.602054595947266
			vertex 21.35820770263672 8 -13.538997650146484
			vertex 22.125 8 -13.350000381469727
		endloop
	endfacet
	facet normal 0 1 0
		outer loop
			vertex 21.73012924194336 8 -16.602054595947266
			vertex 21.35820770263672 8 -16.461002349853516
			vertex 20.76707649230957 8 -14.06269359588623
		endloop
	endfacet
	facet normal 0 1 0
		outer loop
			vertex 21.73012924194336 8 -16.602054595947266
			vertex 20.76707649230957 8 -14.06269359588623
			vertex 21.35820770263672 8 -13.538997650146484
		endloop
	endfacet
	facet normal 0 1 0
		outer loop
			vertex 23.762969970703125 8 -14.801114082336426
			vertex 23.48292350769043 8 -14.06269359588623
			vertex 23.667776107788086 8 -14.414901733398438
		endloop
	endfacet
	facet normal 0 1 0
		outer loop
			vertex 23.762969970703125 8 -14.801114082336426
			vertex 23.219152450561523 8 -13.764957427978516
			vertex 23.48292350769043 8 -14.06269359588623
		endloop
	endfacet
	facet normal 0 1 0
		outer loop
			vertex 22.125 8 -16.649999618530273
			vertex 22.125 8 -13.350000381469727
			vertex 22.51987075805664 8 -13.39794635772705
		endloop
	endfacet
	facet normal 0 1 0
		outer loop
			vertex 22.125 8 -16.649999618530273
			vertex 21.73012924194336 8 -16.602054595947266
			vertex 22.125 8 -13.350000381469727
		endloop
	endfacet
	facet normal 0 1 0
		outer loop
			vertex 22.51987075805664 8 -16.602054595947266
			vertex 22.125 8 -16.649999618530273
			vertex 22.51987075805664 8 -13.39794635772705
		endloop
	endfacet
	facet normal 0 1 0
		outer loop
			vertex 22.51987075805664 8 -16.602054595947266
			vertex 22.51987075805664 8 -13.39794635772705
			vertex 22.89179229736328 8 -13.538997650146484
		endloop
	endfacet
	facet normal 0 1 0
		outer loop
			vertex 23.667776107788086 8 -15.585098266601562
			vertex 23.762969970703125 8 -14.801114082336426
			vertex 23.762969970703125 8 -15.198885917663574
		endloop
	endfacet
	facet normal 0 1 0
		outer loop
			vertex 23.667776107788086 8 -15.585098266601562
			vertex 23.219152450561523 8 -13.764957427978516
			vertex 23.762969970703125 8 -14.801114082336426
		endloop
	endfacet
	facet normal 0 1 0
		outer loop
			vertex 23.219152450561523 8 -16.235042572021484
			vertex 22.89179229736328 8 -16.461002349853516
			vertex 22.51987075805664 8 -16.602054595947266
		endloop
	endfacet
	facet normal 0 1 0
		outer loop
			vertex 23.219152450561523 8 -16.235042572021484
			vertex 23.667776107788086 8 -15.585098266601562
			vertex 23.48292350769043 8 -15.93730640411377
		endloop
	endfacet
	facet normal 0 1 0
		outer loop
			vertex 23.219152450561523 8 -16.235042572021484
			vertex 22.89179229736328 8 -13.538997650146484
			vertex 23.219152450561523 8 -13.764957427978516
		endloop
	endfacet
	facet normal 0 1 0
		outer loop
			vertex 23.219152450561523 8 -16.235042572021484
			vertex 22.51987075805664 8 -16.602054595947266
			vertex 22.89179229736328 8 -13.538997650146484
		endloop
	endfacet
	facet normal 0 1 0
		outer loop
			vertex 23.219152450561523 8 -16.235042572021484
			vertex 23.219152450561523 8 -13.764957427978516
			vertex 23.667776107788086 8 -15.585098266601562
		endloop
	endfacet
	facet normal 0 -1 0
		outer loop
			vertex 42.75 -40 -5
			vertex 34.25 -40 -25
			vertex 42.75 -40 -25
		endloop
	endfacet
	facet normal 0 -1 0
		outer loop
			vertex 42.75 -40 -5
			vertex 34.25 -40 -5
			vertex 34.25 -40 -25
		endloop
	endfacet
	facet normal 0 -1 0
		outer loop
			vertex 20.582223892211914 3 -14.414901733398438
			vertex 21.030847549438477 3 -13.764957427978516
			vertex 20.76707649230957 3 -14.06269359588623
		endloop
	endfacet
	facet normal 0 -1 0
		outer loop
			vertex 20.582223892211914 3 -15.585098266601562
			vertex 20.487030029296875 3 -14.801114082336426
			vertex 20.487030029296875 3 -15.198885917663574
		endloop
	endfacet
	facet normal 0 -1 0
		outer loop
			vertex 23.48292350769043 3 -14.06269359588623
			vertex 23.219152450561523 3 -13.764957427978516
			vertex 22.89179229736328 3 -13.538997650146484
		endloop
	endfacet
	facet normal 0 -1 0
		outer loop
			vertex 23.48292350769043 3 -14.06269359588623
			vertex 22.89179229736328 3 -13.538997650146484
			vertex 22.51987075805664 3 -13.39794635772705
		endloop
	endfacet
	facet normal 0 -1 0
		outer loop
			vertex 23.48292350769043 3 -14.06269359588623
			vertex 22.51987075805664 3 -13.39794635772705
			vertex 22.125 3 -13.350000381469727
		endloop
	endfacet
	facet normal 0 -1 0
		outer loop
			vertex 23.48292350769043 3 -14.06269359588623
			vertex 22.125 3 -13.350000381469727
			vertex 21.73012924194336 3 -13.39794635772705
		endloop
	endfacet
	facet normal 0 -1 0
		outer loop
			vertex 23.48292350769043 3 -14.06269359588623
			vertex 21.73012924194336 3 -13.39794635772705
			vertex 21.35820770263672 3 -13.538997650146484
		endloop
	endfacet
	facet normal 0 -1 0
		outer loop
			vertex 23.48292350769043 3 -14.06269359588623
			vertex 21.35820770263672 3 -13.538997650146484
			vertex 21.030847549438477 3 -13.764957427978516
		endloop
	endfacet
	facet normal 0 -1 0
		outer loop
			vertex 23.762969970703125 3 -14.801114082336426
			vertex 23.667776107788086 3 -14.414901733398438
			vertex 23.48292350769043 3 -14.06269359588623
		endloop
	endfacet
	facet normal 0 -1 0
		outer loop
			vertex 22.125 3 -16.649999618530273
			vertex 21.35820770263672 3 -16.461002349853516
			vertex 21.73012924194336 3 -16.602054595947266
		endloop
	endfacet
	facet normal 0 -1 0
		outer loop
			vertex 23.762969970703125 3 -15.198885917663574
			vertex 20.582223892211914 3 -14.414901733398438
			vertex 20.487030029296875 3 -14.801114082336426
		endloop
	endfacet
	facet normal 0 -1 0
		outer loop
			vertex 23.762969970703125 3 -15.198885917663574
			vertex 21.030847549438477 3 -13.764957427978516
			vertex 20.582223892211914 3 -14.414901733398438
		endloop
	endfacet
	facet normal 0 -1 0
		outer loop
			vertex 23.762969970703125 3 -15.198885917663574
			vertex 23.48292350769043 3 -14.06269359588623
			vertex 21.030847549438477 3 -13.764957427978516
		endloop
	endfacet
	facet normal 0 -1 0
		outer loop
			vertex 23.762969970703125 3 -15.198885917663574
			vertex 23.762969970703125 3 -14.801114082336426
			vertex 23.48292350769043 3 -14.06269359588623
		endloop
	endfacet
	facet normal 0 -1 0
		outer loop
			vertex 22.51987075805664 3 -16.602054595947266
			vertex 20.76707649230957 3 -15.93730640411377
			vertex 21.030847549438477 3 -16.235042572021484
		endloop
	endfacet
	facet normal 0 -1 0
		outer loop
			vertex 22.51987075805664 3 -16.602054595947266
			vertex 21.030847549438477 3 -16.235042572021484
			vertex 21.35820770263672 3 -16.461002349853516
		endloop
	endfacet
	facet normal 0 -1 0
		outer loop
			vertex 22.51987075805664 3 -16.602054595947266
			vertex 21.35820770263672 3 -16.461002349853516
			vertex 22.125 3 -16.649999618530273
		endloop
	endfacet
	facet normal 0 -1 0
		outer loop
			vertex 23.48292350769043 3 -15.93730640411377
			vertex 23.667776107788086 3 -15.585098266601562
			vertex 23.762969970703125 3 -15.198885917663574
		endloop
	endfacet
	facet normal 0 -1 0
		outer loop
			vertex 23.219152450561523 3 -16.235042572021484
			vertex 22.51987075805664 3 -16.602054595947266
			vertex 22.89179229736328 3 -16.461002349853516
		endloop
	endfacet
	facet normal 0 -1 0
		outer loop
			vertex 23.219152450561523 3 -16.235042572021484
			vertex 20.582223892211914 3 -15.585098266601562
			vertex 20.76707649230957 3 -15.93730640411377
		endloop
	endfacet
	facet normal 0 -1 0
		outer loop
			vertex 23.219152450561523 3 -16.235042572021484
			vertex 20.487030029296875 3 -14.801114082336426
			vertex 20.582223892211914 3 -15.585098266601562
		endloop
	endfacet
	facet normal 0 -1 0
		outer loop
			vertex 23.219152450561523 3 -16.235042572021484
			vertex 23.762969970703125 3 -15.198885917663574
			vertex 20.487030029296875 3 -14.801114082336426
		endloop
	endfacet
	facet normal 0 -1 0
		outer loop
			vertex 23.219152450561523 3 -16.235042572021484
			vertex 23.48292350769043 3 -15.93730640411377
			vertex 23.762969970703125 3 -15.198885917663574
		endloop
	endfacet
	facet normal 0 -1 0
		outer loop
			vertex 23.219152450561523 3 -16.235042572021484
			vertex 20.76707649230957 3 -15.93730640411377
			vertex 22.51987075805664 3 -16.602054595947266
		endloop
	endfacet
	facet normal 0 -1 0
		outer loop
			vertex 4.76707649230957 3 -15.93730640411377
			vertex 4.582223415374756 3 -14.414901733398438
			vertex 4.487030506134033 3 -14.801114082336426
		endloop
	endfacet
	facet normal 0 -1 0
		outer loop
			vertex 4.76707649230957 3 -15.93730640411377
			vertex 4.487030506134033 3 -14.801114082336426
			vertex 4.487030506134033 3 -15.198885917663574
		endloop
	endfacet
	facet normal 0 -1 0
		outer loop
			vertex 4.76707649230957 3 -15.93730640411377
			vertex 4.487030506134033 3 -15.198885917663574
			vertex 4.582223415374756 3 -15.585098266601562
		endloop
	endfacet
	facet normal 0 -1 0
		outer loop
			vertex 7.762969493865967 3 -14.801114082336426
			vertex 7.667776584625244 3 -14.414901733398438
			vertex 7.48292350769043 3 -14.06269359588623
		endloop
	endfacet
	facet normal 0 -1 0
		outer loop
			vertex 6.519870758056641 3 -16.602054595947266
			vertex 5.358206748962402 3 -16.461002349853516
			vertex 5.730129241943359 3 -16.602054595947266
		endloop
	endfacet
	facet normal 0 -1 0
		outer loop
			vertex 6.519870758056641 3 -16.602054595947266
			vertex 5.730129241943359 3 -16.602054595947266
			vertex 6.125 3 -16.649999618530273
		endloop
	endfacet
	facet normal 0 -1 0
		outer loop
			vertex 7.667776584625244 3 -15.585098266601562
			vertex 7.762969493865967 3 -15.198885917663574
			vertex 7.762969493865967 3 -14.801114082336426
		endloop
	endfacet
	facet normal 0 -1 0
		outer loop
			vertex 7.667776584625244 3 -15.585098266601562
			vertex 7.762969493865967 3 -14.801114082336426
			vertex 7.48292350769043 3 -14.06269359588623
		endloop
	endfacet
	facet normal 0 -1 0
		outer loop
			vertex 6.891793251037598 3 -16.461002349853516
			vertex 6.891793251037598 3 -13.538997650146484
			vertex 6.519870758056641 3 -13.39794635772705
		endloop
	endfacet
	facet normal 0 -1 0
		outer loop
			vertex 6.891793251037598 3 -16.461002349853516
			vertex 6.519870758056641 3 -13.39794635772705
			vertex 6.125 3 -13.350000381469727
		endloop
	endfacet
	facet normal 0 -1 0
		outer loop
			vertex 6.891793251037598 3 -16.461002349853516
			vertex 6.125 3 -13.350000381469727
			vertex 5.730129241943359 3 -13.39794635772705
		endloop
	endfacet
	facet normal 0 -1 0
		outer loop
			vertex 6.891793251037598 3 -16.461002349853516
			vertex 5.730129241943359 3 -13.39794635772705
			vertex 5.358206748962402 3 -13.538997650146484
		endloop
	endfacet
	facet normal 0 -1 0
		outer loop
			vertex 6.891793251037598 3 -16.461002349853516
			vertex 5.358206748962402 3 -13.538997650146484
			vertex 5.030847549438477 3 -13.764957427978516
		endloop
	endfacet
	facet normal 0 -1 0
		outer loop
			vertex 6.891793251037598 3 -16.461002349853516
			vertex 5.030847549438477 3 -13.764957427978516
			vertex 4.76707649230957 3 -14.06269359588623
		endloop
	endfacet
	facet normal 0 -1 0
		outer loop
			vertex 6.891793251037598 3 -16.461002349853516
			vertex 4.76707649230957 3 -14.06269359588623
			vertex 4.582223415374756 3 -14.414901733398438
		endloop
	endfacet
	facet normal 0 -1 0
		outer loop
			vertex 6.891793251037598 3 -16.461002349853516
			vertex 4.76707649230957 3 -15.93730640411377
			vertex 5.030847549438477 3 -16.235042572021484
		endloop
	endfacet
	facet normal 0 -1 0
		outer loop
			vertex 6.891793251037598 3 -16.461002349853516
			vertex 5.030847549438477 3 -16.235042572021484
			vertex 5.358206748962402 3 -16.461002349853516
		endloop
	endfacet
	facet normal 0 -1 0
		outer loop
			vertex 6.891793251037598 3 -16.461002349853516
			vertex 4.582223415374756 3 -14.414901733398438
			vertex 4.76707649230957 3 -15.93730640411377
		endloop
	endfacet
	facet normal 0 -1 0
		outer loop
			vertex 6.891793251037598 3 -16.461002349853516
			vertex 5.358206748962402 3 -16.461002349853516
			vertex 6.519870758056641 3 -16.602054595947266
		endloop
	endfacet
	facet normal 0 -1 0
		outer loop
			vertex 7.219152450561523 3 -16.235042572021484
			vertex 7.48292350769043 3 -15.93730640411377
			vertex 7.667776584625244 3 -15.585098266601562
		endloop
	endfacet
	facet normal 0 -1 0
		outer loop
			vertex 7.219152450561523 3 -16.235042572021484
			vertex 7.48292350769043 3 -14.06269359588623
			vertex 7.219152450561523 3 -13.764957427978516
		endloop
	endfacet
	facet normal 0 -1 0
		outer loop
			vertex 7.219152450561523 3 -16.235042572021484
			vertex 7.219152450561523 3 -13.764957427978516
			vertex 6.891793251037598 3 -13.538997650146484
		endloop
	endfacet
	facet normal 0 -1 0
		outer loop
			vertex 7.219152450561523 3 -16.235042572021484
			vertex 6.891793251037598 3 -13.538997650146484
			vertex 6.891793251037598 3 -16.461002349853516
		endloop
	endfacet
	facet normal 0 -1 0
		outer loop
			vertex 7.219152450561523 3 -16.235042572021484
			vertex 7.667776584625244 3 -15.585098266601562
			vertex 7.48292350769043 3 -14.06269359588623
		endloop
	endfacet
	facet normal 1 0 0
		outer loop
			vertex 36.75 -36.02851867675781 -9.60993480682373
			vertex 36.75 -35.729434967041016 -9.17663860321045
			vertex 36.75 -35.90528106689453 -9.375128746032715
		endloop
	endfacet
	facet normal 1 0 0
		outer loop
			vertex 36.75 -34.09471893310547 -9.375128746032715
			vertex 36.75 -34.270565032958984 -9.17663860321045
			vertex 36.75 -34.48880386352539 -9.02599811553955
		endloop
	endfacet
	facet normal 1 0 0
		outer loop
			vertex 36.75 -34.736751556396484 -11.068036079406738
			vertex 36.75 -35.51119613647461 -10.97400188446045
			vertex 36.75 -35.263248443603516 -11.068036079406738
		endloop
	endfacet
	facet normal 1 0 0
		outer loop
			vertex 36.75 -34.736751556396484 -11.068036079406738
			vertex 36.75 -35.263248443603516 -11.068036079406738
			vertex 36.75 -35 -11.100000381469727
		endloop
	endfacet
	facet normal 1 0 0
		outer loop
			vertex 36.75 -34.48880386352539 -10.97400188446045
			vertex 36.75 -35.51119613647461 -10.97400188446045
			vertex 36.75 -34.736751556396484 -11.068036079406738
		endloop
	endfacet
	facet normal 1 0 0
		outer loop
			vertex 36.75 -34.09471893310547 -10.624871253967285
			vertex 36.75 -33.97148132324219 -10.39006519317627
			vertex 36.75 -33.90802001953125 -10.132590293884277
		endloop
	endfacet
	facet normal 1 0 0
		outer loop
			vertex 36.75 -34.09471893310547 -10.624871253967285
			vertex 36.75 -33.90802001953125 -10.132590293884277
			vertex 36.75 -33.90802001953125 -9.867409706115723
		endloop
	endfacet
	facet normal 1 0 0
		outer loop
			vertex 36.75 -34.09471893310547 -10.624871253967285
			vertex 36.75 -33.90802001953125 -9.867409706115723
			vertex 36.75 -33.97148132324219 -9.60993480682373
		endloop
	endfacet
	facet normal 1 0 0
		outer loop
			vertex 36.75 -34.09471893310547 -10.624871253967285
			vertex 36.75 -33.97148132324219 -9.60993480682373
			vertex 36.75 -34.09471893310547 -9.375128746032715
		endloop
	endfacet
	facet normal 1 0 0
		outer loop
			vertex 36.75 -34.09471893310547 -10.624871253967285
			vertex 36.75 -34.48880386352539 -9.02599811553955
			vertex 36.75 -34.736751556396484 -8.931963920593262
		endloop
	endfacet
	facet normal 1 0 0
		outer loop
			vertex 36.75 -34.09471893310547 -10.624871253967285
			vertex 36.75 -34.736751556396484 -8.931963920593262
			vertex 36.75 -35 -8.899999618530273
		endloop
	endfacet
	facet normal 1 0 0
		outer loop
			vertex 36.75 -34.09471893310547 -10.624871253967285
			vertex 36.75 -35 -8.899999618530273
			vertex 36.75 -35.263248443603516 -8.931963920593262
		endloop
	endfacet
	facet normal 1 0 0
		outer loop
			vertex 36.75 -34.09471893310547 -10.624871253967285
			vertex 36.75 -35.263248443603516 -8.931963920593262
			vertex 36.75 -35.51119613647461 -9.02599811553955
		endloop
	endfacet
	facet normal 1 0 0
		outer loop
			vertex 36.75 -34.09471893310547 -10.624871253967285
			vertex 36.75 -35.51119613647461 -9.02599811553955
			vertex 36.75 -35.729434967041016 -9.17663860321045
		endloop
	endfacet
	facet normal 1 0 0
		outer loop
			vertex 36.75 -34.09471893310547 -10.624871253967285
			vertex 36.75 -36.02851867675781 -9.60993480682373
			vertex 36.75 -36.09197998046875 -9.867409706115723
		endloop
	endfacet
	facet normal 1 0 0
		outer loop
			vertex 36.75 -34.09471893310547 -10.624871253967285
			vertex 36.75 -35.729434967041016 -9.17663860321045
			vertex 36.75 -36.02851867675781 -9.60993480682373
		endloop
	endfacet
	facet normal 1 0 0
		outer loop
			vertex 36.75 -34.09471893310547 -10.624871253967285
			vertex 36.75 -34.09471893310547 -9.375128746032715
			vertex 36.75 -34.48880386352539 -9.02599811553955
		endloop
	endfacet
	facet normal 1 0 0
		outer loop
			vertex 36.75 -34.270565032958984 -10.82336139678955
			vertex 36.75 -36.09197998046875 -9.867409706115723
			vertex 36.75 -36.09197998046875 -10.132590293884277
		endloop
	endfacet
	facet normal 1 0 0
		outer loop
			vertex 36.75 -34.270565032958984 -10.82336139678955
			vertex 36.75 -36.09197998046875 -10.132590293884277
			vertex 36.75 -36.02851867675781 -10.39006519317627
		endloop
	endfacet
	facet normal 1 0 0
		outer loop
			vertex 36.75 -34.270565032958984 -10.82336139678955
			vertex 36.75 -36.02851867675781 -10.39006519317627
			vertex 36.75 -35.90528106689453 -10.624871253967285
		endloop
	endfacet
	facet normal 1 0 0
		outer loop
			vertex 36.75 -34.270565032958984 -10.82336139678955
			vertex 36.75 -35.90528106689453 -10.624871253967285
			vertex 36.75 -35.729434967041016 -10.82336139678955
		endloop
	endfacet
	facet normal 1 0 0
		outer loop
			vertex 36.75 -34.270565032958984 -10.82336139678955
			vertex 36.75 -35.729434967041016 -10.82336139678955
			vertex 36.75 -35.51119613647461 -10.97400188446045
		endloop
	endfacet
	facet normal 1 0 0
		outer loop
			vertex 36.75 -34.270565032958984 -10.82336139678955
			vertex 36.75 -34.09471893310547 -10.624871253967285
			vertex 36.75 -36.09197998046875 -9.867409706115723
		endloop
	endfacet
	facet normal 1 0 0
		outer loop
			vertex 36.75 -34.270565032958984 -10.82336139678955
			vertex 36.75 -35.51119613647461 -10.97400188446045
			vertex 36.75 -34.48880386352539 -10.97400188446045
		endloop
	endfacet
	facet normal 1 0 0
		outer loop
			vertex 36.75 -34.270565032958984 -19.176637649536133
			vertex 36.75 -34.48880386352539 -19.025999069213867
			vertex 36.75 -34.736751556396484 -18.931964874267578
		endloop
	endfacet
	facet normal 1 0 0
		outer loop
			vertex 36.75 -33.97148132324219 -19.609933853149414
			vertex 36.75 -34.09471893310547 -19.37512969970703
			vertex 36.75 -34.270565032958984 -19.176637649536133
		endloop
	endfacet
	facet normal 1 0 0
		outer loop
			vertex 36.75 -33.97148132324219 -19.609933853149414
			vertex 36.75 -34.736751556396484 -18.931964874267578
			vertex 36.75 -35 -18.899999618530273
		endloop
	endfacet
	facet normal 1 0 0
		outer loop
			vertex 36.75 -33.97148132324219 -19.609933853149414
			vertex 36.75 -35 -18.899999618530273
			vertex 36.75 -35.263248443603516 -18.931964874267578
		endloop
	endfacet
	facet normal 1 0 0
		outer loop
			vertex 36.75 -33.97148132324219 -19.609933853149414
			vertex 36.75 -35.263248443603516 -18.931964874267578
			vertex 36.75 -35.51119613647461 -19.025999069213867
		endloop
	endfacet
	facet normal 1 0 0
		outer loop
			vertex 36.75 -33.97148132324219 -19.609933853149414
			vertex 36.75 -35.51119613647461 -19.025999069213867
			vertex 36.75 -35.729434967041016 -19.176637649536133
		endloop
	endfacet
	facet normal 1 0 0
		outer loop
			vertex 36.75 -33.97148132324219 -19.609933853149414
			vertex 36.75 -35.729434967041016 -19.176637649536133
			vertex 36.75 -35.90528106689453 -19.37512969970703
		endloop
	endfacet
	facet normal 1 0 0
		outer loop
			vertex 36.75 -33.97148132324219 -19.609933853149414
			vertex 36.75 -35.90528106689453 -19.37512969970703
			vertex 36.75 -36.02851867675781 -19.609933853149414
		endloop
	endfacet
	facet normal 1 0 0
		outer loop
			vertex 36.75 -33.97148132324219 -19.609933853149414
			vertex 36.75 -34.270565032958984 -19.176637649536133
			vertex 36.75 -34.736751556396484 -18.931964874267578
		endloop
	endfacet
	facet normal 1 0 0
		outer loop
			vertex 36.75 -35 -21.100000381469727
			vertex 36.75 -35.729434967041016 -20.823362350463867
			vertex 36.75 -35.51119613647461 -20.974000930786133
		endloop
	endfacet
	facet normal 1 0 0
		outer loop
			vertex 36.75 -35 -21.100000381469727
			vertex 36.75 -35.51119613647461 -20.974000930786133
			vertex 36.75 -35.263248443603516 -21.068035125732422
		endloop
	endfacet
	facet normal 1 0 0
		outer loop
			vertex 36.75 -33.97148132324219 -20.390066146850586
			vertex 36.75 -33.90802001953125 -20.132591247558594
			vertex 36.75 -33.90802001953125 -19.867408752441406
		endloop
	endfacet
	facet normal 1 0 0
		outer loop
			vertex 36.75 -33.97148132324219 -20.390066146850586
			vertex 36.75 -33.90802001953125 -19.867408752441406
			vertex 36.75 -33.97148132324219 -19.609933853149414
		endloop
	endfacet
	facet normal 1 0 0
		outer loop
			vertex 36.75 -33.97148132324219 -20.390066146850586
			vertex 36.75 -36.02851867675781 -19.609933853149414
			vertex 36.75 -36.09197998046875 -19.867408752441406
		endloop
	endfacet
	facet normal 1 0 0
		outer loop
			vertex 36.75 -33.97148132324219 -20.390066146850586
			vertex 36.75 -36.09197998046875 -19.867408752441406
			vertex 36.75 -36.09197998046875 -20.132591247558594
		endloop
	endfacet
	facet normal 1 0 0
		outer loop
			vertex 36.75 -33.97148132324219 -20.390066146850586
			vertex 36.75 -33.97148132324219 -19.609933853149414
			vertex 36.75 -36.02851867675781 -19.609933853149414
		endloop
	endfacet
	facet normal 1 0 0
		outer loop
			vertex 36.75 -34.48880386352539 -20.974000930786133
			vertex 36.75 -35 -21.100000381469727
			vertex 36.75 -34.736751556396484 -21.068035125732422
		endloop
	endfacet
	facet normal 1 0 0
		outer loop
			vertex 36.75 -34.270565032958984 -20.823362350463867
			vertex 36.75 -34.09471893310547 -20.62487030029297
			vertex 36.75 -33.97148132324219 -20.390066146850586
		endloop
	endfacet
	facet normal 1 0 0
		outer loop
			vertex 36.75 -34.270565032958984 -20.823362350463867
			vertex 36.75 -36.09197998046875 -20.132591247558594
			vertex 36.75 -36.02851867675781 -20.390066146850586
		endloop
	endfacet
	facet normal 1 0 0
		outer loop
			vertex 36.75 -34.270565032958984 -20.823362350463867
			vertex 36.75 -36.02851867675781 -20.390066146850586
			vertex 36.75 -35.90528106689453 -20.62487030029297
		endloop
	endfacet
	facet normal 1 0 0
		outer loop
			vertex 36.75 -34.270565032958984 -20.823362350463867
			vertex 36.75 -35.90528106689453 -20.62487030029297
			vertex 36.75 -35.729434967041016 -20.823362350463867
		endloop
	endfacet
	facet normal 1 0 0
		outer loop
			vertex 36.75 -34.270565032958984 -20.823362350463867
			vertex 36.75 -33.97148132324219 -20.390066146850586
			vertex 36.75 -36.09197998046875 -20.132591247558594
		endloop
	endfacet
	facet normal 1 0 0
		outer loop
			vertex 36.75 -34.270565032958984 -20.823362350463867
			vertex 36.75 -35.729434967041016 -20.823362350463867
			vertex 36.75 -35 -21.100000381469727
		endloop
	endfacet
	facet normal 1 0 0
		outer loop
			vertex 36.75 -34.270565032958984 -20.823362350463867
			vertex 36.75 -35 -21.100000381469727
			vertex 36.75 -34.48880386352539 -20.974000930786133
		endloop
	endfacet
	facet normal 0 0 1
		outer loop
			vertex 42.75 -15.33974552154541 -19
			vertex 34.25 -28 -19
			vertex 42.75 -28 -19
		endloop
	endfacet
	facet normal 0 0 1
		outer loop
			vertex 42.448463439941406 -13.629645347595215 -19
			vertex 42.75 -15.33974552154541 -19
			vertex 42.67403793334961 -14.471505165100098 -19
		endloop
	endfacet
	facet normal 0 0 1
		outer loop
			vertex 42.08012771606445 -12.83974552154541 -19
			vertex 34.25 -28 -19
			vertex 42.75 -15.33974552154541 -19
		endloop
	endfacet
	facet normal 0 0 1
		outer loop
			vertex 42.08012771606445 -12.83974552154541 -19
			vertex 42.75 -15.33974552154541 -19
			vertex 42.448463439941406 -13.629645347595215 -19
		endloop
	endfacet
	facet normal 0 0 1
		outer loop
			vertex 34.25 -5 -19
			vertex 34.25 -28 -19
			vertex 42.08012771606445 -12.83974552154541 -19
		endloop
	endfacet
	facet normal 0 0 1
		outer loop
			vertex 35.82179641723633 -2 -19
			vertex 34.25 -5 -19
			vertex 42.08012771606445 -12.83974552154541 -19
		endloop
	endfacet
	facet normal 0 0 -1
		outer loop
			vertex 34.25 -5 -11
			vertex 29.25 -10 -11
			vertex 35.82179641723633 -2 -11
		endloop
	endfacet
	facet normal 0 0 -1
		outer loop
			vertex 34.17403793334961 -5.868240833282471 -11
			vertex 29.25 -10 -11
			vertex 34.25 -5 -11
		endloop
	endfacet
	facet normal 0 0 -1
		outer loop
			vertex 33.58012771606445 -7.5 -11
			vertex 34.17403793334961 -5.868240833282471 -11
			vertex 33.948463439941406 -6.7101006507873535 -11
		endloop
	endfacet
	facet normal 0 0 -1
		outer loop
			vertex 32.46393966674805 -8.830222129821777 -11
			vertex 30.118240356445312 -9.924038887023926 -11
			vertex 29.25 -10 -11
		endloop
	endfacet
	facet normal 0 0 -1
		outer loop
			vertex 32.46393966674805 -8.830222129821777 -11
			vertex 30.960100173950195 -9.698463439941406 -11
			vertex 30.118240356445312 -9.924038887023926 -11
		endloop
	endfacet
	facet normal 0 0 -1
		outer loop
			vertex 32.46393966674805 -8.830222129821777 -11
			vertex 31.75 -9.330126762390137 -11
			vertex 30.960100173950195 -9.698463439941406 -11
		endloop
	endfacet
	facet normal 0 0 -1
		outer loop
			vertex 32.46393966674805 -8.830222129821777 -11
			vertex 29.25 -10 -11
			vertex 34.17403793334961 -5.868240833282471 -11
		endloop
	endfacet
	facet normal 0 0 -1
		outer loop
			vertex 33.080223083496094 -8.213937759399414 -11
			vertex 32.46393966674805 -8.830222129821777 -11
			vertex 34.17403793334961 -5.868240833282471 -11
		endloop
	endfacet
	facet normal 0 0 -1
		outer loop
			vertex 33.080223083496094 -8.213937759399414 -11
			vertex 34.17403793334961 -5.868240833282471 -11
			vertex 33.58012771606445 -7.5 -11
		endloop
	endfacet
	facet normal 0 0 -1
		outer loop
			vertex 42.67403793334961 -14.471505165100098 -11
			vertex 42.08012771606445 -12.83974552154541 -11
			vertex 42.448463439941406 -13.629645347595215 -11
		endloop
	endfacet
	facet normal 0 0 -1
		outer loop
			vertex 42.75 -15.33974552154541 -11
			vertex 42.08012771606445 -12.83974552154541 -11
			vertex 42.67403793334961 -14.471505165100098 -11
		endloop
	endfacet
	facet normal 0 0 -1
		outer loop
			vertex 42.75 -28 -11
			vertex 34.25 -28 -11
			vertex 42.75 -15.33974552154541 -11
		endloop
	endfacet
	facet normal 0 0 -1
		outer loop
			vertex 34.25 -5 -11
			vertex 35.82179641723633 -2 -11
			vertex 34.25 -28 -11
		endloop
	endfacet
	facet normal 0 0 -1
		outer loop
			vertex 35.82179641723633 -2 -11
			vertex 42.08012771606445 -12.83974552154541 -11
			vertex 34.25 -28 -11
		endloop
	endfacet
	facet normal 0 0 -1
		outer loop
			vertex 42.08012771606445 -12.83974552154541 -11
			vertex 42.75 -15.33974552154541 -11
			vertex 34.25 -28 -11
		endloop
	endfacet
	facet normal 0 1 0
		outer loop
			vertex 42.75 -30 -17
			vertex 34.25 -30 -13
			vertex 42.75 -30 -13
		endloop
	endfacet
	facet normal 0 1 0
		outer loop
			vertex 42.75 -30 -17
			vertex 34.25 -30 -17
			vertex 34.25 -30 -13
		endloop
	endfacet
	facet normal 0 0.11196457254708021 -0.9937121990266347
		outer loop
			vertex 42.75 -28 -11
			vertex 34.25 -28.44504165649414 -11.05014419555664
			vertex 34.25 -28 -11
		endloop
	endfacet
	facet normal 0 0.11196457254708021 -0.9937121990266347
		outer loop
			vertex 42.75 -28.44504165649414 -11.05014419555664
			vertex 34.25 -28.44504165649414 -11.05014419555664
			vertex 42.75 -28 -11
		endloop
	endfacet
	facet normal 0 0.3302783367338068 -0.9438835840739844
		outer loop
			vertex 42.75 -28.867767333984375 -11.1980619430542
			vertex 34.25 -28.867767333984375 -11.1980619430542
			vertex 34.25 -28.44504165649414 -11.05014419555664
		endloop
	endfacet
	facet normal 0 0.3302783367338068 -0.9438835840739844
		outer loop
			vertex 42.75 -28.867767333984375 -11.1980619430542
			vertex 34.25 -28.44504165649414 -11.05014419555664
			vertex 42.75 -28.44504165649414 -11.05014419555664
		endloop
	endfacet
	facet normal 0 0.5320339922800605 -0.8467229954705024
		outer loop
			vertex 42.75 -29.246978759765625 -11.4363374710083
			vertex 34.25 -29.246978759765625 -11.4363374710083
			vertex 34.25 -28.867767333984375 -11.1980619430542
		endloop
	endfacet
	facet normal 0 0.5320339922800605 -0.8467229954705024
		outer loop
			vertex 42.75 -29.246978759765625 -11.4363374710083
			vertex 34.25 -28.867767333984375 -11.1980619430542
			vertex 42.75 -28.867767333984375 -11.1980619430542
		endloop
	endfacet
	facet normal 0 0.7071046517733691 -0.7071089105933133
		outer loop
			vertex 42.75 -29.563663482666016 -11.753020286560059
			vertex 34.25 -29.563663482666016 -11.753020286560059
			vertex 34.25 -29.246978759765625 -11.4363374710083
		endloop
	endfacet
	facet normal 0 0.7071046517733691 -0.7071089105933133
		outer loop
			vertex 42.75 -29.563663482666016 -11.753020286560059
			vertex 34.25 -29.246978759765625 -11.4363374710083
			vertex 42.75 -29.246978759765625 -11.4363374710083
		endloop
	endfacet
	facet normal 0 0.8467255167538967 -0.5320299796795729
		outer loop
			vertex 42.75 -29.801937103271484 -12.132232666015625
			vertex 34.25 -29.801937103271484 -12.132232666015625
			vertex 34.25 -29.563663482666016 -11.753020286560059
		endloop
	endfacet
	facet normal 0 0.9438829202401948 -0.33028023386034194
		outer loop
			vertex 42.75 -29.801937103271484 -12.132232666015625
			vertex 34.25 -29.94985580444336 -12.55495834350586
			vertex 34.25 -29.801937103271484 -12.132232666015625
		endloop
	endfacet
	facet normal 0 0.8467255167538967 -0.5320299796795729
		outer loop
			vertex 42.75 -29.801937103271484 -12.132232666015625
			vertex 34.25 -29.563663482666016 -11.753020286560059
			vertex 42.75 -29.563663482666016 -11.753020286560059
		endloop
	endfacet
	facet normal 0 0.9438829202401948 -0.33028023386034194
		outer loop
			vertex 42.75 -29.94985580444336 -12.55495834350586
			vertex 34.25 -29.94985580444336 -12.55495834350586
			vertex 42.75 -29.801937103271484 -12.132232666015625
		endloop
	endfacet
	facet normal 0 0.9937121990266347 -0.11196457254708021
		outer loop
			vertex 42.75 -30 -13
			vertex 34.25 -30 -13
			vertex 34.25 -29.94985580444336 -12.55495834350586
		endloop
	endfacet
	facet normal 0 0.9937121990266347 -0.11196457254708021
		outer loop
			vertex 42.75 -30 -13
			vertex 34.25 -29.94985580444336 -12.55495834350586
			vertex 42.75 -29.94985580444336 -12.55495834350586
		endloop
	endfacet
	facet normal 0 0.9937121990266347 0.11196457254708021
		outer loop
			vertex 42.75 -30 -17
			vertex 34.25 -29.94985580444336 -17.44504165649414
			vertex 34.25 -30 -17
		endloop
	endfacet
	facet normal 0 0.9937121990266347 0.11196457254708021
		outer loop
			vertex 42.75 -29.94985580444336 -17.44504165649414
			vertex 34.25 -29.94985580444336 -17.44504165649414
			vertex 42.75 -30 -17
		endloop
	endfacet
	facet normal 0 0.9438829202401948 0.33028023386034194
		outer loop
			vertex 42.75 -29.801937103271484 -17.867767333984375
			vertex 34.25 -29.801937103271484 -17.867767333984375
			vertex 34.25 -29.94985580444336 -17.44504165649414
		endloop
	endfacet
	facet normal 0 0.9438829202401948 0.33028023386034194
		outer loop
			vertex 42.75 -29.801937103271484 -17.867767333984375
			vertex 34.25 -29.94985580444336 -17.44504165649414
			vertex 42.75 -29.94985580444336 -17.44504165649414
		endloop
	endfacet
	facet normal 0 0.8467249140089014 0.532030938946805
		outer loop
			vertex 42.75 -29.563663482666016 -18.246978759765625
			vertex 34.25 -29.563663482666016 -18.246978759765625
			vertex 34.25 -29.801937103271484 -17.867767333984375
		endloop
	endfacet
	facet normal 0 0.8467249140089014 0.532030938946805
		outer loop
			vertex 42.75 -29.563663482666016 -18.246978759765625
			vertex 34.25 -29.801937103271484 -17.867767333984375
			vertex 42.75 -29.801937103271484 -17.867767333984375
		endloop
	endfacet
	facet normal 0 0.7071067811865476 0.7071067811865476
		outer loop
			vertex 42.75 -29.246978759765625 -18.563663482666016
			vertex 34.25 -29.246978759765625 -18.563663482666016
			vertex 34.25 -29.563663482666016 -18.246978759765625
		endloop
	endfacet
	facet normal 0 0.7071067811865476 0.7071067811865476
		outer loop
			vertex 42.75 -29.246978759765625 -18.563663482666016
			vertex 34.25 -29.563663482666016 -18.246978759765625
			vertex 42.75 -29.563663482666016 -18.246978759765625
		endloop
	endfacet
	facet normal 0 0.532030938946805 0.8467249140089014
		outer loop
			vertex 42.75 -28.867767333984375 -18.801937103271484
			vertex 34.25 -28.867767333984375 -18.801937103271484
			vertex 34.25 -29.246978759765625 -18.563663482666016
		endloop
	endfacet
	facet normal 0 0.33028023386034194 0.9438829202401948
		outer loop
			vertex 42.75 -28.867767333984375 -18.801937103271484
			vertex 34.25 -28.44504165649414 -18.94985580444336
			vertex 34.25 -28.867767333984375 -18.801937103271484
		endloop
	endfacet
	facet normal 0 0.532030938946805 0.8467249140089014
		outer loop
			vertex 42.75 -28.867767333984375 -18.801937103271484
			vertex 34.25 -29.246978759765625 -18.563663482666016
			vertex 42.75 -29.246978759765625 -18.563663482666016
		endloop
	endfacet
	facet normal 0 0.33028023386034194 0.9438829202401948
		outer loop
			vertex 42.75 -28.44504165649414 -18.94985580444336
			vertex 34.25 -28.44504165649414 -18.94985580444336
			vertex 42.75 -28.867767333984375 -18.801937103271484
		endloop
	endfacet
	facet normal 0 0.11196457254708021 0.9937121990266347
		outer loop
			vertex 42.75 -28 -19
			vertex 34.25 -28 -19
			vertex 34.25 -28.44504165649414 -18.94985580444336
		endloop
	endfacet
	facet normal 0 0.11196457254708021 0.9937121990266347
		outer loop
			vertex 42.75 -28 -19
			vertex 34.25 -28.44504165649414 -18.94985580444336
			vertex 42.75 -28.44504165649414 -18.94985580444336
		endloop
	endfacet
	facet normal -0.86604814029841 -0.4999606170216122 -0.000010631766096694734
		outer loop
			vertex 34.77112579345703 -0.18018758296966553 -17.829627990722656
			vertex 34.66709518432617 0 -17
			vertex 34.69340515136719 -0.04556595906615257 -17.424484252929688
		endloop
	endfacet
	facet normal -0.8660236250494168 -0.5000030808440032 0.0000016650584079404587
		outer loop
			vertex 34.896724700927734 -0.3977307081222534 -18.19696807861328
			vertex 34.66709518432617 0 -17
			vertex 34.77112579345703 -0.18018758296966553 -17.829627990722656
		endloop
	endfacet
	facet normal -0.8660253864335556 -0.5000000300526098 0
		outer loop
			vertex 33.58012771606445 -18.839746475219727 -5
			vertex 24.14636993408203 -2.5 0
			vertex 24.14636993408203 -2.5 -5
		endloop
	endfacet
	facet normal -0.8660253864335556 -0.5000000300526098 0
		outer loop
			vertex 33.58012771606445 -18.839746475219727 0
			vertex 24.14636993408203 -2.5 0
			vertex 33.58012771606445 -18.839746475219727 -5
		endloop
	endfacet
	facet normal 0 0 -1
		outer loop
			vertex 29.25 0 -5
			vertex 24.14636993408203 -2.5 -5
			vertex 23.646465301513672 -1.7860620021820068 -5
		endloop
	endfacet
	facet normal 0 0 -1
		outer loop
			vertex 29.25 0 -5
			vertex 23.646465301513672 -1.7860620021820068 -5
			vertex 23.030181884765625 -1.169777750968933 -5
		endloop
	endfacet
	facet normal 0 0 -1
		outer loop
			vertex 29.25 0 -5
			vertex 23.030181884765625 -1.169777750968933 -5
			vertex 22.31624412536621 -0.6698729991912842 -5
		endloop
	endfacet
	facet normal 0 0 -1
		outer loop
			vertex 29.25 0 -5
			vertex 22.31624412536621 -0.6698729991912842 -5
			vertex 21.526344299316406 -0.30153688788414 -5
		endloop
	endfacet
	facet normal 0 0 -1
		outer loop
			vertex 34.25 -5 -5
			vertex 33.58012771606445 -18.839746475219727 -5
			vertex 24.14636993408203 -2.5 -5
		endloop
	endfacet
	facet normal 0 0 -1
		outer loop
			vertex 34.25 -5 -5
			vertex 33.948463439941406 -19.6296443939209 -5
			vertex 33.58012771606445 -18.839746475219727 -5
		endloop
	endfacet
	facet normal 0 0 -1
		outer loop
			vertex 34.25 -5 -5
			vertex 24.14636993408203 -2.5 -5
			vertex 29.25 0 -5
		endloop
	endfacet
	facet normal 0 0 -1
		outer loop
			vertex 33.58012771606445 -2.5 -5
			vertex 34.17403793334961 -4.131759166717529 -5
			vertex 34.25 -5 -5
		endloop
	endfacet
	facet normal 0 0 -1
		outer loop
			vertex 33.58012771606445 -2.5 -5
			vertex 33.948463439941406 -3.2898993492126465 -5
			vertex 34.17403793334961 -4.131759166717529 -5
		endloop
	endfacet
	facet normal 0 0 -1
		outer loop
			vertex 31.75 -0.6698729991912842 -5
			vertex 30.118240356445312 -0.07596123218536377 -5
			vertex 30.960100173950195 -0.30153688788414 -5
		endloop
	endfacet
	facet normal 0 0 -1
		outer loop
			vertex 31.75 -0.6698729991912842 -5
			vertex 29.25 0 -5
			vertex 30.118240356445312 -0.07596123218536377 -5
		endloop
	endfacet
	facet normal 0 0 -1
		outer loop
			vertex 32.46393966674805 -1.169777750968933 -5
			vertex 29.25 0 -5
			vertex 31.75 -0.6698729991912842 -5
		endloop
	endfacet
	facet normal 0 0 -1
		outer loop
			vertex 33.080223083496094 -1.7860620021820068 -5
			vertex 34.25 -5 -5
			vertex 29.25 0 -5
		endloop
	endfacet
	facet normal 0 0 -1
		outer loop
			vertex 33.080223083496094 -1.7860620021820068 -5
			vertex 33.58012771606445 -2.5 -5
			vertex 34.25 -5 -5
		endloop
	endfacet
	facet normal 0 0 -1
		outer loop
			vertex 33.080223083496094 -1.7860620021820068 -5
			vertex 29.25 0 -5
			vertex 32.46393966674805 -1.169777750968933 -5
		endloop
	endfacet
	facet normal 0 0 -1
		outer loop
			vertex 34.25 -21.339746475219727 -5
			vertex 34.17403793334961 -20.47150421142578 -5
			vertex 34.25 -5 -5
		endloop
	endfacet
	facet normal 0 0 -1
		outer loop
			vertex 34.17403793334961 -20.47150421142578 -5
			vertex 33.948463439941406 -19.6296443939209 -5
			vertex 34.25 -5 -5
		endloop
	endfacet
	facet normal 0 0 -1
		outer loop
			vertex 29.25 0 -5
			vertex 20.684484481811523 -0.07596123218536377 -5
			vertex 19.81624412536621 0 -5
		endloop
	endfacet
	facet normal 0 0 -1
		outer loop
			vertex 29.25 0 -5
			vertex 21.526344299316406 -0.30153688788414 -5
			vertex 20.684484481811523 -0.07596123218536377 -5
		endloop
	endfacet
	facet normal -0.8660253864335556 -0.5000000300526098 0
		outer loop
			vertex 24.14636993408203 -2.5 -25
			vertex 33.58012771606445 -18.839746475219727 -30
			vertex 33.58012771606445 -18.839746475219727 -25
		endloop
	endfacet
	facet normal -0.8660253864335556 -0.5000000300526098 0
		outer loop
			vertex 24.14636993408203 -2.5 -25
			vertex 24.14636993408203 -2.5 -30
			vertex 33.58012771606445 -18.839746475219727 -30
		endloop
	endfacet
	facet normal 0 0 1
		outer loop
			vertex 29.25 0 -25
			vertex 19.81624412536621 0 -25
			vertex 20.684484481811523 -0.07596123218536377 -25
		endloop
	endfacet
	facet normal 0 0 1
		outer loop
			vertex 29.25 0 -25
			vertex 20.684484481811523 -0.07596123218536377 -25
			vertex 21.526344299316406 -0.30153688788414 -25
		endloop
	endfacet
	facet normal 0 0 1
		outer loop
			vertex 29.25 0 -25
			vertex 21.526344299316406 -0.30153688788414 -25
			vertex 22.31624412536621 -0.6698729991912842 -25
		endloop
	endfacet
	facet normal 0 0 1
		outer loop
			vertex 29.25 0 -25
			vertex 22.31624412536621 -0.6698729991912842 -25
			vertex 23.030181884765625 -1.169777750968933 -25
		endloop
	endfacet
	facet normal 0 0 1
		outer loop
			vertex 29.25 0 -25
			vertex 23.030181884765625 -1.169777750968933 -25
			vertex 23.646465301513672 -1.7860620021820068 -25
		endloop
	endfacet
	facet normal 0 0 1
		outer loop
			vertex 29.25 0 -25
			vertex 23.646465301513672 -1.7860620021820068 -25
			vertex 24.14636993408203 -2.5 -25
		endloop
	endfacet
	facet normal 0 0 1
		outer loop
			vertex 30.960100173950195 -0.30153688788414 -25
			vertex 30.118240356445312 -0.07596123218536377 -25
			vertex 29.25 0 -25
		endloop
	endfacet
	facet normal 0 0 1
		outer loop
			vertex 31.75 -0.6698729991912842 -25
			vertex 30.960100173950195 -0.30153688788414 -25
			vertex 29.25 0 -25
		endloop
	endfacet
	facet normal 0 0 1
		outer loop
			vertex 33.58012771606445 -2.5 -25
			vertex 32.46393966674805 -1.169777750968933 -25
			vertex 31.75 -0.6698729991912842 -25
		endloop
	endfacet
	facet normal 0 0 1
		outer loop
			vertex 33.58012771606445 -2.5 -25
			vertex 33.080223083496094 -1.7860620021820068 -25
			vertex 32.46393966674805 -1.169777750968933 -25
		endloop
	endfacet
	facet normal 0 0 1
		outer loop
			vertex 33.58012771606445 -2.5 -25
			vertex 31.75 -0.6698729991912842 -25
			vertex 29.25 0 -25
		endloop
	endfacet
	facet normal 0 0 1
		outer loop
			vertex 34.25 -5 -25
			vertex 33.948463439941406 -3.2898993492126465 -25
			vertex 33.58012771606445 -2.5 -25
		endloop
	endfacet
	facet normal 0 0 1
		outer loop
			vertex 34.25 -5 -25
			vertex 34.17403793334961 -4.131759166717529 -25
			vertex 33.948463439941406 -3.2898993492126465 -25
		endloop
	endfacet
	facet normal 0 0 1
		outer loop
			vertex 34.25 -5 -25
			vertex 29.25 0 -25
			vertex 24.14636993408203 -2.5 -25
		endloop
	endfacet
	facet normal 0 0 1
		outer loop
			vertex 34.25 -5 -25
			vertex 33.58012771606445 -2.5 -25
			vertex 29.25 0 -25
		endloop
	endfacet
	facet normal 0 0 1
		outer loop
			vertex 33.58012771606445 -18.839746475219727 -25
			vertex 34.25 -5 -25
			vertex 24.14636993408203 -2.5 -25
		endloop
	endfacet
	facet normal 0 0 1
		outer loop
			vertex 33.948463439941406 -19.6296443939209 -25
			vertex 34.25 -5 -25
			vertex 33.58012771606445 -18.839746475219727 -25
		endloop
	endfacet
	facet normal 0 0 1
		outer loop
			vertex 34.17403793334961 -20.47150421142578 -25
			vertex 34.25 -5 -25
			vertex 33.948463439941406 -19.6296443939209 -25
		endloop
	endfacet
	facet normal 0 0 1
		outer loop
			vertex 34.25 -5 -25
			vertex 34.17403793334961 -20.47150421142578 -25
			vertex 34.25 -21.339746475219727 -25
		endloop
	endfacet
	facet normal 0.8660247077448721 0.5000012055723928 0.0000012501615265219863
		outer loop
			vertex 35.064476013183594 -0.6882827877998352 -18.509767532348633
			vertex 30.048294067382812 8 -30
			vertex 34.896724700927734 -0.3977307081222534 -18.19696807861328
		endloop
	endfacet
	facet normal 0.8660251841934341 0.5000003803423655 4.6730442621625717e-7
		outer loop
			vertex 34.77112579345703 -0.18018758296966553 -17.829627990722656
			vertex 34.896724700927734 -0.3977307081222534 -18.19696807861328
			vertex 30.048294067382812 8 -30
		endloop
	endfacet
	facet normal 0.866024898731306 0.5000008747758258 9.166541905231811e-7
		outer loop
			vertex 35.2667350769043 -1.038604497909546 -18.753772735595703
			vertex 30.048294067382812 8 -30
			vertex 35.064476013183594 -0.6882827877998352 -18.509767532348633
		endloop
	endfacet
	facet normal 0.8660283967540425 0.49999481596832374 -0.000004519396601529418
		outer loop
			vertex 34.69340515136719 -0.04556595906615257 -17.424484252929688
			vertex 34.77112579345703 -0.18018758296966553 -17.829627990722656
			vertex 30.048294067382812 8 -30
		endloop
	endfacet
	facet normal 0.8660252534314911 0.5000002604187872 2.5830787485632946e-7
		outer loop
			vertex 35.494285583496094 -1.432733178138733 -18.917865753173828
			vertex 30.048294067382812 8 -30
			vertex 35.2667350769043 -1.038604497909546 -18.753772735595703
		endloop
	endfacet
	facet normal 0.8660252779059612 0.500000218027811 2.101988633566174e-7
		outer loop
			vertex 35.656333923339844 -1.7134089469909668 -18.979360580444336
			vertex 30.048294067382812 8 -30
			vertex 35.494285583496094 -1.432733178138733 -18.917865753173828
		endloop
	endfacet
	facet normal 0.8660224524635506 0.5000051117847112 0.000004263349308846074
		outer loop
			vertex 34.66709518432617 0 -17
			vertex 34.69340515136719 -0.04556595906615257 -17.424484252929688
			vertex 30.048294067382812 8 -30
		endloop
	endfacet
	facet normal 0.8660265438681453 0.4999980253062955 -0.000002366635936365976
		outer loop
			vertex 35.82179641723633 -2 -19
			vertex 30.048294067382812 8 -30
			vertex 35.656333923339844 -1.7134089469909668 -18.979360580444336
		endloop
	endfacet
	facet normal 0.8660253864742308 0.5000000299821543 6.327088846695333e-8
		outer loop
			vertex 42.08012771606445 -12.83974552154541 -30
			vertex 30.048294067382812 8 -30
			vertex 35.82179641723633 -2 -19
		endloop
	endfacet
	facet normal 0.8660254523738271 0.4999999158407013 0
		outer loop
			vertex 34.66709518432617 0 -13
			vertex 34.66709518432617 0 -17
			vertex 30.048294067382812 8 -30
		endloop
	endfacet
	facet normal 0.8660255601564492 0.4999997291554658 4.1199385699587224e-7
		outer loop
			vertex 30.048294067382812 8 0
			vertex 35.53013610839844 -1.4948266744613647 -11.064851760864258
			vertex 35.257389068603516 -1.0224144458770752 -11.255200386047363
		endloop
	endfacet
	facet normal 0.8660250648596828 0.5000005870341832 -5.049320872148862e-7
		outer loop
			vertex 30.048294067382812 8 0
			vertex 35.257389068603516 -1.0224144458770752 -11.255200386047363
			vertex 35.021244049072266 -0.6134002208709717 -11.558701515197754
		endloop
	endfacet
	facet normal 0.8660237085164596 0.5000029362707161 -0.0000028390992463621884
		outer loop
			vertex 30.048294067382812 8 0
			vertex 35.021244049072266 -0.6134002208709717 -11.558701515197754
			vertex 34.85272979736328 -0.3215292692184448 -11.912463188171387
		endloop
	endfacet
	facet normal 0.8660280978028135 0.4999953337762732 0.000004241923618646257
		outer loop
			vertex 30.048294067382812 8 0
			vertex 34.85272979736328 -0.3215292692184448 -11.912463188171387
			vertex 34.744441986083984 -0.13396382331848145 -12.280341148376465
		endloop
	endfacet
	facet normal 0.8660223238544479 0.5000053345362149 -0.000004590171016213352
		outer loop
			vertex 30.048294067382812 8 0
			vertex 34.744441986083984 -0.13396382331848145 -12.280341148376465
			vertex 34.68659591674805 -0.033776164054870605 -12.633989334106445
		endloop
	endfacet
	facet normal 0.8660253663903129 0.5000000647685052 -1.2219716789009432e-7
		outer loop
			vertex 30.048294067382812 8 0
			vertex 34.68659591674805 -0.033776164054870605 -12.633989334106445
			vertex 34.66709518432617 0 -13
		endloop
	endfacet
	facet normal 0.866025452373827 0.49999991584070125 0
		outer loop
			vertex 30.048294067382812 8 0
			vertex 34.66709518432617 0 -13
			vertex 30.048294067382812 8 -30
		endloop
	endfacet
	facet normal 0.8660264997172978 0.49999810177863147 0.0000022739424471927473
		outer loop
			vertex 35.82179641723633 -2 -11
			vertex 35.53013610839844 -1.4948266744613647 -11.064851760864258
			vertex 30.048294067382812 8 0
		endloop
	endfacet
	facet normal 0.8660253586720947 0.5000000781368636 0
		outer loop
			vertex 42.08012771606445 -12.83974552154541 -19
			vertex 42.08012771606445 -12.83974552154541 -30
			vertex 35.82179641723633 -2 -19
		endloop
	endfacet
	facet normal 0.8660253586720947 0.5000000781368636 0
		outer loop
			vertex 42.08012771606445 -12.83974552154541 0
			vertex 42.08012771606445 -12.83974552154541 -11
			vertex 35.82179641723633 -2 -11
		endloop
	endfacet
	facet normal 0.8660253864742308 0.5000000299821543 -6.327088846695333e-8
		outer loop
			vertex 42.08012771606445 -12.83974552154541 0
			vertex 35.82179641723633 -2 -11
			vertex 30.048294067382812 8 0
		endloop
	endfacet
	facet normal -0.08715579259882453 -0.9961946937303325 0
		outer loop
			vertex 20.684484481811523 -0.07596123218536377 -30
			vertex 19.81624412536621 0 -25
			vertex 19.81624412536621 0 -30
		endloop
	endfacet
	facet normal -0.08715579259882453 -0.9961946937303325 0
		outer loop
			vertex 20.684484481811523 -0.07596123218536377 -30
			vertex 20.684484481811523 -0.07596123218536377 -25
			vertex 19.81624412536621 0 -25
		endloop
	endfacet
	facet normal -0.25881904238141895 -0.9659258270181854 0
		outer loop
			vertex 21.526344299316406 -0.30153688788414 -30
			vertex 21.526344299316406 -0.30153688788414 -25
			vertex 20.684484481811523 -0.07596123218536377 -25
		endloop
	endfacet
	facet normal -0.25881904238141895 -0.9659258270181854 0
		outer loop
			vertex 21.526344299316406 -0.30153688788414 -30
			vertex 20.684484481811523 -0.07596123218536377 -25
			vertex 20.684484481811523 -0.07596123218536377 -30
		endloop
	endfacet
	facet normal -0.42261804803681974 -0.9063078866883751 0
		outer loop
			vertex 22.31624412536621 -0.6698729991912842 -30
			vertex 22.31624412536621 -0.6698729991912842 -25
			vertex 21.526344299316406 -0.30153688788414 -25
		endloop
	endfacet
	facet normal -0.42261804803681974 -0.9063078866883751 0
		outer loop
			vertex 22.31624412536621 -0.6698729991912842 -30
			vertex 21.526344299316406 -0.30153688788414 -25
			vertex 21.526344299316406 -0.30153688788414 -30
		endloop
	endfacet
	facet normal -0.5735765524775422 -0.8191519629763316 0
		outer loop
			vertex 23.030181884765625 -1.169777750968933 -30
			vertex 23.030181884765625 -1.169777750968933 -25
			vertex 22.31624412536621 -0.6698729991912842 -25
		endloop
	endfacet
	facet normal -0.5735765524775422 -0.8191519629763316 0
		outer loop
			vertex 23.030181884765625 -1.169777750968933 -30
			vertex 22.31624412536621 -0.6698729991912842 -25
			vertex 22.31624412536621 -0.6698729991912842 -30
		endloop
	endfacet
	facet normal -0.7071072599072659 -0.7071063024655051 0
		outer loop
			vertex 23.646465301513672 -1.7860620021820068 -30
			vertex 23.646465301513672 -1.7860620021820068 -25
			vertex 23.030181884765625 -1.169777750968933 -25
		endloop
	endfacet
	facet normal -0.7071072599072659 -0.7071063024655051 0
		outer loop
			vertex 23.646465301513672 -1.7860620021820068 -30
			vertex 23.030181884765625 -1.169777750968933 -25
			vertex 23.030181884765625 -1.169777750968933 -30
		endloop
	endfacet
	facet normal -0.8191521172374108 -0.5735763321698928 0
		outer loop
			vertex 24.14636993408203 -2.5 -30
			vertex 24.14636993408203 -2.5 -25
			vertex 23.646465301513672 -1.7860620021820068 -25
		endloop
	endfacet
	facet normal -0.8191521172374108 -0.5735763321698928 0
		outer loop
			vertex 24.14636993408203 -2.5 -30
			vertex 23.646465301513672 -1.7860620021820068 -25
			vertex 23.646465301513672 -1.7860620021820068 -30
		endloop
	endfacet
	facet normal -0.08715579259882453 -0.9961946937303325 0
		outer loop
			vertex 20.684484481811523 -0.07596123218536377 -5
			vertex 19.81624412536621 0 0
			vertex 19.81624412536621 0 -5
		endloop
	endfacet
	facet normal -0.08715579259882453 -0.9961946937303325 0
		outer loop
			vertex 20.684484481811523 -0.07596123218536377 -5
			vertex 20.684484481811523 -0.07596123218536377 0
			vertex 19.81624412536621 0 0
		endloop
	endfacet
	facet normal -0.25881904238141895 -0.9659258270181854 0
		outer loop
			vertex 21.526344299316406 -0.30153688788414 -5
			vertex 21.526344299316406 -0.30153688788414 0
			vertex 20.684484481811523 -0.07596123218536377 0
		endloop
	endfacet
	facet normal -0.42261804803681974 -0.9063078866883751 0
		outer loop
			vertex 21.526344299316406 -0.30153688788414 -5
			vertex 22.31624412536621 -0.6698729991912842 0
			vertex 21.526344299316406 -0.30153688788414 0
		endloop
	endfacet
	facet normal -0.25881904238141895 -0.9659258270181854 0
		outer loop
			vertex 21.526344299316406 -0.30153688788414 -5
			vertex 20.684484481811523 -0.07596123218536377 0
			vertex 20.684484481811523 -0.07596123218536377 -5
		endloop
	endfacet
	facet normal -0.42261804803681974 -0.9063078866883751 0
		outer loop
			vertex 22.31624412536621 -0.6698729991912842 -5
			vertex 22.31624412536621 -0.6698729991912842 0
			vertex 21.526344299316406 -0.30153688788414 -5
		endloop
	endfacet
	facet normal -0.5735765524775422 -0.8191519629763316 0
		outer loop
			vertex 23.030181884765625 -1.169777750968933 -5
			vertex 23.030181884765625 -1.169777750968933 0
			vertex 22.31624412536621 -0.6698729991912842 0
		endloop
	endfacet
	facet normal -0.7071072599072659 -0.7071063024655051 0
		outer loop
			vertex 23.030181884765625 -1.169777750968933 -5
			vertex 23.646465301513672 -1.7860620021820068 0
			vertex 23.030181884765625 -1.169777750968933 0
		endloop
	endfacet
	facet normal -0.5735765524775422 -0.8191519629763316 0
		outer loop
			vertex 23.030181884765625 -1.169777750968933 -5
			vertex 22.31624412536621 -0.6698729991912842 0
			vertex 22.31624412536621 -0.6698729991912842 -5
		endloop
	endfacet
	facet normal -0.7071072599072659 -0.7071063024655051 0
		outer loop
			vertex 23.646465301513672 -1.7860620021820068 -5
			vertex 23.646465301513672 -1.7860620021820068 0
			vertex 23.030181884765625 -1.169777750968933 -5
		endloop
	endfacet
	facet normal -0.8191521172374108 -0.5735763321698928 0
		outer loop
			vertex 24.14636993408203 -2.5 -5
			vertex 24.14636993408203 -2.5 0
			vertex 23.646465301513672 -1.7860620021820068 0
		endloop
	endfacet
	facet normal -0.8191521172374108 -0.5735763321698928 0
		outer loop
			vertex 24.14636993408203 -2.5 -5
			vertex 23.646465301513672 -1.7860620021820068 0
			vertex 23.646465301513672 -1.7860620021820068 -5
		endloop
	endfacet
	facet normal 0.996194610600825 0.08715674276767645 0
		outer loop
			vertex 42.75 -15.33974552154541 -19
			vertex 42.75 -15.33974552154541 -30
			vertex 42.67403793334961 -14.471505165100098 -30
		endloop
	endfacet
	facet normal 0.9659261604122189 0.25881779813472716 0
		outer loop
			vertex 42.67403793334961 -14.471505165100098 -19
			vertex 42.67403793334961 -14.471505165100098 -30
			vertex 42.448463439941406 -13.629645347595215 -30
		endloop
	endfacet
	facet normal 0.996194610600825 0.08715674276767645 0
		outer loop
			vertex 42.67403793334961 -14.471505165100098 -19
			vertex 42.75 -15.33974552154541 -19
			vertex 42.67403793334961 -14.471505165100098 -30
		endloop
	endfacet
	facet normal 0.9659261604122189 0.25881779813472716 0
		outer loop
			vertex 42.448463439941406 -13.629645347595215 -19
			vertex 42.67403793334961 -14.471505165100098 -19
			vertex 42.448463439941406 -13.629645347595215 -30
		endloop
	endfacet
	facet normal 0.9063080569516155 0.42261768290570534 0
		outer loop
			vertex 42.08012771606445 -12.83974552154541 -19
			vertex 42.448463439941406 -13.629645347595215 -30
			vertex 42.08012771606445 -12.83974552154541 -30
		endloop
	endfacet
	facet normal 0.9063080569516155 0.42261768290570534 0
		outer loop
			vertex 42.08012771606445 -12.83974552154541 -19
			vertex 42.448463439941406 -13.629645347595215 -19
			vertex 42.448463439941406 -13.629645347595215 -30
		endloop
	endfacet
	facet normal 0.996194610600825 0.08715674276767645 0
		outer loop
			vertex 42.75 -15.33974552154541 0
			vertex 42.75 -15.33974552154541 -11
			vertex 42.67403793334961 -14.471505165100098 -11
		endloop
	endfacet
	facet normal 0.9659261604122189 0.25881779813472716 0
		outer loop
			vertex 42.67403793334961 -14.471505165100098 0
			vertex 42.67403793334961 -14.471505165100098 -11
			vertex 42.448463439941406 -13.629645347595215 -11
		endloop
	endfacet
	facet normal 0.996194610600825 0.08715674276767645 0
		outer loop
			vertex 42.67403793334961 -14.471505165100098 0
			vertex 42.75 -15.33974552154541 0
			vertex 42.67403793334961 -14.471505165100098 -11
		endloop
	endfacet
	facet normal 0.9063080569516155 0.42261768290570534 0
		outer loop
			vertex 42.448463439941406 -13.629645347595215 0
			vertex 42.448463439941406 -13.629645347595215 -11
			vertex 42.08012771606445 -12.83974552154541 -11
		endloop
	endfacet
	facet normal 0.9659261604122189 0.25881779813472716 0
		outer loop
			vertex 42.448463439941406 -13.629645347595215 0
			vertex 42.67403793334961 -14.471505165100098 0
			vertex 42.448463439941406 -13.629645347595215 -11
		endloop
	endfacet
	facet normal 0.9063080569516155 0.42261768290570534 0
		outer loop
			vertex 42.08012771606445 -12.83974552154541 0
			vertex 42.448463439941406 -13.629645347595215 0
			vertex 42.08012771606445 -12.83974552154541 -11
		endloop
	endfacet
	facet normal -0.9961946937303325 0 -0.08715579259882451
		outer loop
			vertex 0.07596123218536377 0 -25.868240356445312
			vertex 0 8 -25
			vertex 0.07596123218536377 8 -25.868240356445312
		endloop
	endfacet
	facet normal -0.9961946937303325 0 -0.08715579259882451
		outer loop
			vertex 0.07596123218536377 0 -25.868240356445312
			vertex 0 0 -25
			vertex 0 8 -25
		endloop
	endfacet
	facet normal -0.9659258270181853 0 -0.2588190423814189
		outer loop
			vertex 0.30153688788414 0 -26.710100173950195
			vertex 0.07596123218536377 8 -25.868240356445312
			vertex 0.30153688788414 8 -26.710100173950195
		endloop
	endfacet
	facet normal -0.9063078866883751 0 -0.4226180480368198
		outer loop
			vertex 0.30153688788414 0 -26.710100173950195
			vertex 0.30153688788414 8 -26.710100173950195
			vertex 0.6698729991912842 8 -27.5
		endloop
	endfacet
	facet normal -0.9659258270181853 0 -0.2588190423814189
		outer loop
			vertex 0.30153688788414 0 -26.710100173950195
			vertex 0.07596123218536377 0 -25.868240356445312
			vertex 0.07596123218536377 8 -25.868240356445312
		endloop
	endfacet
	facet normal -0.9063078866883751 0 -0.4226180480368198
		outer loop
			vertex 0.6698729991912842 0 -27.5
			vertex 0.30153688788414 0 -26.710100173950195
			vertex 0.6698729991912842 8 -27.5
		endloop
	endfacet
	facet normal -0.8191519629763317 0 -0.5735765524775422
		outer loop
			vertex 1.169777750968933 0 -28.213937759399414
			vertex 0.6698729991912842 8 -27.5
			vertex 1.169777750968933 8 -28.213937759399414
		endloop
	endfacet
	facet normal -0.707107396683602 0 -0.7071061656889573
		outer loop
			vertex 1.169777750968933 0 -28.213937759399414
			vertex 1.169777750968933 8 -28.213937759399414
			vertex 1.7860620021820068 8 -28.830223083496094
		endloop
	endfacet
	facet normal -0.8191519629763317 0 -0.5735765524775422
		outer loop
			vertex 1.169777750968933 0 -28.213937759399414
			vertex 0.6698729991912842 0 -27.5
			vertex 0.6698729991912842 8 -27.5
		endloop
	endfacet
	facet normal -0.707107396683602 0 -0.7071061656889573
		outer loop
			vertex 1.7860620021820068 0 -28.830223083496094
			vertex 1.169777750968933 0 -28.213937759399414
			vertex 1.7860620021820068 8 -28.830223083496094
		endloop
	endfacet
	facet normal -0.5735763321698928 0 -0.8191521172374108
		outer loop
			vertex 2.5 0 -29.330127716064453
			vertex 1.7860620021820068 8 -28.830223083496094
			vertex 2.5 8 -29.330127716064453
		endloop
	endfacet
	facet normal -0.5735763321698928 0 -0.8191521172374108
		outer loop
			vertex 2.5 0 -29.330127716064453
			vertex 1.7860620021820068 0 -28.830223083496094
			vertex 1.7860620021820068 8 -28.830223083496094
		endloop
	endfacet
	facet normal -0.42261789246050435 0 -0.9063079592347415
		outer loop
			vertex 3.2898993492126465 0 -29.698463439941406
			vertex 2.5 8 -29.330127716064453
			vertex 3.2898993492126465 8 -29.698463439941406
		endloop
	endfacet
	facet normal -0.42261789246050435 0 -0.9063079592347415
		outer loop
			vertex 3.2898993492126465 0 -29.698463439941406
			vertex 2.5 0 -29.330127716064453
			vertex 2.5 8 -29.330127716064453
		endloop
	endfacet
	facet normal -0.2588177981347272 0 -0.9659261604122189
		outer loop
			vertex 4.131759166717529 0 -29.92403793334961
			vertex 3.2898993492126465 8 -29.698463439941406
			vertex 4.131759166717529 8 -29.92403793334961
		endloop
	endfacet
	facet normal -0.2588177981347272 0 -0.9659261604122189
		outer loop
			vertex 4.131759166717529 0 -29.92403793334961
			vertex 3.2898993492126465 0 -29.698463439941406
			vertex 3.2898993492126465 8 -29.698463439941406
		endloop
	endfacet
	facet normal -0.08715669526487155 0 -0.9961946147568288
		outer loop
			vertex 5 0 -30
			vertex 4.131759166717529 8 -29.92403793334961
			vertex 5 8 -30
		endloop
	endfacet
	facet normal -0.08715669526487155 0 -0.9961946147568288
		outer loop
			vertex 5 0 -30
			vertex 4.131759166717529 0 -29.92403793334961
			vertex 4.131759166717529 8 -29.92403793334961
		endloop
	endfacet
	facet normal -0.08715574509652957 0 0.996194697886246
		outer loop
			vertex 4.131759166717529 0 -0.07596123218536377
			vertex 5 8 0
			vertex 4.131759166717529 8 -0.07596123218536377
		endloop
	endfacet
	facet normal -0.08715574509652957 0 0.996194697886246
		outer loop
			vertex 4.131759166717529 0 -0.07596123218536377
			vertex 5 0 0
			vertex 5 8 0
		endloop
	endfacet
	facet normal -0.2588190423814189 0 0.9659258270181853
		outer loop
			vertex 3.2898993492126465 0 -0.30153688788414
			vertex 4.131759166717529 8 -0.07596123218536377
			vertex 3.2898993492126465 8 -0.30153688788414
		endloop
	endfacet
	facet normal -0.4226182575917211 0 0.9063077889713506
		outer loop
			vertex 3.2898993492126465 0 -0.30153688788414
			vertex 3.2898993492126465 8 -0.30153688788414
			vertex 2.5 8 -0.6698729991912842
		endloop
	endfacet
	facet normal -0.2588190423814189 0 0.9659258270181853
		outer loop
			vertex 3.2898993492126465 0 -0.30153688788414
			vertex 4.131759166717529 0 -0.07596123218536377
			vertex 4.131759166717529 8 -0.07596123218536377
		endloop
	endfacet
	facet normal -0.4226182575917211 0 0.9063077889713506
		outer loop
			vertex 2.5 0 -0.6698729991912842
			vertex 3.2898993492126465 0 -0.30153688788414
			vertex 2.5 8 -0.6698729991912842
		endloop
	endfacet
	facet normal -0.5735764239488728 0 0.8191520529730871
		outer loop
			vertex 1.7860620021820068 0 -1.169777750968933
			vertex 2.5 8 -0.6698729991912842
			vertex 1.7860620021820068 8 -1.169777750968933
		endloop
	endfacet
	facet normal -0.7071067811865476 0 0.7071067811865476
		outer loop
			vertex 1.7860620021820068 0 -1.169777750968933
			vertex 1.7860620021820068 8 -1.169777750968933
			vertex 1.169777750968933 8 -1.7860620021820068
		endloop
	endfacet
	facet normal -0.5735764239488728 0 0.8191520529730871
		outer loop
			vertex 1.7860620021820068 0 -1.169777750968933
			vertex 2.5 0 -0.6698729991912842
			vertex 2.5 8 -0.6698729991912842
		endloop
	endfacet
	facet normal -0.7071067811865476 0 0.7071067811865476
		outer loop
			vertex 1.169777750968933 0 -1.7860620021820068
			vertex 1.7860620021820068 0 -1.169777750968933
			vertex 1.169777750968933 8 -1.7860620021820068
		endloop
	endfacet
	facet normal -0.8191520529730871 0 0.5735764239488728
		outer loop
			vertex 0.6698729991912842 0 -2.5
			vertex 1.169777750968933 8 -1.7860620021820068
			vertex 0.6698729991912842 8 -2.5
		endloop
	endfacet
	facet normal -0.8191520529730871 0 0.5735764239488728
		outer loop
			vertex 0.6698729991912842 0 -2.5
			vertex 1.169777750968933 0 -1.7860620021820068
			vertex 1.169777750968933 8 -1.7860620021820068
		endloop
	endfacet
	facet normal -0.9063077889713506 0 0.4226182575917211
		outer loop
			vertex 0.30153688788414 0 -3.2898993492126465
			vertex 0.6698729991912842 8 -2.5
			vertex 0.30153688788414 8 -3.2898993492126465
		endloop
	endfacet
	facet normal -0.9063077889713506 0 0.4226182575917211
		outer loop
			vertex 0.30153688788414 0 -3.2898993492126465
			vertex 0.6698729991912842 0 -2.5
			vertex 0.6698729991912842 8 -2.5
		endloop
	endfacet
	facet normal -0.9659258270181853 0 0.2588190423814189
		outer loop
			vertex 0.07596123218536377 0 -4.131759166717529
			vertex 0.30153688788414 8 -3.2898993492126465
			vertex 0.07596123218536377 8 -4.131759166717529
		endloop
	endfacet
	facet normal -0.9659258270181853 0 0.2588190423814189
		outer loop
			vertex 0.07596123218536377 0 -4.131759166717529
			vertex 0.30153688788414 0 -3.2898993492126465
			vertex 0.30153688788414 8 -3.2898993492126465
		endloop
	endfacet
	facet normal -0.996194697886246 0 0.08715574509652957
		outer loop
			vertex 0 0 -5
			vertex 0.07596123218536377 8 -4.131759166717529
			vertex 0 8 -5
		endloop
	endfacet
	facet normal -0.996194697886246 0 0.08715574509652957
		outer loop
			vertex 0 0 -5
			vertex 0.07596123218536377 0 -4.131759166717529
			vertex 0.07596123218536377 8 -4.131759166717529
		endloop
	endfacet
	facet normal -0.9961946272247995 -0.08715655275676637 0
		outer loop
			vertex 34.25 -21.339746475219727 -25
			vertex 34.17403793334961 -20.47150421142578 -30
			vertex 34.25 -21.339746475219727 -30
		endloop
	endfacet
	facet normal -0.9659261604122189 -0.2588177981347272 0
		outer loop
			vertex 34.17403793334961 -20.47150421142578 -25
			vertex 33.948463439941406 -19.6296443939209 -30
			vertex 34.17403793334961 -20.47150421142578 -30
		endloop
	endfacet
	facet normal -0.9961946272247995 -0.08715655275676637 0
		outer loop
			vertex 34.17403793334961 -20.47150421142578 -25
			vertex 34.17403793334961 -20.47150421142578 -30
			vertex 34.25 -21.339746475219727 -25
		endloop
	endfacet
	facet normal -0.9063076660832469 -0.42261852112601267 0
		outer loop
			vertex 33.948463439941406 -19.6296443939209 -25
			vertex 33.58012771606445 -18.839746475219727 -30
			vertex 33.948463439941406 -19.6296443939209 -30
		endloop
	endfacet
	facet normal -0.9659261604122189 -0.2588177981347272 0
		outer loop
			vertex 33.948463439941406 -19.6296443939209 -25
			vertex 33.948463439941406 -19.6296443939209 -30
			vertex 34.17403793334961 -20.47150421142578 -25
		endloop
	endfacet
	facet normal -0.9063076660832469 -0.42261852112601267 0
		outer loop
			vertex 33.58012771606445 -18.839746475219727 -25
			vertex 33.58012771606445 -18.839746475219727 -30
			vertex 33.948463439941406 -19.6296443939209 -25
		endloop
	endfacet
	facet normal -0.9961946272247996 -0.08715655275676637 0
		outer loop
			vertex 34.25 -21.339746475219727 -1.3164953466767207e-15
			vertex 34.17403793334961 -20.47150421142578 -5
			vertex 34.25 -21.339746475219727 -5
		endloop
	endfacet
	facet normal -0.9659261604122189 -0.2588177981347272 0
		outer loop
			vertex 34.17403793334961 -20.47150421142578 0
			vertex 33.948463439941406 -19.6296443939209 -5
			vertex 34.17403793334961 -20.47150421142578 -5
		endloop
	endfacet
	facet normal -0.9961946272247995 -0.08715655275676637 0
		outer loop
			vertex 34.17403793334961 -20.47150421142578 0
			vertex 34.17403793334961 -20.47150421142578 -5
			vertex 34.25 -21.339746475219727 -1.3164953466767207e-15
		endloop
	endfacet
	facet normal -0.9063076660832469 -0.42261852112601267 0
		outer loop
			vertex 33.948463439941406 -19.6296443939209 0
			vertex 33.58012771606445 -18.839746475219727 -5
			vertex 33.948463439941406 -19.6296443939209 -5
		endloop
	endfacet
	facet normal -0.9659261604122189 -0.2588177981347272 0
		outer loop
			vertex 33.948463439941406 -19.6296443939209 0
			vertex 33.948463439941406 -19.6296443939209 -5
			vertex 34.17403793334961 -20.47150421142578 0
		endloop
	endfacet
	facet normal -0.9063076660832469 -0.42261852112601267 0
		outer loop
			vertex 33.58012771606445 -18.839746475219727 0
			vertex 33.58012771606445 -18.839746475219727 -5
			vertex 33.948463439941406 -19.6296443939209 0
		endloop
	endfacet
	facet normal 0 -0.996194610600825 -0.08715674276767645
		outer loop
			vertex 42.75 -40 -25
			vertex 34.25 -40 -25
			vertex 34.25 -39.92403793334961 -25.868240356445312
		endloop
	endfacet
	facet normal 0 -0.9659261604122189 -0.25881779813472716
		outer loop
			vertex 42.75 -39.92403793334961 -25.868240356445312
			vertex 34.25 -39.92403793334961 -25.868240356445312
			vertex 34.25 -39.698463439941406 -26.710100173950195
		endloop
	endfacet
	facet normal 0 -0.996194610600825 -0.08715674276767645
		outer loop
			vertex 42.75 -39.92403793334961 -25.868240356445312
			vertex 42.75 -40 -25
			vertex 34.25 -39.92403793334961 -25.868240356445312
		endloop
	endfacet
	facet normal 0 -0.9063080569516156 -0.4226176829057054
		outer loop
			vertex 42.75 -39.698463439941406 -26.710100173950195
			vertex 34.25 -39.698463439941406 -26.710100173950195
			vertex 34.25 -39.33012771606445 -27.5
		endloop
	endfacet
	facet normal 0 -0.9659261604122189 -0.25881779813472716
		outer loop
			vertex 42.75 -39.698463439941406 -26.710100173950195
			vertex 42.75 -39.92403793334961 -25.868240356445312
			vertex 34.25 -39.698463439941406 -26.710100173950195
		endloop
	endfacet
	facet normal 0 -0.8191520272406771 -0.573576460698562
		outer loop
			vertex 42.75 -39.33012771606445 -27.5
			vertex 34.25 -39.33012771606445 -27.5
			vertex 34.25 -38.830223083496094 -28.213937759399414
		endloop
	endfacet
	facet normal 0 -0.9063080569516156 -0.4226176829057054
		outer loop
			vertex 42.75 -39.33012771606445 -27.5
			vertex 42.75 -39.698463439941406 -26.710100173950195
			vertex 34.25 -39.33012771606445 -27.5
		endloop
	endfacet
	facet normal 0 -0.7071078754039036 -0.7071056869674982
		outer loop
			vertex 42.75 -38.830223083496094 -28.213937759399414
			vertex 34.25 -38.830223083496094 -28.213937759399414
			vertex 34.25 -38.21393966674805 -28.830223083496094
		endloop
	endfacet
	facet normal 0 -0.8191520272406771 -0.573576460698562
		outer loop
			vertex 42.75 -38.830223083496094 -28.213937759399414
			vertex 42.75 -39.33012771606445 -27.5
			vertex 34.25 -38.830223083496094 -28.213937759399414
		endloop
	endfacet
	facet normal 0 -0.5735754324704265 -0.8191527472128525
		outer loop
			vertex 42.75 -38.21393966674805 -28.830223083496094
			vertex 34.25 -38.21393966674805 -28.830223083496094
			vertex 34.25 -37.5 -29.330127716064453
		endloop
	endfacet
	facet normal 0 -0.7071078754039036 -0.7071056869674982
		outer loop
			vertex 42.75 -38.21393966674805 -28.830223083496094
			vertex 42.75 -38.830223083496094 -28.213937759399414
			vertex 34.25 -38.21393966674805 -28.830223083496094
		endloop
	endfacet
	facet normal 0 -0.42261852112601267 -0.9063076660832469
		outer loop
			vertex 42.75 -37.5 -29.330127716064453
			vertex 34.25 -37.5 -29.330127716064453
			vertex 34.25 -36.71010208129883 -29.698463439941406
		endloop
	endfacet
	facet normal 0 -0.5735754324704265 -0.8191527472128525
		outer loop
			vertex 42.75 -37.5 -29.330127716064453
			vertex 42.75 -38.21393966674805 -28.830223083496094
			vertex 34.25 -37.5 -29.330127716064453
		endloop
	endfacet
	facet normal 0 -0.25881725102881076 -0.9659263070078843
		outer loop
			vertex 42.75 -36.71010208129883 -29.698463439941406
			vertex 34.25 -36.71010208129883 -29.698463439941406
			vertex 34.25 -35.86824035644531 -29.92403793334961
		endloop
	endfacet
	facet normal 0 -0.42261852112601267 -0.9063076660832469
		outer loop
			vertex 42.75 -36.71010208129883 -29.698463439941406
			vertex 42.75 -37.5 -29.330127716064453
			vertex 34.25 -36.71010208129883 -29.698463439941406
		endloop
	endfacet
	facet normal 0 -0.08715674276767645 -0.996194610600825
		outer loop
			vertex 42.75 -35.86824035644531 -29.92403793334961
			vertex 34.25 -35.86824035644531 -29.92403793334961
			vertex 34.25 -35 -30
		endloop
	endfacet
	facet normal 0 -0.25881725102881076 -0.9659263070078843
		outer loop
			vertex 42.75 -35.86824035644531 -29.92403793334961
			vertex 42.75 -36.71010208129883 -29.698463439941406
			vertex 34.25 -35.86824035644531 -29.92403793334961
		endloop
	endfacet
	facet normal 0 -0.08715674276767645 -0.996194610600825
		outer loop
			vertex 42.75 -35 -30
			vertex 42.75 -35.86824035644531 -29.92403793334961
			vertex 34.25 -35 -30
		endloop
	endfacet
	facet normal 0 -0.9961946147568287 0.08715669526487155
		outer loop
			vertex 34.25 -40 -5
			vertex 42.75 -40 -5
			vertex 42.75 -39.92403793334961 -4.131759166717529
		endloop
	endfacet
	facet normal 0 -0.9659261604122189 0.25881779813472716
		outer loop
			vertex 34.25 -39.92403793334961 -4.131759166717529
			vertex 42.75 -39.92403793334961 -4.131759166717529
			vertex 42.75 -39.698463439941406 -3.2898993492126465
		endloop
	endfacet
	facet normal 0 -0.9961946147568287 0.08715669526487155
		outer loop
			vertex 34.25 -39.92403793334961 -4.131759166717529
			vertex 34.25 -40 -5
			vertex 42.75 -39.92403793334961 -4.131759166717529
		endloop
	endfacet
	facet normal 0 -0.9063079592347414 0.42261789246050435
		outer loop
			vertex 34.25 -39.698463439941406 -3.2898993492126465
			vertex 42.75 -39.698463439941406 -3.2898993492126465
			vertex 42.75 -39.33012771606445 -2.5
		endloop
	endfacet
	facet normal 0 -0.9659261604122189 0.25881779813472716
		outer loop
			vertex 34.25 -39.698463439941406 -3.2898993492126465
			vertex 34.25 -39.92403793334961 -4.131759166717529
			vertex 42.75 -39.698463439941406 -3.2898993492126465
		endloop
	endfacet
	facet normal 0 -0.8191521172374108 0.5735763321698928
		outer loop
			vertex 34.25 -39.33012771606445 -2.5
			vertex 42.75 -39.33012771606445 -2.5
			vertex 42.75 -38.830223083496094 -1.7860620021820068
		endloop
	endfacet
	facet normal 0 -0.9063079592347414 0.42261789246050435
		outer loop
			vertex 34.25 -39.33012771606445 -2.5
			vertex 34.25 -39.698463439941406 -3.2898993492126465
			vertex 42.75 -39.33012771606445 -2.5
		endloop
	endfacet
	facet normal 0 -0.7071072599072659 0.7071063024655051
		outer loop
			vertex 34.25 -38.830223083496094 -1.7860620021820068
			vertex 42.75 -38.830223083496094 -1.7860620021820068
			vertex 42.75 -38.21393966674805 -1.169777750968933
		endloop
	endfacet
	facet normal 0 -0.8191521172374108 0.5735763321698928
		outer loop
			vertex 34.25 -38.830223083496094 -1.7860620021820068
			vertex 34.25 -39.33012771606445 -2.5
			vertex 42.75 -38.830223083496094 -1.7860620021820068
		endloop
	endfacet
	facet normal 0 -0.5735755242494036 0.8191526829486809
		outer loop
			vertex 34.25 -38.21393966674805 -1.169777750968933
			vertex 42.75 -38.21393966674805 -1.169777750968933
			vertex 42.75 -37.5 -0.6698729991912842
		endloop
	endfacet
	facet normal 0 -0.7071072599072659 0.7071063024655051
		outer loop
			vertex 34.25 -38.21393966674805 -1.169777750968933
			vertex 34.25 -38.830223083496094 -1.7860620021820068
			vertex 42.75 -38.21393966674805 -1.169777750968933
		endloop
	endfacet
	facet normal 0 -0.4226188862575363 0.9063074958194044
		outer loop
			vertex 34.25 -37.5 -0.6698729991912842
			vertex 42.75 -37.5 -0.6698729991912842
			vertex 42.75 -36.71010208129883 -0.30153688788414
		endloop
	endfacet
	facet normal 0 -0.5735755242494036 0.8191526829486809
		outer loop
			vertex 34.25 -37.5 -0.6698729991912842
			vertex 34.25 -38.21393966674805 -1.169777750968933
			vertex 42.75 -37.5 -0.6698729991912842
		endloop
	endfacet
	facet normal 0 -0.25881849527325007 0.9659259736152097
		outer loop
			vertex 34.25 -36.71010208129883 -0.30153688788414
			vertex 42.75 -36.71010208129883 -0.30153688788414
			vertex 42.75 -35.86824035644531 -0.07596123218536377
		endloop
	endfacet
	facet normal 0 -0.4226188862575363 0.9063074958194044
		outer loop
			vertex 34.25 -36.71010208129883 -0.30153688788414
			vertex 34.25 -37.5 -0.6698729991912842
			vertex 42.75 -36.71010208129883 -0.30153688788414
		endloop
	endfacet
	facet normal 0 -0.08715579259882451 0.9961946937303324
		outer loop
			vertex 34.25 -35.86824035644531 -0.07596123218536377
			vertex 42.75 -35.86824035644531 -0.07596123218536377
			vertex 42.75 -35 0
		endloop
	endfacet
	facet normal 0 -0.25881849527325007 0.9659259736152097
		outer loop
			vertex 34.25 -35.86824035644531 -0.07596123218536377
			vertex 34.25 -36.71010208129883 -0.30153688788414
			vertex 42.75 -35.86824035644531 -0.07596123218536377
		endloop
	endfacet
	facet normal -1.536099774165604e-16 -0.08715579259882301 0.9961946937303326
		outer loop
			vertex 34.25 -35 -1.3164953466767207e-15
			vertex 34.25 -35.86824035644531 -0.07596123218536377
			vertex 42.75 -35 0
		endloop
	endfacet
	facet normal -0.3812998013069242 -0.8177005660843624 -0.4312496327518598
		outer loop
			vertex 34.25 -5 -19
			vertex 30.960100173950195 -0.30153688788414 -25
			vertex 31.75 -0.6698729991912842 -25
		endloop
	endfacet
	facet normal -0.541004831377463 -0.7726368026093616 -0.3321839003922755
		outer loop
			vertex 34.25 -5 -19
			vertex 31.75 -0.6698729991912842 -25
			vertex 32.46393966674805 -1.169777750968933 -25
		endloop
	endfacet
	facet normal -0.6874404785309941 -0.6874395477185706 -0.2342060133932623
		outer loop
			vertex 34.25 -5 -19
			vertex 32.46393966674805 -1.169777750968933 -25
			vertex 33.080223083496094 -1.7860620021820068 -25
		endloop
	endfacet
	facet normal -0.8103799271970932 -0.5674339802397147 -0.14595564965204133
		outer loop
			vertex 34.25 -5 -19
			vertex 33.080223083496094 -1.7860620021820068 -25
			vertex 33.58012771606445 -2.5 -25
		endloop
	endfacet
	facet normal -0.9037760243012546 -0.42143723306704517 -0.07469642885045719
		outer loop
			vertex 34.25 -5 -19
			vertex 33.58012771606445 -2.5 -25
			vertex 33.948463439941406 -3.2898993492126465 -25
		endloop
	endfacet
	facet normal -0.965619027978203 -0.2587355026720245 -0.025215718579591966
		outer loop
			vertex 34.17403793334961 -4.131759166717529 -25
			vertex 34.25 -5 -19
			vertex 33.948463439941406 -3.2898993492126465 -25
		endloop
	endfacet
	facet normal -0.9961946147568287 -0.08715669526487153 0
		outer loop
			vertex 34.25 -5 -25
			vertex 34.25 -5 -19
			vertex 34.17403793334961 -4.131759166717529 -25
		endloop
	endfacet
	facet normal -0.22051441148924195 -0.8229709967525408 -0.5235380910971836
		outer loop
			vertex 30.118240356445312 -0.07596123218536377 -25
			vertex 30.960100173950195 -0.30153688788414 -25
			vertex 34.25 -5 -19
		endloop
	endfacet
endsolid exported
