o convex_0
v -0.053522 -0.013133 0.016117
v -0.046894 -0.023444 0.009119
v -0.047631 -0.023074 0.009119
v -0.055363 -0.012763 0.009119
v -0.046526 -0.012763 0.022376
v -0.046894 -0.019023 0.018325
v -0.052785 -0.018287 0.009856
v -0.046526 -0.022707 0.009119
v -0.049472 -0.012763 0.021271
v -0.050209 -0.017919 0.015751
v -0.056100 -0.013500 0.009119
v -0.047999 -0.021600 0.012803
v -0.046526 -0.014237 0.022745
f 9 6 13 
f 2 3 4 
f 2 4 8 
f 4 5 8 
f 6 2 8 
f 4 1 9 
f 5 4 9 
f 6 9 10 
f 1 7 10 
f 9 1 10 
f 4 3 11 
f 1 4 11 
f 3 7 11 
f 7 1 11 
f 3 2 12 
f 2 6 12 
f 7 3 12 
f 6 10 12 
f 10 7 12 
f 8 5 13 
f 6 8 13 
f 5 9 13 
o convex_1
v -0.006747 -0.019391 -0.024030
v 0.011669 -0.011289 -0.026975
v 0.011669 -0.011289 -0.027712
v 0.011669 -0.020127 -0.021820
v -0.006377 -0.020497 -0.021820
v -0.006747 -0.011289 -0.028080
v 0.011669 -0.014605 -0.026607
v 0.004667 -0.011289 -0.026607
v -0.006747 -0.012395 -0.028449
v 0.009089 -0.018655 -0.022189
v -0.005271 -0.021602 -0.022189
v 0.011669 -0.017918 -0.024398
v -0.006010 -0.015710 -0.026607
f 25 14 26 
f 16 15 17 
f 15 16 19 
f 14 18 19 
f 16 17 20 
f 15 19 21 
f 19 18 21 
f 14 19 22 
f 19 16 22 
f 16 20 22 
f 17 15 23 
f 18 17 23 
f 15 21 23 
f 21 18 23 
f 18 14 24 
f 17 18 24 
f 20 17 25 
f 24 14 25 
f 17 24 25 
f 14 22 26 
f 22 20 26 
f 20 25 26 
o convex_2
v 0.013510 -0.007974 0.033059
v 0.026770 0.002707 0.025693
v 0.026401 0.001601 0.026431
v 0.024558 -0.007974 0.025325
v 0.012405 0.002707 0.033059
v 0.018668 -0.007974 0.033059
v 0.019038 0.002338 0.031586
v 0.012405 -0.007974 0.032321
v 0.026401 -0.005763 0.025693
v 0.026031 0.002707 0.025325
v 0.013510 0.002707 0.033427
v 0.022717 0.002707 0.029376
v 0.019769 -0.007974 0.032321
v 0.012405 -0.004291 0.033427
v 0.017932 -0.007605 0.033427
f 40 27 41 
f 27 30 32 
f 30 27 34 
f 31 30 34 
f 28 29 35 
f 30 31 36 
f 31 28 36 
f 28 35 36 
f 35 30 36 
f 28 31 37 
f 37 33 38 
f 29 28 38 
f 33 32 38 
f 28 37 38 
f 38 32 39 
f 32 30 39 
f 35 29 39 
f 30 35 39 
f 29 38 39 
f 34 27 40 
f 31 34 40 
f 37 31 40 
f 37 40 41 
f 27 32 41 
f 32 33 41 
f 33 37 41 
o convex_3
v -0.046895 0.012651 0.023852
v -0.054996 0.002707 0.018695
v -0.054996 0.002707 0.019064
v -0.039527 0.002707 0.029743
v -0.050207 0.013018 0.018695
v -0.047628 0.003812 0.026429
v -0.039527 0.013756 0.027165
v -0.052785 0.010441 0.019433
v -0.041002 0.007127 0.029376
v -0.039527 0.013018 0.026429
v -0.054259 0.002707 0.018695
v -0.050944 0.005286 0.023485
v -0.045420 0.002707 0.027901
v -0.050944 0.013756 0.018695
v -0.044686 0.010441 0.026429
v -0.039896 0.003075 0.030481
v -0.049103 0.008231 0.024221
v -0.048733 0.013756 0.021644
f 49 58 59 
f 44 43 45 
f 43 44 49 
f 48 45 51 
f 45 43 52 
f 43 46 52 
f 51 45 52 
f 46 51 52 
f 44 47 53 
f 49 44 53 
f 44 45 54 
f 47 44 54 
f 50 47 54 
f 46 43 55 
f 43 49 55 
f 51 46 55 
f 48 51 55 
f 48 42 56 
f 47 50 56 
f 50 48 56 
f 45 48 57 
f 48 50 57 
f 54 45 57 
f 50 54 57 
f 53 47 58 
f 49 53 58 
f 56 42 58 
f 47 56 58 
f 42 48 59 
f 48 55 59 
f 55 49 59 
f 58 42 59 
o convex_4
v -0.046155 0.014125 0.023482
v -0.039527 0.022964 0.019064
v -0.039527 0.022964 0.018695
v -0.039527 0.013756 0.026061
v -0.049838 0.013756 0.018695
v -0.046891 0.018544 0.019064
v -0.039897 0.017809 0.024586
v -0.039897 0.021859 0.018695
v -0.050943 0.014125 0.019064
v -0.040266 0.013756 0.026798
v -0.044317 0.018911 0.020906
f 66 61 70 
f 62 61 63 
f 62 64 65 
f 61 62 65 
f 63 61 66 
f 62 63 67 
f 63 64 67 
f 64 62 67 
f 64 60 68 
f 65 64 68 
f 60 65 68 
f 60 64 69 
f 64 63 69 
f 66 60 69 
f 63 66 69 
f 61 65 70 
f 65 60 70 
f 60 66 70 
o convex_5
v -0.002326 0.011916 -0.028449
v -0.002326 0.023700 -0.019610
v 0.011300 0.022226 -0.019610
v 0.003933 0.011546 -0.026606
v 0.011669 0.015600 -0.025870
v -0.006010 0.022962 -0.019610
v -0.005642 0.020383 -0.023294
v 0.011669 0.011546 -0.026975
v -0.006010 0.011546 -0.028080
v 0.011669 0.021490 -0.019610
v 0.011669 0.017805 -0.024396
v -0.006010 0.014494 -0.027344
v -0.002326 0.023700 -0.019979
v 0.011669 0.011916 -0.027711
v 0.007616 0.021490 -0.019610
v 0.010194 0.011916 -0.026239
f 85 74 86 
f 73 72 76 
f 74 76 79 
f 78 74 79 
f 73 76 80 
f 78 75 80 
f 73 80 81 
f 80 75 81 
f 75 71 82 
f 76 77 82 
f 79 76 82 
f 71 79 82 
f 77 81 82 
f 81 75 82 
f 72 73 83 
f 76 72 83 
f 77 76 83 
f 73 81 83 
f 81 77 83 
f 71 75 84 
f 75 78 84 
f 79 71 84 
f 78 79 84 
f 76 74 85 
f 80 76 85 
f 80 85 86 
f 74 78 86 
f 78 80 86 
o convex_6
v 0.020877 0.024068 0.013540
v 0.031926 0.016704 0.005805
v 0.031926 0.016334 0.005805
v 0.022718 0.016334 0.026061
v 0.020877 0.025174 0.004699
v 0.027505 0.020386 0.010596
v 0.021982 0.016334 0.024219
v 0.021246 0.019281 0.026061
v 0.031187 0.016334 0.004699
v 0.024929 0.023699 0.004699
v 0.029715 0.016704 0.013172
v 0.020877 0.018176 0.023483
v 0.023087 0.023332 0.012434
v 0.021246 0.025910 0.005805
f 87 99 100 
f 89 90 93 
f 93 90 94 
f 88 89 95 
f 89 93 95 
f 93 91 95 
f 92 88 96 
f 88 95 96 
f 95 91 96 
f 89 88 97 
f 90 89 97 
f 88 92 97 
f 94 90 97 
f 92 94 97 
f 87 91 98 
f 91 93 98 
f 93 94 98 
f 94 87 98 
f 87 94 99 
f 94 92 99 
f 92 96 99 
f 99 96 100 
f 91 87 100 
f 96 91 100 
o convex_7
v 0.005038 -0.003553 0.034164
v 0.012034 0.010809 0.031955
v 0.012034 0.010440 0.032323
v -0.006008 0.010809 0.033427
v -0.006747 -0.003553 0.032323
v 0.012405 -0.003922 0.033059
v 0.006511 0.000497 0.034532
v -0.006747 -0.003922 0.033795
v 0.005405 0.010809 0.031586
v -0.006008 0.008599 0.034164
v 0.012034 0.009703 0.031586
v -0.006008 0.010809 0.032691
v 0.012405 0.001233 0.033795
v 0.001357 -0.003184 0.032323
v -0.003429 0.002707 0.031955
v 0.012034 0.004916 0.033427
f 107 113 116 
f 103 102 104 
f 101 106 107 
f 101 107 108 
f 104 105 108 
f 105 106 108 
f 106 101 108 
f 104 102 109 
f 103 104 110 
f 108 107 110 
f 104 108 110 
f 109 102 111 
f 105 104 112 
f 104 109 112 
f 102 103 113 
f 107 106 113 
f 111 102 113 
f 106 111 113 
f 106 105 114 
f 111 106 114 
f 111 114 115 
f 109 111 115 
f 105 112 115 
f 112 109 115 
f 114 105 115 
f 103 110 116 
f 110 107 116 
f 113 103 116 
o convex_8
v -0.000484 0.010809 0.033058
v -0.001957 0.022227 0.026430
v -0.001957 0.022227 0.026062
v 0.012035 0.020752 0.026430
v 0.007983 0.010809 0.031217
v 0.012035 0.015967 0.030481
v -0.006009 0.015967 0.031217
v -0.006009 0.021488 0.026062
v -0.006009 0.010809 0.032690
v 0.012035 0.020017 0.026062
v 0.012035 0.010809 0.031953
v -0.006009 0.020385 0.028272
v -0.005639 0.013021 0.032690
v 0.006880 0.020017 0.026062
v 0.012035 0.013388 0.031585
v 0.012035 0.018912 0.028272
f 128 122 132 
f 119 118 120 
f 118 119 124 
f 123 124 125 
f 121 117 125 
f 124 121 125 
f 119 120 126 
f 120 122 126 
f 124 119 126 
f 117 121 127 
f 126 122 127 
f 121 126 127 
f 123 122 128 
f 118 124 128 
f 124 123 128 
f 122 123 129 
f 123 125 129 
f 125 117 129 
f 121 124 130 
f 126 121 130 
f 124 126 130 
f 117 127 131 
f 127 122 131 
f 129 117 131 
f 122 129 131 
f 120 118 132 
f 122 120 132 
f 118 128 132 
o convex_9
v 0.018669 0.002707 0.031586
v 0.023453 0.008600 0.026061
v 0.023453 0.008968 0.026061
v 0.012037 0.008231 0.031954
v 0.019035 0.008968 0.034531
v 0.026033 0.002707 0.026061
v 0.012037 0.002707 0.033059
v 0.012037 0.008968 0.032690
v 0.024559 0.008968 0.026431
v 0.025294 0.002707 0.026061
v 0.017195 0.008600 0.034901
v 0.020508 0.008600 0.033427
v 0.023085 0.002707 0.029009
v 0.013511 0.002707 0.033427
f 143 139 146 
f 135 134 136 
f 134 135 138 
f 138 133 139 
f 135 136 140 
f 137 135 140 
f 136 139 140 
f 135 137 141 
f 138 135 141 
f 136 134 142 
f 134 138 142 
f 138 139 142 
f 139 136 142 
f 137 140 143 
f 140 139 143 
f 141 137 144 
f 138 141 144 
f 137 133 145 
f 133 138 145 
f 144 137 145 
f 138 144 145 
f 133 137 146 
f 139 133 146 
f 137 143 146 
o convex_10
v -0.050944 -0.009816 -0.017769
v -0.051680 0.002707 -0.017769
v -0.051312 0.002707 -0.018138
v -0.047630 -0.012763 -0.026239
v -0.043947 0.001969 -0.025870
v -0.048734 -0.012763 -0.018138
v -0.049470 0.002707 -0.022187
v -0.052417 -0.003188 -0.018138
v -0.045421 0.002707 -0.026239
v -0.043947 -0.001713 -0.026239
v -0.047262 -0.012763 -0.023292
v -0.047630 -0.008709 -0.026239
v -0.052417 0.002707 -0.018138
v -0.049838 -0.012763 -0.017769
f 150 152 160 
f 149 148 152 
f 151 149 152 
f 148 149 153 
f 147 148 154 
f 150 147 154 
f 149 151 155 
f 153 149 155 
f 151 152 156 
f 150 155 156 
f 155 151 156 
f 152 150 157 
f 150 156 157 
f 156 152 157 
f 150 154 158 
f 155 150 158 
f 153 155 158 
f 148 153 159 
f 154 148 159 
f 158 154 159 
f 153 158 159 
f 148 147 160 
f 147 150 160 
f 152 148 160 
o convex_11
v -0.035475 -0.024548 -0.015558
v -0.017065 -0.021234 -0.022556
v -0.018904 -0.022708 -0.021083
v -0.006747 -0.026390 -0.015558
v -0.006747 -0.020865 -0.021818
v -0.014115 -0.026758 -0.016664
v -0.035475 -0.021234 -0.021083
v -0.034736 -0.023444 -0.015927
v -0.006747 -0.025284 -0.018506
v -0.035475 -0.020865 -0.019977
v -0.021842 -0.026758 -0.015927
v -0.006747 -0.021234 -0.022556
v -0.016325 -0.025284 -0.018506
v -0.006747 -0.027127 -0.015558
f 171 166 174 
f 162 163 167 
f 161 164 168 
f 164 165 168 
f 165 164 169 
f 165 162 170 
f 162 167 170 
f 167 161 170 
f 161 168 170 
f 168 165 170 
f 161 167 171 
f 163 162 172 
f 162 165 172 
f 169 163 172 
f 165 169 172 
f 167 163 173 
f 163 169 173 
f 169 166 173 
f 166 171 173 
f 171 167 173 
f 164 161 174 
f 169 164 174 
f 166 169 174 
f 161 171 174 
o convex_12
v -0.015218 -0.032651 -0.000456
v -0.006747 -0.031546 0.009119
v -0.017428 -0.031179 0.009119
v -0.016690 -0.030442 -0.007087
v -0.006747 -0.031546 -0.006349
v -0.020743 -0.032283 0.005435
v -0.006747 -0.032651 0.005067
v -0.020743 -0.030810 -0.007087
v -0.006747 -0.030810 -0.005613
v -0.020743 -0.031179 0.009119
v -0.014848 -0.032283 0.008381
v -0.020373 -0.031915 -0.003404
v -0.007116 -0.032651 -0.000088
v -0.014111 -0.031915 -0.005245
f 179 187 188 
f 179 176 181 
f 180 175 181 
f 178 179 182 
f 177 176 183 
f 178 177 183 
f 179 178 183 
f 176 179 183 
f 176 177 184 
f 177 178 184 
f 178 182 184 
f 182 180 184 
f 181 176 185 
f 180 181 185 
f 176 184 185 
f 184 180 185 
f 175 180 186 
f 180 182 186 
f 181 175 187 
f 179 181 187 
f 182 179 188 
f 175 186 188 
f 186 182 188 
f 187 175 188 
o convex_13
v -0.014855 -0.017550 -0.025501
v -0.006752 -0.011658 -0.028081
v -0.006752 -0.012026 -0.027710
v -0.034738 -0.011658 -0.026607
v -0.028842 -0.020497 -0.020715
v -0.035475 -0.013501 -0.027711
v -0.006752 -0.020865 -0.022188
v -0.035475 -0.020865 -0.021452
v -0.011171 -0.012396 -0.028818
v -0.006752 -0.020865 -0.022926
v -0.035475 -0.017181 -0.025133
v -0.026261 -0.011658 -0.026606
v -0.006752 -0.020126 -0.022188
v -0.035475 -0.011658 -0.028081
v -0.015960 -0.020865 -0.022926
v -0.035475 -0.020497 -0.020715
v -0.006752 -0.014607 -0.027344
f 198 189 205 
f 190 191 195 
f 195 193 196 
f 189 194 197 
f 190 195 198 
f 195 196 198 
f 194 189 199 
f 196 194 199 
f 191 190 200 
f 190 192 200 
f 200 193 201 
f 195 191 201 
f 193 195 201 
f 191 200 201 
f 192 190 202 
f 194 196 202 
f 190 197 202 
f 197 194 202 
f 198 196 203 
f 189 198 203 
f 199 189 203 
f 196 199 203 
f 196 193 204 
f 200 192 204 
f 193 200 204 
f 192 202 204 
f 202 196 204 
f 197 190 205 
f 189 197 205 
f 190 198 205 
o convex_14
v 0.023455 -0.019392 0.029377
v 0.019404 -0.012764 0.039320
v 0.019035 -0.012764 0.039320
v 0.021616 -0.007974 0.029376
v 0.028243 -0.013867 0.036005
v 0.019035 -0.022707 0.035267
v 0.019035 -0.021969 0.029377
v 0.027505 -0.019761 0.035636
v 0.019035 -0.007974 0.033059
v 0.027505 -0.020129 0.031956
v 0.019772 -0.018287 0.038950
v 0.027135 -0.012397 0.036741
v 0.027135 -0.016075 0.037478
v 0.027874 -0.016075 0.032323
v 0.025662 -0.021601 0.032323
v 0.019404 -0.007974 0.031219
v 0.023823 -0.014604 0.029376
v 0.027874 -0.013130 0.034167
v 0.020877 -0.010554 0.037110
v 0.019035 -0.020496 0.037846
f 213 216 225 
f 211 208 212 
f 212 208 214 
f 212 206 215 
f 210 213 215 
f 207 208 216 
f 209 214 217 
f 213 210 218 
f 207 216 218 
f 216 213 218 
f 210 217 218 
f 217 207 218 
f 210 215 219 
f 211 212 220 
f 213 211 220 
f 212 215 220 
f 215 213 220 
f 209 212 221 
f 214 209 221 
f 212 214 221 
f 206 212 222 
f 212 209 222 
f 215 206 222 
f 209 219 222 
f 219 215 222 
f 209 217 223 
f 217 210 223 
f 219 209 223 
f 210 219 223 
f 208 207 224 
f 214 208 224 
f 207 217 224 
f 217 214 224 
f 208 211 225 
f 211 213 225 
f 216 208 225 
o convex_15
v -0.041736 -0.026389 0.009857
v -0.046156 -0.018287 0.018327
v -0.046156 -0.018287 0.017958
v -0.034002 -0.024548 0.018327
v -0.034371 -0.028231 0.009119
v -0.038055 -0.024915 0.017222
v -0.045788 -0.023077 0.009119
v -0.046525 -0.021971 0.014273
v -0.034371 -0.028231 0.012802
v -0.043209 -0.021604 0.018327
v -0.046525 -0.023812 0.009119
v -0.041368 -0.025285 0.013540
v -0.035109 -0.028968 0.009119
v -0.035109 -0.025285 0.018327
f 235 231 239 
f 228 227 229 
f 228 229 230 
f 228 230 232 
f 227 228 233 
f 230 229 234 
f 229 227 235 
f 227 233 235 
f 228 232 236 
f 232 230 236 
f 233 228 236 
f 226 233 236 
f 233 226 237 
f 226 234 237 
f 234 231 237 
f 231 235 237 
f 235 233 237 
f 234 226 238 
f 230 234 238 
f 226 236 238 
f 236 230 238 
f 234 229 239 
f 231 234 239 
f 229 235 239 
o convex_16
v -0.042840 -0.019759 0.020906
v -0.034002 -0.012764 0.029376
v -0.034002 -0.013500 0.029376
v -0.034002 -0.024547 0.018327
v -0.046156 -0.012764 0.022747
v -0.034371 -0.021601 0.023485
v -0.042105 -0.013869 0.026061
v -0.046525 -0.019023 0.018327
v -0.034002 -0.012764 0.028638
v -0.038422 -0.023811 0.018695
v -0.046156 -0.017920 0.018327
v -0.037318 -0.018289 0.025324
v -0.046525 -0.013500 0.023485
v -0.034371 -0.024178 0.018327
f 250 244 253 
f 241 242 243 
f 243 242 245 
f 242 241 246 
f 241 243 248 
f 244 241 248 
f 245 240 249 
f 243 245 249 
f 240 247 249 
f 247 243 249 
f 243 247 250 
f 247 244 250 
f 240 245 251 
f 245 242 251 
f 242 246 251 
f 246 240 251 
f 241 244 252 
f 246 241 252 
f 240 246 252 
f 247 240 252 
f 244 247 252 
f 248 243 253 
f 244 248 253 
f 243 250 253 
o convex_17
v -0.018900 -0.030441 0.014275
v -0.006747 -0.024918 0.023115
v -0.016322 -0.024549 0.023115
v -0.006747 -0.031177 0.009489
v -0.006747 -0.028967 0.017957
v -0.019638 -0.031177 0.009119
v -0.019638 -0.025286 0.023115
v -0.008221 -0.031915 0.010224
v -0.015585 -0.027496 0.020535
v -0.019638 -0.024549 0.022745
v -0.006747 -0.024918 0.022376
v -0.007115 -0.025654 0.023115
v -0.019638 -0.031546 0.010593
v -0.011904 -0.030441 0.015014
f 254 266 267 
f 257 255 258 
f 255 256 260 
f 257 258 261 
f 259 257 261 
f 260 254 262 
f 257 259 263 
f 260 256 263 
f 259 260 263 
f 256 255 264 
f 255 257 264 
f 263 256 264 
f 257 263 264 
f 258 255 265 
f 255 260 265 
f 262 258 265 
f 260 262 265 
f 254 260 266 
f 260 259 266 
f 259 261 266 
f 266 261 267 
f 261 258 267 
f 262 254 267 
f 258 262 267 
o convex_18
v -0.028844 -0.021233 0.025693
v -0.020375 -0.012765 0.032322
v -0.020375 -0.012765 0.031585
v -0.034002 -0.012765 0.029007
v -0.020745 -0.023811 0.023115
v -0.034002 -0.020864 0.023115
v -0.021480 -0.018288 0.029375
v -0.033633 -0.015343 0.028639
v -0.020375 -0.024917 0.023483
v -0.033265 -0.021969 0.023483
v -0.033265 -0.013133 0.028639
v -0.029580 -0.013133 0.030848
v -0.026637 -0.016447 0.029744
v -0.020375 -0.021233 0.027168
f 268 276 281 
f 269 270 271 
f 271 273 275 
f 270 269 276 
f 272 270 276 
f 273 272 276 
f 268 275 277 
f 275 273 277 
f 276 268 277 
f 273 276 277 
f 271 270 278 
f 270 272 278 
f 273 271 278 
f 272 273 278 
f 269 271 279 
f 271 275 279 
f 279 275 280 
f 274 269 280 
f 268 274 280 
f 275 268 280 
f 269 279 280 
f 269 274 281 
f 274 268 281 
f 276 269 281 
o convex_19
v -0.017428 -0.021232 0.027535
v -0.006747 -0.012764 0.032322
v -0.006747 -0.012764 0.031953
v -0.006747 -0.025284 0.023116
v -0.020375 -0.024178 0.023116
v -0.020375 -0.012764 0.031585
v -0.007117 -0.017920 0.030112
v -0.020375 -0.016079 0.030848
v -0.006747 -0.024547 0.023116
v -0.020375 -0.024915 0.023484
v -0.008959 -0.023442 0.025694
v -0.015953 -0.013133 0.032689
v -0.014481 -0.016816 0.030848
v -0.006747 -0.013869 0.032322
f 293 294 295 
f 284 283 285 
f 283 284 287 
f 287 286 289 
f 284 285 290 
f 285 286 290 
f 287 284 290 
f 286 287 290 
f 286 285 291 
f 282 289 291 
f 289 286 291 
f 288 282 292 
f 285 288 292 
f 282 291 292 
f 291 285 292 
f 283 287 293 
f 287 289 293 
f 293 289 294 
f 282 288 294 
f 289 282 294 
f 294 288 295 
f 285 283 295 
f 288 285 295 
f 283 293 295 
o convex_20
v -0.057573 -0.005763 0.013542
v -0.051313 0.002705 0.023115
v -0.051313 0.002705 0.022376
v -0.051313 -0.012763 0.017957
v -0.058678 0.002705 0.009119
v -0.055731 -0.012024 0.009119
v -0.054997 -0.000979 0.019431
v -0.052051 -0.010552 0.020166
v -0.057205 -0.011288 0.009489
v -0.057573 0.002705 0.014644
v -0.059047 -0.003922 0.009119
v -0.051682 -0.005027 0.022745
v -0.053524 -0.012763 0.016482
v -0.055363 -0.005763 0.017957
v -0.053156 0.002705 0.021641
v -0.055363 -0.009815 0.015748
v -0.057573 -0.002818 0.014644
v -0.058311 0.002705 0.009490
v -0.059047 0.002705 0.010224
f 306 312 314 
f 298 297 299 
f 297 298 300 
f 298 299 301 
f 297 300 305 
f 300 301 306 
f 304 296 306 
f 301 304 306 
f 299 297 307 
f 303 299 307 
f 301 299 308 
f 299 303 308 
f 304 301 308 
f 307 302 309 
f 303 307 309 
f 297 305 310 
f 305 302 310 
f 307 297 310 
f 302 307 310 
f 296 304 311 
f 308 303 311 
f 304 308 311 
f 309 296 311 
f 303 309 311 
f 302 305 312 
f 306 296 312 
f 296 309 312 
f 309 302 312 
f 300 298 313 
f 298 301 313 
f 301 300 313 
f 305 300 314 
f 300 306 314 
f 312 305 314 
o convex_21
v -0.024426 -0.000608 0.022378
v -0.021480 0.002707 0.031953
v -0.025162 0.002707 0.033427
v -0.025530 -0.000608 0.033059
v -0.021480 0.000865 0.022378
v -0.023689 0.001233 0.022378
v -0.025899 0.002707 0.032690
v -0.021480 0.001601 0.022378
f 321 316 322 
f 316 317 318 
f 318 315 319 
f 316 318 319 
f 319 315 320 
f 317 316 321 
f 318 317 321 
f 315 318 321 
f 320 315 321 
f 320 321 322 
f 316 319 322 
f 319 320 322 
o convex_22
v -0.043580 -0.001713 0.029006
v -0.051313 -0.012763 0.018327
v -0.051313 -0.012763 0.019434
v -0.039159 -0.012763 0.027164
v -0.039527 0.002707 0.029742
v -0.051313 0.002707 0.022749
v -0.048366 -0.007605 0.024953
v -0.039527 -0.007605 0.029743
v -0.051313 -0.003185 0.023484
v -0.043211 -0.012763 0.026059
v -0.047261 0.002707 0.026796
v -0.050944 -0.012393 0.018327
v -0.039896 0.002707 0.030481
v -0.046154 -0.005028 0.027165
v -0.050944 0.002707 0.022749
v -0.039159 -0.004292 0.030481
v -0.049101 -0.011288 0.022749
f 332 329 339 
f 325 324 326 
f 324 325 328 
f 328 325 331 
f 325 326 332 
f 326 330 332 
f 327 328 333 
f 328 331 333 
f 326 324 334 
f 327 326 334 
f 324 328 334 
f 333 323 335 
f 327 333 335 
f 330 323 336 
f 331 329 336 
f 329 332 336 
f 332 330 336 
f 323 333 336 
f 333 331 336 
f 328 327 337 
f 327 334 337 
f 334 328 337 
f 326 327 338 
f 323 330 338 
f 330 326 338 
f 335 323 338 
f 327 335 338 
f 331 325 339 
f 329 331 339 
f 325 332 339 
o convex_23
v -0.031422 0.002707 -0.029923
v -0.023689 0.009336 -0.028081
v -0.023689 0.009336 -0.028449
v -0.035107 0.009336 -0.028449
v -0.035107 0.003812 -0.028818
v -0.023689 0.002707 -0.029186
v -0.033632 0.008231 -0.027713
v -0.025532 0.003444 -0.029923
f 342 345 347 
f 341 342 343 
f 343 340 344 
f 342 341 345 
f 344 340 345 
f 341 343 346 
f 343 344 346 
f 345 341 346 
f 344 345 346 
f 343 342 347 
f 340 343 347 
f 345 340 347 
o convex_24
v -0.035475 -0.012763 0.029377
v -0.021848 -0.003555 0.034164
v -0.021848 -0.007238 0.034164
v -0.021848 -0.012763 0.031586
v -0.038787 -0.003923 0.029745
v -0.038421 -0.012394 0.027166
v -0.031423 -0.003923 0.033058
v -0.022585 -0.003555 0.033426
v -0.039159 -0.006870 0.030114
v -0.028111 -0.011289 0.031953
v -0.022585 -0.012763 0.032322
v -0.031789 -0.008709 0.031953
v -0.039159 -0.003555 0.030481
v -0.039159 -0.012763 0.027904
f 360 352 361 
f 349 350 351 
f 350 349 354 
f 349 351 355 
f 353 352 355 
f 351 353 355 
f 357 348 358 
f 351 350 358 
f 348 351 358 
f 350 357 358 
f 350 354 359 
f 356 348 359 
f 354 356 359 
f 357 350 359 
f 348 357 359 
f 354 349 360 
f 349 355 360 
f 355 352 360 
f 356 354 360 
f 356 360 361 
f 351 348 361 
f 352 353 361 
f 353 351 361 
f 348 356 361 
o convex_25
v -0.020741 -0.012394 0.032691
v -0.006746 -0.003555 0.033795
v 0.009086 -0.003923 0.033795
v 0.010927 -0.010552 0.031218
v -0.007115 -0.010184 0.033795
v -0.019635 -0.003555 0.033427
v -0.021848 -0.012394 0.031586
v -0.018897 -0.005397 0.034532
v 0.012405 -0.011289 0.032323
v 0.012405 -0.003923 0.032691
v -0.014113 -0.003555 0.033059
v -0.006746 -0.012763 0.032691
v -0.021848 -0.003555 0.034163
v -0.004168 -0.007975 0.034164
v -0.021848 -0.007608 0.034163
v 0.011664 -0.011289 0.031218
v -0.013744 -0.009079 0.034163
f 369 376 378 
f 363 364 371 
f 364 370 371 
f 367 363 372 
f 365 368 372 
f 368 367 372 
f 363 371 372 
f 371 365 372 
f 366 362 373 
f 362 368 373 
f 370 366 373 
f 364 363 374 
f 363 367 374 
f 367 368 374 
f 369 364 374 
f 364 369 375 
f 370 364 375 
f 366 370 375 
f 368 362 376 
f 374 368 376 
f 369 374 376 
f 368 365 377 
f 365 371 377 
f 371 370 377 
f 373 368 377 
f 370 373 377 
f 362 366 378 
f 375 369 378 
f 366 375 378 
f 376 362 378 
o convex_26
v -0.000118 0.002707 -0.023661
v -0.006747 -0.011289 -0.028448
v -0.006747 -0.011289 -0.027712
v 0.000619 -0.011289 -0.027344
v 0.000619 0.002707 -0.029186
v -0.006747 -0.010552 -0.023661
v -0.000486 -0.003924 -0.023661
v -0.000855 0.002707 -0.026240
v 0.000619 -0.005027 -0.029554
v -0.000855 -0.011289 -0.028448
v 0.000251 -0.000242 -0.029923
v -0.006747 -0.010184 -0.027712
v -0.000486 0.002707 -0.028448
v -0.001959 -0.006868 -0.023661
v -0.000855 0.002707 -0.023661
f 386 390 393 
f 381 380 382 
f 379 382 383 
f 380 381 384 
f 381 382 384 
f 382 379 385 
f 379 384 385 
f 379 383 386 
f 383 382 387 
f 382 380 388 
f 380 387 388 
f 387 382 388 
f 387 380 389 
f 383 387 389 
f 380 384 390 
f 390 386 391 
f 386 383 391 
f 389 380 391 
f 383 389 391 
f 380 390 391 
f 384 382 392 
f 382 385 392 
f 385 384 392 
f 384 379 393 
f 379 386 393 
f 390 384 393 
o convex_27
v 0.007616 0.001231 -0.030291
v 0.000619 -0.011289 -0.028081
v 0.001357 -0.011289 -0.028081
v 0.000619 0.002707 -0.028817
v 0.011299 -0.010919 -0.026977
v 0.011669 0.002707 -0.029185
v 0.011669 -0.008341 -0.028817
v 0.000619 -0.001346 -0.030291
v 0.002461 -0.010919 -0.026977
v 0.011669 -0.001346 -0.029922
v 0.001725 0.002707 -0.029922
v 0.011669 -0.011289 -0.027713
f 398 402 405 
f 397 398 399 
f 396 395 400 
f 395 397 401 
f 400 395 401 
f 397 395 402 
f 398 397 402 
f 394 399 403 
f 399 400 403 
f 401 394 403 
f 400 401 403 
f 399 394 404 
f 397 399 404 
f 401 397 404 
f 394 401 404 
f 395 396 405 
f 399 398 405 
f 400 399 405 
f 396 400 405 
f 402 395 405 
o convex_28
v 0.026401 -0.000609 -0.022189
v 0.016090 -0.005765 -0.031396
v 0.016090 -0.005396 -0.031396
v 0.011669 -0.003554 -0.028817
v 0.013881 0.002707 -0.029553
v 0.025295 -0.005765 -0.021820
v 0.020506 -0.005396 -0.030290
v 0.025295 0.002707 -0.021820
v 0.020877 0.002707 -0.027344
v 0.011669 0.002707 -0.029186
v 0.011669 -0.005765 -0.029186
v 0.025664 0.002707 -0.022926
v 0.022718 -0.005765 -0.027713
v 0.018298 -0.005396 -0.031396
v 0.011669 0.000496 -0.029921
v 0.019033 0.002707 -0.028450
f 412 419 421 
f 411 406 413 
f 409 411 413 
f 410 413 414 
f 409 413 415 
f 413 410 415 
f 407 411 416 
f 411 409 416 
f 409 415 416 
f 413 406 417 
f 412 414 417 
f 414 413 417 
f 411 407 418 
f 406 411 418 
f 407 412 418 
f 417 406 418 
f 412 417 418 
f 407 408 419 
f 408 410 419 
f 412 407 419 
f 408 407 420 
f 410 408 420 
f 415 410 420 
f 407 416 420 
f 416 415 420 
f 414 412 421 
f 410 414 421 
f 419 410 421 
o convex_29
v 0.015353 -0.021233 0.035267
v 0.019035 -0.016078 0.039320
v 0.019035 -0.017552 0.039320
v 0.019035 -0.020129 0.025326
v 0.012405 -0.016078 0.030482
v 0.012405 -0.021601 0.025326
v 0.019035 -0.022706 0.035267
v 0.015353 -0.016078 0.038214
v 0.019035 -0.022338 0.029378
v 0.012405 -0.016815 0.031956
v 0.016824 -0.020497 0.037845
v 0.016824 -0.022706 0.034163
f 428 432 433 
f 423 424 425 
f 423 425 426 
f 426 425 427 
f 425 424 428 
f 424 423 429 
f 423 426 429 
f 427 425 430 
f 425 428 430 
f 427 422 431 
f 426 427 431 
f 422 429 431 
f 429 426 431 
f 428 424 432 
f 429 422 432 
f 424 429 432 
f 422 427 433 
f 427 430 433 
f 430 428 433 
f 432 422 433 
o convex_30
v 0.018668 -0.025652 -0.007825
v 0.027505 -0.019025 -0.007457
v 0.026768 -0.019025 -0.007457
v 0.020509 -0.019025 -0.021818
v 0.014248 -0.020130 -0.021082
v 0.014248 -0.026389 -0.007457
v 0.014617 -0.024916 -0.014086
v 0.024926 -0.021603 -0.008562
v 0.019036 -0.020130 -0.021818
v 0.014248 -0.021235 -0.021082
v 0.014248 -0.027126 -0.008193
v 0.020509 -0.019393 -0.021818
f 434 442 445 
f 436 435 437 
f 436 437 438 
f 436 438 439 
f 434 435 439 
f 435 436 439 
f 435 434 441 
f 438 437 442 
f 434 440 442 
f 442 440 443 
f 439 438 443 
f 438 442 443 
f 439 443 444 
f 434 439 444 
f 440 434 444 
f 443 440 444 
f 437 435 445 
f 435 441 445 
f 441 434 445 
f 442 437 445 
o convex_31
v 0.024925 -0.023813 0.001015
v 0.014247 -0.027126 -0.007455
v 0.014247 -0.027494 -0.007086
v 0.014247 -0.028231 0.003226
v 0.026768 -0.019024 -0.006718
v 0.028977 -0.019024 0.003226
v 0.026032 -0.021235 -0.007086
v 0.018668 -0.027126 -0.001564
v 0.022716 -0.025284 0.003226
v 0.029716 -0.019394 -0.000827
v 0.014616 -0.026389 -0.007086
v 0.022349 -0.023813 -0.007455
v 0.014616 -0.028967 0.003226
v 0.027505 -0.019024 -0.007455
v 0.029716 -0.019394 0.003226
v 0.024191 -0.023813 -0.003034
f 453 457 461 
f 447 448 449 
f 451 449 454 
f 453 446 454 
f 447 449 456 
f 449 451 456 
f 451 450 456 
f 448 447 457 
f 453 448 457 
f 449 448 458 
f 448 453 458 
f 454 449 458 
f 453 454 458 
f 450 451 459 
f 451 455 459 
f 455 452 459 
f 447 456 459 
f 456 450 459 
f 457 447 459 
f 452 457 459 
f 454 446 460 
f 451 454 460 
f 446 455 460 
f 455 451 460 
f 446 453 461 
f 455 446 461 
f 452 455 461 
f 457 452 461 
o convex_32
v 0.027507 -0.019024 -0.006350
v 0.040764 -0.006501 0.003226
v 0.040764 -0.006870 0.003226
v 0.029349 -0.019024 0.003226
v 0.034872 -0.006501 -0.005613
v 0.030823 -0.016445 -0.005981
v 0.036344 -0.008711 0.003226
v 0.030086 -0.019024 -0.000458
v 0.040396 -0.006870 0.000279
v 0.034872 -0.009080 -0.006350
v 0.029349 -0.018655 0.003226
v 0.031190 -0.017918 0.003226
v 0.035609 -0.006501 -0.006350
v 0.027507 -0.018655 -0.005981
f 472 466 475 
f 464 463 465 
f 465 463 468 
f 463 466 468 
f 465 462 469 
f 462 467 469 
f 469 467 470 
f 463 464 470 
f 464 469 470 
f 467 462 471 
f 470 467 471 
f 465 468 472 
f 468 466 472 
f 464 465 473 
f 469 464 473 
f 465 469 473 
f 462 466 474 
f 466 463 474 
f 463 470 474 
f 470 471 474 
f 471 462 474 
f 462 465 475 
f 466 462 475 
f 465 472 475 
o convex_33
v 0.027508 -0.001714 -0.020714
v 0.041502 0.002707 0.003226
v 0.041132 0.002707 0.003226
v 0.040763 -0.006501 0.003226
v 0.041132 -0.000977 -0.002668
v 0.025667 0.002707 -0.021449
v 0.026035 -0.006501 -0.021820
v 0.037083 -0.006501 -0.001565
v 0.041132 0.002707 -0.002300
v 0.041132 -0.006133 0.000276
v 0.025667 -0.006501 -0.020714
v 0.027140 0.002707 -0.021079
v 0.041132 -0.004291 -0.001565
f 485 482 488 
f 477 478 479 
f 478 477 481 
f 476 480 482 
f 482 479 483 
f 479 478 483 
f 478 481 483 
f 477 480 484 
f 481 477 484 
f 477 479 485 
f 479 482 485 
f 481 482 486 
f 482 483 486 
f 483 481 486 
f 480 476 487 
f 476 482 487 
f 482 481 487 
f 484 480 487 
f 481 484 487 
f 480 477 488 
f 482 480 488 
f 477 485 488 
o convex_34
v 0.031559 -0.016077 0.004331
v 0.041134 -0.005765 0.004699
v 0.041134 -0.005765 0.003226
v 0.034874 -0.006133 0.011329
v 0.031191 -0.015709 0.011329
v 0.036345 -0.008711 0.003226
v 0.033399 -0.014972 0.003226
v 0.030084 -0.015709 0.010592
v 0.035609 -0.007238 0.011329
v 0.031927 -0.015340 0.003226
v 0.032295 -0.016077 0.006541
v 0.040765 -0.006870 0.003963
v 0.037081 -0.005765 0.006909
f 494 492 501 
f 494 491 495 
f 493 492 496 
f 490 492 497 
f 492 493 497 
f 493 490 497 
f 492 494 498 
f 495 489 498 
f 494 495 498 
f 489 496 498 
f 496 492 498 
f 489 495 499 
f 496 489 499 
f 493 496 499 
f 491 490 500 
f 490 493 500 
f 495 491 500 
f 493 499 500 
f 499 495 500 
f 490 491 501 
f 492 490 501 
f 491 494 501 
o convex_35
v 0.009087 -0.028601 0.013906
v -0.006747 -0.032651 0.003226
v -0.006747 -0.032651 0.004700
v -0.006747 -0.028601 0.016483
v 0.011665 -0.028969 0.003226
v 0.012036 -0.025655 0.016483
v 0.000621 -0.031545 0.008751
v -0.003800 -0.029336 0.016851
v 0.012036 -0.029705 0.005068
v -0.006006 -0.031914 0.003226
v 0.012405 -0.026392 0.017221
v 0.004301 -0.031545 0.003226
v -0.006747 -0.031546 0.011329
v 0.001725 -0.029704 0.014643
v 0.007246 -0.030441 0.008751
v 0.012405 -0.028601 0.010960
v -0.006747 -0.028601 0.017221
v 0.012405 -0.029337 0.003226
f 512 517 519 
f 503 504 505 
f 506 505 507 
f 503 505 511 
f 505 506 511 
f 506 503 511 
f 504 503 513 
f 503 506 513 
f 508 504 513 
f 505 504 514 
f 504 508 514 
f 509 514 515 
f 512 509 515 
f 502 512 515 
f 514 508 515 
f 508 513 516 
f 513 510 516 
f 502 515 516 
f 515 508 516 
f 512 502 517 
f 502 516 517 
f 516 510 517 
f 507 505 518 
f 512 507 518 
f 509 512 518 
f 505 514 518 
f 514 509 518 
f 506 507 519 
f 507 512 519 
f 513 506 519 
f 510 513 519 
f 517 510 519 
o convex_36
v 0.012037 0.018176 0.029010
v 0.019403 0.018176 0.038951
v 0.019034 0.018545 0.038951
v 0.019403 0.021121 0.026431
v 0.017193 0.022596 0.034530
v 0.012037 0.020753 0.026062
v 0.012405 0.017071 0.028641
v 0.015352 0.017808 0.037845
v 0.019403 0.017071 0.038582
v 0.019403 0.020017 0.026062
v 0.019403 0.022596 0.030851
v 0.015720 0.020753 0.036372
v 0.019403 0.022227 0.036005
v 0.014247 0.017071 0.036005
f 527 531 533 
f 520 525 526 
f 521 522 527 
f 523 521 528 
f 521 527 528 
f 523 528 529 
f 525 523 529 
f 526 525 529 
f 528 526 529 
f 521 523 530 
f 523 525 530 
f 525 524 530 
f 525 520 531 
f 524 525 531 
f 527 522 531 
f 522 521 532 
f 521 530 532 
f 530 524 532 
f 531 522 532 
f 524 531 532 
f 520 526 533 
f 526 528 533 
f 528 527 533 
f 531 520 533 
o convex_37
v 0.011665 -0.024181 0.022010
v -0.006747 -0.028968 0.017222
v -0.006747 -0.028968 0.017591
v -0.006747 -0.019025 0.028269
v 0.011665 -0.025285 0.017591
v 0.012405 -0.019393 0.027901
v -0.005641 -0.025285 0.023482
v 0.011299 -0.019025 0.026797
v -0.006747 -0.028231 0.017222
v -0.006747 -0.020867 0.027901
v 0.002829 -0.028231 0.017591
v 0.012036 -0.026389 0.017222
v 0.002465 -0.025652 0.022010
v 0.012405 -0.021603 0.025693
v -0.005641 -0.019025 0.029006
v 0.007985 -0.019025 0.026797
v -0.003061 -0.022707 0.026061
f 540 547 550 
f 535 536 537 
f 539 538 541 
f 535 537 542 
f 537 538 542 
f 537 536 543 
f 536 540 543 
f 536 535 544 
f 538 539 545 
f 535 542 545 
f 542 538 545 
f 544 535 545 
f 534 544 545 
f 540 536 546 
f 536 544 546 
f 544 534 546 
f 534 545 547 
f 545 539 547 
f 546 534 547 
f 540 546 547 
f 541 537 548 
f 539 541 548 
f 537 543 548 
f 543 539 548 
f 538 537 549 
f 537 541 549 
f 541 538 549 
f 539 543 550 
f 543 540 550 
f 547 539 550 
o convex_38
v 0.023823 0.014859 -0.019610
v 0.038556 0.003077 -0.003404
v 0.038556 0.002707 -0.003404
v 0.031188 0.015229 -0.003404
v 0.027508 0.002707 -0.018871
v 0.025666 0.013387 -0.019610
v 0.031188 0.014859 -0.007827
v 0.036711 0.002707 -0.004142
v 0.028612 0.004181 -0.018871
v 0.032662 0.007863 -0.011507
v 0.031925 0.015598 -0.004142
v 0.023823 0.015598 -0.018871
v 0.033765 0.010809 -0.007089
v 0.024563 0.015598 -0.019610
v 0.027877 0.002707 -0.019610
v 0.038556 0.003077 -0.003774
f 553 565 566 
f 553 552 554 
f 553 554 558 
f 554 555 558 
f 555 553 558 
f 559 556 560 
f 554 552 561 
f 551 555 562 
f 555 554 562 
f 554 561 562 
f 560 556 563 
f 557 561 563 
f 556 551 564 
f 561 557 564 
f 562 561 564 
f 551 562 564 
f 563 556 564 
f 557 563 564 
f 555 551 565 
f 553 555 565 
f 551 556 565 
f 556 559 565 
f 565 559 566 
f 552 553 566 
f 559 560 566 
f 561 552 566 
f 560 563 566 
f 563 561 566 
o convex_39
v -0.006747 -0.019024 0.028640
v 0.012405 -0.011289 0.032322
v 0.012405 -0.013131 0.032322
v 0.011667 -0.018655 0.027166
v -0.005641 -0.011289 0.032322
v 0.012405 -0.016444 0.031217
v -0.006747 -0.012026 0.033059
v 0.008720 -0.011658 0.030849
v -0.006008 -0.018655 0.028271
v -0.006747 -0.017182 0.030480
v 0.012405 -0.019024 0.028271
v 0.006879 -0.018655 0.027166
v 0.012036 -0.011289 0.031217
v -0.001955 -0.019024 0.029008
f 577 572 580 
f 568 569 572 
f 569 568 573 
f 571 567 573 
f 568 571 573 
f 572 569 573 
f 571 574 575 
f 567 571 575 
f 573 567 576 
f 572 573 576 
f 568 572 577 
f 574 570 578 
f 575 574 578 
f 567 575 578 
f 570 577 578 
f 577 567 578 
f 571 568 579 
f 570 574 579 
f 574 571 579 
f 568 577 579 
f 577 570 579 
f 576 567 580 
f 572 576 580 
f 567 577 580 
o convex_40
v 0.019773 0.021120 0.026798
v 0.019772 0.017070 0.039319
v 0.019403 0.017070 0.039319
v 0.024190 0.008969 0.026061
v 0.028242 0.019649 0.034164
v 0.019403 0.008968 0.034900
v 0.027506 0.012654 0.036740
v 0.019403 0.022596 0.035267
v 0.027506 0.020384 0.031955
v 0.019403 0.020016 0.026061
v 0.019772 0.011548 0.038582
v 0.022717 0.017070 0.026061
v 0.026769 0.018543 0.036739
v 0.028611 0.015598 0.033798
v 0.022350 0.008969 0.027536
v 0.020879 0.022596 0.031955
v 0.027871 0.014494 0.037110
v 0.027136 0.020752 0.034532
v 0.020143 0.020752 0.037477
v 0.026399 0.011548 0.036003
v 0.019403 0.008968 0.033428
v 0.020508 0.013389 0.039319
v 0.028242 0.018543 0.032323
v 0.028242 0.013389 0.034532
f 594 597 604 
f 586 583 588 
f 588 581 590 
f 586 588 590 
f 583 586 591 
f 581 589 592 
f 584 590 592 
f 590 581 592 
f 590 584 595 
f 581 588 596 
f 589 581 596 
f 585 593 597 
f 593 582 597 
f 594 585 597 
f 585 589 598 
f 593 585 598 
f 596 588 598 
f 589 596 598 
f 583 582 599 
f 588 583 599 
f 582 593 599 
f 593 598 599 
f 598 588 599 
f 586 584 600 
f 584 587 600 
f 591 586 600 
f 587 591 600 
f 584 586 601 
f 586 590 601 
f 595 584 601 
f 590 595 601 
f 582 583 602 
f 583 591 602 
f 591 587 602 
f 597 582 602 
f 587 597 602 
f 589 585 603 
f 592 589 603 
f 584 592 603 
f 594 584 603 
f 585 594 603 
f 587 584 604 
f 584 594 604 
f 597 587 604 
o convex_41
v 0.002458 0.002707 0.032321
v -0.021480 0.001234 0.022378
v -0.021480 0.001601 0.022378
v 0.001721 0.000128 0.022379
v 0.002090 0.000128 0.032321
v -0.021480 0.002707 0.031953
v -0.004905 0.001970 0.022379
v -0.021480 0.001601 0.029005
v -0.021108 0.002707 0.030112
v -0.011165 0.002707 0.033059
v 0.000248 0.001234 0.022379
v -0.019267 0.001970 0.022378
v -0.021480 0.002338 0.031953
v -0.021480 0.001234 0.025695
f 609 612 618 
f 608 605 609 
f 607 606 610 
f 610 606 612 
f 610 605 613 
f 607 610 613 
f 605 611 613 
f 609 605 614 
f 605 610 614 
f 605 608 615 
f 611 605 615 
f 611 615 616 
f 606 607 616 
f 608 606 616 
f 607 613 616 
f 613 611 616 
f 615 608 616 
f 612 609 617 
f 610 612 617 
f 609 614 617 
f 614 610 617 
f 606 608 618 
f 608 609 618 
f 612 606 618 
o convex_42
v -0.045787 0.018544 -0.026606
v -0.043210 0.013019 -0.033604
v -0.043210 0.015598 -0.033604
v -0.042473 0.019648 -0.019243
v -0.048735 0.013019 -0.019243
v -0.046893 0.014125 -0.029921
v -0.042473 0.020386 -0.030658
v -0.042473 0.013019 -0.033236
v -0.044683 0.019280 -0.019243
v -0.045787 0.017807 -0.030289
v -0.047630 0.013019 -0.019979
v -0.046156 0.013019 -0.031394
v -0.047630 0.015967 -0.019243
v -0.043578 0.020386 -0.028448
f 625 628 632 
f 620 621 626 
f 623 620 626 
f 621 625 626 
f 625 622 626 
f 623 622 627 
f 624 623 628 
f 625 621 628 
f 622 623 629 
f 626 622 629 
f 623 626 629 
f 621 620 630 
f 620 623 630 
f 623 624 630 
f 624 628 630 
f 628 621 630 
f 627 619 631 
f 623 627 631 
f 619 628 631 
f 628 623 631 
f 622 625 632 
f 619 627 632 
f 627 622 632 
f 628 619 632 
o convex_43
v -0.057573 0.010441 -0.004508
v -0.053892 0.017439 0.005067
v -0.052418 0.017439 -0.004877
v -0.059046 0.002707 0.005067
v -0.058310 0.002707 -0.005614
v -0.059046 0.007865 0.004698
v -0.056101 0.015228 0.000647
v -0.059415 0.003076 -0.003036
v -0.053523 0.017439 -0.005245
v -0.057573 0.012281 0.005067
v -0.058679 0.008968 -0.001192
v -0.052418 0.017070 -0.004877
v -0.058310 0.006759 -0.005614
v -0.053892 0.016701 0.005067
v -0.059784 0.002707 0.003593
v -0.054629 0.017439 0.004698
f 639 642 648 
f 634 635 641 
f 633 639 641 
f 636 634 642 
f 638 636 642 
f 642 639 643 
f 639 633 643 
f 638 642 643 
f 635 634 644 
f 636 637 644 
f 641 635 644 
f 637 641 644 
f 637 640 645 
f 633 641 645 
f 641 637 645 
f 643 633 645 
f 640 643 645 
f 634 636 646 
f 644 634 646 
f 636 644 646 
f 637 636 647 
f 636 638 647 
f 640 637 647 
f 643 640 647 
f 638 643 647 
f 634 641 648 
f 641 639 648 
f 642 634 648 
o convex_44
v -0.015589 0.011178 -0.023661
v -0.022581 0.009336 -0.028818
v -0.022581 0.009705 -0.028818
v -0.006010 0.010809 -0.028449
v -0.035107 0.011914 -0.027712
v -0.018169 0.009336 -0.023661
v -0.035107 0.009336 -0.027712
v -0.006010 0.011914 -0.028449
v -0.006010 0.009705 -0.023661
v -0.008958 0.011546 -0.023661
v -0.033999 0.011914 -0.026607
v -0.006010 0.009705 -0.026607
v -0.035107 0.010441 -0.028449
v -0.012273 0.011914 -0.028818
f 661 653 662 
f 650 654 655 
f 649 654 657 
f 652 656 657 
f 657 656 658 
f 649 657 658 
f 654 649 659 
f 653 655 659 
f 655 654 659 
f 656 653 659 
f 658 656 659 
f 649 658 659 
f 650 652 660 
f 654 650 660 
f 652 657 660 
f 657 654 660 
f 651 650 661 
f 655 653 661 
f 650 655 661 
f 650 651 662 
f 652 650 662 
f 656 652 662 
f 653 656 662 
f 651 661 662 
o convex_45
v -0.013746 0.013021 -0.028448
v -0.006010 0.021859 -0.021083
v -0.006010 0.021490 -0.021083
v -0.035107 0.021859 -0.019610
v -0.030314 0.011914 -0.026238
v -0.035107 0.016705 -0.025501
v -0.006010 0.011914 -0.027712
v -0.010434 0.021490 -0.022558
v -0.035107 0.011914 -0.027712
v -0.006010 0.017439 -0.025502
v -0.035107 0.021122 -0.021453
v -0.031789 0.021490 -0.019610
v -0.013746 0.018175 -0.025133
v -0.014851 0.021859 -0.022188
v -0.006010 0.011914 -0.028448
v -0.034737 0.011914 -0.026607
v -0.035107 0.012651 -0.027712
f 671 668 679 
f 664 665 669 
f 665 667 669 
f 666 668 671 
f 669 667 671 
f 664 669 672 
f 670 664 672 
f 668 666 673 
f 665 664 674 
f 664 666 674 
f 666 667 674 
f 667 665 674 
f 663 668 675 
f 672 663 675 
f 670 672 675 
f 666 664 676 
f 664 670 676 
f 673 666 676 
f 668 673 676 
f 675 668 676 
f 670 675 676 
f 671 663 677 
f 669 671 677 
f 663 672 677 
f 672 669 677 
f 667 666 678 
f 666 671 678 
f 671 667 678 
f 668 663 679 
f 663 671 679 
o convex_46
v 0.002094 0.028855 -0.011506
v -0.006010 0.023332 -0.019610
v -0.006010 0.023332 -0.019240
v 0.013142 0.021491 -0.019610
v 0.012401 0.027015 -0.007455
v -0.006010 0.030330 -0.007455
v -0.005270 0.026646 -0.016663
v 0.012036 0.028120 -0.007824
v 0.013142 0.022229 -0.019610
v -0.006010 0.031067 -0.007824
v 0.010932 0.021491 -0.019240
v 0.007615 0.026646 -0.014086
v -0.002692 0.024069 -0.019610
v 0.006144 0.029593 -0.007824
v 0.013142 0.026279 -0.011875
v 0.000251 0.026646 -0.015927
v -0.006010 0.028487 -0.013716
f 695 686 696 
f 682 684 685 
f 681 682 685 
f 683 681 688 
f 681 685 689 
f 682 681 690 
f 681 683 690 
f 683 684 690 
f 684 682 690 
f 681 686 692 
f 688 681 692 
f 685 684 693 
f 684 687 693 
f 689 685 693 
f 680 689 693 
f 691 680 693 
f 691 693 694 
f 684 683 694 
f 687 684 694 
f 683 688 694 
f 688 691 694 
f 693 687 694 
f 680 691 695 
f 691 688 695 
f 692 686 695 
f 688 692 695 
f 686 681 696 
f 681 689 696 
f 689 680 696 
f 680 695 696 
o convex_47
v -0.031423 0.028856 -0.008930
v -0.021113 0.021859 -0.021450
v -0.021113 0.022229 -0.021450
v -0.035106 0.021859 -0.019976
v -0.034737 0.027014 -0.008562
v -0.020744 0.030330 -0.009299
v -0.025901 0.026647 -0.015557
v -0.020744 0.029593 -0.008562
v -0.021113 0.021859 -0.020344
v -0.035106 0.025175 -0.015189
v -0.034369 0.021859 -0.018872
v -0.020744 0.025542 -0.017767
v -0.034737 0.022596 -0.019609
v -0.034737 0.028119 -0.008193
v -0.027006 0.028488 -0.011876
f 703 706 711 
f 699 698 700 
f 700 698 705 
f 704 701 705 
f 700 701 706 
f 701 700 707 
f 700 705 707 
f 705 701 707 
f 698 699 708 
f 703 702 708 
f 702 704 708 
f 705 698 708 
f 704 705 708 
f 699 700 709 
f 700 706 709 
f 706 703 709 
f 708 699 709 
f 703 708 709 
f 702 697 710 
f 701 704 710 
f 704 702 710 
f 697 706 710 
f 706 701 710 
f 697 702 711 
f 702 703 711 
f 706 697 711 
o convex_48
v -0.008223 0.030698 -0.009298
v -0.015952 0.021859 -0.021820
v -0.020743 0.021859 -0.021449
v -0.016321 0.027014 -0.016294
v -0.020743 0.029960 -0.008192
v -0.006010 0.021859 -0.020714
v -0.006010 0.025543 -0.018135
v -0.006010 0.029960 -0.008563
v -0.020743 0.029593 -0.011139
v -0.020743 0.021859 -0.020714
v -0.020005 0.024807 -0.018873
v -0.006010 0.028119 -0.014454
v -0.007484 0.022228 -0.021820
v -0.015217 0.028855 -0.013350
v -0.020005 0.030698 -0.008192
f 720 716 726 
f 714 713 717 
f 716 717 719 
f 717 718 719 
f 714 716 720 
f 716 714 721 
f 714 717 721 
f 717 716 721 
f 713 714 722 
f 715 718 722 
f 714 720 722 
f 720 715 722 
f 718 715 723 
f 712 719 723 
f 719 718 723 
f 717 713 724 
f 718 717 724 
f 713 722 724 
f 722 718 724 
f 715 720 725 
f 720 712 725 
f 723 715 725 
f 712 723 725 
f 719 712 726 
f 716 719 726 
f 712 720 726 
o convex_49
v -0.023692 0.032171 0.003960
v -0.035107 0.027385 -0.008191
v -0.035107 0.028121 -0.008191
v -0.042839 0.026279 0.005067
v -0.022955 0.029593 -0.007822
v -0.031424 0.030697 -0.000827
v -0.022588 0.031434 0.005065
v -0.042839 0.025174 -0.005613
v -0.040261 0.028119 0.001750
v -0.022955 0.031066 -0.006349
v -0.035844 0.029593 0.005067
v -0.042104 0.026279 0.005067
v -0.041735 0.027015 -0.003035
v -0.022218 0.032171 -0.000827
v -0.042104 0.025174 -0.005243
v -0.034368 0.029593 -0.003402
v -0.022218 0.030329 -0.008191
v -0.028111 0.030697 -0.004875
f 729 742 744 
f 729 728 734 
f 727 732 737 
f 733 727 737 
f 735 730 737 
f 732 735 737 
f 731 733 738 
f 733 737 738 
f 737 730 738 
f 729 734 739 
f 734 730 739 
f 730 735 739 
f 732 727 740 
f 727 733 740 
f 728 731 741 
f 734 728 741 
f 730 734 741 
f 731 738 741 
f 738 730 741 
f 735 732 742 
f 729 739 742 
f 739 735 742 
f 728 729 743 
f 731 728 743 
f 733 731 743 
f 729 736 743 
f 740 733 743 
f 736 740 743 
f 736 729 744 
f 732 740 744 
f 740 736 744 
f 742 732 744 
o convex_50
v -0.008959 0.032540 -0.002298
v -0.022216 0.029962 -0.008191
v -0.022216 0.029962 -0.007454
v -0.006010 0.030330 -0.008191
v -0.006010 0.032171 0.005066
v -0.022216 0.032171 0.005066
v -0.020374 0.031803 -0.004508
v -0.016321 0.031067 -0.008191
v -0.018531 0.031803 0.005066
v -0.020374 0.032540 0.002856
v -0.006010 0.031435 -0.006717
v -0.006010 0.032540 0.005066
v -0.022216 0.032171 -0.001195
v -0.006010 0.030330 -0.007454
f 749 753 758 
f 747 746 748 
f 746 747 750 
f 748 746 752 
f 751 745 752 
f 746 751 752 
f 750 747 753 
f 749 750 753 
f 749 748 755 
f 748 752 755 
f 752 745 755 
f 750 749 756 
f 745 754 756 
f 754 750 756 
f 755 745 756 
f 749 755 756 
f 746 750 757 
f 745 751 757 
f 751 746 757 
f 754 745 757 
f 750 754 757 
f 747 748 758 
f 748 749 758 
f 753 747 758 
o convex_51
v -0.054626 0.009703 0.017221
v -0.059415 0.002707 0.005069
v -0.059415 0.005654 0.005069
v -0.049105 0.015598 0.018325
v -0.055733 0.015598 0.005069
v -0.054626 0.002707 0.018694
v -0.058310 0.005654 0.011697
v -0.054260 0.015598 0.011697
v -0.054996 0.015228 0.005069
v -0.059046 0.002707 0.005069
v -0.057573 0.011177 0.008383
v -0.049105 0.014861 0.018325
v -0.057205 0.002707 0.015378
v -0.050947 0.014492 0.018694
v -0.054995 0.005286 0.018694
v -0.056467 0.008969 0.014276
v -0.054626 0.002707 0.017956
f 768 770 775 
f 760 761 763 
f 761 760 765 
f 762 763 766 
f 763 762 767 
f 760 763 767 
f 764 760 768 
f 760 767 768 
f 763 761 769 
f 761 765 769 
f 766 763 769 
f 767 762 770 
f 768 767 770 
f 760 764 771 
f 765 760 771 
f 766 759 772 
f 762 766 772 
f 770 762 772 
f 764 770 772 
f 771 764 773 
f 772 759 773 
f 764 772 773 
f 759 766 774 
f 769 765 774 
f 766 769 774 
f 765 771 774 
f 773 759 774 
f 771 773 774 
f 764 768 775 
f 770 764 775 
o convex_52
v -0.038054 0.027750 -0.006351
v -0.042841 0.019649 -0.019241
v -0.042472 0.019649 -0.019241
v -0.042841 0.024804 -0.005983
v -0.035107 0.021859 -0.018871
v -0.040999 0.021492 -0.019241
v -0.035107 0.027750 -0.005983
v -0.035477 0.026646 -0.011875
v -0.042841 0.024804 -0.009300
v -0.035107 0.022965 -0.018871
f 781 783 785 
f 777 778 779 
f 779 778 780 
f 780 778 781 
f 778 777 781 
f 776 779 782 
f 779 780 782 
f 776 782 783 
f 776 783 784 
f 777 779 784 
f 779 776 784 
f 781 777 784 
f 783 781 784 
f 780 781 785 
f 782 780 785 
f 783 782 785 
o convex_53
v -0.044683 0.023698 0.013535
v -0.055364 0.015598 0.005067
v -0.055364 0.015598 0.006909
v -0.039527 0.022228 0.018324
v -0.039527 0.028120 0.005067
v -0.049840 0.015598 0.018695
v -0.050577 0.021490 0.007278
v -0.054626 0.015598 0.005067
v -0.039897 0.023330 0.018695
v -0.050577 0.018913 0.013906
v -0.039527 0.027382 0.005067
v -0.046524 0.024803 0.005067
v -0.048735 0.015598 0.018324
v -0.039897 0.027015 0.010961
v -0.045421 0.020020 0.018695
v -0.053889 0.015968 0.012065
v -0.046893 0.023698 0.009856
v -0.052417 0.020018 0.005067
v -0.042475 0.026646 0.008014
f 797 802 804 
f 788 787 791 
f 787 790 793 
f 791 787 793 
f 791 789 794 
f 790 789 796 
f 789 793 796 
f 793 790 796 
f 790 787 797 
f 789 791 798 
f 793 789 798 
f 791 793 798 
f 789 790 799 
f 786 794 799 
f 794 789 799 
f 794 786 800 
f 791 794 800 
f 795 791 800 
f 786 795 800 
f 788 791 801 
f 791 795 801 
f 795 792 801 
f 792 795 802 
f 795 786 802 
f 797 792 802 
f 787 788 803 
f 797 787 803 
f 792 797 803 
f 788 801 803 
f 801 792 803 
f 790 797 804 
f 799 790 804 
f 786 799 804 
f 802 786 804 
o convex_54
v -0.053523 0.007862 -0.015189
v -0.052416 0.017439 -0.005614
v -0.053153 0.017439 -0.005614
v -0.058309 0.002707 -0.005614
v -0.045788 0.017069 -0.018504
v -0.050946 0.002707 -0.018504
v -0.048000 0.015596 -0.019241
v -0.056468 0.011545 -0.006720
v -0.057204 0.003076 -0.010403
v -0.051683 0.002707 -0.019241
v -0.052049 0.017069 -0.005983
v -0.052049 0.017069 -0.009666
v -0.054994 0.010441 -0.011140
v -0.058309 0.006391 -0.005983
v -0.045788 0.017439 -0.019241
v -0.049842 0.011176 -0.019241
f 817 811 820 
f 806 807 808 
f 810 808 814 
f 808 813 814 
f 813 805 814 
f 806 808 815 
f 809 806 815 
f 810 809 815 
f 808 810 815 
f 812 807 816 
f 812 816 817 
f 805 813 817 
f 816 811 817 
f 817 813 818 
f 808 807 818 
f 807 812 818 
f 813 808 818 
f 812 817 818 
f 807 806 819 
f 806 809 819 
f 809 810 819 
f 810 814 819 
f 814 811 819 
f 816 807 819 
f 811 816 819 
f 814 805 820 
f 811 814 820 
f 805 817 820 
o convex_55
v -0.035842 -0.002449 0.031954
v -0.025531 0.010073 0.032690
v -0.025531 0.009335 0.033058
v -0.026269 -0.003555 0.033058
v -0.038787 0.009703 0.028271
v -0.030689 0.003076 0.033427
v -0.038051 -0.003555 0.030113
v -0.039158 0.007125 0.030113
v -0.025901 0.009703 0.031953
v -0.028112 -0.003185 0.033796
v -0.034367 0.010073 0.030849
v -0.039157 -0.003555 0.030482
v -0.025902 -0.000607 0.032690
v -0.039156 0.001970 0.030849
v -0.039527 0.010073 0.028271
v -0.025901 0.008229 0.033427
f 831 826 836 
f 826 821 830 
f 823 822 831 
f 828 826 831 
f 827 824 832 
f 824 830 832 
f 830 821 832 
f 822 823 833 
f 823 824 833 
f 824 827 833 
f 827 825 833 
f 829 822 833 
f 825 829 833 
f 821 826 834 
f 826 828 834 
f 832 821 834 
f 832 834 835 
f 825 827 835 
f 822 829 835 
f 829 825 835 
f 831 822 835 
f 828 831 835 
f 827 832 835 
f 834 828 835 
f 824 823 836 
f 830 824 836 
f 826 830 836 
f 823 831 836 
o convex_56
v -0.014852 0.004548 0.034532
v -0.006010 0.010073 0.033795
v -0.011169 0.009336 0.034163
v -0.020743 0.002707 0.031218
v -0.025531 0.010073 0.032323
v -0.006010 0.002707 0.032323
v -0.025531 0.002707 0.033427
v -0.006010 0.010073 0.033059
v -0.006010 0.003444 0.034163
v -0.023689 0.008230 0.033795
v -0.016323 0.003075 0.031218
v -0.006379 0.006390 0.034532
v -0.022216 0.010073 0.033427
f 841 846 849 
f 840 842 843 
f 841 840 843 
f 841 838 844 
f 838 842 844 
f 842 838 845 
f 843 842 845 
f 837 843 845 
f 837 839 846 
f 843 837 846 
f 841 843 846 
f 840 841 847 
f 842 840 847 
f 841 844 847 
f 844 842 847 
f 839 837 848 
f 838 839 848 
f 837 845 848 
f 845 838 848 
f 839 838 849 
f 838 841 849 
f 846 839 849 
o convex_57
v -0.027742 0.014862 0.030480
v -0.039527 0.019648 0.021641
v -0.039527 0.020017 0.021641
v -0.039158 0.010073 0.029007
v -0.025164 0.010073 0.031953
v -0.024794 0.020017 0.026799
v -0.035473 0.018912 0.025693
v -0.038419 0.010073 0.028270
v -0.039527 0.014862 0.026799
v -0.025533 0.010810 0.032691
v -0.025533 0.020017 0.027533
v -0.033632 0.013388 0.029742
v -0.025533 0.019648 0.026431
v -0.039527 0.020017 0.022747
v -0.039158 0.019648 0.021641
v -0.032895 0.017070 0.027902
f 858 861 865 
f 853 851 857 
f 854 853 857 
f 852 851 858 
f 851 853 858 
f 853 854 859 
f 854 855 859 
f 859 855 860 
f 855 852 860 
f 850 859 860 
f 858 853 861 
f 859 850 861 
f 853 859 861 
f 855 854 862 
f 852 858 863 
f 858 856 863 
f 860 852 863 
f 856 860 863 
f 851 852 864 
f 852 855 864 
f 857 851 864 
f 854 857 864 
f 862 854 864 
f 855 862 864 
f 856 858 865 
f 860 856 865 
f 850 860 865 
f 861 850 865 
o convex_58
v -0.020742 0.011548 0.033058
v -0.006010 0.020017 0.028272
v -0.006010 0.020017 0.027904
v -0.024794 0.020017 0.026798
v -0.006010 0.010442 0.032690
v -0.024794 0.010442 0.031953
v -0.014113 0.015596 0.031585
v -0.024057 0.018912 0.028640
v -0.006010 0.011180 0.033427
v -0.023689 0.019648 0.026798
v -0.016689 0.020017 0.028640
v -0.024057 0.010073 0.033058
v -0.006010 0.019280 0.027904
v -0.006380 0.016702 0.030849
v -0.024794 0.014494 0.031217
v -0.014485 0.010442 0.033795
f 866 877 881 
f 867 868 869 
f 868 867 870 
f 870 867 874 
f 869 868 875 
f 871 869 875 
f 870 871 875 
f 867 869 876 
f 869 873 876 
f 873 872 876 
f 871 870 877 
f 868 870 878 
f 875 868 878 
f 870 875 878 
f 874 867 879 
f 872 874 879 
f 867 876 879 
f 876 872 879 
f 869 871 880 
f 866 872 880 
f 873 869 880 
f 872 873 880 
f 871 877 880 
f 877 866 880 
f 872 866 881 
f 870 874 881 
f 874 872 881 
f 877 870 881 
o convex_59
v -0.029584 0.028857 0.014643
v -0.039525 0.027753 0.005067
v -0.039525 0.027384 0.005436
v -0.023693 0.031434 0.005067
v -0.038787 0.024069 0.016116
v -0.023693 0.028119 0.016485
v -0.036210 0.028857 0.009121
v -0.039525 0.024806 0.016485
v -0.024060 0.031803 0.007279
v -0.031426 0.030698 0.005067
v -0.025165 0.028857 0.016485
v -0.028110 0.030329 0.011328
v -0.039525 0.026279 0.013538
v -0.039525 0.028119 0.006909
v -0.023693 0.029961 0.014273
f 893 882 896 
f 884 883 885 
f 884 885 886 
f 886 885 887 
f 883 884 889 
f 884 886 889 
f 886 887 889 
f 885 883 891 
f 890 885 891 
f 882 889 892 
f 889 887 892 
f 888 882 893 
f 891 888 893 
f 890 891 893 
f 882 888 894 
f 883 889 894 
f 889 882 894 
f 888 891 895 
f 891 883 895 
f 883 894 895 
f 894 888 895 
f 887 885 896 
f 885 890 896 
f 882 892 896 
f 892 887 896 
f 890 893 896 
o convex_60
v -0.016321 0.031434 0.012064
v -0.023689 0.031434 0.005067
v -0.023689 0.028489 0.015379
v -0.006010 0.028857 0.016116
v -0.006010 0.032540 0.005067
v -0.007853 0.029962 0.016116
v -0.023689 0.029225 0.016116
v -0.021480 0.032171 0.006909
v -0.006010 0.031803 0.005805
v -0.006010 0.032171 0.008751
v -0.023689 0.031067 0.010959
v -0.014850 0.032540 0.007279
v -0.018899 0.032540 0.005067
f 908 901 909 
f 899 898 900 
f 898 899 903 
f 899 900 903 
f 902 897 903 
f 900 902 903 
f 900 898 905 
f 901 900 905 
f 898 901 905 
f 900 901 906 
f 897 902 906 
f 902 900 906 
f 898 903 907 
f 903 897 907 
f 897 904 907 
f 904 898 907 
f 904 897 908 
f 906 901 908 
f 897 906 908 
f 901 898 909 
f 898 904 909 
f 904 908 909 
o convex_61
v -0.024795 0.026647 0.020537
v -0.039527 0.023702 0.016485
v -0.039527 0.024437 0.016485
v -0.030687 0.020017 0.026060
v -0.021480 0.020017 0.026797
v -0.021480 0.028487 0.016485
v -0.039527 0.020387 0.022376
v -0.032895 0.027014 0.016854
v -0.021480 0.025173 0.023114
v -0.031791 0.023333 0.022745
v -0.039158 0.020017 0.021274
v -0.021849 0.020755 0.027534
v -0.037684 0.024070 0.019065
v -0.022585 0.028857 0.017223
v -0.039158 0.023333 0.016854
v -0.027005 0.022965 0.024586
v -0.022216 0.028119 0.016485
f 914 924 926 
f 911 912 915 
f 912 911 916 
f 915 912 917 
f 914 915 918 
f 916 913 919 
f 910 917 919 
f 914 913 920 
f 916 911 920 
f 913 916 920 
f 913 914 921 
f 914 918 921 
f 912 916 922 
f 917 912 922 
f 916 919 922 
f 919 917 922 
f 917 910 923 
f 915 917 923 
f 910 918 923 
f 918 915 923 
f 914 920 924 
f 920 911 924 
f 918 910 925 
f 919 913 925 
f 910 919 925 
f 913 921 925 
f 921 918 925 
f 911 915 926 
f 915 914 926 
f 924 911 926 
o convex_62
v -0.010801 0.026646 0.022010
v -0.021480 0.028488 0.016485
v -0.021480 0.028119 0.016854
v -0.006010 0.028488 0.016854
v -0.006010 0.020018 0.027533
v -0.021480 0.020387 0.027902
v -0.006010 0.022596 0.026429
v -0.020374 0.028119 0.019063
v -0.021480 0.020018 0.027166
v -0.007116 0.029593 0.016854
v -0.016690 0.024438 0.024587
v -0.021480 0.025173 0.023113
v -0.010430 0.021123 0.027902
v -0.006010 0.025909 0.022746
v -0.016321 0.029593 0.016854
f 927 936 941 
f 929 928 930 
f 929 930 931 
f 928 929 932 
f 931 930 933 
f 929 931 935 
f 932 929 935 
f 931 932 935 
f 930 928 936 
f 927 934 937 
f 937 934 938 
f 928 932 938 
f 934 928 938 
f 932 937 938 
f 932 931 939 
f 931 933 939 
f 933 937 939 
f 937 932 939 
f 933 930 940 
f 930 936 940 
f 936 927 940 
f 927 937 940 
f 937 933 940 
f 928 934 941 
f 934 927 941 
f 936 928 941 
o convex_63
v 0.000619 0.010439 -0.028448
v -0.006010 0.009704 -0.027344
v -0.006010 0.009704 -0.023662
v 0.000619 0.002707 -0.029185
v -0.000486 0.002707 -0.023662
v 0.000619 0.011546 -0.027344
v -0.006010 0.011546 -0.028448
v -0.000855 0.002707 -0.027344
v -0.002696 0.007862 -0.023662
f 946 947 950 
f 945 942 947 
f 946 945 947 
f 943 944 948 
f 945 943 948 
f 942 945 948 
f 947 942 948 
f 944 947 948 
f 944 943 949 
f 943 945 949 
f 945 946 949 
f 946 944 949 
f 944 946 950 
f 947 944 950 
o convex_64
v 0.002093 0.003075 -0.029923
v 0.011669 0.011546 -0.026977
v 0.011669 0.011546 -0.027713
v 0.000619 0.011546 -0.028081
v 0.000619 0.002707 -0.028817
v 0.011669 0.002707 -0.029185
v 0.005407 0.011177 -0.026608
v 0.011669 0.006390 -0.029185
v 0.010563 0.011177 -0.026608
v 0.000619 0.011546 -0.027345
f 955 957 960 
f 952 953 954 
f 954 951 955 
f 953 952 956 
f 955 951 956 
f 954 953 958 
f 951 954 958 
f 956 951 958 
f 953 956 958 
f 956 952 959 
f 955 956 959 
f 952 957 959 
f 957 955 959 
f 952 954 960 
f 954 955 960 
f 957 952 960 
o convex_65
v 0.027137 0.007861 -0.019980
v 0.019403 0.002707 -0.028080
v 0.020140 0.002707 -0.028080
v 0.019403 0.011914 -0.033606
v 0.024927 0.011914 -0.019980
v 0.023087 0.011176 -0.031394
v 0.027874 0.002707 -0.019610
v 0.021245 0.007127 -0.031394
v 0.019403 0.003075 -0.027343
v 0.024191 0.011914 -0.028816
v 0.027137 0.002707 -0.019610
v 0.026033 0.011914 -0.019610
v 0.025663 0.002707 -0.022925
v 0.019773 0.008231 -0.032867
f 968 963 974 
f 962 963 967 
f 964 962 969 
f 965 964 969 
f 964 965 970 
f 966 964 970 
f 961 967 970 
f 967 966 970 
f 962 967 971 
f 969 962 971 
f 965 969 971 
f 967 961 972 
f 961 970 972 
f 970 965 972 
f 971 967 972 
f 965 971 972 
f 967 963 973 
f 966 967 973 
f 968 966 973 
f 963 968 973 
f 963 962 974 
f 962 964 974 
f 964 966 974 
f 966 968 974 
o convex_66
v 0.020877 0.019648 -0.029922
v 0.019403 0.011914 -0.033606
v 0.020140 0.011914 -0.033606
v 0.025665 0.011914 -0.019610
v 0.019403 0.019279 -0.019610
v 0.023822 0.014125 -0.029922
v 0.023822 0.016701 -0.019610
v 0.019403 0.018175 -0.032867
v 0.024928 0.011914 -0.019610
v 0.023086 0.017439 -0.028816
v 0.023086 0.011914 -0.031394
v 0.021982 0.015598 -0.032500
v 0.020140 0.020017 -0.019610
v 0.019403 0.020386 -0.029183
v 0.025665 0.013020 -0.019980
f 984 981 989 
f 976 977 978 
f 979 978 981 
f 977 976 982 
f 976 979 982 
f 976 978 983 
f 978 979 983 
f 979 976 983 
f 975 981 984 
f 978 977 985 
f 980 978 985 
f 977 982 986 
f 982 975 986 
f 984 980 986 
f 975 984 986 
f 985 977 986 
f 980 985 986 
f 981 975 987 
f 979 981 987 
f 975 982 988 
f 982 979 988 
f 987 975 988 
f 979 987 988 
f 978 980 989 
f 981 978 989 
f 980 984 989 
o convex_67
v 0.014615 0.025540 -0.012614
v 0.021243 0.018176 -0.019610
v 0.021613 0.018176 -0.019610
v 0.020876 0.023330 -0.007455
v 0.013142 0.021491 -0.018872
v 0.013142 0.026645 -0.007824
v 0.021613 0.024069 -0.007824
v 0.017930 0.021124 -0.019610
v 0.013142 0.022229 -0.019610
v 0.013511 0.027384 -0.008562
v 0.021613 0.019281 -0.019241
v 0.019402 0.024435 -0.010402
v 0.021243 0.018914 -0.017030
f 996 993 1002 
f 994 993 995 
f 995 993 996 
f 992 991 997 
f 991 994 998 
f 994 995 998 
f 997 991 998 
f 990 997 998 
f 995 996 999 
f 990 998 999 
f 998 995 999 
f 996 992 1000 
f 992 997 1000 
f 1000 997 1001 
f 997 990 1001 
f 990 999 1001 
f 999 996 1001 
f 996 1000 1001 
f 991 992 1002 
f 993 994 1002 
f 994 991 1002 
f 992 996 1002 
o convex_68
v 0.005039 0.031434 0.001383
v -0.006010 0.030698 -0.007455
v -0.006010 0.031067 -0.007455
v -0.006010 0.032171 0.004699
v 0.008353 0.028489 -0.006350
v 0.008722 0.029962 0.004699
v 0.008353 0.029225 -0.007455
v -0.002695 0.032171 -0.002298
v -0.005641 0.030330 -0.007087
v -0.000116 0.032171 0.004699
v 0.008722 0.030330 -0.002298
v 0.007616 0.029962 0.004699
v -0.006010 0.032540 -0.001196
v 0.002459 0.031067 -0.004875
v 0.008353 0.030698 0.004699
f 1008 1013 1017 
f 1005 1004 1006 
f 1004 1005 1009 
f 1006 1004 1011 
f 1009 1007 1011 
f 1004 1009 1011 
f 1006 1008 1012 
f 1003 1010 1012 
f 1008 1007 1013 
f 1007 1009 1013 
f 1008 1006 1014 
f 1007 1008 1014 
f 1006 1011 1014 
f 1011 1007 1014 
f 1005 1006 1015 
f 1010 1005 1015 
f 1006 1012 1015 
f 1012 1010 1015 
f 1009 1005 1016 
f 1005 1010 1016 
f 1010 1003 1016 
f 1003 1013 1016 
f 1013 1009 1016 
f 1003 1012 1017 
f 1012 1008 1017 
f 1013 1003 1017 
o convex_69
v 0.018298 0.027383 -0.000459
v 0.008722 0.028488 -0.007455
v 0.008722 0.028857 -0.007455
v 0.008722 0.029961 0.004699
v 0.021243 0.023332 -0.006718
v 0.021613 0.025174 0.004699
v 0.021243 0.024438 -0.007455
v 0.011301 0.029592 -0.002667
v 0.015719 0.028488 0.004699
v 0.009092 0.029592 0.004699
v 0.015351 0.027383 -0.006718
v 0.009828 0.030330 0.000278
v 0.020875 0.026280 0.002118
v 0.009092 0.028119 -0.007087
v 0.020875 0.025174 0.004699
f 1023 1027 1032 
f 1020 1019 1021 
f 1023 1022 1024 
f 1019 1020 1024 
f 1022 1019 1024 
f 1021 1023 1026 
f 1023 1021 1027 
f 1018 1024 1028 
f 1024 1020 1028 
f 1020 1025 1028 
f 1025 1018 1028 
f 1020 1021 1029 
f 1025 1020 1029 
f 1018 1025 1029 
f 1026 1018 1029 
f 1021 1026 1029 
f 1023 1024 1030 
f 1024 1018 1030 
f 1018 1026 1030 
f 1026 1023 1030 
f 1021 1019 1031 
f 1019 1022 1031 
f 1027 1021 1031 
f 1022 1027 1031 
f 1022 1023 1032 
f 1027 1022 1032 
o convex_70
v 0.041502 0.003812 -0.000457
v 0.031189 0.015228 -0.003404
v 0.031189 0.015228 -0.003035
v 0.037817 0.002707 -0.003035
v 0.031927 0.015228 0.004699
v 0.041133 0.002707 0.004699
v 0.040764 0.006760 0.003225
v 0.032295 0.015598 -0.003035
v 0.032663 0.015598 0.004699
v 0.040397 0.002707 -0.002667
v 0.036346 0.008233 0.004699
v 0.040764 0.005654 -0.000825
v 0.041133 0.005654 0.004699
f 1039 1041 1045 
f 1035 1034 1036 
f 1035 1036 1037 
f 1034 1035 1040 
f 1035 1037 1041 
f 1037 1038 1041 
f 1039 1040 1041 
f 1040 1035 1041 
f 1036 1034 1042 
f 1033 1038 1042 
f 1038 1036 1042 
f 1034 1040 1042 
f 1037 1036 1043 
f 1036 1038 1043 
f 1038 1037 1043 
f 1039 1033 1044 
f 1040 1039 1044 
f 1033 1042 1044 
f 1042 1040 1044 
f 1038 1033 1045 
f 1033 1039 1045 
f 1041 1038 1045 
o convex_71
v 0.021614 0.021858 -0.012977
v 0.031188 0.016336 -0.004509
v 0.031188 0.015598 -0.004509
v 0.024192 0.015598 -0.019610
v 0.021614 0.023699 -0.004878
v 0.026769 0.020384 -0.007456
v 0.023824 0.015598 -0.018135
v 0.022719 0.018177 -0.019610
v 0.023087 0.024068 -0.004509
v 0.030452 0.015598 -0.004509
v 0.021614 0.017807 -0.018871
v 0.030452 0.015967 -0.007824
f 1053 1051 1057 
f 1049 1048 1052 
f 1046 1051 1053 
f 1048 1047 1054 
f 1046 1050 1054 
f 1047 1051 1054 
f 1051 1046 1054 
f 1052 1048 1055 
f 1050 1052 1055 
f 1048 1054 1055 
f 1054 1050 1055 
f 1050 1046 1056 
f 1049 1052 1056 
f 1052 1050 1056 
f 1053 1049 1056 
f 1046 1053 1056 
f 1047 1048 1057 
f 1048 1049 1057 
f 1051 1047 1057 
f 1049 1053 1057 
o convex_72
v 0.032294 0.015598 -0.001561
v 0.021983 0.025542 0.004699
v 0.022719 0.025173 0.004699
v 0.021983 0.024805 -0.004509
v 0.027504 0.021489 -0.001193
v 0.031924 0.015598 0.004699
v 0.021613 0.024068 -0.003034
v 0.030821 0.015598 -0.004509
v 0.031187 0.017808 0.004699
v 0.021983 0.024435 0.004699
v 0.028242 0.020018 -0.004509
v 0.026034 0.022962 0.001015
f 1060 1066 1069 
f 1059 1060 1061 
f 1060 1059 1063 
f 1059 1061 1064 
f 1064 1061 1065 
f 1058 1063 1065 
f 1058 1062 1066 
f 1060 1063 1066 
f 1063 1058 1066 
f 1063 1059 1067 
f 1059 1064 1067 
f 1064 1065 1067 
f 1065 1063 1067 
f 1062 1058 1068 
f 1061 1062 1068 
f 1065 1061 1068 
f 1058 1065 1068 
f 1061 1060 1069 
f 1062 1061 1069 
f 1066 1062 1069 
o convex_73
v 0.007984 0.028857 0.013906
v -0.006007 0.032171 0.004699
v -0.006007 0.032540 0.004699
v -0.006007 0.029225 0.015748
v 0.009088 0.029594 0.004699
v 0.009088 0.027015 0.015011
v 0.000989 0.031434 0.009120
v -0.004904 0.029961 0.015748
v 0.009457 0.030330 0.005804
v 0.009824 0.027385 0.015748
v -0.006007 0.031802 0.010224
v -0.005640 0.031802 0.005068
v 0.002091 0.031802 0.004699
v 0.000251 0.030330 0.013538
f 1080 1077 1083 
f 1072 1071 1073 
f 1071 1072 1074 
f 1076 1070 1078 
f 1073 1075 1079 
f 1075 1074 1079 
f 1077 1073 1079 
f 1070 1077 1079 
f 1074 1078 1079 
f 1078 1070 1079 
f 1072 1073 1080 
f 1076 1072 1080 
f 1073 1077 1080 
f 1073 1071 1081 
f 1071 1074 1081 
f 1075 1073 1081 
f 1074 1075 1081 
f 1074 1072 1082 
f 1072 1076 1082 
f 1078 1074 1082 
f 1076 1078 1082 
f 1070 1076 1083 
f 1077 1070 1083 
f 1076 1080 1083 
o convex_74
v 0.016087 0.027751 0.009122
v 0.020508 0.018544 0.023483
v 0.020877 0.018544 0.023483
v 0.020139 0.025543 0.004699
v 0.009827 0.029592 0.004699
v 0.018666 0.021124 0.026061
v 0.009827 0.027382 0.015748
v 0.014615 0.020386 0.025691
v 0.020877 0.025174 0.010592
v 0.010196 0.029223 0.010962
v 0.020877 0.019651 0.026061
v 0.014615 0.028855 0.004699
v 0.020877 0.025911 0.004699
v 0.016825 0.026278 0.013538
v 0.014615 0.021124 0.026061
v 0.010196 0.027751 0.015380
v 0.009827 0.027013 0.014644
f 1091 1090 1100 
f 1086 1085 1087 
f 1087 1085 1088 
f 1088 1085 1091 
f 1088 1090 1093 
f 1085 1086 1094 
f 1091 1085 1094 
f 1086 1092 1094 
f 1092 1089 1094 
f 1087 1088 1095 
f 1093 1084 1095 
f 1088 1093 1095 
f 1086 1087 1096 
f 1092 1086 1096 
f 1084 1092 1096 
f 1087 1095 1096 
f 1095 1084 1096 
f 1092 1084 1097 
f 1089 1092 1097 
f 1084 1093 1097 
f 1090 1091 1098 
f 1091 1094 1098 
f 1094 1089 1098 
f 1093 1090 1099 
f 1089 1097 1099 
f 1097 1093 1099 
f 1098 1089 1099 
f 1090 1098 1099 
f 1090 1088 1100 
f 1088 1091 1100 
o convex_75
v 0.013141 0.024806 0.020170
v -0.006010 0.029225 0.015748
v -0.006010 0.029593 0.015748
v -0.006010 0.021859 0.026061
v 0.013878 0.025173 0.016118
v 0.014615 0.021124 0.026061
v -0.004904 0.026645 0.021640
v 0.007248 0.020386 0.025692
v 0.004668 0.028488 0.016486
v -0.006010 0.023334 0.025692
v 0.014246 0.026278 0.015748
v -0.006010 0.021859 0.025692
v 0.014615 0.020386 0.025692
v 0.003570 0.027383 0.019064
v -0.004167 0.029225 0.017222
v -0.004904 0.028855 0.015748
f 1105 1112 1116 
f 1103 1102 1104 
f 1106 1104 1108 
f 1103 1104 1110 
f 1104 1106 1110 
f 1107 1103 1110 
f 1106 1107 1110 
f 1102 1103 1111 
f 1101 1106 1111 
f 1109 1101 1111 
f 1103 1109 1111 
f 1104 1102 1112 
f 1108 1104 1112 
f 1105 1108 1112 
f 1108 1105 1113 
f 1106 1108 1113 
f 1105 1111 1113 
f 1111 1106 1113 
f 1106 1101 1114 
f 1107 1106 1114 
f 1101 1109 1114 
f 1114 1109 1115 
f 1103 1107 1115 
f 1109 1103 1115 
f 1107 1114 1115 
f 1102 1111 1116 
f 1111 1105 1116 
f 1112 1102 1116 
o convex_76
v -0.050576 0.017808 -0.011508
v -0.042843 0.025542 -0.004877
v -0.043580 0.025542 -0.004877
v -0.042843 0.020386 -0.019241
v -0.052048 0.017439 -0.005246
v -0.045789 0.017439 -0.017766
v -0.048733 0.022226 -0.005614
v -0.042843 0.024805 -0.005246
v -0.046158 0.018176 -0.019241
v -0.043211 0.024068 -0.010771
v -0.053154 0.017808 -0.004877
v -0.042843 0.019650 -0.018503
v -0.046526 0.021491 -0.011878
f 1126 1120 1129 
f 1121 1117 1122 
f 1120 1118 1124 
f 1118 1121 1124 
f 1121 1122 1124 
f 1122 1117 1125 
f 1119 1118 1126 
f 1118 1120 1126 
f 1123 1119 1126 
f 1118 1119 1127 
f 1117 1121 1127 
f 1121 1118 1127 
f 1119 1123 1127 
f 1123 1117 1127 
f 1120 1124 1128 
f 1124 1122 1128 
f 1125 1120 1128 
f 1122 1125 1128 
f 1117 1123 1129 
f 1120 1125 1129 
f 1125 1117 1129 
f 1123 1126 1129 
o convex_77
v 0.034505 0.006392 0.013907
v 0.028611 0.015963 0.013538
v 0.028611 0.015963 0.013907
v 0.041132 0.005653 0.005068
v 0.031560 0.015597 0.004699
v 0.034505 0.002707 0.013169
v 0.041132 0.002707 0.004699
v 0.029716 0.016334 0.013907
v 0.032294 0.016334 0.004699
v 0.040764 0.003076 0.007646
v 0.036712 0.002707 0.009120
v 0.035240 0.002707 0.013907
v 0.033401 0.009704 0.013907
v 0.031560 0.016334 0.008752
v 0.036344 0.008233 0.004699
f 1136 1140 1144 
f 1132 1131 1135 
f 1131 1134 1135 
f 1132 1130 1137 
f 1131 1132 1137 
f 1134 1131 1138 
f 1136 1134 1138 
f 1133 1136 1138 
f 1131 1137 1138 
f 1136 1133 1139 
f 1135 1134 1140 
f 1136 1135 1140 
f 1130 1132 1141 
f 1132 1135 1141 
f 1135 1136 1141 
f 1139 1130 1141 
f 1136 1139 1141 
f 1137 1130 1142 
f 1133 1137 1142 
f 1130 1139 1142 
f 1139 1133 1142 
f 1137 1133 1143 
f 1133 1138 1143 
f 1138 1137 1143 
f 1134 1136 1144 
f 1140 1134 1144 
o convex_78
v 0.033766 0.003076 0.016486
v 0.022350 0.015228 0.024955
v 0.022350 0.015228 0.026061
v 0.025666 0.002707 0.025692
v 0.028611 0.015963 0.013907
v 0.029714 0.010808 0.019433
v 0.034136 0.002707 0.013907
v 0.026770 0.004182 0.025692
v 0.031188 0.013754 0.014276
v 0.022719 0.016334 0.026061
v 0.022350 0.015963 0.023849
v 0.034136 0.007127 0.014276
v 0.029714 0.007127 0.021271
v 0.029347 0.016334 0.014644
v 0.028243 0.015963 0.014276
v 0.026403 0.002707 0.026061
f 1152 1154 1160 
f 1147 1146 1148 
f 1150 1153 1154 
f 1146 1147 1155 
f 1148 1146 1155 
f 1147 1154 1155 
f 1145 1151 1156 
f 1151 1149 1156 
f 1149 1153 1156 
f 1153 1150 1156 
f 1152 1145 1157 
f 1154 1152 1157 
f 1150 1154 1157 
f 1145 1156 1157 
f 1156 1150 1157 
f 1153 1149 1158 
f 1154 1153 1158 
f 1155 1154 1158 
f 1155 1158 1159 
f 1151 1148 1159 
f 1149 1151 1159 
f 1148 1155 1159 
f 1158 1149 1159 
f 1147 1148 1160 
f 1151 1145 1160 
f 1148 1151 1160 
f 1145 1152 1160 
f 1154 1147 1160 
o convex_79
v -0.045052 -0.016814 -0.032132
v -0.040632 -0.020864 -0.017768
v -0.048733 -0.012764 -0.017768
v -0.040633 -0.012763 -0.033974
v -0.042474 -0.020496 -0.029919
v -0.047629 -0.016815 -0.017768
v -0.047261 -0.012764 -0.029183
v -0.040633 -0.019390 -0.032499
v -0.046523 -0.017182 -0.028079
v -0.043580 -0.020496 -0.017768
v -0.049471 -0.013501 -0.018139
v -0.044684 -0.019391 -0.029183
v -0.044683 -0.012763 -0.032868
v -0.040632 -0.021602 -0.018507
v -0.042475 -0.016814 -0.033604
f 1161 1173 1175 
f 1163 1162 1164 
f 1162 1163 1166 
f 1165 1161 1168 
f 1167 1161 1169 
f 1162 1166 1170 
f 1166 1163 1171 
f 1163 1167 1171 
f 1169 1166 1171 
f 1167 1169 1171 
f 1161 1165 1172 
f 1169 1161 1172 
f 1166 1169 1172 
f 1165 1170 1172 
f 1170 1166 1172 
f 1163 1164 1173 
f 1167 1163 1173 
f 1161 1167 1173 
f 1164 1162 1174 
f 1168 1164 1174 
f 1165 1168 1174 
f 1162 1170 1174 
f 1170 1165 1174 
f 1164 1168 1175 
f 1168 1161 1175 
f 1173 1164 1175 
o convex_80
v 0.025296 -0.009081 0.025325
v 0.019035 -0.021970 0.028639
v 0.019035 -0.021970 0.029376
v 0.021245 -0.007974 0.029376
v 0.023454 -0.018655 0.029376
v 0.019035 -0.020496 0.025325
v 0.021982 -0.018286 0.025325
v 0.024560 -0.007974 0.025325
v 0.023454 -0.013133 0.029376
v 0.021613 -0.021232 0.029008
f 1181 1182 1185 
f 1179 1178 1180 
f 1177 1178 1181 
f 1178 1179 1181 
f 1176 1180 1182 
f 1181 1176 1182 
f 1179 1176 1183 
f 1181 1179 1183 
f 1176 1181 1183 
f 1176 1179 1184 
f 1180 1176 1184 
f 1179 1180 1184 
f 1178 1177 1185 
f 1180 1178 1185 
f 1177 1181 1185 
f 1182 1180 1185 
o convex_81
v -0.038421 -0.012763 -0.033971
v -0.036213 -0.023075 -0.018138
v -0.035475 -0.023075 -0.018138
v -0.040632 -0.020127 -0.031394
v -0.040632 -0.020864 -0.018138
v -0.035475 -0.012763 -0.027344
v -0.036581 -0.016079 -0.031762
v -0.040632 -0.012763 -0.033603
v -0.038421 -0.019391 -0.031394
v -0.035475 -0.022338 -0.017768
v -0.040262 -0.021970 -0.017768
v -0.039526 -0.017182 -0.033603
v -0.035845 -0.013870 -0.030658
f 1192 1186 1198 
f 1188 1187 1189 
f 1189 1190 1193 
f 1191 1186 1193 
f 1190 1191 1193 
f 1188 1189 1194 
f 1192 1188 1194 
f 1187 1188 1195 
f 1188 1191 1195 
f 1191 1190 1195 
f 1189 1187 1196 
f 1190 1189 1196 
f 1187 1195 1196 
f 1195 1190 1196 
f 1186 1192 1197 
f 1193 1186 1197 
f 1189 1193 1197 
f 1194 1189 1197 
f 1192 1194 1197 
f 1186 1191 1198 
f 1191 1188 1198 
f 1188 1192 1198 
o convex_82
v 0.016089 0.010809 -0.033974
v 0.012406 0.015229 -0.025503
v 0.011669 0.015229 -0.025503
v 0.019403 0.002707 -0.027713
v 0.011669 0.002707 -0.029553
v 0.019403 0.015229 -0.033237
v 0.013879 0.015229 -0.032869
v 0.019403 0.007866 -0.032869
v 0.017560 0.002707 -0.029187
v 0.012774 0.014124 -0.031027
v 0.011669 0.003812 -0.028820
v 0.019034 0.014860 -0.033974
f 1204 1206 1210 
f 1200 1201 1202 
f 1201 1200 1204 
f 1200 1202 1204 
f 1199 1203 1205 
f 1201 1204 1205 
f 1203 1199 1206 
f 1204 1202 1206 
f 1202 1203 1207 
f 1203 1206 1207 
f 1206 1202 1207 
f 1203 1201 1208 
f 1205 1203 1208 
f 1201 1205 1208 
f 1202 1201 1209 
f 1203 1202 1209 
f 1201 1203 1209 
f 1199 1205 1210 
f 1205 1204 1210 
f 1206 1199 1210 
o convex_83
v -0.041369 -0.008341 -0.033237
v -0.047630 -0.012763 -0.027345
v -0.047260 -0.012763 -0.029186
v -0.044682 0.002707 -0.026608
v -0.039895 -0.002084 -0.028082
v -0.039895 -0.012763 -0.033604
v -0.047260 -0.012763 -0.026239
v -0.039895 0.002707 -0.028819
v -0.045419 -0.010920 -0.032132
v -0.043211 0.001601 -0.026239
v -0.042843 0.002707 -0.028082
v -0.043211 -0.012763 -0.033604
v -0.047630 -0.009079 -0.026239
v -0.046893 -0.008709 -0.028819
v -0.039895 -0.009079 -0.033604
f 1216 1222 1225 
f 1212 1213 1216 
f 1212 1216 1217 
f 1216 1215 1217 
f 1215 1216 1218 
f 1217 1215 1220 
f 1218 1214 1220 
f 1215 1218 1220 
f 1218 1211 1221 
f 1214 1218 1221 
f 1219 1214 1221 
f 1211 1219 1221 
f 1216 1213 1222 
f 1213 1219 1222 
f 1219 1211 1222 
f 1213 1212 1223 
f 1212 1217 1223 
f 1220 1214 1223 
f 1217 1220 1223 
f 1219 1213 1224 
f 1214 1219 1224 
f 1213 1223 1224 
f 1223 1214 1224 
f 1211 1218 1225 
f 1218 1216 1225 
f 1222 1211 1225 
o convex_84
v -0.039895 -0.010920 -0.033973
v -0.035475 -0.012393 -0.027344
v -0.035844 -0.012393 -0.027344
v -0.038790 0.002707 -0.028450
v -0.035475 0.002707 -0.029555
v -0.036581 -0.012763 -0.032500
v -0.039895 -0.001713 -0.028082
v -0.039895 -0.012763 -0.033605
v -0.039526 0.002707 -0.029186
v -0.037685 -0.010920 -0.033605
v -0.035475 -0.012763 -0.029186
f 1228 1233 1236 
f 1229 1227 1230 
f 1228 1227 1232 
f 1227 1229 1232 
f 1232 1226 1233 
f 1228 1232 1233 
f 1230 1226 1234 
f 1229 1230 1234 
f 1226 1232 1234 
f 1232 1229 1234 
f 1226 1230 1235 
f 1230 1231 1235 
f 1233 1226 1235 
f 1231 1233 1235 
f 1227 1228 1236 
f 1230 1227 1236 
f 1231 1230 1236 
f 1233 1231 1236 
o convex_85
v -0.050575 -0.019026 -0.008929
v -0.043579 -0.024547 -0.004141
v -0.053153 -0.016077 -0.004510
v -0.047262 -0.016077 -0.017768
v -0.043948 -0.020497 -0.017397
v -0.047262 -0.023442 -0.004510
v -0.054257 -0.016446 -0.004141
v -0.049102 -0.016446 -0.015926
v -0.043579 -0.019392 -0.017397
v -0.043948 -0.024180 -0.008929
v -0.047262 -0.016077 -0.017029
v -0.046894 -0.020865 -0.012242
f 1246 1242 1248 
f 1238 1239 1243 
f 1242 1238 1243 
f 1237 1242 1243 
f 1239 1240 1244 
f 1240 1241 1244 
f 1243 1239 1244 
f 1237 1243 1244 
f 1241 1240 1245 
f 1241 1245 1246 
f 1238 1242 1246 
f 1245 1238 1246 
f 1239 1238 1247 
f 1240 1239 1247 
f 1238 1245 1247 
f 1245 1240 1247 
f 1242 1237 1248 
f 1237 1244 1248 
f 1244 1241 1248 
f 1241 1246 1248 
o convex_86
v -0.043578 -0.020499 -0.017768
v -0.035844 -0.028600 -0.005246
v -0.035475 -0.028600 -0.005246
v -0.042841 -0.024916 -0.004141
v -0.035844 -0.022340 -0.017397
v -0.036212 -0.024547 -0.015556
v -0.043210 -0.024916 -0.007826
v -0.043210 -0.019761 -0.017029
v -0.035475 -0.027862 -0.004510
v -0.038792 -0.025285 -0.012242
v -0.043578 -0.025652 -0.004141
v -0.035475 -0.023076 -0.017768
v -0.041367 -0.021970 -0.017397
f 1260 1254 1261 
f 1251 1250 1254 
f 1253 1249 1256 
f 1252 1253 1256 
f 1250 1251 1257 
f 1253 1252 1257 
f 1254 1250 1258 
f 1250 1255 1258 
f 1249 1255 1259 
f 1255 1250 1259 
f 1256 1249 1259 
f 1252 1256 1259 
f 1250 1257 1259 
f 1257 1252 1259 
f 1249 1253 1260 
f 1251 1254 1260 
f 1257 1251 1260 
f 1253 1257 1260 
f 1255 1249 1261 
f 1254 1258 1261 
f 1258 1255 1261 
f 1249 1260 1261 
o convex_87
v -0.054259 -0.016446 0.009119
v -0.047631 -0.023812 -0.001193
v -0.047262 -0.023812 -0.001193
v -0.054259 -0.016077 -0.004141
v -0.047262 -0.022338 0.009119
v -0.051680 -0.020497 0.006171
v -0.047262 -0.022338 -0.004141
v -0.053522 -0.016077 0.009119
v -0.053890 -0.018287 0.001016
v -0.047631 -0.023443 0.008013
v -0.050577 -0.020865 -0.004141
v -0.053522 -0.016077 -0.004141
v -0.049472 -0.022707 0.001385
v -0.054996 -0.016446 0.006171
f 1270 1267 1275 
f 1264 1263 1268 
f 1266 1264 1268 
f 1266 1268 1269 
f 1262 1266 1269 
f 1263 1264 1271 
f 1266 1262 1271 
f 1264 1266 1271 
f 1262 1267 1271 
f 1268 1263 1272 
f 1265 1268 1272 
f 1270 1265 1272 
f 1268 1265 1273 
f 1269 1268 1273 
f 1265 1269 1273 
f 1267 1270 1274 
f 1263 1271 1274 
f 1271 1267 1274 
f 1272 1263 1274 
f 1270 1272 1274 
f 1267 1262 1275 
f 1262 1269 1275 
f 1269 1265 1275 
f 1265 1270 1275 
o convex_88
v -0.043577 -0.026390 0.000280
v -0.035475 -0.028231 0.009119
v -0.035846 -0.027863 0.009119
v -0.035475 -0.028231 -0.004141
v -0.046891 -0.022708 -0.004141
v -0.047260 -0.022708 0.009119
v -0.038055 -0.028599 0.006171
v -0.047260 -0.024181 0.005435
v -0.035846 -0.028967 -0.003403
v -0.047260 -0.023445 -0.004141
v -0.041368 -0.026758 0.009119
v -0.046523 -0.022708 0.009119
v -0.035846 -0.027863 -0.004141
v -0.036214 -0.029336 0.000280
v -0.040633 -0.027126 -0.004141
v -0.042104 -0.027126 0.004328
v -0.035475 -0.028967 0.008382
f 1289 1284 1292 
f 1278 1277 1279 
f 1277 1278 1281 
f 1280 1279 1285 
f 1281 1280 1285 
f 1276 1283 1285 
f 1283 1281 1285 
f 1277 1281 1286 
f 1281 1283 1286 
f 1281 1278 1287 
f 1280 1281 1287 
f 1278 1279 1288 
f 1279 1280 1288 
f 1287 1278 1288 
f 1280 1287 1288 
f 1284 1289 1290 
f 1279 1284 1290 
f 1285 1279 1290 
f 1276 1285 1290 
f 1289 1276 1290 
f 1283 1276 1291 
f 1282 1286 1291 
f 1286 1283 1291 
f 1276 1289 1291 
f 1289 1282 1291 
f 1279 1277 1292 
f 1284 1279 1292 
f 1277 1286 1292 
f 1286 1282 1292 
f 1282 1289 1292 
o convex_89
v -0.057205 -0.008712 -0.007456
v -0.047261 -0.015709 -0.017398
v -0.047261 -0.016077 -0.017398
v -0.053890 -0.015341 -0.003774
v -0.050577 -0.008343 -0.017398
v -0.051314 -0.014603 -0.014084
v -0.057205 -0.008343 -0.004142
v -0.054627 -0.016077 -0.004142
v -0.051314 -0.009448 -0.017768
v -0.048368 -0.016077 -0.017768
v -0.054627 -0.012026 -0.010404
v -0.057573 -0.010554 -0.004142
v -0.055364 -0.008343 -0.011506
f 1301 1303 1305 
f 1295 1294 1296 
f 1296 1294 1297 
f 1296 1297 1299 
f 1295 1296 1300 
f 1297 1294 1301 
f 1298 1301 1302 
f 1294 1295 1302 
f 1295 1300 1302 
f 1300 1298 1302 
f 1301 1294 1302 
f 1298 1300 1303 
f 1301 1298 1303 
f 1299 1293 1304 
f 1296 1299 1304 
f 1300 1296 1304 
f 1303 1300 1304 
f 1293 1303 1304 
f 1293 1299 1305 
f 1299 1297 1305 
f 1297 1301 1305 
f 1303 1293 1305 
o convex_90
v -0.058678 -0.002083 -0.006719
v -0.051314 -0.008343 -0.017768
v -0.050945 -0.008343 -0.017768
v -0.052051 0.002707 -0.017768
v -0.057573 -0.007237 -0.003774
v -0.058678 0.002707 -0.003774
v -0.056100 0.001969 -0.012610
v -0.056468 -0.007605 -0.010035
v -0.050945 -0.007605 -0.017030
v -0.052787 -0.002083 -0.017768
v -0.058310 -0.007974 -0.003774
v -0.052051 0.002707 -0.017030
v -0.056468 -0.004290 -0.011506
v -0.057573 0.002707 -0.009667
f 1312 1318 1319 
f 1308 1307 1309 
f 1308 1309 1314 
f 1310 1308 1314 
f 1309 1307 1315 
f 1312 1309 1315 
f 1307 1308 1316 
f 1308 1310 1316 
f 1311 1306 1316 
f 1310 1311 1316 
f 1306 1313 1316 
f 1313 1307 1316 
f 1309 1311 1317 
f 1311 1310 1317 
f 1314 1309 1317 
f 1310 1314 1317 
f 1313 1306 1318 
f 1307 1313 1318 
f 1315 1307 1318 
f 1312 1315 1318 
f 1306 1311 1319 
f 1311 1309 1319 
f 1309 1312 1319 
f 1318 1306 1319 
o convex_91
v -0.059047 -0.007606 0.005435
v -0.054629 -0.016077 -0.003772
v -0.053891 -0.016077 -0.003772
v -0.053891 -0.016077 0.009119
v -0.057574 -0.007606 -0.003772
v -0.057205 -0.012762 -0.000825
v -0.057574 -0.007606 0.009119
v -0.055733 -0.014972 0.007645
v -0.053891 -0.015339 0.008749
v -0.058679 -0.007238 -0.003035
v -0.057574 -0.010554 0.009119
v -0.055733 -0.015708 0.003593
v -0.057942 -0.011290 0.004698
f 1325 1331 1332 
f 1321 1322 1323 
f 1322 1321 1324 
f 1323 1322 1328 
f 1322 1324 1328 
f 1326 1323 1328 
f 1324 1326 1328 
f 1324 1321 1329 
f 1321 1325 1329 
f 1320 1326 1329 
f 1326 1324 1329 
f 1326 1320 1330 
f 1323 1326 1330 
f 1327 1323 1330 
f 1321 1323 1331 
f 1325 1321 1331 
f 1323 1327 1331 
f 1329 1325 1332 
f 1320 1329 1332 
f 1330 1320 1332 
f 1327 1330 1332 
f 1331 1327 1332 
o convex_92
v -0.059784 0.001601 0.005435
v -0.058311 -0.007238 -0.003772
v -0.057943 -0.007238 -0.003772
v -0.057943 -0.007238 0.009119
v -0.058679 0.002707 -0.003772
v -0.059415 -0.005763 0.000280
v -0.058679 0.002707 0.009119
v -0.059047 -0.004658 0.009119
v -0.059415 0.002707 -0.003035
v -0.059047 -0.007238 0.006171
v -0.059784 -0.002818 0.003962
v -0.059415 -0.001714 -0.003404
f 1338 1343 1344 
f 1334 1335 1336 
f 1335 1334 1337 
f 1336 1335 1337 
f 1336 1337 1339 
f 1339 1333 1340 
f 1336 1339 1340 
f 1333 1339 1341 
f 1339 1337 1341 
f 1334 1336 1342 
f 1338 1334 1342 
f 1336 1340 1342 
f 1342 1340 1343 
f 1340 1333 1343 
f 1333 1341 1343 
f 1338 1342 1343 
f 1343 1341 1344 
f 1337 1334 1344 
f 1334 1338 1344 
f 1341 1337 1344 
o convex_93
v -0.014115 -0.030809 -0.008930
v -0.035475 -0.024550 -0.015558
v -0.035475 -0.023813 -0.015558
v -0.006747 -0.026759 -0.015558
v -0.035104 -0.027127 -0.007456
v -0.006747 -0.030441 -0.007087
v -0.027003 -0.030072 -0.007456
v -0.020374 -0.027128 -0.015558
v -0.006747 -0.026759 -0.014821
v -0.007487 -0.028968 -0.012978
v -0.025529 -0.028231 -0.012610
v -0.035104 -0.028231 -0.007087
v -0.006747 -0.031178 -0.007087
v -0.032526 -0.027127 -0.012243
v -0.035104 -0.023813 -0.015189
v -0.018164 -0.029705 -0.011139
v -0.017059 -0.031178 -0.007087
f 1351 1360 1361 
f 1346 1347 1348 
f 1346 1348 1352 
f 1350 1348 1353 
f 1349 1350 1353 
f 1352 1348 1354 
f 1346 1352 1355 
f 1347 1346 1356 
f 1349 1347 1356 
f 1350 1349 1356 
f 1348 1350 1357 
f 1345 1354 1357 
f 1354 1348 1357 
f 1350 1356 1357 
f 1346 1355 1358 
f 1355 1351 1358 
f 1356 1346 1358 
f 1351 1356 1358 
f 1348 1347 1359 
f 1347 1349 1359 
f 1353 1348 1359 
f 1349 1353 1359 
f 1354 1345 1360 
f 1352 1354 1360 
f 1351 1355 1360 
f 1355 1352 1360 
f 1356 1351 1361 
f 1357 1356 1361 
f 1345 1357 1361 
f 1360 1345 1361 
o convex_94
v 0.019035 -0.012026 0.038951
v 0.012405 -0.016077 0.030849
v 0.012405 -0.015340 0.030849
v 0.019035 -0.008344 0.031954
v 0.012405 -0.007974 0.032691
v 0.017930 -0.016077 0.039689
v 0.014984 -0.014603 0.037847
v 0.019035 -0.016077 0.038951
v 0.018297 -0.007974 0.033797
v 0.013143 -0.016077 0.034166
v 0.016088 -0.012761 0.038584
f 1368 1367 1372 
f 1363 1364 1365 
f 1364 1363 1366 
f 1365 1364 1366 
f 1363 1365 1369 
f 1365 1362 1369 
f 1367 1363 1369 
f 1362 1367 1369 
f 1362 1365 1370 
f 1366 1362 1370 
f 1365 1366 1370 
f 1366 1363 1371 
f 1363 1367 1371 
f 1368 1366 1371 
f 1367 1368 1371 
f 1362 1366 1372 
f 1367 1362 1372 
f 1366 1368 1372 
o convex_95
v -0.020743 -0.032282 -0.000091
v -0.035475 -0.028232 -0.007087
v -0.033265 -0.028969 -0.006718
v -0.021112 -0.030073 -0.007087
v -0.034737 -0.028969 0.001752
v -0.032526 -0.030441 0.001384
v -0.021112 -0.031546 0.001752
v -0.034737 -0.027496 -0.006718
v -0.024426 -0.031178 -0.004877
v -0.022584 -0.030809 -0.007087
v -0.029949 -0.030809 -0.001564
v -0.035475 -0.029337 -0.001932
v -0.024797 -0.031914 0.001752
f 1383 1373 1385 
f 1373 1376 1379 
f 1376 1374 1380 
f 1374 1377 1380 
f 1379 1376 1380 
f 1377 1379 1380 
f 1375 1374 1382 
f 1374 1376 1382 
f 1376 1373 1382 
f 1381 1375 1382 
f 1373 1381 1382 
f 1375 1381 1383 
f 1381 1373 1383 
f 1374 1375 1384 
f 1377 1374 1384 
f 1378 1377 1384 
f 1375 1383 1384 
f 1383 1378 1384 
f 1377 1378 1385 
f 1373 1379 1385 
f 1379 1377 1385 
f 1378 1383 1385 
o convex_96
v -0.020377 -0.031177 0.011696
v -0.035475 -0.029337 0.001752
v -0.035475 -0.028969 0.001752
v -0.034000 -0.026022 0.016485
v -0.021482 -0.031546 0.001752
v -0.019639 -0.028601 0.016116
v -0.031422 -0.030441 0.006908
v -0.033632 -0.027864 0.014274
v -0.021851 -0.032283 0.001752
v -0.023691 -0.028968 0.016485
v -0.033263 -0.026022 0.015747
v -0.035475 -0.028969 0.008751
v -0.026269 -0.030809 0.010223
v -0.020743 -0.032283 0.005069
v -0.029213 -0.031178 0.001752
f 1399 1392 1400 
f 1387 1388 1390 
f 1387 1390 1394 
f 1391 1389 1395 
f 1386 1391 1395 
f 1389 1393 1395 
f 1388 1389 1396 
f 1390 1388 1396 
f 1391 1390 1396 
f 1389 1391 1396 
f 1388 1387 1397 
f 1389 1388 1397 
f 1387 1392 1397 
f 1393 1389 1397 
f 1393 1397 1398 
f 1386 1395 1398 
f 1395 1393 1398 
f 1397 1392 1398 
f 1390 1391 1399 
f 1391 1386 1399 
f 1394 1390 1399 
f 1386 1398 1399 
f 1398 1392 1399 
f 1392 1387 1400 
f 1387 1394 1400 
f 1394 1399 1400 
o convex_97
v -0.024795 -0.011288 -0.026976
v -0.035475 -0.011656 -0.028449
v -0.035107 -0.011656 -0.028449
v -0.033264 0.002705 -0.029922
v -0.023691 -0.000609 -0.030659
v -0.023691 0.002705 -0.029186
v -0.034000 -0.011288 -0.026608
v -0.021480 -0.011288 -0.028449
v -0.035475 0.002705 -0.029186
v -0.035106 -0.001346 -0.029922
v -0.021480 -0.011656 -0.027713
v -0.028847 -0.000240 -0.030659
v -0.029950 -0.010919 -0.026608
v -0.035107 -0.011656 -0.026976
f 1411 1401 1414 
f 1403 1402 1405 
f 1405 1404 1406 
f 1403 1405 1408 
f 1405 1406 1408 
f 1406 1404 1409 
f 1402 1409 1410 
f 1409 1404 1410 
f 1402 1403 1411 
f 1406 1401 1411 
f 1403 1408 1411 
f 1408 1406 1411 
f 1404 1405 1412 
f 1405 1402 1412 
f 1410 1404 1412 
f 1402 1410 1412 
f 1401 1406 1413 
f 1407 1401 1413 
f 1406 1409 1413 
f 1409 1407 1413 
f 1401 1407 1414 
f 1409 1402 1414 
f 1407 1409 1414 
f 1402 1411 1414 
o convex_98
v -0.010430 -0.011658 -0.023661
v -0.021480 -0.009448 -0.028818
v -0.021480 -0.011289 -0.028449
v -0.006747 -0.011658 -0.028449
v -0.019638 -0.007606 -0.023661
v -0.006747 -0.010184 -0.027344
v -0.021110 -0.007606 -0.028818
v -0.006747 -0.010184 -0.023661
v -0.015953 -0.010921 -0.023661
v -0.021480 -0.011658 -0.027712
v -0.020372 -0.007975 -0.023661
f 1416 1424 1425 
f 1417 1416 1418 
f 1418 1416 1421 
f 1419 1420 1421 
f 1420 1418 1421 
f 1415 1418 1422 
f 1419 1415 1422 
f 1420 1419 1422 
f 1418 1420 1422 
f 1415 1419 1423 
f 1416 1417 1424 
f 1417 1418 1424 
f 1418 1415 1424 
f 1415 1423 1424 
f 1421 1416 1425 
f 1419 1421 1425 
f 1423 1419 1425 
f 1424 1423 1425 
o convex_99
v 0.017929 0.015965 0.039689
v 0.012037 0.008968 0.031956
v 0.012775 0.008968 0.031956
v 0.012037 0.017071 0.029008
v 0.019403 0.008968 0.033797
v 0.019403 0.017071 0.038583
v 0.014984 0.017071 0.037477
v 0.017562 0.011546 0.038583
v 0.019403 0.012651 0.039320
v 0.016087 0.014124 0.038952
v 0.012037 0.015229 0.031586
v 0.016456 0.008968 0.035268
v 0.012775 0.017071 0.029378
f 1431 1430 1438 
f 1428 1427 1429 
f 1427 1428 1430 
f 1428 1429 1430 
f 1426 1431 1432 
f 1431 1429 1432 
f 1431 1426 1434 
f 1430 1431 1434 
f 1433 1430 1434 
f 1433 1434 1435 
f 1432 1427 1435 
f 1426 1432 1435 
f 1427 1433 1435 
f 1434 1426 1435 
f 1429 1427 1436 
f 1427 1432 1436 
f 1432 1429 1436 
f 1427 1430 1437 
f 1433 1427 1437 
f 1430 1433 1437 
f 1430 1429 1438 
f 1429 1431 1438 
o convex_100
v -0.023689 -0.007238 -0.029186
v -0.022584 0.002707 -0.023661
v -0.022584 0.002707 -0.028448
v -0.020006 -0.007606 -0.023661
v -0.020006 -0.007238 -0.027712
v -0.023689 0.000127 -0.030659
v -0.022952 -0.002816 -0.023661
v -0.023689 0.002707 -0.028817
f 1439 1445 1446 
f 1442 1439 1443 
f 1441 1440 1443 
f 1440 1442 1443 
f 1443 1439 1444 
f 1441 1443 1444 
f 1442 1440 1445 
f 1439 1442 1445 
f 1440 1441 1446 
f 1444 1439 1446 
f 1441 1444 1446 
f 1445 1440 1446 
o convex_101
v -0.041735 0.015598 -0.033974
v -0.035107 0.022227 -0.019241
v -0.037318 0.022227 -0.019241
v -0.035107 0.015229 -0.025504
v -0.042473 0.019649 -0.019612
v -0.040263 0.020386 -0.031394
v -0.036581 0.015966 -0.032131
v -0.042473 0.020754 -0.029552
v -0.042473 0.015229 -0.033234
v -0.037687 0.018912 -0.031394
v -0.042104 0.020754 -0.019241
v -0.038056 0.015229 -0.033603
v -0.042104 0.018912 -0.032866
v -0.035107 0.022227 -0.019980
v -0.035476 0.021490 -0.019241
v -0.039158 0.018175 -0.033234
f 1447 1459 1462 
f 1450 1451 1455 
f 1451 1454 1455 
f 1448 1449 1457 
f 1449 1454 1457 
f 1454 1451 1457 
f 1453 1450 1458 
f 1450 1455 1458 
f 1455 1447 1458 
f 1454 1452 1459 
f 1447 1455 1459 
f 1455 1454 1459 
f 1449 1448 1460 
f 1448 1450 1460 
f 1450 1453 1460 
f 1454 1449 1460 
f 1452 1454 1460 
f 1456 1452 1460 
f 1453 1456 1460 
f 1450 1448 1461 
f 1451 1450 1461 
f 1448 1457 1461 
f 1457 1451 1461 
f 1452 1456 1462 
f 1456 1453 1462 
f 1458 1447 1462 
f 1453 1458 1462 
f 1459 1452 1462 
o convex_102
v -0.027739 -0.027126 0.018696
v -0.032896 -0.021235 0.023114
v -0.032896 -0.021235 0.022745
v -0.019639 -0.024550 0.023114
v -0.020376 -0.028231 0.016486
v -0.034001 -0.025653 0.016486
v -0.033264 -0.022708 0.022745
v -0.020008 -0.026389 0.021641
v -0.022218 -0.028968 0.016854
v -0.033264 -0.026758 0.016854
v -0.025164 -0.024550 0.023114
v -0.019639 -0.024550 0.022377
f 1467 1465 1474 
f 1465 1464 1466 
f 1465 1467 1468 
f 1464 1465 1468 
f 1464 1468 1469 
f 1467 1466 1470 
f 1467 1470 1471 
f 1468 1467 1471 
f 1470 1463 1471 
f 1471 1463 1472 
f 1463 1469 1472 
f 1469 1468 1472 
f 1468 1471 1472 
f 1466 1464 1473 
f 1469 1463 1473 
f 1464 1469 1473 
f 1470 1466 1473 
f 1463 1470 1473 
f 1465 1466 1474 
f 1466 1467 1474 
o convex_103
v -0.017796 0.009336 -0.023661
v -0.023689 0.002707 -0.029554
v -0.023320 0.002707 -0.029554
v -0.022953 0.002707 -0.023661
v -0.023689 0.009336 -0.028080
v -0.019270 0.009336 -0.028448
v -0.021110 0.007126 -0.023661
v -0.022584 0.002707 -0.028816
v -0.018166 0.008967 -0.027343
v -0.022216 0.002707 -0.023661
f 1483 1475 1484 
f 1476 1477 1478 
f 1476 1478 1479 
f 1476 1479 1480 
f 1477 1476 1480 
f 1479 1475 1480 
f 1478 1475 1481 
f 1475 1479 1481 
f 1479 1478 1481 
f 1478 1477 1482 
f 1480 1475 1483 
f 1477 1480 1483 
f 1482 1477 1483 
f 1482 1483 1484 
f 1475 1478 1484 
f 1478 1482 1484 
o convex_104
v -0.006747 -0.002081 0.030848
v -0.024057 -0.000977 0.022379
v -0.024426 -0.000977 0.023484
v -0.026268 -0.003555 0.033058
v -0.026268 -0.000608 0.033426
v -0.006747 -0.001345 0.022379
v -0.006747 -0.003555 0.033426
v -0.014853 -0.002081 0.022379
v -0.022213 -0.000608 0.022379
v -0.007485 -0.002081 0.022379
v -0.022952 -0.003555 0.034163
v -0.006747 -0.003555 0.032321
v -0.006747 -0.001713 0.029007
f 1490 1489 1497 
f 1487 1486 1488 
f 1486 1487 1489 
f 1487 1488 1489 
f 1485 1489 1491 
f 1490 1485 1491 
f 1488 1486 1492 
f 1486 1490 1492 
f 1486 1489 1493 
f 1490 1486 1493 
f 1489 1490 1493 
f 1492 1490 1494 
f 1489 1488 1495 
f 1491 1489 1495 
f 1488 1491 1495 
f 1491 1488 1496 
f 1490 1491 1496 
f 1488 1492 1496 
f 1494 1490 1496 
f 1492 1494 1496 
f 1489 1485 1497 
f 1485 1490 1497 
o convex_105
v 0.021984 -0.024179 0.012065
v 0.032294 -0.016078 0.004701
v 0.032294 -0.016447 0.004701
v 0.022721 -0.016814 0.025325
v 0.020877 -0.025284 0.003228
v 0.021982 -0.016077 0.024955
v 0.031554 -0.016078 0.003228
v 0.027135 -0.021233 0.009120
v 0.020877 -0.019025 0.025325
v 0.030452 -0.016447 0.012065
v 0.024931 -0.023810 0.003228
v 0.025297 -0.020130 0.016117
v 0.020877 -0.025652 0.007647
v 0.021246 -0.019025 0.025325
v 0.020877 -0.018288 0.023479
v 0.027505 -0.016077 0.017957
f 1511 1507 1513 
f 1499 1500 1504 
f 1502 1503 1504 
f 1501 1503 1506 
f 1500 1499 1507 
f 1505 1500 1507 
f 1504 1500 1508 
f 1502 1504 1508 
f 1500 1505 1508 
f 1505 1498 1508 
f 1498 1505 1509 
f 1505 1507 1509 
f 1498 1506 1510 
f 1506 1502 1510 
f 1508 1498 1510 
f 1502 1508 1510 
f 1506 1498 1511 
f 1501 1506 1511 
f 1498 1509 1511 
f 1509 1507 1511 
f 1503 1502 1512 
f 1502 1506 1512 
f 1506 1503 1512 
f 1503 1501 1513 
f 1499 1504 1513 
f 1504 1503 1513 
f 1507 1499 1513 
f 1501 1511 1513 
o convex_106
v 0.020876 -0.019760 -0.025137
v 0.016825 -0.015710 -0.033974
v 0.016456 -0.017184 -0.033605
v 0.011669 -0.019391 -0.021820
v 0.023823 -0.015710 -0.021820
v 0.011669 -0.015341 -0.025138
v 0.019403 -0.019760 -0.031761
v 0.023085 -0.015710 -0.030657
v 0.017561 -0.020497 -0.021820
v 0.015720 -0.020128 -0.031025
v 0.013512 -0.015341 -0.032132
v 0.011669 -0.020128 -0.022191
v 0.018297 -0.020865 -0.028446
v 0.022717 -0.017920 -0.029183
v 0.018666 -0.015341 -0.033605
v 0.014248 -0.018655 -0.031392
v 0.021244 -0.017183 -0.032499
v 0.021244 -0.019023 -0.021820
f 1527 1518 1531 
f 1517 1518 1519 
f 1518 1517 1522 
f 1516 1520 1523 
f 1515 1516 1524 
f 1517 1519 1525 
f 1522 1517 1525 
f 1519 1524 1525 
f 1520 1514 1526 
f 1514 1522 1526 
f 1523 1520 1526 
f 1522 1525 1526 
f 1525 1523 1526 
f 1514 1520 1527 
f 1521 1518 1527 
f 1519 1518 1528 
f 1518 1521 1528 
f 1515 1524 1528 
f 1524 1519 1528 
f 1516 1523 1529 
f 1524 1516 1529 
f 1523 1525 1529 
f 1525 1524 1529 
f 1516 1515 1530 
f 1520 1516 1530 
f 1527 1520 1530 
f 1521 1527 1530 
f 1515 1528 1530 
f 1528 1521 1530 
f 1522 1514 1531 
f 1518 1522 1531 
f 1514 1527 1531 
o convex_107
v 0.015351 -0.012394 -0.033974
v 0.012038 -0.014603 -0.025503
v 0.011669 -0.014603 -0.025503
v 0.013511 -0.005765 -0.028818
v 0.018667 -0.006134 -0.030659
v 0.018667 -0.015341 -0.033237
v 0.013511 -0.015341 -0.032500
v 0.011669 -0.005765 -0.029187
v 0.018667 -0.008344 -0.033237
v 0.015719 -0.006870 -0.032500
v 0.012775 -0.015341 -0.026240
v 0.014248 -0.010185 -0.033237
f 1539 1541 1543 
f 1534 1533 1535 
f 1535 1533 1536 
f 1532 1537 1538 
f 1534 1535 1539 
f 1535 1536 1539 
f 1538 1534 1539 
f 1536 1537 1540 
f 1537 1532 1540 
f 1539 1536 1541 
f 1536 1540 1541 
f 1540 1532 1541 
f 1533 1534 1542 
f 1536 1533 1542 
f 1537 1536 1542 
f 1534 1538 1542 
f 1538 1537 1542 
f 1532 1538 1543 
f 1538 1539 1543 
f 1541 1532 1543 
o convex_108
v 0.014616 0.015967 -0.033234
v 0.019403 0.020385 -0.019610
v 0.017561 0.021122 -0.019610
v 0.011669 0.015230 -0.025136
v 0.011669 0.021858 -0.019610
v 0.019035 0.020017 -0.031394
v 0.019403 0.015230 -0.033234
v 0.014616 0.018912 -0.031394
v 0.019403 0.019649 -0.019610
v 0.013144 0.015230 -0.031394
v 0.017928 0.020754 -0.029184
v 0.019403 0.018912 -0.032498
v 0.016455 0.020385 -0.030657
v 0.011669 0.021858 -0.020349
f 1554 1556 1557 
f 1545 1546 1548 
f 1548 1547 1552 
f 1545 1548 1552 
f 1550 1545 1552 
f 1547 1550 1552 
f 1550 1547 1553 
f 1544 1550 1553 
f 1551 1544 1553 
f 1546 1545 1554 
f 1545 1549 1554 
f 1549 1545 1555 
f 1545 1550 1555 
f 1550 1544 1555 
f 1544 1551 1555 
f 1555 1551 1556 
f 1554 1549 1556 
f 1549 1555 1556 
f 1547 1548 1557 
f 1548 1546 1557 
f 1553 1547 1557 
f 1551 1553 1557 
f 1546 1554 1557 
f 1556 1551 1557 
o convex_109
v 0.021982 -0.005765 -0.029185
v 0.018667 -0.015709 -0.033605
v 0.018667 -0.014602 -0.033974
v 0.023453 -0.014234 -0.030657
v 0.023453 -0.015709 -0.021820
v 0.018667 -0.005765 -0.030657
v 0.025665 -0.005765 -0.021820
v 0.022349 -0.009817 -0.031762
v 0.023823 -0.015709 -0.028079
v 0.019404 -0.007976 -0.032867
v 0.024927 -0.006134 -0.021820
v 0.024927 -0.013130 -0.021820
v 0.020878 -0.015709 -0.033235
v 0.025665 -0.005765 -0.022558
f 1569 1566 1571 
f 1559 1562 1563 
f 1560 1559 1563 
f 1558 1563 1564 
f 1562 1559 1566 
f 1563 1558 1567 
f 1560 1563 1567 
f 1558 1565 1567 
f 1563 1562 1568 
f 1562 1564 1568 
f 1564 1563 1568 
f 1564 1562 1569 
f 1562 1566 1569 
f 1559 1560 1570 
f 1565 1561 1570 
f 1566 1559 1570 
f 1561 1566 1570 
f 1560 1567 1570 
f 1567 1565 1570 
f 1558 1564 1571 
f 1561 1565 1571 
f 1565 1558 1571 
f 1566 1561 1571 
f 1564 1569 1571 
o convex_110
v 0.006510 -0.028231 -0.010770
v -0.006747 -0.021972 -0.021818
v -0.006747 -0.022340 -0.021450
v 0.014247 -0.020498 -0.021818
v 0.013509 -0.025286 -0.011139
v -0.006747 -0.029705 -0.011139
v -0.005641 -0.020867 -0.021450
v -0.002327 -0.027126 -0.015558
v -0.006747 -0.028967 -0.010770
v 0.005774 -0.019761 -0.021450
v 0.012771 -0.024918 -0.015189
v -0.005641 -0.024916 -0.018873
v 0.013141 -0.019761 -0.021450
v 0.003567 -0.027126 -0.014454
v 0.013877 -0.026389 -0.010770
v 0.014247 -0.021235 -0.021082
f 1575 1586 1587 
f 1573 1574 1577 
f 1573 1577 1580 
f 1577 1572 1580 
f 1578 1573 1580 
f 1576 1578 1580 
f 1575 1573 1581 
f 1573 1578 1581 
f 1578 1576 1581 
f 1574 1573 1583 
f 1573 1575 1583 
f 1577 1574 1583 
f 1579 1577 1583 
f 1576 1575 1584 
f 1575 1581 1584 
f 1581 1576 1584 
f 1572 1577 1585 
f 1577 1579 1585 
f 1582 1572 1585 
f 1575 1576 1586 
f 1580 1572 1586 
f 1576 1580 1586 
f 1572 1582 1586 
f 1586 1582 1587 
f 1583 1575 1587 
f 1579 1583 1587 
f 1585 1579 1587 
f 1582 1585 1587 
o convex_111
v -0.050206 0.022227 0.004330
v -0.053154 0.017439 -0.004877
v -0.053154 0.017808 -0.004877
v -0.042842 0.025909 -0.004877
v -0.042842 0.025909 0.005067
v -0.053521 0.017439 0.005067
v -0.043211 0.024804 -0.004508
v -0.047632 0.024068 -0.000825
v -0.043211 0.026647 0.005067
v -0.053154 0.019282 0.000279
v -0.052418 0.017439 -0.004140
v -0.049839 0.021492 -0.004877
v -0.054259 0.017808 0.005067
f 1597 1590 1600 
f 1589 1590 1591 
f 1589 1591 1594 
f 1591 1592 1594 
f 1592 1591 1596 
f 1593 1592 1596 
f 1595 1588 1596 
f 1591 1595 1596 
f 1588 1595 1597 
f 1593 1589 1598 
f 1592 1593 1598 
f 1589 1594 1598 
f 1594 1592 1598 
f 1591 1590 1599 
f 1595 1591 1599 
f 1590 1597 1599 
f 1597 1595 1599 
f 1590 1589 1600 
f 1589 1593 1600 
f 1593 1596 1600 
f 1596 1588 1600 
f 1588 1597 1600 
o convex_112
v 0.006144 -0.031177 0.000647
v -0.006747 -0.029706 -0.010770
v -0.006747 -0.030073 -0.010399
v 0.014247 -0.026392 -0.010770
v 0.013139 -0.028601 0.003226
v -0.006747 -0.032282 0.003226
v 0.013509 -0.025655 -0.010399
v 0.000252 -0.031177 -0.005611
v -0.006747 -0.029337 -0.010033
v 0.013509 -0.028601 -0.004508
v -0.006377 -0.032651 0.000277
v 0.005406 -0.028601 -0.010770
v 0.014247 -0.028968 0.003226
v -0.006009 -0.031914 0.003226
v 0.002094 -0.031914 0.003226
v 0.007250 -0.029704 -0.006718
v -0.005272 -0.032282 -0.002668
v 0.004671 -0.031177 -0.002300
f 1611 1617 1618 
f 1602 1603 1606 
f 1604 1602 1607 
f 1602 1606 1609 
f 1607 1602 1609 
f 1606 1603 1611 
f 1603 1602 1612 
f 1602 1604 1612 
f 1608 1603 1612 
f 1605 1606 1613 
f 1604 1607 1613 
f 1607 1605 1613 
f 1601 1610 1613 
f 1610 1604 1613 
f 1606 1605 1614 
f 1605 1607 1614 
f 1609 1606 1614 
f 1607 1609 1614 
f 1606 1611 1615 
f 1613 1606 1615 
f 1601 1613 1615 
f 1604 1610 1616 
f 1612 1604 1616 
f 1608 1612 1616 
f 1603 1608 1617 
f 1611 1603 1617 
f 1610 1601 1618 
f 1601 1615 1618 
f 1615 1611 1618 
f 1608 1616 1618 
f 1616 1610 1618 
f 1617 1608 1618 
o convex_113
v -0.040631 0.009336 -0.033605
v -0.035107 0.015229 -0.025871
v -0.035107 0.015229 -0.026609
v -0.035107 0.002707 -0.029554
v -0.042473 0.002707 -0.027713
v -0.042473 0.015229 -0.033237
v -0.037317 0.015229 -0.033237
v -0.042473 0.007127 -0.032131
v -0.038423 0.012282 -0.033974
v -0.036213 0.013755 -0.032131
v -0.035107 0.003812 -0.028819
v -0.035476 0.015229 -0.025871
v -0.042105 0.014860 -0.033974
v -0.040262 0.002707 -0.029187
f 1623 1626 1632 
f 1621 1620 1622 
f 1620 1621 1624 
f 1624 1621 1625 
f 1619 1622 1626 
f 1623 1624 1626 
f 1622 1619 1627 
f 1627 1625 1628 
f 1621 1622 1628 
f 1625 1621 1628 
f 1622 1627 1628 
f 1622 1620 1629 
f 1623 1622 1629 
f 1620 1623 1629 
f 1623 1620 1630 
f 1620 1624 1630 
f 1624 1623 1630 
f 1624 1625 1631 
f 1619 1626 1631 
f 1626 1624 1631 
f 1627 1619 1631 
f 1625 1627 1631 
f 1622 1623 1632 
f 1626 1622 1632 
o convex_114
v 0.021615 -0.018654 -0.021820
v 0.035241 -0.006501 -0.006350
v 0.034871 -0.006501 -0.006350
v 0.027506 -0.019023 -0.006350
v 0.025297 -0.006501 -0.021450
v 0.024193 -0.015340 -0.021820
v 0.020509 -0.018654 -0.019241
v 0.031925 -0.014236 -0.007088
v 0.033397 -0.006870 -0.010772
v 0.027136 -0.018654 -0.006720
v 0.026033 -0.007239 -0.021820
v 0.027874 -0.018654 -0.008929
v 0.033764 -0.010185 -0.007825
v 0.020140 -0.019023 -0.021820
f 1644 1636 1646 
f 1634 1635 1636 
f 1635 1634 1637 
f 1634 1636 1640 
f 1637 1634 1641 
f 1636 1635 1642 
f 1635 1637 1642 
f 1639 1636 1642 
f 1637 1639 1642 
f 1638 1633 1643 
f 1641 1638 1643 
f 1637 1641 1643 
f 1633 1638 1644 
f 1640 1636 1644 
f 1638 1640 1644 
f 1634 1640 1645 
f 1640 1638 1645 
f 1638 1641 1645 
f 1641 1634 1645 
f 1636 1639 1646 
f 1639 1637 1646 
f 1643 1633 1646 
f 1637 1643 1646 
f 1633 1644 1646 
o convex_115
v -0.045789 0.013019 -0.031762
v -0.042843 0.002707 -0.028082
v -0.042473 0.002707 -0.028082
v -0.048366 0.013019 -0.019244
v -0.051313 0.002707 -0.019611
v -0.042473 0.013019 -0.033235
v -0.044316 0.008229 -0.031762
v -0.042473 0.003444 -0.027345
v -0.047262 0.013019 -0.028816
v -0.050575 0.002707 -0.019244
v -0.050208 0.009336 -0.019611
v -0.047630 0.013019 -0.020347
v -0.042473 0.008965 -0.032867
v -0.049471 0.002707 -0.022189
v -0.046156 0.010809 -0.031026
f 1660 1651 1661 
f 1648 1649 1651 
f 1647 1650 1652 
f 1649 1652 1654 
f 1650 1647 1655 
f 1651 1649 1656 
f 1654 1650 1656 
f 1649 1654 1656 
f 1650 1655 1657 
f 1655 1651 1657 
f 1656 1650 1657 
f 1651 1656 1657 
f 1652 1650 1658 
f 1650 1654 1658 
f 1654 1652 1658 
f 1649 1648 1659 
f 1647 1652 1659 
f 1652 1649 1659 
f 1648 1653 1659 
f 1653 1647 1659 
f 1648 1651 1660 
f 1653 1648 1660 
f 1653 1660 1661 
f 1647 1653 1661 
f 1655 1647 1661 
f 1651 1655 1661 
o convex_116
v -0.000118 -0.001345 0.022379
v 0.002461 0.000128 0.032321
v 0.002092 0.000128 0.032321
v 0.000251 -0.003186 0.032321
v -0.006747 -0.002081 0.030848
v -0.006747 -0.001345 0.022379
v 0.001724 0.000128 0.022379
v -0.006747 -0.003186 0.032321
v -0.006747 -0.002081 0.023485
v 0.002092 -0.002081 0.031953
f 1662 1668 1671 
f 1663 1664 1665 
f 1666 1664 1667 
f 1664 1663 1668 
f 1667 1664 1668 
f 1662 1667 1668 
f 1665 1664 1669 
f 1664 1666 1669 
f 1666 1667 1669 
f 1669 1667 1670 
f 1662 1665 1670 
f 1667 1662 1670 
f 1665 1669 1670 
f 1663 1665 1671 
f 1665 1662 1671 
f 1668 1663 1671 
o convex_117
v 0.024930 -0.016077 0.022376
v 0.035609 -0.005765 0.011698
v 0.035240 -0.005765 0.012803
v 0.025665 -0.005765 0.024955
v 0.030083 -0.015340 0.011329
v 0.022350 -0.015709 0.024219
v 0.027140 -0.006870 0.024586
v 0.030819 -0.012394 0.016487
v 0.034872 -0.005765 0.011329
v 0.030819 -0.016077 0.011698
v 0.023457 -0.014972 0.025325
v 0.028979 -0.009448 0.021272
v 0.034133 -0.010185 0.012066
v 0.032662 -0.006502 0.017222
f 1679 1684 1685 
f 1674 1673 1675 
f 1675 1676 1677 
f 1675 1673 1680 
f 1676 1675 1680 
f 1676 1680 1681 
f 1672 1677 1681 
f 1677 1676 1681 
f 1679 1672 1681 
f 1680 1673 1681 
f 1677 1672 1682 
f 1675 1677 1682 
f 1678 1675 1682 
f 1672 1679 1682 
f 1682 1679 1683 
f 1678 1682 1683 
f 1673 1674 1684 
f 1681 1673 1684 
f 1679 1681 1684 
f 1674 1675 1685 
f 1675 1678 1685 
f 1683 1679 1685 
f 1678 1683 1685 
f 1684 1674 1685 
o convex_118
v 0.016825 -0.025651 0.015380
v 0.012405 -0.029336 0.003226
v 0.012405 -0.028967 0.003226
v 0.020877 -0.026022 0.003226
v 0.012405 -0.020866 0.024955
v 0.020877 -0.018656 0.025325
v 0.012405 -0.026020 0.017957
v 0.020139 -0.025654 0.003226
v 0.020139 -0.020131 0.025325
v 0.020877 -0.025654 0.008750
v 0.014247 -0.028599 0.008383
v 0.020506 -0.018656 0.023481
v 0.013142 -0.022340 0.024585
v 0.017560 -0.021236 0.025325
v 0.018297 -0.027493 0.004331
v 0.012774 -0.028599 0.003226
v 0.020877 -0.023811 0.015013
v 0.012774 -0.027862 0.013170
f 1696 1686 1703 
f 1687 1688 1689 
f 1688 1687 1690 
f 1690 1687 1692 
f 1689 1688 1693 
f 1689 1691 1695 
f 1695 1686 1696 
f 1691 1689 1697 
f 1690 1691 1697 
f 1689 1693 1697 
f 1693 1690 1697 
f 1690 1692 1698 
f 1691 1690 1699 
f 1692 1686 1699 
f 1686 1694 1699 
f 1694 1691 1699 
f 1690 1698 1699 
f 1698 1692 1699 
f 1687 1689 1700 
f 1689 1695 1700 
f 1696 1687 1700 
f 1695 1696 1700 
f 1688 1690 1701 
f 1693 1688 1701 
f 1690 1693 1701 
f 1694 1686 1702 
f 1691 1694 1702 
f 1686 1695 1702 
f 1695 1691 1702 
f 1692 1687 1703 
f 1686 1692 1703 
f 1687 1696 1703 
o convex_119
v 0.025665 -0.005396 0.024955
v 0.041502 0.002338 0.006544
v 0.041502 -0.002449 0.006544
v 0.037082 -0.005396 0.007277
v 0.026403 0.002707 0.024955
v 0.041133 0.002707 0.003226
v 0.028613 -0.005765 0.023114
v 0.028244 0.002707 0.024219
v 0.041133 -0.005765 0.003226
v 0.041133 -0.001713 0.007645
v 0.040764 -0.005765 0.005806
v 0.027139 -0.003923 0.025325
v 0.036344 0.002707 0.009856
v 0.041133 0.002707 0.007277
v 0.030086 -0.001713 0.022008
f 1711 1715 1718 
f 1707 1704 1708 
f 1705 1706 1709 
f 1709 1708 1711 
f 1704 1707 1712 
f 1709 1706 1712 
f 1707 1709 1712 
f 1710 1704 1712 
f 1706 1705 1713 
f 1712 1706 1714 
f 1710 1712 1714 
f 1706 1713 1714 
f 1713 1710 1714 
f 1708 1704 1715 
f 1704 1710 1715 
f 1711 1708 1715 
f 1707 1708 1716 
f 1708 1709 1716 
f 1709 1707 1716 
f 1705 1709 1717 
f 1709 1711 1717 
f 1713 1705 1717 
f 1711 1713 1717 
f 1710 1713 1718 
f 1713 1711 1718 
f 1715 1710 1718 
