# https://github.com/mikedh/trimesh
v -0.03961976 -0.01653672 -0.03036965
v -0.03723172 -0.01653672 -0.03823736
v -0.03723172 -0.00440550 -0.03823736
v 0.06268369 0.01537210 0.02461575
v 0.06482244 0.01334984 0.02247933
v 0.06382295 0.01451008 0.02347647
v 0.06564019 0.01193799 0.02165924
v -0.02473007 0.01567730 0.02581558
v -0.02823641 0.01550490 0.02873714
v -0.02379116 0.01130661 0.02675217
v 0.06223700 0.01451008 0.02189053
v 0.06218271 0.01455669 0.02195945
v 0.06155141 0.01503395 0.02258965
v 0.03483104 0.00256291 0.03182644
v 0.03569539 -0.00147695 0.03096209
v 0.03995192 -0.00065221 0.03240190
v 0.06502354 0.00857843 0.01907157
v 0.06662568 0.00857843 0.02067373
v 0.06504467 0.00827626 0.01905087
v 0.06234786 0.01438128 0.02177972
v 0.03917144 0.00298227 0.03318238
v -0.04932567 -0.00939591 0.02451789
v -0.04642973 -0.01223826 0.02242108
v -0.04714033 -0.00845933 0.02670091
v 0.06121667 0.01528700 0.02292379
v 0.06223637 0.01752250 0.01920830
v 0.03890817 0.00676119 0.03344565
v 0.03453749 0.00676119 0.03212000
v 0.06322882 0.01334984 0.02088571
v 0.06318926 0.01340296 0.02093757
v -0.05014575 -0.00519763 0.02779590
v -0.05186049 -0.00593384 0.02607884
v -0.03335728 -0.00440550 0.00111514
v -0.03335728 -0.01653672 0.00111514
v -0.03723172 -0.01653672 -0.00613751
v -0.02814088 -0.01653672 0.00747081
v 0.06511880 0.00720851 0.01897717
v 0.06318869 0.01340363 0.02093814
v 0.06401968 0.01198842 0.02009723
v 0.06333073 0.01317431 0.02078401
v 0.06514972 0.00676330 0.01894643
v 0.06630418 0.00676119 0.01514048
v 0.02823307 0.01567730 0.02581558
v 0.03032056 0.02067703 0.02373042
v 0.02729649 0.01130661 0.02675217
v -0.05159955 -0.00971276 0.02224401
v 0.06362259 0.01591261 0.01782206
v -0.04456124 -0.00488776 -0.05946409
v -0.05388041 -0.00488776 -0.06878325
v -0.03524208 -0.00488776 -0.06878325
v 0.06612711 0.00928668 0.01531522
v -0.00547202 -0.01187714 0.01128700
v -0.00547202 -0.00954735 0.01128700
v -0.00547202 -0.01187714 0.00889896
v -0.00547202 -0.00954735 0.00889896
v 0.06502026 0.00860226 0.01907853
v 0.04759596 -0.00488776 -0.05889794
v 0.03446526 -0.00488776 -0.05513533
v 0.03771298 -0.00488776 -0.06878325
v 0.03868717 -0.00488776 -0.04998994
v 0.02875250 -0.00488776 -0.05982277
v 0.03316498 -0.00488776 -0.05620224
v -0.00379690 -0.01187714 0.00954200
v -0.00316319 -0.01187714 0.01243559
v -0.00415102 -0.01187714 0.01181354
v -0.00241300 -0.01187714 0.01042265
v 0.02545774 -0.00488776 -0.05652800
v 0.02546355 -0.00488776 -0.05653381
v 0.03117094 -0.00488776 -0.05184101
v 0.03117559 -0.00488776 -0.05184567
v 0.03119690 -0.00488776 -0.05181970
v 0.03539232 -0.00488776 -0.04669538
v 0.03539801 -0.00488776 -0.04670107
v 0.00052953 -0.01187714 0.01409440
v -0.00187715 -0.01187714 0.01409440
v -0.00243164 -0.01187714 0.01318812
v 0.00052953 -0.00954735 0.01409440
v -0.00187715 -0.00954735 0.01409440
v -0.00415102 -0.00954735 0.01181354
v -0.00316319 -0.00954735 0.01243559
v 0.03082146 0.00230430 0.02965740
v -0.00243164 -0.00954735 0.01318812
v 0.06662568 0.00494395 0.02067373
v 0.06512704 0.00643467 0.01896866
v 0.06675150 0.00676119 0.02054793
v -0.00492810 -0.00954735 0.00910775
v 0.03173941 -0.00198251 0.02873714
v 0.03050927 0.00676119 0.02996728
v 0.06404410 0.01193799 0.02006314
v -0.05364744 -0.00618313 0.02429190
v -0.05537147 -0.00237858 0.02842262
v -0.05794357 -0.00237858 0.02585285
v -0.05665752 -0.00255797 0.02713890
v -0.00379690 -0.00954735 0.00954200
v -0.00241300 -0.00954735 0.01042265
v -0.00241300 -0.00954735 0.00344026
v -0.05413669 -0.00184972 0.02965975
v -0.05056978 0.00319428 0.03322665
v -0.05543206 -0.00593384 0.02250728
v -0.05387109 -0.00939591 0.01997247
v -0.04042820 0.02664829 0.02272395
v -0.03698011 0.02787143 0.01999344
v -0.04328452 0.02787143 0.01986995
v 0.06514986 0.00676119 0.01894629
v 0.01076430 -0.01187714 0.01104470
v 0.00786371 -0.01187714 0.01094452
v 0.01062451 -0.01187714 0.01010813
v 0.01064315 -0.01187714 0.01189974
v 0.01027504 -0.01187714 0.01266856
v 0.00969492 -0.01187714 0.01329993
v 0.00750958 -0.01187714 0.01176228
v 0.01020515 -0.01187714 0.00921349
v 0.06382295 -0.00098769 0.02347647
v 0.06482244 0.00017254 0.02247933
v 0.06564019 0.00158439 0.02165924
v -0.03418669 0.02576064 0.02278686
v 0.06476186 0.01395326 0.01668280
v 0.06478749 0.01591261 0.01255908
v -0.03364618 0.02828613 0.01689947
v -0.03751130 0.01537210 0.01303435
v -0.03673548 0.02961178 0.01381017
v -0.04922316 0.02787143 0.01393132
v -0.04631558 0.02917145 0.01065797
v -0.05207716 0.02664829 0.01107500
v -0.01358901 -0.00255797 0.03912101
v -0.01358901 0.00909098 0.03912101
v -0.01479118 0.00909098 0.03827515
v -0.01479118 -0.00255797 0.03827515
v 0.06625059 0.01032810 0.02104883
v 0.06625059 0.00319428 0.02104883
v -0.05714911 -0.00519763 0.02079023
v -0.05605644 -0.00845933 0.01778713
v -0.04934664 0.02787143 0.00762691
v -0.00888749 -0.00255797 0.04127375
v -0.00888749 0.00909098 0.04127375
v -0.05509485 -0.00255797 0.02557612
v -0.05509482 -0.00255797 0.02557614
v -0.00378758 -0.00255797 0.04259939
v -0.00378758 0.00909098 0.04259939
v 0.00941302 -0.01187714 0.00830022
v 0.00750725 -0.01187714 0.01000796
v 0.00151736 -0.00255797 0.04304672
v 0.00151736 0.00909098 0.04304672
v 0.00682229 -0.00255797 0.04259939
v 0.00682229 0.00909098 0.04259939
v -0.04316337 0.02961178 0.00738228
v -0.03995059 0.03005910 0.01059505
v 0.06502353 0.00494395 0.01907156
v 0.01192220 -0.00255797 0.04127375
v 0.01192220 0.00909098 0.04127375
v 0.01662372 -0.00255797 0.03912101
v 0.01662372 0.00909098 0.03912101
v 0.06495363 0.00460867 0.01914542
v 0.06502026 0.00492012 0.01907853
v -0.04316337 0.02961178 0.01381017
v 0.00893308 -0.01187714 0.01374494
v -0.04625268 0.02828613 0.01689947
v 0.01782589 -0.00255797 0.03827515
v 0.01782589 0.00909098 0.03827515
v 0.06453182 0.00287315 0.01957358
v -0.04001116 0.02917145 0.01696238
v 0.00661960 -0.01187714 0.01210009
v 0.00654271 -0.01187714 0.01409440
v 0.06463870 0.01036685 0.01946631
v 0.06463782 0.01036916 0.01946719
v 0.06412876 0.01171433 0.01997819
v 0.00423855 -0.01187714 0.01372629
v 0.00570865 -0.01187714 0.01175064
v 0.00294785 -0.01187714 0.01266856
v 0.00523337 -0.01187714 0.01051584
v 0.00231880 -0.01187714 0.01075116
v 0.00941302 -0.00954735 0.00830022
v 0.00906588 -0.00954735 0.00802172
v 0.06612711 0.00423570 0.01531522
v 0.01020515 -0.00954735 0.00921349
v 0.01062451 -0.00954735 0.01010813
v 0.01076430 -0.00954735 0.01104470
v 0.01064315 -0.00954735 0.01189974
v 0.01027504 -0.00954735 0.01266856
v 0.00969492 -0.00954735 0.01329993
v 0.06560757 0.01171433 0.01583709
v -0.05434404 -0.01113626 0.01450677
v 0.00906588 -0.00954735 0.01366737
v -0.05806938 -0.00693565 0.01577186
v -0.03155087 0.01377709 0.01061384
v -0.03211938 0.01451008 0.00992095
v -0.03586831 0.01392465 0.01467735
v 0.00816425 -0.01187714 0.00729840
v 0.06465012 0.00319428 0.01944835
v 0.00893308 -0.00954735 0.01374494
v -0.03143055 0.01362214 0.01076046
v -0.03537314 0.01334984 0.01517251
v 0.00660716 -0.00954735 0.01408499
v 0.06463870 0.00315553 0.01946631
v 0.06463873 0.00315567 0.01946625
v 0.00654271 -0.00954735 0.01409440
v 0.00429447 -0.00954735 0.01373523
v -0.05671111 -0.00934465 0.01213738
v -0.05296248 -0.00200866 0.02774263
v 0.00586941 -0.00954735 0.00856349
v 0.00464859 -0.00954735 0.00755934
v 0.00586941 -0.01187714 0.00856349
v -0.04512739 0.02045803 0.02871616
v -0.05014575 0.01872001 0.02779590
v -0.04856149 0.01752250 0.02937783
v 0.00750725 -0.00954735 0.01000796
v 0.06560757 0.00180806 0.01583709
v -0.04714033 0.02198172 0.02670091
v 0.06465009 0.01032810 0.01944833
v 0.00786371 -0.00954735 0.01094452
v -0.03367968 0.00909331 0.01686598
v -0.03367918 0.00909098 0.01686648
v -0.02931227 0.00909331 0.01249856
v -0.05470982 -0.01113626 0.00844466
v 0.06470783 0.01005826 0.01939035
v 0.00523337 -0.00954735 0.01051584
v 0.00429447 -0.00954735 0.01059165
v 0.00750958 -0.00954735 0.01176228
v -0.04149292 0.02286704 0.02735790
v 0.02729649 0.00221577 0.02675217
v 0.02823307 -0.00215492 0.02581558
v 0.00661960 -0.00954735 0.01210009
v 0.00570865 -0.00954735 0.01175064
v -0.02830164 0.02323514 0.02224401
v -0.03079684 0.02613341 0.01974881
v 0.06388018 0.00129370 0.02023645
v -0.05878695 -0.00693565 0.01006153
v 0.00423855 -0.00954735 0.01372629
v 0.06223696 -0.00098769 0.02189048
v 0.06302497 -0.00007147 0.02110177
v 0.06491539 0.00909098 0.01918320
v 0.06491489 0.00909331 0.01918370
v 0.00294785 -0.00954735 0.01266856
v 0.00231880 -0.00954735 0.01075116
v -0.05983536 -0.00488776 0.01400819
v -0.05701631 -0.00845933 0.00613817
v 0.06404410 0.00158439 0.02006314
v -0.05381842 -0.00237858 0.02686954
v -0.05381839 -0.00237857 0.02686958
v 0.06334069 0.01841014 0.01400819
v -0.05374811 -0.00234482 0.02695706
v -0.05374774 -0.00234466 0.02695742
v 0.06401968 0.00153396 0.02009723
v 0.06157470 0.02045803 0.01577186
v -0.00666487 -0.00954735 0.01894269
v -0.01453024 -0.00954735 0.01655700
v -0.02178055 -0.00954735 0.01268022
v -0.05404303 -0.00240993 0.02664498
v -0.05391031 -0.00239140 0.02677765
v 0.00151736 -0.00954735 0.01974881
v 0.06229229 0.02045803 0.01006153
v -0.03173808 0.02291829 0.02523313
v 0.06476186 -0.00043087 0.01668280
v -0.02625142 0.01970551 0.02429190
v 0.06399536 0.01752250 0.00835846
v 0.06241343 0.01872001 0.00424405
v -0.05458868 -0.00939591 0.00238487
v -0.05364744 -0.00618313 -0.00310178
v -0.05159955 -0.00971276 -0.00105389
v -0.05659695 -0.00593384 0.00037427
v -0.05199794 0.01334984 0.03179849
v -0.05006887 0.00676119 0.03372756
v -0.05117786 0.01193799 0.03261624
v 0.06322884 0.00017254 0.02088572
v 0.02481526 -0.00954735 0.01268022
v 0.01756496 -0.00954735 0.01655700
v 0.06318926 0.00011942 0.02093757
v 0.06319000 0.00012041 0.02093660
v 0.06268369 -0.00184972 0.02461575
v 0.06155141 -0.00151170 0.02259000
v 0.00969958 -0.00954735 0.01894269
v -0.05214006 -0.01223826 0.00483349
v -0.05239468 0.01521748 0.02832641
v -0.05253163 0.01532104 0.02818965
v -0.05413669 0.01537210 0.02965975
v -0.05259106 0.01537210 0.02811410
v -0.05253239 0.01532169 0.02818869
v 0.01083652 -0.00954735 0.00581200
v -0.05387903 -0.00238704 0.02680893
v -0.05890810 -0.00519763 0.00424405
v -0.05296248 0.01553102 0.02774272
v 0.02697964 0.00676119 0.02706901
v 0.06586384 0.01306561 0.01148271
v 0.06362259 -0.00239023 0.01782206
v -0.05141974 0.01445615 0.02931412
v -0.05145983 0.01451008 0.02926142
v -0.05299742 0.01451008 0.03079900
v -0.03426044 0.01590096 0.00731158
v -0.03938381 0.01598984 0.01116183
v -0.03874725 0.01590096 0.01179840
v 0.00848951 -0.00954735 0.00755934
v 0.01782589 0.00909098 0.02896276
v 0.01782589 -0.00255797 0.02896276
v -0.05130037 0.01431649 0.02943539
v -0.03314633 0.01537210 0.00866938
v -0.03387683 0.01571886 0.00777911
v -0.03405714 0.01580446 0.00755934
v -0.03212129 0.01451168 0.00991863
v -0.03637372 0.01451135 0.01417193
v -0.03637203 0.01451008 0.01417361
v -0.04910201 -0.01261102 0.01974881
v 0.00527997 0.00908865 0.03341562
v 0.00151736 0.00908865 0.02440838
v 0.00151736 0.00908865 0.03373454
v -0.00224992 0.00908865 0.03341523
v -0.05141359 0.01444789 0.02932221
v -0.05141367 0.01444799 0.02932210
v 0.06652784 0.00997397 0.01081872
v 0.01662605 0.00909098 0.02980652
v 0.01662605 -0.00255797 0.02980652
v -0.04625268 -0.01476375 0.01689947
v 0.01192453 0.00909098 0.03195925
v 0.01192453 -0.00255797 0.03195925
v 0.06200217 -0.00117093 0.02214003
v 0.06218271 -0.00103431 0.02195945
v -0.05177428 -0.01223826 0.01707654
v 0.00682229 -0.00255797 0.03328490
v 0.00682229 0.00909098 0.03328490
v 0.06604091 0.01054011 0.00631291
v -0.04922316 -0.01434905 0.01393132
v -0.04255413 0.01537210 0.00799152
v -0.04131818 0.01590096 0.00922747
v -0.04066986 0.01599148 0.00987580
v -0.04003272 0.01608035 0.01051293
v -0.05917836 -0.00184972 0.02461575
v -0.06131710 0.00017254 0.02247933
v -0.06031762 -0.00098769 0.02347647
v 0.00052953 -0.00954735 0.00344026
v 0.00151736 0.00909098 0.03373454
v 0.06675150 0.00676119 0.01059505
v 0.00527997 -0.00255797 0.03341562
v 0.03117094 -0.00954735 0.00746615
v 0.03105734 -0.00440550 0.00755934
v -0.06213719 0.00158439 0.02165924
v -0.00378758 0.00909098 0.03328490
v -0.06274527 0.00319428 0.02104883
v -0.03455363 0.01193799 0.01599202
v -0.03495934 0.01263745 0.01558631
v 0.01756496 -0.00440550 0.01655700
v 0.02481526 -0.00440550 0.01268022
v -0.00224992 -0.00255797 0.03341523
v -0.00378758 -0.00255797 0.03328490
v 0.00969958 -0.00440550 0.01894269
v -0.00888982 -0.00255797 0.03195925
v -0.00888982 0.00909098 0.03195925
v 0.00151736 -0.00440550 0.01974881
v -0.01359134 0.00909098 0.02980652
v -0.01359134 -0.00255797 0.02980652
v 0.06223637 -0.00400011 0.01920830
v -0.05145999 0.01451019 0.02926126
v -0.01453024 -0.00440550 0.01655700
v -0.04631558 -0.01564907 0.01065797
v -0.04934664 -0.01434905 0.00762691
v -0.04625268 -0.01476375 0.00429064
v -0.03143055 0.03005910 0.01076046
v -0.01479118 -0.00255797 0.02896276
v -0.01479118 0.00909098 0.02896276
v -0.05034880 0.01313453 0.03039911
v -0.05046763 0.01334984 0.03026806
v -0.05043706 0.01328685 0.03031067
v -0.05043571 0.01328452 0.03031202
v -0.03117285 0.01334984 0.01097193
v -0.03027239 0.01193799 0.01171077
v -0.03060201 0.01245527 0.01144031
v -0.04717528 0.01591261 0.03076406
v -0.02960308 0.01032810 0.01225995
v -0.03394439 0.01032810 0.01660125
v -0.03387683 0.01001294 0.01666883
v -0.02178521 -0.01653672 0.01268721
v -0.01453257 -0.00440550 0.01656166
v -0.01453257 -0.01653672 0.01656166
v -0.00666487 -0.00440550 0.01894969
v -0.00666487 -0.01653672 0.01894969
v 0.05064566 0.02198172 0.02670091
v 0.04863039 0.02045803 0.02871616
v 0.05206683 0.01752250 0.02937783
v -0.02436895 0.03005910 0.01655467
v -0.05753385 -0.00188153 0.02311995
v -0.05648050 -0.00233214 0.02417274
v -0.05760019 -0.00184972 0.02303757
v -0.05753541 -0.00188087 0.02311839
v -0.05207716 -0.01312590 0.01107500
v 0.05364876 0.01872001 0.02779590
v -0.04336140 0.01841014 0.03048216
v 0.06065444 -0.00519763 0.02079023
v 0.00151736 -0.01653672 0.01975580
v -0.05637201 -0.00237858 0.02428129
v -0.05647542 -0.00233431 0.02417780
v -0.05771320 -0.00176419 0.02292451
v 0.00969958 -0.01653672 0.01894969
v 0.00151736 -0.00440550 0.01975580
v -0.04967957 0.01197992 0.03106931
v -0.04603600 0.01395326 0.03190333
v -0.04910201 -0.01261102 0.00144363
v 0.05283100 0.02291829 0.02451789
v -0.05884449 -0.00085846 0.02178085
v 0.05318488 0.01197992 0.03106929
v 0.05468319 0.01193799 0.03261624
v 0.05321920 0.01203915 0.03103490
v -0.05878121 -0.00093190 0.02184393
v -0.05875152 -0.00096634 0.02187356
v -0.05873311 -0.00098769 0.02189194
v 0.00969958 -0.00440550 0.01894969
v 0.01756729 -0.00440550 0.01656166
v -0.02436895 -0.01653672 0.01655467
v -0.03143055 -0.01653672 0.01076046
v 0.01756729 -0.01653672 0.01656166
v 0.02481993 -0.01653672 0.01268721
v -0.01631486 -0.01653672 0.02086245
v -0.03722474 -0.01653672 0.00369887
v -0.00757349 -0.01653672 0.02351376
v -0.05867943 -0.00103374 0.02195998
v 0.00151736 -0.01653672 0.02440838
v 0.06652784 0.00354841 0.01081872
v 0.02740366 -0.01653672 0.01655467
v 0.01934958 -0.01653672 0.02086245
v 0.01060820 -0.01653672 0.02351376
v -0.05056978 0.01032810 0.03322665
v -0.04957541 0.01171433 0.03118307
v 0.03117559 -0.01653672 0.00747081
v 0.03446526 -0.01653672 0.01076046
v 0.05763969 0.01537210 0.02965975
v 0.05887681 0.01590096 0.02842262
v 0.05650043 0.01451008 0.03079900
v -0.02905279 0.00676119 0.01271147
v 0.03446526 -0.01653672 -0.05513533
v 0.04025945 -0.01653672 -0.04807374
v -0.00269956 -0.01653672 -0.02345251
v -0.00303040 -0.01653672 -0.02454518
v -0.00216138 -0.01653672 -0.02244603
v -0.00314223 -0.01653672 -0.02568211
v -0.00303040 -0.01653672 -0.02681906
v -0.00269956 -0.01653672 -0.02791173
v -0.00216138 -0.01653672 -0.02891820
v -0.00143682 -0.01653672 -0.02980119
v 0.02015568 -0.01653672 -0.01985764
v 0.02015568 -0.01653672 -0.03150659
v 0.02598016 -0.01653672 -0.02568211
v -0.01631486 0.03005910 0.02086245
v 0.06586384 0.00045678 0.01148271
v 0.06526043 -0.00065221 0.00709338
v 0.02740366 -0.01653672 -0.06092952
v -0.00224992 -0.00255797 0.02403765
v 0.00151736 -0.00255797 0.02440838
v -0.00224992 0.00908865 0.02403765
v -0.05873103 -0.00400011 0.01920830
v 0.00806407 -0.01653672 -0.02791173
v 0.00839490 -0.01653672 -0.02681906
v 0.00752589 -0.01653672 -0.02891820
v 0.00680132 -0.01653672 -0.02980119
v 0.00850673 -0.01653672 -0.02568211
v 0.00839490 -0.01653672 -0.02454518
v 0.00806407 -0.01653672 -0.02345251
v 0.00752589 -0.01653672 -0.02244603
v 0.00680132 -0.01653672 -0.02156305
v 0.00591833 -0.01653672 -0.03052576
v -0.04965526 0.01193799 0.03109365
v 0.00151736 0.03005910 0.02440838
v -0.00314223 -0.01653672 -0.00354911
v 0.00850673 -0.01653672 -0.00354911
v 0.00268225 -0.01653672 0.00227537
v -0.04963829 0.01188033 0.03112031
v -0.00757349 0.03005910 0.02351376
v 0.03899670 0.02198172 0.02766077
v 0.04130320 0.02465864 0.02535428
v 0.03769202 0.02576064 0.02278686
v 0.00491186 -0.01653672 -0.02030030
v 0.00591833 -0.01653672 -0.02083848
v 0.00381919 -0.01653672 -0.01996947
v 0.06478749 -0.00239023 0.01255908
v -0.04905029 0.01032810 0.03170715
v 0.00527997 -0.00255797 0.02403810
v 0.06144657 0.01590096 0.02585285
v 0.06016285 0.01608035 0.02713890
v -0.04904417 0.01028344 0.03172020
v -0.04904429 0.01028434 0.03171992
v 0.00154531 -0.01653672 -0.01996947
v 0.00268225 -0.01653672 -0.01985764
v 0.00045264 -0.01653672 -0.02030030
v -0.00055383 -0.01653672 -0.02083848
v 0.05550328 0.01334984 0.03179849
v 0.05394128 0.01328602 0.03031054
v 0.05491672 0.01444795 0.02932221
v 0.05403994 0.01342861 0.03019961
v 0.00045264 -0.01653672 -0.03106393
v 0.00154531 -0.01653672 -0.03139476
v -0.00055383 -0.01653672 -0.03052576
v -0.00143682 -0.01653672 -0.02156305
v 0.00527997 0.00908865 0.02403810
v 0.00381919 -0.01653672 -0.03139476
v 0.00268225 -0.01653672 -0.03150659
v 0.00491186 -0.01653672 -0.03106393
v 0.05068060 0.01591261 0.03076406
v -0.04519029 0.01171433 0.03274905
v 0.00527065 -0.01653672 -0.05122827
v 0.00283835 -0.01653672 -0.05208797
v 0.00320413 -0.01653672 -0.05290805
v 0.00596493 -0.01653672 -0.05256557
v 0.03697813 0.00720851 0.01707187
v 0.03694779 0.00677064 0.01710216
v 0.04954134 0.01395326 0.03190333
v 0.00411973 -0.01653672 -0.05042217
v 0.03592959 0.00857843 0.01583365
v 0.03707302 0.00857843 0.01697708
v 0.03718292 0.00909098 0.01686722
v -0.06163893 0.00684962 0.01895071
v -0.06324850 0.00676119 0.02054793
v -0.06162233 0.00708843 0.01896748
v 0.00043633 -0.01653672 -0.05045944
v 0.00160822 -0.01653672 -0.05202040
v 0.00223493 -0.01653672 -0.05014492
v 0.00220697 -0.01653672 -0.05185033
v 0.05603464 0.01532104 0.02818965
v 0.05603394 0.01532051 0.02819035
v 0.03694714 0.00676119 0.01710282
v -0.04900653 0.01010802 0.03175775
v 0.05503865 0.01456737 0.02918579
v -0.06153941 0.00524620 0.01905065
v -0.06312036 0.00494395 0.02067373
v 0.00115624 -0.01653672 -0.05253296
v -0.00092193 -0.01653672 -0.05140301
v 0.06399536 -0.00400011 0.00835846
v 0.02975675 -0.00618313 0.02429190
v 0.05496293 0.01451008 0.02926150
v 0.05397218 0.01334984 0.03026740
v -0.00177697 -0.01653672 -0.05302454
v -0.04467075 0.00928668 0.03326859
v 0.03234473 0.00676119 0.01250041
v -0.06151516 0.00492016 0.01907874
v -0.06151496 0.00491921 0.01907895
v -0.00303040 -0.00954735 -0.02681906
v 0.06334069 -0.00488776 0.01400819
v -0.06152454 0.00503231 0.01906567
v -0.00303040 -0.00954735 -0.02454518
v -0.04878921 0.00909331 0.03197551
v -0.04878870 0.00909098 0.03197601
v 0.00344875 -0.01653672 -0.05634915
v 0.00354427 -0.01653672 -0.05709469
v 0.00617694 -0.01653672 -0.05702014
v 0.00594629 -0.01653672 -0.05568051
v 0.00525201 -0.01653672 -0.05459948
v 0.00316219 -0.01653672 -0.05580631
v 0.00273351 -0.01653672 -0.05547315
v 0.00422457 -0.01653672 -0.05388191
v 0.00299211 -0.01653672 -0.05364427
v 0.06229229 -0.00693565 0.01006153
v -0.06164505 0.00676119 0.01894458
v -0.06279886 0.00676119 0.01514048
v 0.05510255 0.02323514 -0.00105389
v 0.04353683 0.01608035 0.01051288
v 0.03694779 0.00675175 0.01710216
v 0.03248295 0.00494395 0.01238700
v 0.00075551 -0.01653672 -0.05463210
v 0.04975801 0.02828613 0.00429064
v 0.05260501 0.02613341 0.00144363
v -0.05968614 0.00012013 0.02093845
v 0.00606045 -0.01653672 -0.05796603
v 0.03707289 0.00494395 0.01697694
v 0.03180464 -0.00971276 0.02224401
v 0.04666638 0.02961178 0.00738228
v 0.04345360 0.03005910 0.01059505
v -0.05982706 0.00034828 0.02078512
v 0.05617840 0.01540812 0.02802989
v -0.00314223 -0.00954735 -0.00354911
v -0.00241300 -0.00954735 -0.00281989
v 0.03714918 0.02828613 0.01689947
v 0.04024082 0.02961178 0.01381017
v 0.03430218 0.02613341 0.01974881
v 0.05754814 0.01593230 0.02664498
v 0.00177829 -0.01653672 -0.05388657
v 0.00221396 -0.01653672 -0.05536132
v -0.00206120 -0.00954735 -0.00354911
v -0.00081243 -0.01187714 -0.00354911
v 0.00168044 -0.01653672 -0.05547082
v 0.03805825 0.00158439 0.01599131
v 0.03887712 0.00017254 0.01517235
v -0.00241300 -0.00954735 -0.02844763
v -0.00269956 -0.00954735 -0.02791173
v 0.03744791 0.00319428 0.01660179
v -0.00206120 -0.01653672 -0.05536831
v 0.00124244 -0.01653672 -0.05579233
v 0.02975675 0.01970551 0.02429190
v 0.03323280 0.01945622 0.02724374
v -0.00314223 -0.00954735 -0.02568211
v -0.04910201 0.02613341 0.01974881
v -0.05177428 0.02576064 0.01707654
v 0.03524341 0.02291829 0.02523313
v 0.05369768 0.00857843 0.03360175
v 0.05218247 0.00857843 0.03208654
v 0.05218258 0.00855761 0.03208952
v 0.05208945 0.00720851 0.03218319
v -0.00192607 -0.01653672 -0.05703644
v 0.00094889 -0.01653672 -0.05631421
v 0.05221594 0.00873426 0.03205319
v 0.03180464 0.02323514 0.02224401
v -0.05364744 0.01970551 0.02429190
v -0.05186049 0.01945622 0.02607884
v -0.04932567 0.02291829 0.02451789
v 0.01060820 0.03005910 0.02351376
v 0.01934958 0.03005910 0.02086245
v -0.00269956 -0.00954735 -0.02345251
v -0.05972497 0.00017234 0.02088741
v -0.00241300 -0.00954735 -0.02291660
v 0.00125875 -0.01653672 -0.05829220
v -0.00006923 -0.01653672 -0.05997198
v 0.00171539 -0.01653672 -0.05863701
v -0.05159955 0.02323514 0.02224401
v -0.04642973 0.02576064 0.02242108
v -0.00241300 -0.01187714 0.00344026
v 0.00226289 -0.01653672 -0.05875117
v 0.00233744 -0.01653672 -0.06048454
v 0.00276379 -0.01653672 -0.05864866
v 0.00317617 -0.01653672 -0.05833647
v 0.00515183 -0.01653672 -0.05954563
v 0.00345341 -0.01653672 -0.05781692
v 0.00441329 -0.01653672 -0.06006517
v 0.04869562 0.01171433 0.03274905
v 0.04817375 0.00928668 0.03326859
v -0.06011960 -0.00239023 0.01782206
v 0.00570865 -0.01653672 -0.05882572
v -0.00143682 -0.00954735 -0.02980119
v -0.00206120 -0.00954735 -0.02904028
v -0.00216138 -0.00954735 -0.02891820
v 0.00085104 -0.01653672 -0.05702014
v -0.00152069 -0.01653672 -0.05833880
v 0.00095355 -0.01653672 -0.05774237
v -0.00088699 -0.01653672 -0.05930799
v 0.04351650 0.02917145 0.01696238
v 0.04393353 0.02664829 0.02272395
v 0.04678752 0.02787143 0.01986995
v 0.04353662 -0.00255797 0.01051267
v 0.04246577 -0.00240846 0.01158354
v 0.04482151 -0.00237858 0.00922780
v 0.05329230 -0.01181423 0.00075635
v 0.05732369 0.01590096 0.02686950
v 0.05725342 0.01586723 0.02695705
v -0.00216138 -0.00954735 -0.02244603
v 0.05609408 0.01537210 0.02811413
v 0.04605866 -0.00184972 0.00799070
v -0.00206120 -0.00954735 -0.02232395
v 0.05725214 0.01586667 0.02695834
v 0.05741542 0.01591378 0.02677765
v 0.02015568 -0.01187714 -0.01985764
v -0.04385998 0.02465864 0.02498851
v -0.06053938 0.00158439 0.02006143
v -0.06051461 0.00153327 0.02009604
v 0.00348137 -0.01653672 -0.06037969
v 0.00098616 -0.01653672 -0.06035639
v 0.04225174 -0.00237858 0.01179755
v 0.03750726 -0.00237858 0.00705307
v -0.06062395 0.00180806 0.01997672
v 0.02015568 -0.01187714 -0.02917680
v 0.02015568 -0.01187714 -0.02218743
v 0.03117559 -0.01653672 -0.05184567
v 0.03639200 -0.01653672 -0.04549000
v 0.04456723 -0.01653672 -0.04001965
v 0.04026644 -0.01653672 -0.03823736
v 0.05536582 0.01945622 0.02607884
v 0.03446526 0.00017254 0.01076046
v 0.03921109 -0.00021560 0.01483835
v 0.03536515 -0.00098769 0.00966374
v 0.02481993 -0.01653672 -0.05706207
v 0.00850673 -0.00954735 -0.00354911
v 0.00617694 -0.01187714 -0.00354911
v 0.03356560 0.00158439 0.01149866
v 0.01756729 -0.01653672 -0.06093651
v 0.01934958 -0.01653672 -0.06523731
v -0.05972512 0.00017254 0.02088723
v 0.03289502 0.00319428 0.01204889
v 0.00969958 -0.01653672 -0.06332455
v 0.01060820 -0.01653672 -0.06788861
v 0.00850673 -0.01187714 -0.02568211
v 0.00839490 -0.01187714 -0.02681906
v 0.00151736 -0.01653672 -0.06413066
v 0.00151736 -0.01653672 -0.06878325
v 0.00806407 -0.01187714 -0.02791173
v -0.05976466 0.00024076 0.02084763
v 0.00752589 -0.01187714 -0.02891820
v 0.03248295 0.00857843 0.01238700
v 0.03237876 0.00720851 0.01247250
v 0.04666870 0.02961178 0.01381017
v 0.05407278 0.00319428 0.03322665
v 0.05468319 0.00158439 0.03261624
v 0.05369768 0.00494395 0.03360175
v -0.02436895 -0.01653672 -0.06092952
v -0.01631486 -0.01653672 -0.06523731
v -0.02178521 -0.01653672 -0.05706207
v -0.00666487 -0.01653672 -0.06332455
v -0.01453257 -0.01653672 -0.06093651
v -0.00757349 -0.01653672 -0.06788861
v 0.00680132 -0.00954735 -0.02980119
v 0.00731368 -0.01187714 -0.02917680
v 0.03639200 -0.01653672 0.00111514
v 0.04026644 -0.01653672 -0.00613751
v 0.04456723 -0.01653672 -0.00435521
v -0.05434404 0.02465864 0.01450677
v 0.04265447 -0.01653672 -0.01400521
v 0.04721854 -0.01653672 -0.01309658
v 0.04025945 -0.01653672 0.00369887
v 0.00591833 -0.01187714 -0.02083848
v 0.00617694 -0.01187714 -0.02105069
v 0.04346058 -0.01653672 -0.02218743
v 0.04811317 -0.01653672 -0.02218743
v 0.04101464 -0.00184972 0.01303469
v 0.03987540 -0.00098769 0.01417398
v 0.05852603 0.01606881 0.02566749
v 0.05715043 0.01970551 0.02429190
v 0.00752589 -0.01187714 -0.02244603
v 0.00731368 -0.01187714 -0.02218743
v 0.00680132 -0.00954735 -0.02156305
v 0.05250999 0.00341469 0.03175836
v 0.04265447 -0.01653672 -0.03036965
v 0.04721854 -0.01653672 -0.03127827
v 0.04048544 0.02787143 0.01999344
v 0.00806407 -0.01187714 -0.02345251
v -0.06125653 -0.00043087 0.01668280
v 0.05255390 0.00319428 0.03170777
v 0.05284154 0.00243710 0.03142122
v 0.02740366 0.00909098 0.01655467
v 0.00839490 -0.01187714 -0.02454518
v 0.05254787 0.00323833 0.03172062
v 0.05254807 0.00323689 0.03172021
v -0.02814088 -0.01653672 -0.05184567
v -0.03143055 -0.01653672 -0.05513533
v -0.03722474 -0.01653672 -0.04807374
v -0.03335728 -0.01653672 -0.04549000
v 0.04869562 0.00180806 0.03274905
v -0.04153252 -0.01653672 -0.04001965
v -0.04418382 -0.01653672 -0.03127827
v 0.05407278 0.01032810 0.03322665
v -0.04007196 0.01032810 -0.00162447
v -0.04025646 0.00909331 -0.00196940
v -0.04638576 0.00909331 0.00415989
v -0.04042587 -0.01653672 -0.02218743
v -0.03961976 -0.01653672 -0.01400521
v -0.04507846 -0.01653672 -0.02218743
v 0.00698770 -0.01187714 0.00644803
v -0.04418382 -0.01653672 -0.01309658
v -0.04153252 -0.01653672 -0.00435521
v 0.05357188 0.00676119 0.03372756
v 0.05217021 0.00514507 0.03210212
v 0.05207099 0.00694099 0.03220177
v 0.03982368 -0.00237858 0.00422997
v 0.03866547 -0.00255797 0.00564153
v 0.05314357 0.01188036 0.03112032
v 0.05260209 0.01045495 0.03165976
v 0.05218245 0.00494395 0.03208653
v 0.05218258 0.00496477 0.03208952
v 0.00629110 -0.01187714 0.00581200
v 0.01083652 -0.01187714 0.00344026
v 0.01083652 -0.01187714 0.00581200
v 0.00240734 -0.01187714 0.00469603
v 0.00210446 -0.01187714 0.00344026
v 0.06157470 -0.00693565 0.01577186
v 0.03709186 -0.00218157 0.00755934
v 0.03639211 -0.00184972 0.00841216
v 0.04817375 0.00423570 0.03326859
v 0.05255390 0.01032810 0.03170777
v 0.05254787 0.01028405 0.03172062
v 0.05254785 0.01028396 0.03172064
v 0.05229284 0.00909331 0.03197614
v -0.06113337 0.00315552 0.01946627
v -0.04978930 0.02533661 0.00075635
v -0.04625268 0.02828613 0.00429064
v -0.04910201 0.02613341 0.00144363
v -0.06120271 0.00346408 0.01939060
v 0.05205866 0.00676119 0.03221434
v 0.05205874 0.00676003 0.03221426
v -0.04612104 0.01032810 0.00442461
v -0.04551180 0.01193799 0.00503384
v -0.04509859 0.01265038 0.00544705
v -0.06210224 0.00180806 0.01583709
v 0.06021644 -0.00934465 0.01213738
v 0.05821282 -0.01113626 0.00844466
v 0.02015568 -0.00954735 -0.02917680
v 0.02015568 -0.00954735 -0.03150659
v -0.05214006 0.02576064 0.00483349
v 0.05955944 -0.00845933 0.01778713
v -0.05458868 0.02291829 0.00238487
v -0.05159955 0.02323514 -0.00105389
v 0.00731368 -0.00954735 -0.02917680
v 0.05316058 0.01193799 0.03109364
v 0.05550328 0.00017254 0.03179849
v 0.02598016 -0.00954735 -0.02568211
v 0.02015568 -0.00954735 -0.01985764
v 0.05763969 -0.00184972 0.02965975
v 0.05650043 -0.00098769 0.03079900
v 0.05364876 -0.00519763 0.02779590
v 0.04863039 -0.00693565 0.02871616
v 0.05064566 -0.00845933 0.02670091
v 0.02015568 -0.00954735 -0.02218743
v 0.04499592 -0.00934465 0.02735790
v 0.03751424 0.01050229 0.01653602
v 0.03744818 0.01032810 0.01660205
v -0.06151842 0.00494395 0.01907180
v -0.06151837 0.00494356 0.01907189
v 0.03805857 0.01193799 0.01599162
v 0.04292007 -0.00693565 0.02943375
v 0.00617694 -0.00954735 -0.00354911
v 0.03289502 0.01032810 0.01204889
v 0.00617694 -0.00954735 -0.02105069
v 0.05385335 0.00038811 0.03039863
v 0.00731368 -0.00954735 -0.02218743
v 0.05589781 -0.00169514 0.02832644
v 0.05609412 -0.00184972 0.02811416
v 0.05709579 -0.00227749 0.02711453
v 0.03292294 0.01039512 0.01202598
v -0.00666487 -0.00440550 0.01894269
v 0.01083652 -0.00954735 0.00344026
v -0.06262413 0.00423570 0.01531522
v 0.00816425 -0.00954735 0.00729840
v 0.00698770 -0.00954735 0.00644803
v -0.02178055 -0.00440550 0.01268022
v 0.03718343 0.00909331 0.01686672
v 0.05722877 -0.00233431 0.02698167
v 0.05887681 -0.00237858 0.02842262
v -0.02299343 -0.00440550 0.01168521
v 0.00629110 -0.00954735 0.00581200
v -0.06031762 0.01451008 0.02347647
v 0.05603484 -0.00179883 0.02818940
v -0.02178521 -0.00440550 0.01268721
v -0.06114479 0.00319428 0.01944835
v 0.03887746 0.01334984 0.01517268
v 0.05737409 -0.00939591 0.01997247
v 0.05603464 -0.00179866 0.02818965
v 0.03921204 0.01373870 0.01483805
v -0.05917836 0.01537210 0.02461575
v -0.05537147 0.01590096 0.02842262
v 0.05893739 -0.00593384 0.02250728
v 0.05480361 -0.00079409 0.02943537
v 0.05496291 -0.00098769 0.02926149
v 0.05510255 0.02323514 0.02224401
v 0.05715043 -0.00618313 0.02429190
v 0.05510255 -0.00971276 0.02224401
v 0.05491672 -0.00092557 0.02932221
v 0.05491680 -0.00092568 0.02932210
v 0.02481993 -0.00440550 0.01268721
v -0.05381844 0.01590096 0.02686957
v -0.05404311 0.01593232 0.02664498
v -0.05359071 0.01579983 0.02711452
v -0.05374811 0.01586720 0.02695706
v -0.00206120 -0.00954735 -0.00246808
v 0.00210446 -0.00954735 0.00169758
v 0.00268225 -0.00954735 0.00227537
v 0.05206683 -0.00400011 0.02937783
v 0.05260501 -0.01261102 0.01974881
v 0.05893739 0.01945622 0.02250728
v 0.05870122 0.01606624 0.02547508
v 0.00617694 -0.00954735 -0.03031354
v 0.05737409 0.02291829 0.01997247
v 0.05283100 -0.00939591 0.02451789
v 0.05527729 0.02576064 0.01707654
v 0.05394128 0.00023636 0.03031054
v 0.05316057 0.00158439 0.03109362
v 0.05536582 -0.00593384 0.02607884
v 0.04811317 0.03005910 -0.02218743
v 0.04993274 -0.01223826 0.02242108
v 0.05397218 0.00017254 0.03026740
v 0.05394154 0.00023583 0.03031017
v -0.00143682 -0.00954735 -0.02156305
v -0.00081243 -0.01187714 -0.02105069
v -0.00083491 -0.00954735 -0.02106913
v 0.03868717 0.00909098 -0.04998994
v 0.04025945 0.03005910 -0.04807374
v 0.04246577 0.01593081 0.01158404
v 0.04482165 0.01590096 0.00922794
v 0.05260501 0.02613341 0.01974881
v 0.04605870 0.01537210 0.00799076
v 0.00154531 -0.01187714 -0.01996947
v 0.00268225 -0.01187714 -0.01985764
v 0.04649008 0.01504568 0.00755934
v 0.00381919 -0.01187714 -0.01996947
v -0.06312036 0.00857843 0.02067373
v 0.00491186 -0.01187714 -0.02030030
v 0.05068060 -0.00239023 0.03076406
v 0.00045264 -0.00954735 -0.03106393
v -0.00039262 -0.00954735 -0.03061195
v -0.05714911 0.01872001 0.02079023
v -0.05605644 0.02198172 0.01778713
v -0.05873103 0.01752250 0.01920830
v 0.04078473 -0.00184972 0.00271678
v 0.04618153 -0.00175675 0.00786784
v 0.04719789 -0.00098769 0.00685139
v 0.04649000 -0.00152333 0.00755934
v 0.03356560 0.01193799 0.01149866
v 0.04736532 -0.01113626 0.02498851
v -0.05502092 -0.00254643 0.02566749
v 0.04025945 -0.00217192 0.00369887
v 0.03446526 0.01334984 0.01076046
v 0.03536515 0.01451008 0.00966374
v 0.04157874 -0.00098769 0.00123225
v 0.04811317 0.00007610 0.00593603
v 0.04227452 0.00017254 -0.00006860
v -0.05629824 -0.00239006 0.02437216
v -0.05519588 -0.00254387 0.02547507
v 0.05314357 0.00164203 0.03112032
v 0.03750726 0.01590096 0.00705307
v -0.05387109 0.02291829 0.01997247
v 0.03987573 0.01451008 0.01417432
v 0.04954134 -0.00043087 0.03190333
v 0.04101495 0.01537210 0.01303500
v 0.05784704 -0.01113626 0.01450677
v 0.06065444 0.01872001 0.02079023
v 0.05955944 0.02198172 0.01778713
v -0.05543206 0.01945622 0.02250728
v -0.05629922 -0.00238992 0.02437117
v 0.00268225 -0.00954735 -0.03150659
v 0.00154531 -0.00954735 -0.03139476
v 0.05308050 0.00180806 0.03118316
v 0.04225201 0.01590096 0.01179782
v 0.00052953 -0.01187714 0.00344026
v 0.00301541 -0.01187714 0.00587257
v 0.00411041 -0.01187714 0.00711668
v -0.05515579 -0.00254946 0.02551517
v 0.04353210 0.00857843 -0.00241987
v 0.04346058 0.00905708 -0.00228616
v 0.05000051 0.00857843 0.00404855
v 0.04345552 0.00909098 -0.00227668
v 0.04345517 0.00909331 -0.00227602
v 0.05009534 0.00720851 0.00395370
v 0.04993274 0.02576064 0.02242108
v 0.04736532 0.02465864 0.02498851
v 0.06051932 -0.00845933 0.00613817
v 0.06241343 -0.00519763 0.00424405
v 0.04329870 0.00338183 -0.00198348
v 0.04346058 0.00446530 -0.00228616
v 0.05000050 0.00494395 0.00404854
v 0.04353210 0.00494395 -0.00241987
v -0.05484725 0.01604457 0.02584117
v 0.04246577 0.00064564 -0.00042617
v 0.04901504 0.00158439 0.00503408
v 0.04284526 0.00158439 -0.00113570
v 0.04819615 0.00017254 0.00585304
v -0.00055383 -0.01187714 -0.02083848
v 0.00045264 -0.01187714 -0.02030030
v 0.03639211 0.01537210 0.00841216
v 0.04359820 0.00720851 -0.00254344
v 0.03866547 0.01608035 0.00564153
v 0.05987635 0.01590096 0.02428263
v 0.05980460 0.01591215 0.02437126
v 0.04434125 0.00045678 0.03300531
v 0.03982368 0.01590096 0.00422997
v 0.04541761 -0.00239023 0.03192896
v 0.05564306 -0.01223826 0.00483349
v 0.04456723 0.00909331 -0.00435521
v 0.03446526 0.03005910 0.01076046
v 0.02740366 0.03005910 0.01655467
v 0.04327068 0.00319428 -0.00193109
v 0.04799902 0.00676119 0.03344565
v 0.03260366 0.00909098 0.01228796
v 0.04345360 0.00676119 0.03389297
v 0.04367726 0.00354841 0.03366930
v 0.05260501 -0.01261102 0.00144363
v 0.03260421 0.00909331 0.01228750
v 0.00210446 -0.00954735 0.00344026
v -0.06131710 0.01334984 0.02247933
v -0.06213719 0.01193799 0.02165924
v 0.06010228 -0.00593384 0.00037427
v 0.05809167 -0.00939591 0.00238487
v 0.05510255 -0.00971276 -0.00105389
v 0.00411041 -0.00954735 0.00711668
v 0.03709186 0.01570396 0.00755934
v 0.05998575 0.01585418 0.02417316
v 0.00301541 -0.00954735 0.00587257
v 0.00298411 -0.00954735 0.00581200
v 0.00240734 -0.00954735 0.00469603
v 0.04361978 0.00676119 -0.00258379
v 0.05732377 -0.00237858 0.02686957
v 0.05754844 -0.00240994 0.02664498
v 0.05835258 -0.00252219 0.02584117
v 0.05725342 -0.00234485 0.02695705
v -0.00081243 -0.00954735 -0.00354911
v -0.00081243 -0.00954735 -0.02105069
v 0.06144657 -0.00237858 0.02585285
v 0.05860005 0.01608035 0.02557610
v -0.00055383 -0.00954735 -0.03052576
v -0.00081243 -0.00954735 -0.03031354
v -0.05665752 0.01608035 0.02713890
v -0.05611524 0.01593798 0.02455519
v -0.05794357 0.01590096 0.02585285
v -0.05509483 0.01608035 0.02557610
v 0.05715043 -0.00618313 -0.00310178
v -0.05631740 0.01590948 0.02434876
v -0.05629950 0.01591227 0.02437083
v 0.06110423 0.01537210 0.02303627
v 0.06103862 0.01540362 0.02311814
v 0.06103704 0.01540429 0.02311971
v 0.05527729 -0.01223826 0.01707654
v 0.03638501 -0.00440550 -0.04548534
v 0.03539232 -0.00440550 -0.04669538
v -0.06236085 0.00045678 0.01148271
v 0.00491186 -0.00954735 -0.03106393
v 0.00575712 -0.00954735 -0.03061195
v 0.04975801 -0.01476375 0.01689947
v 0.04157874 0.01451008 0.00123225
v 0.04078473 0.01537210 0.00271678
v 0.04719792 0.01451008 0.00685143
v 0.04284526 0.01193799 -0.00113570
v 0.04246577 0.01287674 -0.00042617
v 0.04901507 0.01193799 0.00503410
v -0.05637205 0.01590096 0.02428135
v 0.00591833 -0.00954735 -0.03052576
v 0.04962544 0.01032810 0.00442367
v 0.00381919 -0.00954735 -0.03139476
v -0.05849917 0.01469253 0.02214028
v -0.05734908 0.01548300 0.02330483
v -0.05629922 0.01591231 0.02437117
v 0.03539801 -0.00440550 -0.04670107
v 0.03639200 -0.00440550 -0.04549000
v 0.04025945 0.01569429 0.00369887
v -0.06302252 0.00354841 0.01081872
v 0.05558249 -0.01312590 0.01107500
v -0.05760025 0.01537210 0.02303763
v 0.00596493 -0.01292088 -0.05256557
v 0.00320413 -0.01292088 -0.05290805
v 0.00527065 -0.01292088 -0.05122827
v 0.04811317 0.01344632 0.00593609
v 0.00283835 -0.01292088 -0.05208797
v 0.05784704 0.02465864 0.01450677
v 0.05284964 -0.01434905 0.00762691
v 0.00223493 -0.01292088 -0.05014492
v 0.00411973 -0.01292088 -0.05042217
v 0.00220697 -0.01292088 -0.05185033
v 0.06110429 -0.00184972 0.02303634
v 0.00043633 -0.01292088 -0.05045944
v 0.00160822 -0.01292088 -0.05202040
v 0.05272616 -0.01434905 0.01393132
v 0.06085217 -0.00196098 0.02330476
v -0.05873301 0.01451008 0.02189185
v -0.05875127 0.01448884 0.02187356
v -0.06324850 0.00676119 0.01059505
v 0.04346058 -0.00440550 -0.02218743
v 0.04265447 -0.00440550 -0.01400521
v 0.04345360 -0.00440550 -0.02218743
v 0.04264748 -0.00440550 -0.01400521
v 0.00115624 -0.01292088 -0.05253296
v -0.05867943 0.01455612 0.02195998
v 0.04026644 -0.00440550 -0.00613751
v 0.04026178 -0.00440550 -0.00613983
v 0.04025945 0.03005910 0.00369887
v 0.06103947 -0.00188083 0.02311707
v 0.03638501 -0.00440550 0.00111049
v 0.03639200 -0.00440550 0.00111514
v -0.00092193 -0.01292088 -0.05140301
v 0.03117559 -0.00440550 0.00747081
v 0.03117094 -0.00440550 0.00746615
v -0.06279886 0.00676119 0.00604964
v 0.06103862 -0.00188124 0.02311814
v -0.00177697 -0.01292088 -0.05302454
v 0.04666870 -0.01608940 0.01381017
v 0.06021644 0.02286704 0.01213738
v 0.05821282 0.02465864 0.00844466
v 0.04026644 -0.00440550 -0.03823736
v 0.04026178 -0.00440550 -0.03823503
v -0.06128449 -0.00239023 0.01255908
v 0.04264748 -0.00440550 -0.03036965
v 0.04265447 -0.00440550 -0.03036965
v 0.04227452 0.01334984 -0.00006860
v 0.04981858 -0.01564907 0.01065797
v 0.04666638 -0.01608940 0.00738228
v 0.04345360 -0.01653672 0.01059505
v 0.00299211 -0.01292088 -0.05364427
v 0.00221396 -0.01292088 -0.05536132
v 0.00177829 -0.01292088 -0.05388657
v 0.04327068 0.01032810 -0.00193109
v -0.06049236 -0.00400011 0.00835846
v 0.04329870 0.01014055 -0.00198348
v 0.04989013 0.00909331 0.00415894
v 0.04759596 0.00909098 -0.05889794
v -0.05753541 0.01540325 0.02311839
v 0.00354427 -0.01292088 -0.05709469
v 0.00344875 -0.01292088 -0.05634915
v 0.00617694 -0.01292088 -0.05702014
v 0.00606045 -0.01292088 -0.05796603
v 0.00570865 -0.01292088 -0.05882572
v 0.00345341 -0.01292088 -0.05781692
v 0.00594629 -0.01292088 -0.05568051
v 0.00525201 -0.01292088 -0.05459948
v 0.00316219 -0.01292088 -0.05580631
v 0.00422457 -0.01292088 -0.05388191
v -0.04512739 -0.00693565 0.02871616
v -0.04336140 -0.00488776 0.03048216
v -0.04717528 -0.00239023 0.03076406
v 0.04456723 0.03005910 -0.00435521
v 0.06051932 0.02198172 0.00613817
v 0.05997976 -0.00233431 0.02417895
v 0.05987631 -0.00237858 0.02428260
v 0.00273351 -0.01292088 -0.05547315
v 0.04975801 -0.01476375 0.00429064
v 0.05980460 -0.00238978 0.02437126
v 0.05962041 -0.00241547 0.02455520
v 0.04024082 -0.01608940 0.01381017
v 0.03714918 -0.01476375 0.01689947
v 0.03430218 -0.01261102 0.01974881
v 0.00124244 -0.01292088 -0.05579233
v 0.00075551 -0.01292088 -0.05463210
v 0.00168044 -0.01292088 -0.05547082
v 0.06016285 -0.00255797 0.02713890
v -0.00192607 -0.01292088 -0.05703644
v -0.00206120 -0.01292088 -0.05536831
v 0.00094889 -0.01292088 -0.05631421
v 0.00098616 -0.01292088 -0.06035639
v -0.00006923 -0.01292088 -0.05997198
v 0.00171539 -0.01292088 -0.05863701
v 0.00226289 -0.01292088 -0.05875117
v 0.04721854 0.03005910 -0.01309658
v 0.00276379 -0.01292088 -0.05864866
v 0.00233744 -0.01292088 -0.06048454
v -0.03143055 0.00909331 -0.05513533
v -0.03143055 0.03005910 -0.05513533
v -0.02543369 0.00909331 -0.06005588
v -0.02436895 0.03005910 -0.06092952
v 0.06526043 0.01417458 0.00709338
v -0.03722474 0.03005910 -0.04807374
v -0.03541936 0.00909331 -0.05027403
v 0.05980593 -0.00238956 0.02436959
v 0.06382063 0.01499933 0.00283919
v 0.00515183 -0.01292088 -0.05954563
v 0.00085104 -0.01292088 -0.05702014
v 0.00095355 -0.01292088 -0.05774237
v -0.00152069 -0.01292088 -0.05833880
v 0.00125875 -0.01292088 -0.05829220
v -0.00088699 -0.01292088 -0.05930799
v -0.04341965 0.01471721 0.00712600
v -0.04298631 0.01504509 0.00755934
v -0.05901061 0.01121808 -0.00203706
v -0.05932048 0.00676119 -0.00234926
v -0.06147320 0.00676119 0.00167895
v -0.06175744 -0.00065221 0.00709338
v 0.05859999 -0.00255797 0.02557603
v -0.06031530 -0.00147695 0.00283919
v 0.06159567 0.01550490 -0.00111914
v 0.05852603 -0.00254643 0.02566749
v 0.06468498 0.01095947 0.00197251
v 0.00317617 -0.01292088 -0.05833647
v 0.00441329 -0.01292088 -0.06006517
v 0.00348137 -0.01292088 -0.06037969
v 0.06251361 0.01121808 -0.00203706
v -0.05809034 -0.00198251 -0.00111914
v -0.06253559 0.00298227 0.00631291
v -0.04638626 0.00909098 0.00415940
v -0.03964736 0.01193799 -0.00083060
v -0.04507846 0.01268503 0.00546719
v -0.04469353 0.01334774 0.00585213
v -0.03907635 0.01334984 0.00023700
v -0.02681523 -0.00715465 0.02373042
v -0.02972980 -0.00593384 0.02724374
v -0.03173808 -0.00939591 0.02523313
v -0.03907749 0.01334703 0.00023487
v -0.04469230 0.01334984 0.00585335
v -0.03926070 0.01289446 -0.00010769
v -0.03359958 -0.00519763 0.02955490
v -0.04418799 0.01393527 0.00635766
v -0.03861041 0.01412590 0.00110812
v -0.06118198 0.00256291 0.00197251
v -0.05504051 0.01607188 0.02564326
v -0.05502092 0.01606882 0.02566749
v 0.04819618 0.01334984 0.00585307
v -0.05901061 0.00230430 -0.00203706
v 0.04989064 0.00909098 0.00415844
v -0.02802263 -0.00440550 0.00755934
v -0.02813623 -0.00954735 0.00746615
v -0.03838003 0.01451008 0.00153887
v 0.05867412 0.01567730 -0.00462547
v 0.05961069 0.01130661 -0.00556204
v 0.05715043 0.01970551 -0.00310178
v -0.04369340 0.01451008 0.00685225
v 0.05992754 0.00676119 -0.00587890
v -0.03758602 0.01537210 0.00302341
v -0.03549138 -0.00845933 0.02766077
v -0.04149292 -0.00934465 0.02735790
v -0.03941707 -0.00693565 0.02943375
v -0.03779786 -0.01113626 0.02535428
v 0.06604091 0.00298227 0.00631291
v 0.06630418 0.00676119 0.00604964
v -0.02543369 -0.00488543 -0.06005588
v -0.02568710 -0.00488543 -0.05984795
v 0.05809167 0.02291829 0.00238487
v -0.04385998 -0.01113626 0.02498851
v 0.06010228 0.01945622 0.00037427
v -0.03143055 -0.00488543 -0.05513533
v -0.03541936 -0.00488543 -0.05027403
v 0.06468498 0.00256291 0.00197251
v 0.06497853 0.00676119 0.00167895
v 0.06251361 0.00230430 -0.00203706
v -0.06037507 0.01222964 0.02023582
v -0.05610769 0.00221577 -0.00556204
v -0.05516879 -0.00215492 -0.00462547
v -0.05642454 0.00676119 -0.00587890
v 0.06282580 0.00676119 -0.00234926
v -0.04042820 -0.01312590 0.02272395
v 0.05564306 0.02576064 0.00483349
v -0.03657790 0.01590096 0.00448719
v -0.03541932 0.01608035 0.00589921
v 0.06382063 -0.00147695 0.00283919
v -0.03582974 0.01601684 0.00539901
v -0.06114479 0.01032810 0.01944835
v -0.06140975 0.00909331 0.01918388
v -0.06274527 0.01032810 0.02104883
v -0.06053938 0.01193799 0.02006143
v -0.06102651 0.01064950 0.01957334
v -0.02813623 -0.00440550 0.00746615
v 0.06159567 -0.00198251 -0.00111914
v -0.06050470 0.01200624 0.02010592
v -0.06113337 0.01036687 0.01946627
v -0.06113342 0.01036672 0.01946621
v 0.05558249 0.02664829 0.01107500
v 0.04686441 -0.00488776 0.03048216
v -0.03722474 0.01559391 0.00369887
v -0.06210224 0.01171433 0.01583709
v 0.03899670 -0.00845933 0.02766077
v -0.02813623 -0.00488543 -0.05184101
v -0.02813623 -0.00954735 -0.05184101
v -0.03212452 -0.00488543 -0.04697949
v -0.03467493 0.01596516 0.00680642
v -0.04153252 0.03005910 -0.00435521
v -0.04153252 0.00909331 -0.00435521
v -0.06051462 0.01198913 0.02009600
v -0.05952190 0.01359282 0.02110226
v 0.04130320 -0.01113626 0.02535428
v -0.03722474 0.03005910 0.00369887
v 0.04456723 0.03005910 -0.04001965
v 0.04721854 0.03005910 -0.03127827
v 0.03446526 0.03005910 -0.05513533
v 0.02740366 0.03005910 -0.06092952
v 0.01934958 0.03005910 -0.06523731
v 0.01060820 0.03005910 -0.06788861
v 0.00151736 0.03005910 -0.06878325
v -0.00757349 0.03005910 -0.06788861
v 0.05961069 0.00221577 -0.00556204
v -0.01631486 0.03005910 -0.06523731
v -0.04153252 0.03005910 -0.04001965
v -0.04418382 0.03005910 -0.03127827
v -0.04507846 0.03005910 -0.02218743
v -0.04418382 0.03005910 -0.01309658
v -0.02811492 -0.00488543 -0.05186698
v -0.02214478 -0.00488543 -0.05676696
v -0.06051468 0.01198901 0.02009591
v -0.02972980 0.01945622 0.02724374
v 0.05012631 0.00676119 0.00392273
v -0.06125653 0.01395326 0.01668280
v 0.03710258 -0.00519763 0.02955490
v -0.02731614 0.01121808 0.02965740
v 0.03323280 -0.00593384 0.02724374
v 0.04962542 0.00319428 0.00442366
v -0.03961976 -0.00440550 -0.03036965
v -0.03344348 0.00676119 0.01710216
v -0.02908682 0.00720851 0.01268355
v -0.03347445 0.00720851 0.01707119
v -0.02919100 0.00857843 0.01259807
v -0.02931172 0.00909098 0.01249901
v -0.03356929 0.00857843 0.01697636
v -0.04404403 0.00909331 -0.05889794
v -0.03416106 0.00909331 -0.06878325
v -0.04042587 -0.00440550 -0.02218743
v 0.05743234 0.00909331 -0.06878325
v 0.03879401 0.00909331 -0.06878325
v 0.04811317 0.00909331 -0.05946409
v 0.05867412 -0.00215492 -0.00462547
v -0.05972523 0.01334964 0.02088711
v -0.05968315 0.01340568 0.02094147
v -0.05972511 0.01334984 0.02088722
v -0.05019468 0.00857843 0.03360175
v -0.03359958 0.01872001 0.02955490
v -0.03219239 0.01499933 0.03096209
v -0.05968613 0.01340222 0.02093848
v -0.05968804 0.01339966 0.02093597
v -0.03132571 0.01095947 0.03182644
v 0.03524341 -0.00939591 0.02523313
v -0.02919100 0.00494395 0.01259807
v -0.03356929 0.00494395 0.01697636
v -0.02814088 -0.00440550 0.00747081
v -0.03387683 0.00350944 0.01666883
v -0.04456124 0.00909098 -0.05946409
v -0.03524208 0.00909098 -0.06878325
v -0.06011960 0.01591261 0.01782206
v -0.03416106 -0.00488543 -0.06878325
v -0.04404403 -0.00488543 -0.05889794
v -0.04867893 0.00857843 0.03208600
v -0.03213016 -0.00488543 -0.04698512
v -0.02814088 -0.00488543 -0.05184567
v -0.02213891 -0.00488543 -0.05676109
v -0.05388041 0.00909098 -0.06878325
v -0.02960308 0.00319428 0.01225995
v -0.03387683 0.00158439 0.01531522
v -0.03455253 0.00158731 0.01599313
v -0.03455363 0.00158439 0.01599202
v -0.03394439 0.00319428 0.01660125
v -0.03496742 0.00087203 0.01557823
v -0.03084263 0.00069076 0.01124287
v -0.03117285 0.00017254 0.01097193
v -0.03178835 -0.00056139 0.01032440
v -0.03637203 -0.00098769 0.01417361
v -0.03211938 -0.00098769 0.00992095
v -0.02830164 -0.00971276 0.02224401
v -0.02625142 -0.00618313 0.02429190
v -0.03537314 0.00017254 0.01517251
v -0.03587689 -0.00041291 0.01466875
v -0.03143055 -0.00010008 0.01076046
v -0.03751130 -0.00184972 0.01303435
v -0.03405714 -0.00228208 0.00755934
v -0.03874697 -0.00237846 0.01179868
v -0.03426011 -0.00237842 0.00731198
v -0.03079684 -0.01261102 0.01974881
v -0.03387683 -0.00219648 0.00777911
v -0.03314633 -0.00184972 0.00866938
v -0.04855516 0.00676183 0.03221375
v -0.04858600 0.00720851 0.03218274
v -0.03541932 -0.00255797 0.00589921
v -0.04003272 -0.00255797 0.01051293
v -0.04068107 -0.00246745 0.00986458
v -0.06144829 0.00891371 0.01914542
v -0.06262413 0.00928668 0.01531522
v -0.06141026 0.00909098 0.01918338
v -0.03941707 0.02045803 0.02943375
v -0.05806938 0.02045803 0.01577186
v -0.03549138 0.02198172 0.02766077
v -0.03698011 -0.01434905 0.01999344
v -0.04867905 0.00855731 0.03208904
v -0.03364618 -0.01476375 0.01689947
v -0.06161396 0.00720851 0.01897589
v -0.04191227 0.01591261 0.03192896
v -0.03673548 -0.01608940 0.01381017
v -0.03771166 0.01752250 0.03113683
v -0.03418669 -0.01223826 0.02278686
v -0.03874725 -0.00237858 0.01179840
v 0.03391077 -0.01316318 -0.02503444
v 0.03376865 -0.01316318 -0.02701942
v 0.03427189 -0.01316318 -0.02506938
v -0.02379116 0.00221577 0.02675217
v -0.02347431 0.00676119 0.02706901
v -0.02700627 0.00676119 0.02996728
v -0.03541899 -0.00255792 0.00589962
v -0.04003242 -0.00255793 0.01051322
v -0.06253559 0.01054011 0.00631291
v -0.02731614 0.00230430 0.02965740
v 0.03828146 -0.01316318 -0.02373208
v 0.03806479 -0.01316318 -0.02272095
v 0.03554861 -0.01316318 -0.02389517
v 0.03518283 -0.01316318 -0.02471991
v 0.03685796 -0.01316318 -0.02582423
v 0.03792733 -0.01316318 -0.02490396
v -0.04866672 0.00837803 0.03210153
v 0.03466795 -0.01316318 -0.02685400
v 0.03563948 -0.01316318 -0.02723609
v -0.05610769 0.01130661 -0.00556204
v -0.03758602 -0.00184972 0.00302341
v -0.03722474 -0.00207153 0.00369887
v -0.04255413 -0.00184972 0.00799152
v -0.02823641 -0.00198251 0.02873714
v -0.02473007 -0.00215492 0.02581558
v -0.04298631 -0.00152271 0.00755934
v 0.03741011 -0.01316318 -0.02189621
v 0.03626619 -0.01316318 -0.02134871
v 0.03527370 -0.01316318 -0.02316594
v 0.03457942 -0.01316318 -0.02116698
v 0.03306738 -0.01316318 -0.02133473
v 0.03452351 -0.01316318 -0.02289336
v 0.03194442 -0.01316318 -0.02183563
v 0.03372672 -0.01316318 -0.02318924
v 0.03116395 -0.01316318 -0.02265105
v 0.03330968 -0.01316318 -0.02423066
v 0.03068401 -0.01316318 -0.02376004
v -0.04083591 0.01306561 0.03300531
v -0.03939614 -0.00246909 0.01114950
v -0.03644659 0.01417458 0.03240190
v 0.03330968 -0.01316318 -0.02832876
v 0.03131539 -0.01316318 -0.03024850
v 0.03381758 -0.01316318 -0.02949132
v -0.04131818 -0.00237858 0.00922747
v -0.03103449 0.00676119 0.03212000
v -0.03132571 0.00256291 0.03182644
v -0.05019468 0.00494395 0.03360175
v -0.05878695 0.02045803 0.01006153
v -0.05701631 0.02198172 0.00613817
v -0.06049236 0.01752250 0.00835846
v -0.04328452 -0.01434905 0.01986995
v -0.05890810 0.01872001 0.00424405
v 0.03833738 -0.01316318 -0.02983847
v 0.03879401 -0.01316318 -0.02816567
v 0.03599826 -0.01316318 -0.02831478
v 0.03562549 -0.01316318 -0.02940512
v 0.03778055 -0.01316318 -0.03054905
v -0.03219239 -0.00147695 0.03096209
v 0.03774327 -0.01316318 -0.02615972
v 0.03851677 -0.01316318 -0.02696816
v -0.04855512 0.00676119 0.03221381
v -0.05671111 0.02286704 0.01213738
v -0.05983536 0.01841014 0.01400819
v -0.03566844 0.01054011 0.03318238
v -0.04856741 0.00658236 0.03220132
v -0.04017425 0.00997397 0.03366930
v -0.05117786 0.00158439 0.03261624
v -0.04933711 0.00243710 0.03142089
v 0.03469591 -0.01316318 -0.02981517
v 0.03261075 -0.01316318 -0.03118508
v 0.03053490 -0.01316318 -0.02869687
v -0.03644659 -0.00065221 0.03240190
v -0.05470982 0.02465864 0.00844466
v -0.04867905 0.00496507 0.03208904
v 0.03602622 -0.01316318 -0.03139943
v 0.03702104 -0.01316318 -0.03107325
v 0.03476347 -0.01316318 -0.03150659
v -0.04316337 -0.01608940 0.01381017
v -0.04001116 -0.01564907 0.01696238
v -0.03027239 0.00158439 0.01171077
v -0.03027086 0.00158806 0.01171201
v -0.04316337 -0.01608940 0.00738228
v -0.03995059 0.00676119 0.03389297
v 0.03792733 -0.00954735 -0.02490396
v 0.03769435 -0.00954735 -0.02510446
v -0.04449368 0.00676119 0.03344565
v 0.03828146 -0.00954735 -0.02373208
v -0.03995059 -0.01653672 0.01059505
v 0.03806479 -0.00954735 -0.02272095
v 0.03769435 -0.00954735 -0.02225428
v -0.04904415 0.00323903 0.03172021
v -0.04871210 0.00478938 0.03205289
v 0.03427189 -0.00954735 -0.02506938
v 0.03391077 -0.00954735 -0.02503444
v 0.03389800 -0.00954735 -0.02521282
v 0.03518283 -0.00954735 -0.02471991
v 0.03385306 -0.00954735 -0.02584055
v -0.04467075 0.00423570 0.03326859
v 0.03554861 -0.00954735 -0.02389517
v 0.03527370 -0.00954735 -0.02316594
v 0.03685796 -0.00954735 -0.02582423
v -0.04904417 0.00323894 0.03172020
v 0.03690099 -0.00954735 -0.02584055
v -0.03540517 0.00676119 0.03344565
v 0.03452351 -0.00954735 -0.02289336
v -0.06302252 0.00997397 0.01081872
v 0.03741011 -0.00954735 -0.02189621
v 0.03732214 -0.00954735 -0.02185410
v -0.03779786 0.02465864 0.02535428
v -0.04519029 0.00180806 0.03274905
v 0.03372672 -0.00954735 -0.02318924
v -0.04867894 0.00494395 0.03208600
v 0.03626619 -0.00954735 -0.02134871
v -0.03566844 0.00298227 0.03318238
v 0.03457942 -0.00954735 -0.02116698
v -0.04017425 0.00354841 0.03366930
v 0.03453453 -0.00954735 -0.02117196
v 0.03330968 -0.00954735 -0.02423066
v -0.04905029 0.00319428 0.03170715
v 0.03306738 -0.00954735 -0.02133473
v -0.04909785 0.00306869 0.03165967
v -0.06236085 0.01306561 0.01148271
v 0.03292294 -0.00954735 -0.02139916
v -0.04603600 -0.00043087 0.03190333
v 0.03292294 -0.00954735 -0.02416134
v 0.03194442 -0.00954735 -0.02183563
v -0.04369340 -0.00098769 0.00685225
v -0.03838003 -0.00098769 0.00153887
v -0.04341965 -0.00119483 0.00712600
v -0.04083591 0.00045678 0.03300531
v -0.06175744 0.01417458 0.00709338
v 0.03116395 -0.00954735 -0.02265105
v -0.03907635 0.00017254 0.00023700
v -0.03907466 0.00016973 0.00024015
v -0.04469230 0.00017254 0.00585335
v 0.03068401 -0.00954735 -0.02376004
v -0.06128449 0.01591261 0.01255908
v -0.04963817 0.00164235 0.03112043
v 0.03330968 -0.00954735 -0.02832876
v 0.03362348 -0.00954735 -0.02904704
v -0.03771166 -0.00400011 0.03113683
v -0.04191227 -0.00239023 0.03192896
v 0.03292294 -0.00954735 -0.02838006
v 0.04541761 0.01591261 0.03192896
v 0.04686441 0.01841014 0.03048216
v 0.04292007 0.02045803 0.02943375
v 0.03376865 -0.00954735 -0.02701942
v -0.05299742 -0.00098769 0.03079900
v -0.05053627 0.00009279 0.03019941
v -0.05199794 0.00017254 0.03179849
v 0.03381758 -0.00954735 -0.02949132
v 0.03469591 -0.00954735 -0.02981517
v 0.04499592 0.02286704 0.02735790
v 0.03562549 -0.00954735 -0.02940512
v 0.03599826 -0.00954735 -0.02831478
v 0.03563948 -0.00954735 -0.02723609
v -0.04510553 0.00088496 0.00544012
v -0.03946456 0.00113285 -0.00048883
v -0.04507846 0.00083829 0.00546719
v 0.03778055 -0.00954735 -0.03054905
v 0.03768941 -0.00954735 -0.03061195
v 0.03833738 -0.00954735 -0.02983847
v 0.03769202 -0.01223826 0.02278686
v 0.04393353 -0.01312590 0.02272395
v 0.03871733 -0.00954735 -0.02844656
v -0.04649614 0.00494395 0.00404951
v -0.04033255 0.00493838 -0.00211168
v -0.04649527 0.00493989 0.00405039
v -0.05364744 0.01970551 -0.00310178
v 0.03466795 -0.00954735 -0.02685400
v 0.04434125 0.01306561 0.03300531
v 0.04367726 0.00997397 0.03366930
v -0.04649614 0.00857843 0.00404951
v -0.04025680 0.00909098 -0.00197007
v 0.03879401 -0.00954735 -0.02816567
v -0.05516879 0.01567730 -0.00462547
v 0.03851677 -0.00954735 -0.02696816
v -0.04469050 0.00017044 0.00585517
v -0.04963829 0.00164206 0.03112031
v 0.03784791 -0.00954735 -0.02626909
v 0.04678752 -0.01434905 0.01986995
v 0.03995192 0.01417458 0.03240190
v -0.04419770 -0.00040228 0.00634795
v -0.05145987 -0.00098769 0.02926146
v -0.05141355 -0.00092555 0.02932221
v -0.05659695 0.01945622 0.00037427
v 0.03774327 -0.00954735 -0.02615972
v 0.04121700 0.01752250 0.03113683
v 0.03053490 -0.00954735 -0.02869687
v -0.04036064 0.00801868 -0.00216421
v -0.04655904 0.00767813 0.00398660
v -0.04033339 0.00857843 -0.00211325
v 0.03131539 -0.00954735 -0.03024850
v -0.04969313 0.00151915 0.03105572
v -0.04965525 0.00158439 0.03109364
v -0.04971391 0.00148329 0.03103491
v -0.04026399 0.00904293 -0.00198348
v 0.04048544 -0.01434905 0.01999344
v 0.03261075 -0.00954735 -0.03118508
v -0.03616881 -0.00244189 0.00498577
v 0.03476347 -0.00954735 -0.03150659
v 0.03602622 -0.00954735 -0.03139943
v -0.03657790 -0.00237858 0.00448719
v 0.03702104 -0.00954735 -0.03107325
v -0.03884814 -0.00020801 0.00066367
v -0.00666487 -0.00954735 -0.06331756
v -0.01453024 -0.00954735 -0.06093185
v -0.04551180 0.00158439 0.00503384
v -0.04612104 0.00319428 0.00442461
v -0.04007196 0.00319428 -0.00162447
v -0.03964736 0.00158439 -0.00083060
v -0.04026399 0.00447945 -0.00198348
v -0.02765629 -0.00954735 -0.02462206
v -0.02951313 -0.00954735 -0.02168187
v -0.04039410 0.00620222 -0.00222675
v -0.04033339 0.00494395 -0.00211325
v -0.04655961 0.00586086 0.00398603
v 0.03173941 0.01550490 0.02873714
v 0.04351650 -0.01564907 0.01696238
v -0.04662252 0.00676119 0.00392313
v -0.05809034 0.01550490 -0.00111914
v -0.04965517 0.00158466 0.03109377
v -0.04039974 0.00720851 -0.00223728
v -0.05046763 0.00017254 0.03026807
v -0.05043711 0.00023557 0.03031066
v -0.05051399 0.00011865 0.03022169
v -0.03500609 -0.00249397 0.00640283
v -0.03426044 -0.00237858 0.00731158
v 0.05229235 0.00909098 0.03197664
v 0.04121700 -0.00400011 0.03113683
v -0.02866043 -0.00954735 -0.03024850
v -0.02780539 -0.00954735 -0.02862697
v -0.02752116 -0.00954735 -0.02628320
v 0.03710258 0.01872001 0.02955490
v -0.02806167 -0.00954735 -0.02331971
v -0.06118198 0.01095947 0.00197251
v 0.00151736 -0.00954735 -0.06412367
v 0.03082146 0.01121808 0.02965740
v -0.05253126 -0.00179838 0.02819002
v -0.05153564 -0.00104499 0.02918579
v -0.06031530 0.01499933 0.00283919
v 0.03483104 0.01095947 0.03182644
v 0.03917144 0.01054011 0.03318238
v -0.04042132 0.00676119 -0.00227765
v -0.04856149 -0.00400011 0.02937783
v 0.03569539 0.01499933 0.03096209
v 0.04975801 0.02828613 0.01689947
v 0.03446526 0.00909098 -0.05513533
v 0.02875250 0.00909098 -0.05982277
v 0.05272616 0.02787143 0.01393132
v 0.04981858 0.02917145 0.01065797
v -0.05259104 -0.00184972 0.02811410
v -0.05253163 -0.00179866 0.02818965
v -0.05267518 -0.00188573 0.02802991
v 0.05743234 -0.00488543 -0.06878325
v 0.03771298 0.00909098 -0.06878325
v 0.02481526 -0.00954735 -0.05705508
v 0.03879401 -0.00488543 -0.06878325
v 0.04811317 -0.00488543 -0.05946409
v 0.01756496 -0.00954735 -0.06093185
v 0.05284964 0.02787143 0.00762691
v 0.03638501 -0.00954735 0.00111049
v -0.03335029 -0.00440550 0.00111049
v -0.03722706 -0.00440550 -0.00613983
v -0.03722706 -0.00954735 -0.00613983
v -0.03961277 -0.00440550 -0.01400521
v -0.03335029 -0.00440550 -0.04548534
v -0.03212452 -0.00440550 -0.04697949
v -0.03213016 -0.00440550 -0.04698512
v -0.03335728 -0.00440550 -0.04549000
v -0.04659155 0.00720851 0.00395409
v -0.03961976 -0.00440550 -0.01400521
v -0.03723172 -0.00440550 -0.00613751
v -0.04041889 -0.00440550 -0.02218743
v -0.03961277 -0.00440550 -0.03036965
v -0.03722706 -0.00440550 -0.03823503
v -0.06151843 0.00857843 0.01907180
v -0.06151516 0.00860222 0.01907874
v -0.06151522 0.00860184 0.01907863
v 0.00969958 -0.00954735 -0.06331756
v -0.01453024 -0.00440550 -0.06093185
v -0.02178055 -0.00440550 -0.05705508
v -0.01453257 -0.00440550 -0.06093651
v -0.02178055 -0.00954735 -0.05705508
v -0.02213891 -0.00440550 -0.05676109
v -0.02214478 -0.00440550 -0.05676696
v -0.02178521 -0.00440550 -0.05706207
v 0.03117094 -0.00954735 -0.05184101
v 0.03638501 -0.00954735 -0.04548534
v 0.04026178 -0.00954735 -0.03823503
v 0.04345360 -0.00954735 -0.02218743
v 0.04264748 -0.00954735 -0.03036965
v 0.04264748 -0.00954735 -0.01400521
v 0.04026178 -0.00954735 -0.00613983
v 0.02545774 -0.00440550 -0.05652800
v 0.02481526 -0.00440550 -0.05705508
v 0.02481993 -0.00440550 -0.05706207
v 0.02546355 -0.00440550 -0.05653381
v -0.00666487 -0.00440550 -0.06332455
v 0.00151736 -0.00440550 -0.06413066
v 0.00151736 -0.00440550 -0.06412367
v -0.00666487 -0.00440550 -0.06331756
v 0.00969958 -0.00440550 -0.06332455
v 0.00969958 -0.00440550 -0.06331756
v 0.01756729 -0.00440550 -0.06093651
v 0.01756496 -0.00440550 -0.06093185
v -0.02869537 -0.01187714 -0.02234819
v -0.03053591 -0.01187714 -0.02390915
v -0.02806167 -0.01187714 -0.02331971
v -0.03084111 -0.01187714 -0.02335932
v -0.02951313 -0.01187714 -0.02168187
v -0.03129542 -0.01187714 -0.02301450
v -0.03056852 -0.01187714 -0.02129512
v -0.03052892 -0.01187714 -0.02533731
v -0.03082247 -0.01187714 -0.02585918
v -0.02752116 -0.01187714 -0.02628320
v -0.03043340 -0.01187714 -0.02463138
v -0.03183826 -0.01187714 -0.02290035
v -0.03191980 -0.01187714 -0.02116698
v -0.03234382 -0.01187714 -0.02300286
v -0.03306140 -0.01187714 -0.02127182
v -0.03399331 -0.01187714 -0.02158635
v -0.03275387 -0.01187714 -0.02331505
v -0.03472953 -0.01187714 -0.02210589
v -0.03528868 -0.01187714 -0.02282580
v -0.03564281 -0.01187714 -0.02368781
v -0.03302878 -0.01187714 -0.02383693
v -0.03311964 -0.01187714 -0.02456382
v -0.03575930 -0.01187714 -0.02463837
v -0.03552865 -0.01187714 -0.02597101
v -0.03302412 -0.01187714 -0.02530469
v -0.02765629 -0.01187714 -0.02462206
v -0.03033089 -0.01187714 -0.02701942
v -0.03073860 -0.01187714 -0.02912555
v -0.02780539 -0.01187714 -0.02862697
v -0.03483437 -0.01187714 -0.02705203
v -0.03274222 -0.01187714 -0.02584520
v -0.03231587 -0.01187714 -0.02617836
v -0.03380693 -0.01187714 -0.02776961
v -0.03256749 -0.01187714 -0.02800725
v -0.03179632 -0.01187714 -0.02629019
v -0.03135366 -0.01187714 -0.02776961
v -0.03126047 -0.01187714 -0.02618070
v -0.03241838 -0.01187714 -0.02956355
v -0.03369976 -0.01187714 -0.03122935
v -0.03178234 -0.01187714 -0.02980119
v -0.03181729 -0.01187714 -0.03150659
v -0.03118825 -0.01187714 -0.02963344
v -0.02866043 -0.01187714 -0.03024850
v -0.03001869 -0.01187714 -0.03119207
v -0.03554729 -0.01187714 -0.02909294
v -0.03484602 -0.01187714 -0.03042324
v -0.03278648 -0.01187714 -0.02874346
v -0.02869537 -0.00954735 -0.02234819
v -0.02910542 -0.00954735 -0.02201408
v -0.03056852 -0.00954735 -0.02129512
v -0.03000967 -0.00954735 -0.02149991
v -0.03149112 -0.00954735 -0.02120764
v -0.03053591 -0.00954735 -0.02390915
v -0.03043340 -0.00954735 -0.02463138
v -0.03084111 -0.00954735 -0.02335932
v -0.03129542 -0.00954735 -0.02301450
v -0.03149112 -0.00954735 -0.02297335
v -0.03081198 -0.00954735 -0.02584055
v -0.03052892 -0.00954735 -0.02533731
v -0.03163645 -0.00954735 -0.02119385
v -0.03191980 -0.00954735 -0.02116698
v -0.03270404 -0.00954735 -0.02123900
v -0.03306140 -0.00954735 -0.02127182
v -0.03352395 -0.00954735 -0.02142793
v -0.03387683 -0.00954735 -0.02154703
v -0.03183826 -0.00954735 -0.02290035
v -0.03234382 -0.00954735 -0.02300286
v -0.03275387 -0.00954735 -0.02331505
v -0.03302878 -0.00954735 -0.02383693
v -0.03311964 -0.00954735 -0.02456382
v -0.03302412 -0.00954735 -0.02530469
v -0.03274465 -0.00954735 -0.02584055
v -0.03399331 -0.00954735 -0.02158635
v -0.03472953 -0.00954735 -0.02210589
v -0.03528868 -0.00954735 -0.02282580
v -0.03564281 -0.00954735 -0.02368781
v -0.03575930 -0.00954735 -0.02463837
v -0.03555123 -0.00954735 -0.02584055
v -0.02910542 -0.00954735 -0.03055764
v -0.03380693 -0.00954735 -0.02776961
v -0.03387683 -0.00954735 -0.02772079
v -0.03350417 -0.00954735 -0.02782766
v -0.03256749 -0.00954735 -0.02800725
v -0.03044154 -0.00954735 -0.02759104
v -0.03056451 -0.00954735 -0.02822625
v -0.03196433 -0.00954735 -0.02788917
v -0.03135366 -0.00954735 -0.02776961
v -0.03033089 -0.00954735 -0.02701942
v -0.03274222 -0.00954735 -0.02584520
v -0.03231587 -0.00954735 -0.02617836
v -0.03179632 -0.00954735 -0.02629019
v -0.03126047 -0.00954735 -0.02618070
v -0.03082247 -0.00954735 -0.02585918
v -0.02918361 -0.00954735 -0.03061195
v -0.03278648 -0.00954735 -0.02874346
v -0.03241838 -0.00954735 -0.02956355
v -0.03387683 -0.00954735 -0.02888148
v -0.03178234 -0.00954735 -0.02980119
v -0.03118825 -0.00954735 -0.02963344
v -0.03073860 -0.00954735 -0.02912555
v -0.03554729 -0.00954735 -0.02909294
v -0.03484602 -0.00954735 -0.03042324
v -0.03474588 -0.00954735 -0.03049367
v -0.03457768 -0.00954735 -0.03061195
v -0.03500030 -0.00954735 -0.02902369
v -0.03552865 -0.00954735 -0.02597101
v -0.03483437 -0.00954735 -0.02705203
v -0.03369976 -0.00954735 -0.03122935
v -0.03181729 -0.00954735 -0.03150659
v -0.03001869 -0.00954735 -0.03119207
v -0.03722706 -0.00954735 -0.03823503
v -0.03961277 -0.00954735 -0.03036965
v -0.04041889 -0.00954735 -0.02218743
v -0.03961277 -0.00954735 -0.01400521
v -0.03335029 -0.00954735 -0.04548534
v -0.03335029 -0.00954735 0.00111049
f 1 2 3
f 4 5 6
f 7 5 4
f 8 9 10
f 6 11 12
f 6 12 13
f 14 15 16
f 17 18 19
f 5 20 6
f 21 14 16
f 22 23 24
f 25 13 26
f 27 28 21
f 29 30 5
f 31 32 22
f 33 34 35
f 28 14 21
f 22 24 31
f 33 36 34
f 18 37 19
f 30 38 5
f 38 20 5
f 11 6 20
f 39 40 7
f 37 41 42
f 43 44 45
f 46 22 32
f 47 38 30
f 48 49 50
f 19 42 51
f 52 53 54
f 55 54 53
f 56 17 51
f 17 19 51
f 57 58 59
f 47 20 38
f 57 60 58
f 61 59 62
f 58 62 59
f 54 63 52
f 64 65 66
f 63 66 65
f 65 52 63
f 67 68 69
f 68 70 69
f 71 69 70
f 47 26 20
f 69 71 72
f 73 72 71
f 12 11 26
f 26 11 20
f 74 75 76
f 76 64 66
f 74 76 66
f 74 77 78
f 74 78 75
f 79 53 52
f 79 52 65
f 80 79 65
f 80 65 64
f 14 81 15
f 82 80 64
f 82 64 76
f 83 84 85
f 55 86 54
f 63 54 86
f 15 81 87
f 78 82 76
f 78 76 75
f 88 81 14
f 28 88 14
f 89 39 7
f 46 32 90
f 91 92 93
f 86 94 63
f 95 96 66
f 5 7 40
f 29 5 40
f 91 97 98
f 94 95 66
f 94 66 63
f 99 100 90
f 100 46 90
f 101 102 103
f 30 29 47
f 29 40 47
f 104 41 85
f 105 106 107
f 108 106 105
f 109 106 108
f 110 111 109
f 107 106 112
f 113 114 115
f 116 102 101
f 47 117 118
f 119 120 121
f 122 123 124
f 125 126 127
f 125 127 128
f 18 129 113
f 83 113 130
f 130 113 115
f 131 132 99
f 123 133 124
f 134 135 126
f 134 126 125
f 136 137 93
f 138 139 135
f 138 135 134
f 140 112 141
f 117 40 39
f 142 143 139
f 142 139 138
f 141 112 106
f 142 144 145
f 142 145 143
f 146 123 147
f 99 132 100
f 148 84 83
f 104 85 84
f 144 149 150
f 144 150 145
f 106 109 111
f 149 151 152
f 149 152 150
f 83 130 153
f 83 153 154
f 83 154 148
f 155 147 123
f 110 156 111
f 157 155 122
f 151 158 159
f 151 159 152
f 115 160 130
f 155 123 122
f 155 161 121
f 111 156 162
f 163 162 156
f 41 37 85
f 18 85 37
f 164 165 129
f 165 166 129
f 7 129 166
f 163 167 162
f 168 162 167
f 167 169 168
f 121 147 155
f 119 121 161
f 170 168 169
f 171 170 169
f 102 119 161
f 172 140 173
f 154 174 148
f 84 148 174
f 175 112 140
f 175 140 172
f 176 107 112
f 176 112 175
f 177 105 107
f 177 107 176
f 161 155 157
f 178 108 105
f 178 105 177
f 157 103 161
f 179 109 108
f 179 108 178
f 103 102 161
f 180 110 109
f 180 109 179
f 164 181 165
f 132 182 100
f 180 183 110
f 7 166 89
f 131 184 132
f 185 186 187
f 140 188 173
f 130 189 153
f 183 190 156
f 183 156 110
f 185 187 191
f 192 191 187
f 163 156 193
f 190 193 156
f 130 160 194
f 130 194 195
f 130 195 189
f 163 193 196
f 39 89 117
f 166 117 89
f 167 163 197
f 196 197 163
f 184 198 132
f 97 91 199
f 200 201 202
f 182 132 198
f 203 204 205
f 206 200 202
f 206 202 141
f 189 195 207
f 208 204 203
f 129 209 164
f 210 206 141
f 207 153 189
f 194 207 195
f 211 212 213
f 198 214 182
f 129 215 209
f 216 170 217
f 141 106 210
f 154 153 174
f 218 210 106
f 218 106 111
f 207 174 153
f 51 181 215
f 203 219 208
f 220 221 87
f 218 111 162
f 218 162 222
f 209 215 181
f 222 162 168
f 222 168 223
f 81 220 87
f 224 187 225
f 223 168 170
f 223 170 216
f 114 226 115
f 227 198 184
f 197 228 167
f 229 230 113
f 231 51 232
f 215 232 51
f 228 233 169
f 228 169 167
f 233 234 171
f 233 171 169
f 235 227 184
f 234 217 171
f 170 171 217
f 214 198 236
f 115 237 160
f 238 239 91
f 240 26 47
f 198 227 236
f 241 242 91
f 115 243 237
f 240 244 26
f 225 119 102
f 245 246 53
f 53 79 245
f 55 53 246
f 55 246 247
f 248 249 91
f 78 77 250
f 78 250 245
f 240 251 244
f 224 116 252
f 82 245 80
f 78 245 82
f 79 80 245
f 253 207 160
f 252 254 224
f 241 91 239
f 255 251 240
f 255 256 251
f 96 94 86
f 243 253 237
f 160 237 253
f 116 225 102
f 199 91 242
f 257 258 259
f 224 225 116
f 96 95 94
f 257 260 258
f 114 113 230
f 233 228 77
f 242 241 32
f 261 262 263
f 117 47 40
f 226 114 264
f 177 265 266
f 114 267 268
f 114 268 264
f 269 270 113
f 118 240 47
f 118 255 240
f 228 197 250
f 193 271 196
f 190 183 271
f 250 196 271
f 272 214 257
f 273 274 275
f 276 275 277
f 173 278 172
f 214 236 257
f 238 91 279
f 172 278 175
f 176 175 265
f 280 236 227
f 166 165 181
f 274 204 277
f 279 91 249
f 176 265 177
f 238 279 32
f 181 117 166
f 280 260 236
f 177 266 178
f 241 239 32
f 239 238 32
f 279 249 32
f 90 32 249
f 281 276 204
f 257 236 260
f 282 220 81
f 178 266 179
f 266 271 180
f 277 204 276
f 181 283 117
f 264 284 226
f 267 284 268
f 264 268 284
f 282 81 88
f 283 118 117
f 179 266 180
f 226 243 115
f 285 286 287
f 288 289 290
f 291 278 173
f 292 159 293
f 158 293 159
f 261 294 287
f 180 271 183
f 190 271 193
f 290 120 295
f 290 295 296
f 288 290 297
f 296 297 290
f 298 299 186
f 300 186 299
f 196 250 197
f 46 301 22
f 164 209 181
f 120 299 298
f 120 298 295
f 284 253 226
f 302 303 304
f 305 304 303
f 187 186 300
f 301 23 22
f 210 222 206
f 200 206 216
f 201 200 216
f 201 216 217
f 306 307 287
f 218 222 210
f 223 206 222
f 216 206 223
f 51 308 181
f 309 292 310
f 293 310 292
f 274 277 275
f 250 77 228
f 301 311 23
f 308 283 181
f 310 312 309
f 285 287 307
f 313 312 310
f 314 315 113
f 147 121 289
f 290 289 121
f 233 77 234
f 316 301 46
f 312 317 318
f 308 319 283
f 316 320 301
f 321 146 322
f 312 313 317
f 311 301 320
f 322 146 323
f 324 323 147
f 325 326 327
f 77 328 234
f 217 234 201
f 304 329 302
f 329 318 302
f 317 302 318
f 267 114 230
f 316 46 100
f 274 273 204
f 205 204 273
f 300 299 225
f 325 92 91
f 330 308 51
f 331 302 317
f 289 324 147
f 265 332 333
f 325 334 326
f 290 121 120
f 314 113 270
f 329 304 305
f 329 305 335
f 336 334 325
f 119 225 299
f 120 119 299
f 337 338 224
f 266 265 339
f 340 339 265
f 341 342 305
f 335 305 342
f 187 224 192
f 300 225 187
f 266 339 271
f 343 271 339
f 205 307 306
f 192 224 338
f 342 344 335
f 345 335 344
f 325 91 336
f 250 271 346
f 343 346 271
f 267 230 284
f 347 345 344
f 347 344 348
f 349 284 230
f 346 245 250
f 350 286 205
f 273 350 205
f 245 351 246
f 352 353 354
f 296 295 355
f 286 285 205
f 307 205 285
f 348 356 347
f 357 347 356
f 351 247 246
f 295 298 355
f 128 127 356
f 357 356 127
f 298 186 355
f 186 185 355
f 261 263 358
f 191 355 185
f 288 297 355
f 230 229 349
f 306 287 294
f 261 359 294
f 315 349 229
f 360 359 261
f 361 360 261
f 192 362 191
f 363 364 337
f 338 337 364
f 205 294 365
f 192 338 362
f 364 362 338
f 306 294 205
f 366 363 367
f 337 367 363
f 367 368 366
f 311 320 352
f 369 370 371
f 229 113 315
f 371 372 373
f 374 375 376
f 316 100 182
f 362 377 191
f 362 364 377
f 378 379 325
f 380 381 325
f 182 382 316
f 359 365 294
f 382 320 316
f 353 352 320
f 372 371 370
f 383 374 376
f 363 366 377
f 360 365 359
f 382 353 320
f 365 384 205
f 377 366 213
f 272 353 382
f 385 349 314
f 361 261 358
f 373 372 386
f 378 325 381
f 387 92 388
f 315 314 349
f 327 389 325
f 380 325 389
f 390 386 391
f 358 392 393
f 394 354 353
f 395 374 383
f 353 272 394
f 272 257 259
f 393 365 358
f 259 394 272
f 379 378 131
f 361 358 365
f 19 37 42
f 326 396 327
f 360 361 365
f 397 398 399
f 182 214 382
f 104 42 41
f 400 401 327
f 402 327 401
f 174 42 84
f 104 84 42
f 272 382 214
f 403 404 390
f 405 406 369
f 407 404 408
f 371 409 369
f 410 34 406
f 51 42 330
f 373 411 371
f 36 369 406
f 327 402 412
f 412 389 327
f 386 413 373
f 405 369 409
f 174 414 42
f 415 416 408
f 417 390 407
f 418 419 263
f 381 380 131
f 380 389 131
f 42 414 330
f 407 408 416
f 420 421 408
f 415 408 421
f 417 413 390
f 416 417 407
f 386 390 413
f 413 411 373
f 409 371 411
f 422 398 423
f 424 398 422
f 377 425 405
f 426 60 427
f 428 429 430
f 430 429 431
f 430 431 432
f 430 432 433
f 430 433 434
f 430 434 435
f 58 60 426
f 436 437 438
f 439 377 409
f 405 409 377
f 426 62 58
f 440 414 174
f 441 414 440
f 442 61 426
f 62 426 61
f 341 443 444
f 303 445 305
f 341 305 445
f 341 445 443
f 174 207 440
f 446 402 401
f 444 443 413
f 447 448 449
f 450 449 448
f 450 448 451
f 450 451 452
f 450 452 453
f 450 453 454
f 455 456 454
f 392 358 263
f 457 392 263
f 303 458 445
f 459 460 461
f 263 462 457
f 463 411 445
f 443 445 411
f 462 393 457
f 392 457 393
f 464 465 466
f 194 160 207
f 467 456 468
f 467 469 456
f 455 468 456
f 450 454 456
f 253 470 207
f 418 471 419
f 472 331 444
f 473 474 423
f 418 475 476
f 418 476 471
f 477 456 478
f 469 478 456
f 479 456 477
f 480 456 479
f 207 470 440
f 473 423 113
f 399 481 482
f 483 484 424
f 485 486 480
f 487 485 480
f 435 487 480
f 435 480 488
f 435 488 430
f 302 489 303
f 472 489 331
f 302 331 489
f 490 480 491
f 486 491 480
f 492 480 490
f 456 480 492
f 493 399 482
f 494 419 471
f 471 476 494
f 243 226 253
f 444 413 472
f 475 494 476
f 419 462 263
f 472 417 489
f 495 496 497
f 495 497 498
f 499 500 44
f 493 501 399
f 496 495 502
f 494 393 419
f 503 504 505
f 462 419 393
f 506 507 508
f 509 510 511
f 496 502 512
f 511 512 502
f 513 514 422
f 500 515 44
f 512 511 510
f 475 418 516
f 514 517 422
f 507 518 519
f 510 509 520
f 521 520 509
f 470 522 440
f 523 221 44
f 524 483 424
f 481 424 484
f 481 484 525
f 522 441 440
f 220 44 221
f 475 516 494
f 424 422 517
f 521 526 520
f 527 494 516
f 500 499 528
f 529 530 519
f 432 531 433
f 532 253 284
f 531 432 431
f 376 484 483
f 533 519 518
f 429 534 431
f 481 525 482
f 253 532 470
f 535 536 527
f 537 538 539
f 539 540 537
f 540 541 537
f 542 537 541
f 543 542 544
f 545 543 544
f 470 546 522
f 428 534 429
f 547 506 548
f 506 508 548
f 549 550 44
f 515 528 551
f 528 552 551
f 520 526 553
f 516 535 527
f 525 484 493
f 504 503 499
f 503 528 499
f 554 555 44
f 326 556 396
f 400 327 396
f 557 539 538
f 482 525 493
f 376 493 484
f 558 559 551
f 560 554 44
f 561 560 44
f 549 44 555
f 541 544 542
f 334 562 326
f 422 423 563
f 564 459 565
f 566 567 44
f 568 566 44
f 474 569 423
f 570 571 545
f 543 545 571
f 572 573 564
f 574 571 570
f 559 575 576
f 577 433 578
f 412 446 389
f 524 424 517
f 570 553 574
f 44 567 561
f 531 578 433
f 44 515 559
f 575 559 579
f 526 580 553
f 553 580 581
f 581 574 553
f 44 582 583
f 579 559 558
f 431 584 531
f 585 157 586
f 583 587 44
f 383 514 513
f 588 589 590
f 588 590 591
f 551 559 515
f 580 592 593
f 534 584 431
f 588 594 589
f 44 587 595
f 596 597 598
f 599 417 600
f 428 601 534
f 515 500 528
f 602 556 326
f 383 517 514
f 601 428 603
f 430 603 428
f 559 523 44
f 604 605 606
f 607 608 585
f 66 96 609
f 610 611 612
f 383 376 517
f 613 614 615
f 612 616 613
f 617 618 594
f 483 524 376
f 517 376 524
f 396 556 619
f 598 608 607
f 538 615 557
f 620 557 615
f 621 435 622
f 608 103 585
f 618 591 590
f 623 434 577
f 433 577 434
f 624 625 626
f 593 581 580
f 604 626 627
f 628 629 630
f 103 157 585
f 631 559 632
f 633 634 631
f 635 636 423
f 430 637 603
f 589 594 618
f 208 598 597
f 624 593 592
f 627 626 625
f 625 624 592
f 422 638 513
f 639 634 633
f 640 637 430
f 85 113 83
f 412 402 446
f 636 641 423
f 563 423 641
f 422 563 638
f 401 400 446
f 619 446 396
f 204 208 597
f 423 569 642
f 400 396 446
f 438 643 436
f 644 608 598
f 645 646 334
f 620 615 614
f 616 614 613
f 647 616 612
f 611 647 612
f 606 648 610
f 611 610 648
f 627 605 604
f 648 606 605
f 644 101 608
f 383 638 563
f 649 650 632
f 336 651 334
f 513 638 383
f 652 437 653
f 437 436 653
f 643 653 436
f 654 426 655
f 655 656 657
f 562 334 646
f 636 658 641
f 576 659 660
f 659 661 660
f 662 426 654
f 427 655 426
f 608 101 103
f 663 460 664
f 665 659 575
f 576 575 659
f 666 667 662
f 658 563 641
f 326 668 602
f 669 665 579
f 575 579 665
f 670 671 666
f 426 662 442
f 672 451 448
f 672 448 673
f 674 675 670
f 442 662 667
f 579 558 669
f 448 447 676
f 448 676 673
f 677 326 562
f 447 449 678
f 447 678 676
f 679 680 503
f 681 628 630
f 635 423 642
f 645 334 651
f 682 683 684
f 685 686 687
f 688 689 690
f 691 692 450
f 449 450 692
f 449 692 678
f 636 635 658
f 693 421 420
f 642 658 635
f 694 695 693
f 122 124 696
f 568 466 566
f 697 698 694
f 421 693 699
f 576 660 559
f 632 559 649
f 700 468 701
f 702 703 697
f 699 693 695
f 696 586 122
f 649 559 704
f 704 559 705
f 706 707 569
f 157 122 586
f 708 709 454
f 455 454 709
f 455 709 710
f 684 711 682
f 695 694 698
f 703 698 697
f 703 702 712
f 656 713 657
f 427 656 655
f 712 657 713
f 703 712 713
f 705 559 660
f 566 466 714
f 454 453 715
f 454 715 708
f 690 675 688
f 674 688 675
f 675 671 670
f 667 666 671
f 716 562 646
f 481 399 398
f 682 717 718
f 415 719 416
f 453 452 720
f 453 720 715
f 682 721 722
f 682 722 717
f 723 724 687
f 452 451 672
f 452 672 720
f 326 677 668
f 725 724 726
f 721 727 722
f 140 141 188
f 2 728 726
f 723 726 724
f 685 687 724
f 424 481 398
f 1 729 2
f 714 466 465
f 730 423 398
f 731 732 733
f 734 735 736
f 725 726 728
f 629 714 465
f 737 188 202
f 722 727 717
f 629 628 714
f 35 738 735
f 34 739 35
f 738 35 739
f 141 202 188
f 562 716 619
f 36 406 34
f 684 740 741
f 739 34 410
f 742 740 591
f 743 633 744
f 689 687 686
f 690 689 686
f 556 602 619
f 602 668 619
f 668 677 619
f 562 619 677
f 745 746 398
f 721 682 711
f 747 711 684
f 631 744 633
f 747 684 748
f 738 736 735
f 1 734 736
f 736 729 1
f 728 2 729
f 632 650 631
f 749 750 751
f 752 753 749
f 284 349 754
f 746 730 398
f 755 649 756
f 705 661 704
f 757 727 711
f 721 711 727
f 758 759 730
f 759 760 730
f 588 730 761
f 720 672 653
f 673 676 652
f 672 673 652
f 748 757 747
f 711 747 757
f 651 336 762
f 692 652 678
f 676 678 652
f 763 764 146
f 765 764 763
f 519 766 336
f 546 470 532
f 528 503 680
f 147 323 146
f 146 321 763
f 558 552 669
f 709 708 653
f 740 767 768
f 740 768 741
f 748 684 741
f 558 551 552
f 733 763 769
f 758 730 746
f 754 532 284
f 588 591 740
f 769 763 770
f 708 715 653
f 665 415 659
f 770 763 771
f 617 758 746
f 772 651 762
f 720 653 715
f 568 595 587
f 759 758 617
f 652 653 672
f 568 587 466
f 546 532 773
f 773 774 546
f 757 748 741
f 651 772 716
f 652 775 776
f 652 776 437
f 740 742 767
f 763 777 765
f 349 778 754
f 501 746 745
f 568 44 595
f 779 763 780
f 781 692 691
f 421 659 415
f 779 777 763
f 777 133 764
f 764 765 777
f 782 745 398
f 646 645 716
f 645 651 716
f 398 397 782
f 397 501 782
f 745 782 501
f 665 669 415
f 719 415 669
f 669 552 719
f 552 528 719
f 781 775 692
f 730 783 423
f 652 692 775
f 719 528 680
f 760 759 617
f 683 783 740
f 438 784 643
f 785 643 784
f 786 783 787
f 704 756 649
f 788 789 790
f 784 438 776
f 437 776 438
f 756 704 661
f 705 660 661
f 730 740 783
f 590 589 618
f 653 643 785
f 653 785 791
f 699 744 421
f 789 792 790
f 755 756 421
f 740 684 683
f 793 794 44
f 505 504 44
f 795 796 519
f 44 797 793
f 798 792 789
f 756 661 421
f 659 421 661
f 663 664 799
f 794 800 503
f 530 766 519
f 501 617 746
f 710 801 701
f 533 795 519
f 683 802 783
f 286 350 287
f 710 709 803
f 275 287 273
f 350 273 287
f 787 804 786
f 786 805 806
f 793 807 794
f 778 349 385
f 397 399 501
f 245 346 808
f 809 278 751
f 809 751 750
f 530 529 810
f 808 351 245
f 287 275 261
f 811 188 737
f 811 737 812
f 247 351 813
f 794 814 44
f 815 816 806
f 817 247 813
f 811 291 188
f 291 173 188
f 376 375 493
f 812 737 749
f 812 749 818
f 91 261 819
f 805 786 820
f 810 766 530
f 658 383 563
f 395 383 658
f 369 36 821
f 749 751 818
f 278 818 751
f 336 822 762
f 797 44 823
f 385 824 778
f 336 766 822
f 370 369 821
f 825 788 820
f 823 44 826
f 827 819 828
f 829 824 385
f 766 810 772
f 803 709 791
f 653 791 709
f 804 825 786
f 261 828 819
f 828 261 275
f 787 783 830
f 707 658 642
f 391 386 372
f 799 664 801
f 762 822 772
f 772 822 766
f 831 804 787
f 825 820 786
f 403 390 391
f 529 519 796
f 707 832 658
f 833 834 829
f 404 407 390
f 395 658 832
f 830 835 787
f 831 787 836
f 408 404 837
f 838 839 828
f 664 701 801
f 834 824 829
f 681 561 628
f 276 281 275
f 840 828 281
f 840 841 828
f 842 461 843
f 844 843 461
f 845 788 804
f 560 561 681
f 404 340 837
f 340 333 837
f 824 834 846
f 340 404 339
f 275 281 828
f 573 664 459
f 566 714 567
f 339 404 343
f 404 403 343
f 529 796 810
f 796 795 810
f 795 533 810
f 533 518 810
f 847 707 848
f 391 346 403
f 343 403 346
f 450 456 849
f 548 810 518
f 850 832 707
f 835 845 836
f 804 831 845
f 597 839 838
f 391 372 346
f 808 346 372
f 370 808 372
f 851 834 833
f 838 841 597
f 808 370 351
f 850 852 832
f 628 567 714
f 838 828 841
f 351 370 813
f 370 821 813
f 802 853 783
f 854 802 683
f 833 855 851
f 817 813 821
f 567 628 561
f 856 703 713
f 518 547 548
f 857 846 834
f 281 204 840
f 783 858 830
f 835 836 787
f 783 853 859
f 783 859 858
f 710 701 455
f 857 834 851
f 507 506 547
f 860 488 861
f 862 860 861
f 204 597 840
f 841 840 597
f 60 863 427
f 864 427 863
f 865 44 550
f 550 549 866
f 788 790 855
f 832 867 395
f 866 549 868
f 869 478 870
f 868 549 871
f 547 518 507
f 872 870 478
f 873 507 519
f 874 872 469
f 853 875 859
f 790 851 855
f 519 336 91
f 859 875 858
f 858 875 830
f 876 485 877
f 878 879 880
f 639 881 882
f 883 884 881
f 797 885 793
f 790 886 851
f 137 887 93
f 888 639 743
f 889 797 823
f 886 857 851
f 847 850 707
f 823 826 889
f 890 889 826
f 883 891 892
f 891 893 892
f 623 622 434
f 867 832 852
f 790 792 886
f 894 895 92
f 882 881 884
f 754 773 532
f 430 488 640
f 683 682 718
f 683 896 854
f 550 897 865
f 853 802 875
f 883 634 884
f 878 898 879
f 899 890 826
f 900 875 802
f 890 899 901
f 754 778 902
f 91 93 248
f 903 904 847
f 902 773 754
f 854 900 802
f 904 850 847
f 905 898 878
f 387 906 92
f 906 894 92
f 896 900 854
f 907 486 908
f 92 325 379
f 891 883 881
f 486 876 908
f 879 898 586
f 881 639 888
f 633 743 639
f 826 44 899
f 899 44 901
f 718 909 683
f 901 44 910
f 744 631 650
f 248 90 249
f 910 44 865
f 244 903 26
f 718 717 727
f 909 718 727
f 74 66 911
f 609 911 66
f 649 755 650
f 903 244 904
f 596 607 905
f 90 248 887
f 888 743 699
f 650 421 744
f 909 896 683
f 912 749 913
f 202 913 749
f 749 737 202
f 905 607 898
f 896 909 900
f 744 699 743
f 93 914 136
f 727 900 909
f 749 912 752
f 755 421 650
f 93 92 895
f 750 749 753
f 379 388 92
f 607 585 898
f 915 916 917
f 918 919 917
f 917 920 915
f 921 922 374
f 585 586 898
f 923 924 522
f 906 99 894
f 872 664 870
f 573 870 664
f 918 917 916
f 894 99 895
f 395 921 374
f 522 546 923
f 925 926 927
f 928 927 926
f 885 807 793
f 800 794 807
f 929 597 596
f 395 867 921
f 664 874 700
f 887 248 93
f 797 889 885
f 664 700 701
f 930 931 893
f 932 931 930
f 598 607 596
f 914 93 895
f 933 892 893
f 573 861 934
f 935 573 934
f 890 901 936
f 915 920 937
f 136 914 90
f 914 895 90
f 573 935 869
f 901 910 936
f 136 90 137
f 887 137 90
f 938 897 550
f 939 940 473
f 546 774 923
f 900 727 941
f 573 869 870
f 942 938 866
f 941 943 900
f 774 944 923
f 906 387 99
f 387 388 99
f 664 872 874
f 379 99 388
f 473 113 4
f 565 459 842
f 916 945 918
f 609 96 328
f 609 328 911
f 946 947 889
f 569 474 706
f 948 932 695
f 74 911 77
f 328 77 911
f 381 131 378
f 741 768 949
f 767 949 768
f 932 930 695
f 948 695 925
f 389 446 131
f 679 950 719
f 757 741 949
f 642 569 707
f 844 461 663
f 951 952 757
f 953 634 944
f 947 719 807
f 893 891 695
f 881 888 695
f 949 951 757
f 807 885 947
f 800 719 954
f 893 695 930
f 885 889 947
f 618 949 742
f 767 742 949
f 85 18 113
f 750 753 809
f 955 809 753
f 881 695 891
f 742 591 618
f 819 956 957
f 958 959 960
f 699 695 888
f 201 961 913
f 201 913 202
f 936 910 962
f 939 473 963
f 961 964 912
f 961 912 913
f 959 634 960
f 915 945 916
f 964 965 912
f 959 944 634
f 915 937 945
f 965 966 752
f 965 752 912
f 946 889 890
f 695 945 928
f 928 926 695
f 967 928 945
f 968 969 816
f 969 970 816
f 940 848 473
f 474 473 848
f 890 936 946
f 926 925 695
f 937 967 945
f 966 955 753
f 966 753 752
f 962 897 946
f 936 962 946
f 968 816 971
f 786 806 816
f 573 572 972
f 945 695 698
f 959 958 924
f 816 783 786
f 848 940 847
f 923 959 924
f 856 698 703
f 861 973 862
f 923 944 959
f 974 269 816
f 706 474 975
f 474 848 975
f 976 487 977
f 978 979 980
f 981 979 978
f 706 975 707
f 848 707 975
f 969 968 855
f 958 960 982
f 983 980 984
f 971 855 968
f 985 986 4
f 980 827 828
f 828 978 980
f 806 805 788
f 986 987 4
f 987 963 4
f 778 824 988
f 820 788 805
f 989 72 990
f 972 973 573
f 971 816 815
f 573 973 861
f 788 855 806
f 903 987 986
f 855 815 806
f 824 846 988
f 716 772 991
f 691 450 849
f 971 815 855
f 987 903 963
f 992 993 492
f 942 866 868
f 825 804 788
f 994 988 846
f 995 996 997
f 940 939 847
f 939 963 847
f 831 836 845
f 903 847 963
f 998 999 1000
f 789 788 845
f 980 983 1001
f 835 830 845
f 875 845 830
f 1002 456 993
f 1000 1003 998
f 6 13 4
f 985 4 25
f 492 1004 992
f 827 1005 819
f 910 897 962
f 25 26 903
f 1001 1006 980
f 910 865 897
f 984 980 1007
f 986 985 903
f 985 25 903
f 1008 73 1009
f 550 866 938
f 996 1010 868
f 942 868 1010
f 868 871 996
f 1011 991 772
f 13 12 26
f 902 1012 773
f 871 997 996
f 1013 1005 827
f 1014 1015 1016
f 1012 774 773
f 997 1017 995
f 810 1011 772
f 423 783 113
f 1016 1015 1018
f 850 1019 852
f 783 816 113
f 1012 1020 774
f 1021 1022 1023
f 839 929 828
f 988 902 778
f 1024 270 269
f 1025 1021 1026
f 1018 1023 1022
f 1016 1018 1022
f 1027 1012 902
f 904 1019 850
f 269 974 1028
f 1023 1026 1021
f 1029 1030 819
f 548 1031 810
f 988 1027 902
f 1032 1033 1034
f 1035 1034 1033
f 1026 1036 1025
f 819 1005 1037
f 819 1037 1029
f 1031 1011 810
f 1033 1038 1035
f 1039 1035 1038
f 938 942 1040
f 1024 269 1041
f 1039 1038 1042
f 1043 1042 1038
f 1025 1036 1044
f 1043 1045 1042
f 1046 1042 1045
f 1040 946 938
f 897 938 946
f 1011 1031 1047
f 988 994 1027
f 333 1046 1045
f 333 1045 837
f 1048 385 1041
f 235 184 446
f 1044 1036 1049
f 994 1050 1027
f 1051 1019 904
f 1008 1009 989
f 1008 989 990
f 619 235 446
f 942 1010 1040
f 1051 1052 1019
f 1009 1053 989
f 1054 989 1053
f 1055 619 716
f 1054 1053 1056
f 1053 1057 1056
f 1058 1000 999
f 904 244 1051
f 1059 1060 1020
f 1032 1034 1057
f 1056 1057 1034
f 1061 1060 1059
f 1062 1063 1064
f 1041 385 1024
f 1065 998 1003
f 235 1055 1066
f 1027 1059 1012
f 1067 1065 1068
f 1003 1068 1065
f 1059 1020 1012
f 863 60 1069
f 57 1069 60
f 1048 1041 269
f 1028 1048 269
f 827 980 1006
f 1006 1070 827
f 1013 827 1070
f 73 1008 990
f 73 990 72
f 1071 1072 1073
f 1074 1071 1073
f 1075 1076 1074
f 1077 1073 1072
f 1078 1077 1072
f 1072 1079 1078
f 1078 1079 1080
f 1081 1082 1083
f 716 991 1055
f 1027 1050 1059
f 244 251 1051
f 1040 1010 1084
f 1052 1051 1085
f 1086 1028 974
f 1087 1086 974
f 1061 953 1060
f 1088 1080 1079
f 878 1005 1013
f 1070 878 1013
f 1089 1060 953
f 634 953 1061
f 251 1085 1051
f 1090 974 1091
f 1092 1093 634
f 998 1065 1084
f 945 1084 1065
f 1063 1062 1088
f 1080 1088 1062
f 1093 1094 634
f 1061 1092 634
f 919 945 1067
f 1095 1096 1097
f 1097 1064 1063
f 878 880 1005
f 816 1098 974
f 1065 1067 945
f 999 998 1084
f 1058 999 1084
f 113 816 269
f 1060 1089 1020
f 1099 1100 1101
f 1101 1100 1095
f 1064 1097 1096
f 996 1084 1010
f 996 995 1084
f 995 1058 1084
f 314 270 385
f 944 1020 1089
f 1102 1103 1104
f 895 99 90
f 1089 953 944
f 1024 385 270
f 131 99 379
f 1105 1102 1104
f 1084 945 1106
f 698 856 1106
f 944 774 1020
f 1107 1108 1105
f 1109 1110 1111
f 1110 1112 1111
f 1113 255 118
f 1114 1110 1115
f 1109 1115 1110
f 1098 1091 974
f 1087 974 1116
f 1117 255 1113
f 1071 1074 1076
f 283 1113 118
f 184 131 446
f 1028 829 385
f 1048 1028 385
f 1075 1118 1076
f 764 133 146
f 1028 1086 829
f 1099 1101 1119
f 1120 1121 1119
f 1122 1123 1120
f 1121 1120 1123
f 1122 1104 1103
f 1124 763 1125
f 1116 1090 829
f 619 1055 235
f 123 146 133
f 1126 1127 1128
f 984 1007 905
f 1117 256 255
f 235 1066 227
f 1087 829 1086
f 1129 1066 1055
f 1087 1116 829
f 1098 1130 1091
f 1090 1116 974
f 1129 1131 1066
f 1006 1001 905
f 1132 256 1117
f 991 1129 1055
f 1099 1119 1121
f 1096 1095 1100
f 1100 1049 1096
f 1036 1096 1049
f 1130 1098 1133
f 816 970 1098
f 984 905 983
f 1091 833 829
f 983 905 1001
f 283 319 1113
f 1090 1091 829
f 1006 905 878
f 833 1091 1130
f 1130 1133 833
f 1134 1117 1113
f 1107 1135 1136
f 1137 1107 1136
f 1108 1107 1137
f 1123 1122 1103
f 1102 1105 1108
f 1118 1136 1135
f 1135 1076 1118
f 227 1066 280
f 878 1070 1006
f 1134 1138 1117
f 461 842 459
f 319 1134 1113
f 280 1139 260
f 1140 991 1011
f 1117 1138 1132
f 1141 733 732
f 461 460 663
f 970 969 855
f 280 1131 1139
f 769 770 1142
f 769 1142 731
f 459 664 460
f 459 564 573
f 1133 1098 970
f 991 1140 1129
f 1143 1144 1145
f 1133 970 833
f 855 833 970
f 1146 1147 1148
f 1002 849 456
f 1145 1149 1143
f 1150 1145 1144
f 1149 1151 1143
f 1007 980 979
f 771 1151 770
f 1142 770 1151
f 1147 1152 1148
f 1153 1154 1150
f 1140 1155 1129
f 978 828 929
f 1156 978 1157
f 467 874 469
f 995 1017 1058
f 1156 981 978
f 1155 1131 1129
f 1058 1158 1000
f 467 468 700
f 467 700 874
f 1139 1131 1159
f 596 905 979
f 455 701 468
f 1068 1160 919
f 1007 979 905
f 934 861 480
f 1161 1162 817
f 1154 1153 1163
f 1164 1165 1166
f 1047 1140 1011
f 979 981 596
f 480 479 935
f 480 935 934
f 1167 1124 1163
f 1165 1168 1166
f 321 1169 1125
f 1158 1058 1017
f 1157 596 1156
f 869 935 477
f 479 477 935
f 1148 1152 1170
f 981 1156 596
f 1128 1155 1140
f 477 478 869
f 1171 1172 1082
f 469 872 478
f 1145 1150 1154
f 1047 1128 1140
f 1171 1173 1172
f 1167 1163 1153
f 1157 978 929
f 1127 1155 1128
f 1173 1170 1172
f 929 839 597
f 1125 763 321
f 976 877 487
f 997 871 549
f 621 977 435
f 435 977 487
f 997 549 1017
f 1167 763 1124
f 596 1157 929
f 434 622 435
f 1174 1175 330
f 1153 763 1167
f 1158 1017 549
f 1150 763 1153
f 860 640 488
f 1000 549 1003
f 1082 1081 1171
f 771 763 1143
f 1144 1143 763
f 1003 549 1068
f 1176 685 1177
f 480 861 488
f 1166 549 1178
f 1144 763 1150
f 1179 1171 1081
f 492 993 456
f 414 1174 330
f 1164 1166 1180
f 1181 724 1182
f 492 490 1004
f 1183 1184 1175
f 907 1004 491
f 490 491 1004
f 1183 1185 1184
f 956 1186 957
f 491 486 907
f 1175 1184 319
f 1159 1187 1139
f 876 486 485
f 1179 1081 24
f 1174 1183 1175
f 1139 1187 1188
f 1189 1187 1159
f 1184 1185 1190
f 485 487 877
f 1159 1127 1189
f 1016 495 498
f 1016 498 1014
f 1173 1171 1191
f 1192 1178 549
f 1016 1022 495
f 1155 1159 1131
f 1125 1169 1124
f 414 441 1174
f 549 555 1192
f 1193 321 322
f 498 1015 1014
f 24 23 1179
f 1159 1155 1127
f 324 1194 323
f 441 1195 1174
f 323 1196 322
f 1193 322 1196
f 1197 1198 1199
f 1183 1174 1195
f 1166 1178 1180
f 1022 502 495
f 957 1200 1201
f 1202 1162 1161
f 1188 258 260
f 1180 1132 1164
f 1195 1203 1183
f 511 502 1021
f 1022 1021 502
f 1203 1185 1183
f 1204 957 1186
f 1165 1132 1138
f 260 1139 1188
f 1021 1025 509
f 1021 509 511
f 1132 1165 1164
f 771 1143 1151
f 1131 280 1066
f 509 1025 1044
f 509 1044 521
f 1199 1205 1206
f 1199 1206 1197
f 1192 1207 1052
f 521 1044 1049
f 521 1049 526
f 1163 1124 1169
f 798 789 1208
f 321 1193 1209
f 321 1209 1169
f 1210 1206 1205
f 1211 792 798
f 1196 323 1194
f 1018 1015 497
f 1018 497 496
f 1178 1192 1052
f 1184 1134 319
f 498 497 1015
f 1052 1085 1178
f 1198 1197 1210
f 1184 1190 1134
f 1206 1210 1197
f 1212 1213 1214
f 251 256 1085
f 1018 496 512
f 1018 512 1023
f 289 1215 324
f 1195 441 924
f 1085 256 1180
f 1023 512 510
f 1023 510 1026
f 1180 1178 1085
f 256 1132 1180
f 1142 1151 1216
f 731 1142 1216
f 732 731 1217
f 957 1204 1218
f 924 441 522
f 1151 1149 1216
f 1078 1080 544
f 1040 355 946
f 947 946 355
f 355 377 947
f 377 439 947
f 439 463 947
f 463 458 947
f 458 599 947
f 600 947 599
f 958 1195 924
f 1149 1145 1216
f 1145 1154 1216
f 1154 1163 1216
f 956 819 1219
f 1220 886 792
f 1036 1026 520
f 510 520 1026
f 1163 1169 1216
f 1169 1209 1216
f 1211 1220 792
f 1221 1216 1209
f 917 919 1160
f 1222 864 1223
f 856 1223 864
f 1106 856 864
f 1224 1040 864
f 1225 1040 1224
f 1226 1040 1225
f 1227 1040 1226
f 1228 1040 1227
f 1229 1040 1228
f 1040 1084 864
f 1106 864 1084
f 1080 1062 545
f 1080 545 544
f 1216 1217 731
f 1168 1230 1166
f 1040 1229 1231
f 1040 1231 1112
f 1040 1112 1110
f 1040 1110 1114
f 1040 1114 1232
f 1040 1232 1233
f 1040 1233 1234
f 1040 1234 1235
f 1040 1235 1216
f 1040 1216 1221
f 1040 1221 355
f 1236 723 1237
f 1062 1064 570
f 1062 570 545
f 1200 957 1238
f 1238 957 1218
f 1215 289 288
f 1194 324 1215
f 553 1036 520
f 1239 9 8
f 1030 1219 819
f 1209 1193 1221
f 549 634 1240
f 1196 1194 1221
f 1193 1196 1221
f 917 549 920
f 1205 1201 1210
f 1241 1210 1201
f 1242 1211 798
f 1074 557 620
f 1074 620 1075
f 1194 1215 355
f 355 1221 1194
f 10 9 1243
f 1242 1244 1211
f 1073 539 557
f 1073 557 1074
f 967 1240 928
f 927 928 1240
f 1215 288 355
f 213 366 368
f 927 1245 925
f 1 3 1246
f 1077 540 539
f 1077 539 1073
f 1247 1248 1249
f 296 355 297
f 1218 1241 1238
f 948 1245 932
f 1250 1251 1252
f 1242 87 1244
f 1078 541 540
f 1078 540 1077
f 1253 1109 1254
f 1246 1255 1
f 933 893 931
f 1111 1254 1109
f 1253 1115 1109
f 544 541 1078
f 1240 937 920
f 967 937 1240
f 734 1 1255
f 1256 1257 1258
f 1096 1036 553
f 212 224 1252
f 1201 1200 1241
f 1252 224 1249
f 1259 982 549
f 1064 1096 553
f 1064 553 570
f 1252 1249 1250
f 1259 549 1230
f 1260 1186 956
f 735 734 1255
f 948 925 1245
f 1079 1072 537
f 1079 537 542
f 931 932 1245
f 1261 956 1219
f 1079 542 543
f 1079 543 1088
f 956 1262 1260
f 1088 543 571
f 1088 571 1063
f 1263 418 263
f 9 1239 1264
f 1063 571 574
f 1063 574 1097
f 1240 920 549
f 9 1264 1265
f 927 1240 634
f 1261 1266 956
f 1262 956 1267
f 1267 956 1266
f 1097 574 581
f 1097 581 1095
f 1245 634 931
f 1243 1265 1268
f 931 634 933
f 933 634 892
f 1095 581 593
f 1095 593 1101
f 1220 1211 1269
f 536 535 1263
f 1248 1250 1249
f 1211 1244 1269
f 1230 1190 1185
f 1270 1247 1271
f 516 418 535
f 418 1263 535
f 821 36 1272
f 1271 1273 1270
f 1274 48 50
f 1274 50 1275
f 624 626 1120
f 624 1120 1119
f 1274 49 48
f 1265 1243 9
f 1276 1241 1186
f 1204 1186 1241
f 1190 1230 1168
f 50 49 1275
f 1259 1230 1185
f 1120 626 604
f 1120 604 1122
f 1203 1259 1185
f 1104 1122 604
f 1104 604 606
f 1277 1176 1177
f 1181 1277 1177
f 1277 1181 1278
f 536 1279 527
f 1146 1247 224
f 1182 1278 1181
f 1105 1104 606
f 1105 606 610
f 254 1239 8
f 1214 1280 1212
f 1280 1281 1212
f 1236 1212 1281
f 1107 1105 610
f 1107 610 612
f 1249 224 1247
f 1247 1146 1271
f 1212 1236 1282
f 1237 1282 1236
f 1135 1107 612
f 1135 612 613
f 1271 1146 1273
f 1239 254 252
f 634 549 960
f 982 960 549
f 1274 1283 49
f 1275 49 1283
f 1270 1273 1284
f 1262 1267 1276
f 1278 1253 1277
f 1254 1277 1253
f 1285 1286 1287
f 1076 1135 613
f 1076 613 615
f 354 394 1146
f 1141 763 733
f 1262 1276 1260
f 1286 1285 1288
f 1071 1076 615
f 1071 615 538
f 1186 1260 1276
f 1287 1289 1285
f 763 258 1188
f 1266 1276 1267
f 1290 1289 1291
f 1195 958 1203
f 538 537 1071
f 1072 1071 537
f 1292 1293 1294
f 1146 1148 1295
f 593 624 1119
f 593 1119 1101
f 1147 1146 1296
f 1297 1298 1299
f 1259 1203 982
f 982 1203 958
f 1293 1300 1294
f 1049 1100 580
f 1049 580 526
f 639 882 634
f 1301 1302 1303
f 1304 1295 1148
f 580 1100 1099
f 580 1099 592
f 882 884 634
f 883 892 634
f 1305 1302 1301
f 1306 1302 1305
f 1263 263 262
f 1099 1121 625
f 1099 625 592
f 1266 1261 1276
f 1261 1219 1276
f 625 1121 627
f 1123 627 1121
f 880 1276 1219
f 1307 1308 262
f 1103 605 627
f 1103 627 1123
f 1309 1310 1311
f 1312 1210 1313
f 384 203 205
f 1198 1210 1314
f 1102 648 605
f 1102 605 1103
f 1315 219 203
f 880 1316 1276
f 1108 611 648
f 1108 648 1102
f 536 1263 1279
f 1317 219 1315
f 1318 1173 1191
f 1137 647 611
f 1137 611 1108
f 1263 1319 1279
f 384 1315 203
f 1288 1284 1273
f 1136 616 647
f 1136 647 1137
f 1030 880 1219
f 1118 614 616
f 1118 616 1136
f 1290 1285 1289
f 1037 880 1029
f 1029 880 1030
f 1297 1291 1289
f 1118 1075 614
f 620 614 1075
f 1319 527 1279
f 1304 1320 1295
f 1292 1298 1293
f 508 1321 1313
f 365 1322 384
f 1292 1299 1298
f 1306 1294 1300
f 1320 1323 1295
f 1324 1315 384
f 262 1308 1263
f 1148 1325 1304
f 1037 1005 880
f 1300 1302 1306
f 1326 1303 1302
f 1327 1328 1329
f 1315 1324 1264
f 1330 1331 1332
f 1309 1333 1310
f 1317 1315 1264
f 1334 1310 1333
f 1264 1239 1317
f 1335 1047 1031
f 1330 1332 1336
f 1337 1338 1339
f 1340 1341 1339
f 1342 1339 1341
f 1337 1339 1342
f 1343 1319 1263
f 1201 1199 957
f 1340 1329 1344
f 1344 1345 1340
f 1201 1205 1199
f 1346 763 1189
f 1347 1348 1349
f 1336 1350 1351
f 873 957 1199
f 1320 1304 1325
f 1349 1352 1347
f 1353 1354 1355
f 1338 1353 1355
f 1355 1339 1338
f 873 819 957
f 1351 1330 1336
f 1325 1318 1320
f 1310 1334 394
f 394 1326 1146
f 1300 1146 1302
f 1356 1357 1358
f 1358 1355 1354
f 1356 1358 1354
f 1273 1146 1288
f 1286 1146 1287
f 1288 1146 1286
f 1300 1293 1146
f 1287 1146 1289
f 1297 1289 1146
f 1357 1359 1360
f 1360 1358 1357
f 1298 1146 1293
f 1170 1173 1325
f 1297 1146 1298
f 1322 1324 384
f 1359 1361 1360
f 1362 1360 1361
f 1363 1362 1361
f 1325 1148 1170
f 1364 1322 393
f 1365 1326 394
f 1302 1146 1326
f 1334 1365 394
f 1366 1324 1322
f 1367 1368 1369
f 1311 394 1370
f 1371 1332 1268
f 1171 1179 1191
f 1322 1364 1366
f 1336 1371 1372
f 1318 1325 1173
f 1331 1243 1332
f 98 1373 261
f 262 261 1373
f 1374 1375 1376
f 1366 1265 1324
f 1377 1191 1179
f 1371 1336 1332
f 1375 1378 1376
f 1265 1264 1324
f 261 91 98
f 1294 406 1292
f 1294 1306 406
f 1243 1268 1332
f 406 1299 1292
f 1379 1380 1381
f 1382 1383 1381
f 1379 1381 1383
f 1179 23 1377
f 1305 406 1306
f 1350 1336 1372
f 1384 1350 1372
f 1345 1381 1385
f 1386 1385 1381
f 1380 1386 1381
f 1387 1307 262
f 1316 1388 1389
f 1390 1366 1364
f 262 1391 1387
f 1385 1341 1345
f 1341 1340 1345
f 1328 1344 1329
f 1388 1374 1389
f 1301 406 1305
f 1147 1350 1384
f 1392 1390 1364
f 1393 1394 98
f 23 311 1377
f 1147 1296 1350
f 1343 1263 1308
f 1395 1369 1396
f 1396 1369 1368
f 1397 1368 1367
f 1152 1384 1398
f 1248 1247 425
f 1268 1265 1366
f 1388 1399 1374
f 1152 1147 1384
f 1247 1270 425
f 1390 1268 1366
f 1400 1391 1373
f 1401 1402 1382
f 1383 1382 1402
f 1403 1401 1395
f 1395 1401 1382
f 1396 1403 1395
f 1404 1405 1377
f 1399 1375 1374
f 1406 1407 1285
f 1407 1284 1285
f 1146 1408 354
f 527 1409 1392
f 1410 1342 1411
f 1288 1285 1284
f 1409 527 1412
f 1285 1290 1406
f 1413 1337 1342
f 1413 1342 1410
f 1414 1408 1295
f 1323 1414 1295
f 1307 1387 1412
f 1343 1308 1412
f 1307 1412 1308
f 1299 1291 1297
f 1412 527 1343
f 1415 1338 1337
f 1415 1337 1413
f 1323 1318 1405
f 880 879 1316
f 696 1388 1316
f 1338 1415 1416
f 1371 1268 1390
f 1417 1418 98
f 1373 98 1418
f 1320 1318 1323
f 1146 1331 1330
f 1414 1323 1405
f 1419 1420 1327
f 1419 1327 1329
f 1405 1404 1414
f 879 696 1316
f 262 1373 1391
f 1322 365 393
f 1420 1421 1327
f 1399 1388 124
f 1364 393 494
f 1406 1290 405
f 1422 1419 1329
f 1422 1329 1340
f 1387 1391 1412
f 124 133 1399
f 1377 1405 1191
f 124 1388 696
f 1351 1350 1296
f 1318 1191 1405
f 1328 1327 1423
f 1421 1423 1327
f 1270 1284 405
f 1284 1407 405
f 1400 1424 1391
f 1425 1422 1340
f 1425 1340 1339
f 1407 1406 405
f 1290 1291 405
f 1291 1299 405
f 1426 1425 1339
f 1426 1339 1355
f 406 405 1299
f 879 586 696
f 494 527 1392
f 1427 1411 1341
f 1342 1341 1411
f 1146 10 1331
f 1364 494 1392
f 1428 1417 98
f 1429 1427 1341
f 1429 1341 1385
f 1319 1343 527
f 1392 1409 1430
f 1404 1377 311
f 1243 1331 10
f 311 352 1404
f 1426 1355 1358
f 1426 1358 1431
f 1430 1390 1392
f 821 1272 817
f 1161 817 1272
f 508 1313 548
f 1146 8 10
f 1432 1031 548
f 1338 1416 1353
f 1433 1353 1416
f 1371 1390 1430
f 1433 1434 1353
f 1435 101 644
f 548 1313 1432
f 1428 1436 1417
f 1431 1358 1360
f 1431 1360 1437
f 45 282 88
f 1432 1335 1031
f 1373 1438 1400
f 1434 1439 1354
f 1434 1354 1353
f 1373 1418 1438
f 1435 116 101
f 44 220 282
f 219 1317 1435
f 1440 1430 1409
f 1439 1441 1356
f 1439 1356 1354
f 252 116 1435
f 729 1234 1233
f 1372 1430 1440
f 1400 1438 1424
f 1424 1438 1418
f 439 409 411
f 1251 213 212
f 1442 1440 1409
f 1441 1443 1356
f 252 1435 1317
f 413 443 411
f 8 1146 254
f 1312 1314 1210
f 252 1317 1239
f 212 1252 1251
f 1437 1360 1362
f 1437 1362 1444
f 98 1445 1428
f 1430 1372 1371
f 224 254 1146
f 1443 1446 1357
f 1443 1357 1356
f 98 1447 1445
f 208 644 598
f 367 337 224
f 1313 1210 1448
f 1446 1449 1357
f 368 367 224
f 1440 1442 1398
f 368 224 211
f 1448 1432 1313
f 1450 1436 1447
f 208 219 644
f 1362 1451 1444
f 211 224 212
f 1445 1447 1436
f 368 211 213
f 219 1435 644
f 1449 1452 1359
f 1449 1359 1357
f 1453 1454 1455
f 1352 1455 1347
f 355 191 377
f 1442 1456 1398
f 1448 1457 1432
f 1452 1458 1361
f 1452 1361 1359
f 364 363 377
f 1270 405 425
f 1459 1460 1461
f 1458 1462 1363
f 1458 1363 1361
f 1241 1463 1210
f 1250 1248 377
f 377 1248 425
f 1398 1384 1440
f 1462 1451 1363
f 1362 1363 1451
f 1200 1238 1241
f 1384 1372 1440
f 213 1251 377
f 1250 377 1251
f 523 1244 221
f 1394 1393 1464
f 1210 1463 1448
f 1465 1367 1466
f 411 463 439
f 1467 1456 1468
f 463 445 458
f 1465 1469 1367
f 1470 1471 1472
f 1423 1473 1328
f 1474 1475 1476
f 375 1471 493
f 523 1269 1244
f 1477 1466 1369
f 1367 1369 1466
f 1398 1456 1467
f 599 458 489
f 303 489 458
f 1376 1448 1463
f 1478 1477 1369
f 1478 1369 1395
f 1471 375 1479
f 1479 1472 1471
f 1480 1478 1395
f 1480 1395 1382
f 1457 1448 1376
f 1474 1476 1393
f 719 947 600
f 600 416 719
f 98 1474 1393
f 1457 1376 1378
f 800 807 719
f 1481 1480 1382
f 1481 1382 1381
f 1218 1204 1241
f 1479 375 922
f 1115 1182 725
f 1115 725 1114
f 97 1474 98
f 1463 1241 1389
f 523 559 1269
f 1482 1481 1381
f 1482 1381 1345
f 725 1232 1114
f 1483 1484 1485
f 1389 1374 1463
f 1486 1383 1487
f 1424 1412 1391
f 1276 1389 1241
f 1488 1379 1383
f 1488 1383 1486
f 1418 1417 1436
f 1463 1374 1376
f 1489 1490 1220
f 1379 1488 1491
f 769 731 733
f 1412 1424 1442
f 1436 1424 1418
f 1316 1389 1276
f 1492 1493 1494
f 1442 1409 1412
f 1495 780 763
f 1482 1345 1344
f 1482 1344 1496
f 1220 1269 1489
f 618 1497 1498
f 1456 1442 1424
f 1499 1141 732
f 1500 1499 732
f 1379 1491 1380
f 1501 1380 1491
f 763 1502 1495
f 1187 1189 763
f 1503 1386 1380
f 1503 1380 1501
f 1461 1504 259
f 258 1485 259
f 1310 394 1311
f 763 1346 1502
f 1505 1464 1393
f 857 886 1490
f 618 617 1497
f 1370 394 1349
f 1424 1436 1456
f 1386 1503 1506
f 1490 1507 857
f 1468 1456 1436
f 1497 1508 1498
f 1500 732 1217
f 1349 394 1352
f 1496 1344 1328
f 1496 1328 1473
f 886 1220 1490
f 1455 394 1453
f 1352 394 1455
f 1504 1509 259
f 1510 1511 1474
f 1470 1497 617
f 1512 779 780
f 1386 1506 1385
f 1513 1385 1506
f 1470 1514 1497
f 394 259 1509
f 1514 1508 1497
f 1453 394 1509
f 1513 1429 1385
f 1495 1512 780
f 501 1470 617
f 1489 1269 559
f 1367 1469 1397
f 1515 1397 1469
f 738 1235 1234
f 1152 1398 1467
f 1516 1517 1518
f 1447 98 1394
f 1397 1515 1519
f 1397 1519 1368
f 1520 1521 1393
f 1471 501 493
f 1476 1522 1393
f 1396 1368 1519
f 1500 1523 1499
f 56 231 18
f 1489 1524 1490
f 1428 1445 1436
f 1471 1470 501
f 1525 1396 1519
f 232 215 129
f 599 489 417
f 413 417 472
f 1172 1467 1468
f 1526 1309 1311
f 129 18 232
f 1527 1403 1396
f 1527 1396 1525
f 1526 1311 1370
f 1528 1401 1403
f 1528 1403 1527
f 1082 1172 1468
f 1348 1529 1349
f 779 1512 1378
f 374 922 375
f 232 18 231
f 1375 779 1378
f 1530 1402 1401
f 1530 1401 1528
f 1170 1152 1467
f 1172 1170 1467
f 1464 1505 1450
f 1530 1487 1402
f 1383 1402 1487
f 1504 1461 1531
f 1399 777 1375
f 1507 994 846
f 1460 1531 1461
f 1351 1146 1330
f 779 1375 777
f 1296 1146 1351
f 857 1507 846
f 629 1479 922
f 1399 133 777
f 1531 1454 1509
f 247 1162 55
f 1532 876 1533
f 1394 1450 1447
f 629 465 1479
f 1461 1485 1459
f 1459 1485 1484
f 1464 1450 1394
f 56 51 231
f 1483 1534 1484
f 630 629 922
f 922 921 630
f 1535 1536 1537
f 1436 1450 1468
f 1490 1524 1507
f 875 1208 845
f 1536 1494 1538
f 534 1539 584
f 55 1540 96
f 96 1540 564
f 1535 1494 1536
f 1050 1061 1059
f 330 1175 308
f 1541 1542 1543
f 1511 1475 1474
f 1208 789 845
f 582 1544 583
f 1050 1545 1092
f 1126 1502 1346
f 1543 1546 1541
f 875 943 1208
f 564 565 96
f 86 55 96
f 1502 1126 1547
f 739 1217 738
f 1547 1495 1502
f 1217 1216 1235
f 1050 1092 1061
f 763 1188 1187
f 1521 1548 1393
f 1393 1548 1505
f 1126 1346 1127
f 1517 1516 1549
f 1518 1499 1523
f 1520 1393 1522
f 1550 1551 1476
f 1551 1522 1476
f 1499 1518 1517
f 1552 1476 1475
f 730 588 740
f 1346 1189 1127
f 1545 1050 994
f 1476 1552 1550
f 760 761 730
f 994 1507 1545
f 1547 1512 1495
f 1553 1554 1365
f 1507 1524 1545
f 1522 1083 1450
f 1555 588 761
f 594 588 1555
f 1556 798 1208
f 578 1213 577
f 1557 1213 578
f 1556 1242 798
f 1365 1334 1553
f 760 617 761
f 594 1555 617
f 531 1558 578
f 584 1559 531
f 1505 1548 1450
f 1548 1521 1450
f 1521 1520 1450
f 1520 1522 1450
f 1470 1472 1514
f 761 617 1555
f 464 1560 1514
f 15 1242 1556
f 618 1498 949
f 601 603 1561
f 601 1539 534
f 1472 464 1514
f 1242 15 87
f 1047 1335 1562
f 603 637 1561
f 637 640 1561
f 1347 1455 1454
f 1093 1092 1545
f 1545 1524 1093
f 1551 1083 1522
f 1128 1047 1562
f 1472 465 464
f 1509 1504 1531
f 1453 1509 1454
f 87 221 1244
f 1082 1468 1450
f 1094 1093 1524
f 1128 1562 1126
f 1563 908 1532
f 308 1175 319
f 1094 1524 1489
f 1432 1457 1335
f 45 88 1564
f 1489 559 1094
f 1565 1566 97
f 565 842 96
f 444 331 341
f 1538 1494 1493
f 1567 1562 1335
f 293 158 310
f 313 310 158
f 416 600 417
f 1134 1190 1138
f 151 149 313
f 158 151 313
f 317 313 149
f 1335 1457 1567
f 559 631 634
f 634 1094 559
f 549 1166 1230
f 138 134 342
f 1562 1567 1547
f 348 344 128
f 356 348 128
f 1562 1547 1126
f 1492 1542 1493
f 1568 27 1569
f 1245 927 634
f 1000 1158 549
f 622 1213 621
f 1160 1068 549
f 1457 1378 1567
f 1492 1543 1542
f 341 331 142
f 149 144 317
f 331 317 144
f 144 142 331
f 142 138 341
f 342 341 138
f 344 342 134
f 134 125 344
f 128 344 125
f 549 917 1160
f 1378 1512 1567
f 623 1213 622
f 577 1213 623
f 1168 1165 1138
f 1168 1138 1190
f 504 499 44
f 505 814 503
f 1523 1500 1217
f 794 503 814
f 505 44 814
f 1518 1217 1516
f 1570 1549 1217
f 1569 27 951
f 1567 1512 1547
f 800 954 503
f 1571 1475 1511
f 1498 1569 951
f 1518 1523 1217
f 679 503 950
f 950 503 954
f 640 860 1561
f 1498 1508 1569
f 719 680 679
f 1569 1508 1572
f 954 719 950
f 564 1561 860
f 1347 739 1348
f 1454 739 1347
f 713 1223 856
f 1573 630 921
f 1460 739 1531
f 1222 1223 656
f 713 656 1223
f 681 630 1573
f 1569 1572 1568
f 1536 739 1537
f 1475 1571 1083
f 427 864 656
f 656 864 1222
f 1544 1564 1568
f 1574 1224 863
f 1224 864 863
f 27 1568 28
f 1531 739 1454
f 1551 1550 1083
f 1225 1224 1575
f 1574 1575 1224
f 1576 867 852
f 1568 1564 28
f 1572 1544 1568
f 560 681 1577
f 1550 1552 1083
f 1475 1083 1552
f 1542 739 1493
f 1067 1068 919
f 88 28 1564
f 1578 1579 97
f 1549 1516 1217
f 1560 1572 1508
f 919 918 945
f 1484 1537 739
f 698 1106 945
f 1226 671 1227
f 1514 1560 1508
f 671 1228 1227
f 1579 1565 97
f 1474 97 1566
f 1510 1474 1566
f 1572 1560 583
f 1572 583 1544
f 199 1580 97
f 1111 1277 1254
f 1573 921 867
f 583 1560 587
f 1258 1581 1256
f 1581 1257 1256
f 1565 1579 31
f 941 16 943
f 781 776 775
f 312 159 309
f 292 309 159
f 1459 739 1460
f 1459 1484 739
f 145 150 318
f 329 335 139
f 1565 31 1566
f 1536 1538 739
f 757 952 727
f 347 127 345
f 464 587 1560
f 1217 739 1542
f 1570 1217 1541
f 1542 1541 1217
f 1538 1493 739
f 357 127 347
f 952 941 727
f 1472 1479 465
f 21 16 941
f 335 345 135
f 127 126 345
f 126 135 345
f 135 139 335
f 139 143 329
f 143 145 329
f 318 329 145
f 312 318 150
f 150 152 312
f 159 312 152
f 1275 1283 1274
f 1576 1573 867
f 1575 1574 1582
f 1069 1582 1574
f 691 1583 781
f 849 1002 1583
f 863 1069 1574
f 1576 1577 1573
f 21 941 952
f 1584 1581 1585
f 1258 1257 1585
f 1584 1585 1257
f 1585 1581 1258
f 1581 1584 1257
f 1586 1583 1002
f 466 587 464
f 57 59 1069
f 59 1582 1069
f 1511 1510 1571
f 1510 1566 1571
f 17 56 18
f 1573 1577 681
f 1326 1554 1303
f 4 113 7
f 129 7 113
f 776 781 1583
f 1326 1365 1554
f 1019 1207 852
f 1578 97 1580
f 1553 1334 1333
f 43 582 44
f 1207 1576 852
f 1587 1577 1576
f 1207 1587 1576
f 1579 1578 31
f 1580 31 1578
f 1019 1052 1207
f 784 776 1515
f 1515 1462 784
f 1462 1458 785
f 1449 1588 1452
f 1526 1370 1529
f 1370 1349 1529
f 1519 1515 776
f 32 1580 199
f 1207 1192 1587
f 242 32 199
f 951 27 952
f 1309 1526 410
f 1303 1554 406
f 43 1544 582
f 1082 1450 1083
f 801 710 663
f 785 332 663
f 784 1462 785
f 27 21 952
f 1554 1553 406
f 1553 1333 406
f 1303 406 1301
f 1309 410 1333
f 1529 410 1526
f 1587 554 1577
f 1529 1348 410
f 785 663 710
f 801 663 799
f 1577 554 560
f 1498 951 949
f 555 554 1587
f 1192 555 1587
f 1571 1081 1083
f 1589 1590 1591
f 4 963 473
f 1590 1592 1591
f 943 1556 1208
f 282 45 44
f 25 4 13
f 791 785 803
f 710 803 785
f 875 900 943
f 31 1571 1566
f 24 1081 1571
f 31 24 1571
f 1580 32 31
f 809 663 332
f 809 332 278
f 16 1556 943
f 1564 1544 43
f 43 45 1564
f 16 15 1556
f 1593 1594 1214
f 1570 1546 1549
f 818 278 812
f 812 278 811
f 265 175 278
f 1595 1596 1280
f 1517 1549 1597
f 811 278 291
f 1517 258 1499
f 1597 258 1517
f 1543 258 1546
f 1499 763 1141
f 955 328 843
f 842 843 328
f 842 328 96
f 1597 1549 1546
f 955 966 328
f 966 234 328
f 843 844 955
f 1537 1484 1534
f 1534 1535 1537
f 663 809 844
f 955 844 809
f 735 1255 1598
f 201 234 961
f 1570 1541 1546
f 961 234 964
f 964 234 965
f 1599 35 1598
f 735 1598 35
f 1534 258 1535
f 1546 258 1597
f 1492 258 1543
f 35 1599 33
f 965 234 966
f 1534 1483 258
f 33 1272 36
f 1461 259 1485
f 1485 258 1483
f 1494 1535 258
f 1494 258 1492
f 763 1499 258
f 1161 1272 1202
f 1202 1272 1589
f 1272 33 1589
f 33 1599 1589
f 1590 1589 1599
f 972 572 973
f 572 564 973
f 1590 1599 1592
f 1599 1598 1592
f 519 91 873
f 1255 1600 1598
f 1592 1598 1600
f 819 873 91
f 1255 1246 1600
f 1601 1600 1246
f 1246 3 1601
f 1602 1601 3
f 1602 3 1593
f 3 1596 1593
f 1595 1593 1596
f 508 507 1321
f 1594 1593 1595
f 1278 1182 1253
f 860 862 564
f 1115 1253 1182
f 1603 1321 873
f 1312 873 1314
f 1314 873 1198
f 873 1604 1605
f 873 1605 1603
f 1214 1594 1595
f 1214 1595 1280
f 1605 1604 1313
f 862 973 564
f 1605 1313 1603
f 1603 1313 1321
f 1606 907 1563
f 1604 873 1312
f 1607 1608 1609
f 1312 1313 1604
f 1586 1004 1606
f 908 1563 907
f 686 1112 1231
f 507 873 1321
f 1112 685 1111
f 1199 1198 873
f 1608 1610 1282
f 1608 1282 1611
f 621 1610 977
f 1612 1237 1613
f 1611 1612 1608
f 1613 1608 1612
f 1613 1609 1608
f 1004 1586 992
f 993 992 1586
f 691 849 1583
f 993 1586 1002
f 1111 1176 1277
f 1237 1612 1611
f 1237 1611 1282
f 1225 1575 442
f 907 1606 1004
f 61 442 1575
f 876 1532 908
f 877 1533 876
f 1226 1225 667
f 442 667 1225
f 976 1533 877
f 977 1610 976
f 1226 667 671
f 1228 671 675
f 1229 1228 690
f 675 690 1228
f 686 1229 690
f 1614 1615 1525
f 1527 1525 1615
f 1615 1616 1527
f 1528 1527 1616
f 1415 1413 1617
f 1501 1491 1618
f 1487 1530 1616
f 1619 1415 1617
f 1620 1439 1619
f 1621 67 1622
f 1449 1446 1588
f 1439 1620 1441
f 265 278 332
f 1623 68 1624
f 1411 1513 1410
f 1413 1410 1618
f 1618 1617 1413
f 1416 1619 1433
f 1588 1446 1620
f 1415 1619 1416
f 1422 1444 1419
f 1420 1419 1444
f 1444 1422 1425
f 1444 1425 1426
f 1444 1426 1431
f 1437 1444 1431
f 1421 1420 1444
f 1444 1515 1421
f 1625 1626 1627
f 1625 1628 1609
f 1607 1609 1628
f 1627 1628 1625
f 1626 1629 1627
f 1630 1627 1629
f 1427 1429 1411
f 1429 1513 1411
f 1629 1631 1630
f 1632 1630 1631
f 1632 1631 1622
f 1631 1623 1622
f 1623 1624 1622
f 1621 1622 1624
f 59 61 1582
f 1575 1582 61
f 1433 1619 1434
f 1434 1619 1439
f 67 1621 1624
f 67 1624 68
f 1441 1620 1443
f 1443 1620 1446
f 332 785 1588
f 1452 1588 785
f 1458 1452 785
f 1423 1421 1515
f 1462 1515 1451
f 1444 1451 1515
f 1473 1423 1515
f 1466 1482 1465
f 1466 1477 1478
f 1466 1478 1480
f 1466 1480 1481
f 1466 1481 1482
f 1496 1465 1482
f 1473 1465 1496
f 1616 1618 1486
f 1488 1486 1618
f 1491 1488 1618
f 1618 1503 1501
f 1618 1410 1503
f 1506 1503 1410
f 1513 1506 1410
f 1465 1473 1469
f 1515 1469 1473
f 1519 776 1614
f 1583 1614 776
f 1525 1519 1614
f 1528 1616 1530
f 1487 1616 1486
f 1617 1034 1035
f 1617 1035 1619
f 1035 1039 1620
f 1035 1620 1619
f 1039 1042 1588
f 1039 1588 1620
f 332 1588 1046
f 1042 1046 1588
f 340 265 333
f 1046 333 332
f 1533 1610 1607
f 1532 1607 1628
f 1533 1607 1532
f 1532 1628 1563
f 1627 1563 1628
f 1627 1630 1606
f 1627 1606 1563
f 1586 1606 1632
f 1630 1632 1606
f 1583 1586 1622
f 1632 1622 1586
f 69 1614 67
f 1614 1583 67
f 1622 67 1583
f 989 1615 72
f 1615 1614 72
f 69 72 1614
f 1616 1615 1054
f 989 1054 1615
f 1618 1616 1056
f 1054 1056 1616
f 1617 1618 1056
f 1617 1056 1034
f 1032 712 702
f 1057 712 1032
f 712 1057 657
f 1053 657 1057
f 1053 1009 657
f 655 657 1009
f 655 73 654
f 71 654 73
f 1009 73 655
f 70 654 71
f 654 68 662
f 1623 662 68
f 70 68 654
f 1631 666 1623
f 662 1623 666
f 666 1631 670
f 1631 1629 670
f 670 1626 674
f 1629 1626 670
f 1625 688 1626
f 674 1626 688
f 688 1625 689
f 1609 689 1625
f 1609 687 689
f 420 408 1045
f 408 837 1045
f 420 1045 693
f 693 1045 1043
f 694 693 1038
f 1038 693 1043
f 694 1033 697
f 694 1038 1033
f 702 697 1033
f 702 1033 1032
f 686 1231 1229
f 685 1112 686
f 1176 1111 685
f 724 1177 685
f 1181 1177 724
f 725 1182 724
f 728 1232 725
f 1233 1232 729
f 729 1232 728
f 736 1234 729
f 1146 1295 1408
f 352 1408 1404
f 1414 1404 1408
f 352 354 1408
f 1234 736 738
f 1235 738 1217
f 410 1348 739
f 410 406 1333
f 1633 1634 1635
f 1634 1633 1636
f 1636 1637 1638
f 1639 1638 1637
f 1640 1641 1642
f 1643 1635 1634
f 1637 1636 1633
f 1639 1644 1638
f 1639 1645 1644
f 1646 1644 1645
f 1647 1648 1646
f 1645 1647 1646
f 1649 1646 1648
f 1648 1650 1649
f 1651 1652 1653
f 1654 1653 1652
f 1653 1649 1650
f 1651 1653 1650
f 1655 1656 1657
f 1643 1640 1658
f 1658 1635 1643
f 1659 1660 1661
f 1657 1662 1663
f 1664 1663 1665
f 1654 1655 1657
f 1665 1666 1664
f 1667 1664 1666
f 1666 1668 1667
f 1669 1667 1668
f 1668 1659 1669
f 1641 1669 1659
f 1661 1642 1659
f 1642 1658 1640
f 1659 1642 1641
f 1670 1671 1672
f 1672 1673 1674
f 1675 1661 1660
f 1660 1674 1676
f 1676 1675 1660
f 1677 1678 1679
f 1679 1678 1670
f 1671 1670 1678
f 1665 1663 1662
f 1662 1657 1656
f 1652 1655 1654
f 1676 1674 1673
f 1671 1673 1672
f 1561 1635 1658
f 1561 1658 1539
f 1680 1633 1635
f 1680 1635 1561
f 1680 1681 1633
f 1681 1540 1637
f 1681 1637 1633
f 1682 1639 1683
f 1637 1683 1639
f 1540 1683 1637
f 1682 1684 1639
f 1685 1686 1643
f 1685 1643 1634
f 1687 1685 1634
f 1687 1634 1636
f 1687 1636 1638
f 1687 1638 1688
f 1688 1638 1689
f 1641 1640 1690
f 1691 1690 1640
f 1643 1686 1691
f 1643 1691 1640
f 1684 1692 1645
f 1684 1645 1639
f 1645 1692 1693
f 1693 1694 1645
f 1695 1647 1694
f 1645 1694 1647
f 1695 1696 1647
f 1697 1648 1696
f 1698 1689 1644
f 1638 1644 1689
f 1698 1644 1646
f 1698 1646 1699
f 1699 1646 1649
f 1699 1649 1700
f 1700 1649 1653
f 1700 1653 1701
f 1701 1653 1654
f 1701 1654 1702
f 1702 1654 1657
f 1702 1657 1703
f 1703 1657 1704
f 1697 1705 1648
f 1647 1696 1648
f 1705 1706 1650
f 1705 1650 1648
f 1706 1707 1651
f 1706 1651 1650
f 1707 1708 1652
f 1707 1652 1651
f 1708 1709 1655
f 1708 1655 1652
f 1655 1709 1710
f 1557 1675 1711
f 1558 1661 1675
f 1558 1675 1557
f 1559 1642 1661
f 1559 1661 1558
f 1658 1642 1559
f 1658 1559 1539
f 1712 1665 1713
f 1714 1666 1665
f 1714 1665 1712
f 1715 1666 1714
f 1716 1717 1659
f 1718 1666 1715
f 1666 1718 1668
f 1719 1668 1718
f 1720 1716 1659
f 1720 1659 1668
f 1720 1668 1719
f 1721 1704 1663
f 1657 1663 1704
f 1722 1721 1663
f 1722 1663 1664
f 1723 1722 1664
f 1723 1664 1667
f 1724 1723 1667
f 1724 1667 1669
f 1725 1724 1669
f 1725 1669 1641
f 1690 1725 1641
f 1711 1675 1726
f 1676 1726 1675
f 1727 1679 1670
f 1727 1670 1728
f 1727 1729 1679
f 1730 1728 1670
f 1730 1670 1672
f 1731 1730 1672
f 1731 1672 1674
f 1732 1731 1674
f 1732 1674 1660
f 1717 1732 1660
f 1717 1660 1659
f 1677 1733 1734
f 1677 1734 1678
f 1735 1678 1734
f 1735 1736 1678
f 1671 1678 1736
f 1737 1733 1677
f 1710 1738 1656
f 1710 1656 1655
f 1679 1729 1677
f 1737 1677 1729
f 1738 1739 1662
f 1738 1662 1656
f 1739 1713 1662
f 1665 1662 1713
f 1740 1671 1736
f 1741 1673 1671
f 1741 1671 1740
f 1742 1676 1673
f 1742 1673 1741
f 1676 1742 1726
f 1743 1734 1744
f 1733 1739 1744
f 1745 1744 1710
f 1745 1710 1709
f 1745 1709 1708
f 1745 1708 1707
f 1706 1705 1746
f 1706 1746 1707
f 1745 1707 1746
f 1743 1747 1741
f 1610 621 1213
f 1533 976 1610
f 1559 584 1539
f 1558 531 1559
f 1747 1213 1742
f 1557 578 1558
f 1693 1692 1591
f 1692 1684 1591
f 1162 1540 55
f 1681 564 1540
f 1748 1540 1162
f 1561 564 1680
f 1539 601 1561
f 1680 564 1681
f 1683 1540 1748
f 1682 1683 1748
f 1748 1591 1682
f 1690 1691 1686
f 1690 1686 1685
f 1690 1685 1687
f 1690 1687 1688
f 1689 1698 1690
f 1688 1689 1690
f 1684 1682 1591
f 1694 1591 1695
f 1693 1591 1694
f 1696 1695 1746
f 1591 1746 1695
f 1699 1690 1698
f 1701 1702 1690
f 1702 1703 1690
f 1725 1690 1703
f 1704 1723 1703
f 1697 1696 1746
f 1705 1697 1746
f 1711 1213 1557
f 1714 1727 1715
f 1717 1716 1719
f 1731 1732 1718
f 1715 1731 1718
f 1716 1720 1719
f 1722 1723 1721
f 1704 1721 1723
f 1724 1703 1723
f 1725 1703 1724
f 1699 1700 1690
f 1700 1701 1690
f 1742 1213 1726
f 1728 1730 1727
f 1730 1731 1727
f 1717 1719 1732
f 1719 1718 1732
f 1731 1715 1727
f 1712 1729 1714
f 1727 1714 1729
f 1733 1744 1734
f 1737 1739 1733
f 1710 1744 1738
f 1737 1729 1712
f 1738 1744 1739
f 1739 1737 1713
f 1713 1737 1712
f 1735 1743 1736
f 1740 1736 1743
f 1735 1734 1743
f 1741 1740 1743
f 1741 1747 1742
f 1726 1213 1711
f 247 817 1162
f 1202 1589 1748
f 1202 1748 1162
f 1589 1591 1748
f 1591 1592 1746
f 1592 1600 1745
f 1592 1745 1746
f 1745 1600 1601
f 1745 1601 1744
f 1743 1744 1602
f 1601 1602 1744
f 1743 1602 1747
f 1593 1747 1602
f 1213 1747 1214
f 1593 1214 1747
f 1610 1213 1282
f 1212 1282 1213
f 1608 1607 1610
f 1613 687 1609
f 687 1237 723
f 1281 723 1236
f 1613 1237 687
f 723 1280 726
f 1596 726 1280
f 1281 1280 723
f 2 726 1596
f 3 2 1596