# https://github.com/mikedh/trimesh
v 0.02753349 -0.00000000 0.01322032
v 0.02716899 -0.00461289 0.01322032
v 0.02688854 -0.00456630 0.01391656
v 0.02724900 -0.00000000 0.01391656
v 0.02677822 -0.00454823 0.01445799
v 0.02713746 -0.00000000 0.01445799
v 0.02681459 -0.00455425 0.01484462
v 0.02717424 -0.00000000 0.01484462
v 0.02697380 -0.00458036 0.01507683
v 0.02733548 -0.00000000 0.01507683
v 0.02723162 -0.00462293 0.01515423
v 0.02759653 -0.00000000 0.01515423
v 0.02756420 -0.00467795 0.01507683
v 0.02793355 -0.00000000 0.01507683
v 0.02794769 -0.00474140 0.01484462
v 0.02832189 -0.00000000 0.01484462
v 0.02835786 -0.00480927 0.01445799
v 0.02873771 -0.00000000 0.01445799
v 0.02877125 -0.00487755 0.01391656
v 0.02915636 -0.00000000 0.01391656
v 0.02916364 -0.00494221 0.01322032
v 0.02955400 -0.00000000 0.01322032
v 0.02611226 -0.00896914 0.01322032
v 0.02584231 -0.00887878 0.01391656
v 0.02573604 -0.00884344 0.01445799
v 0.02577119 -0.00885509 0.01484462
v 0.02592435 -0.00890609 0.01507683
v 0.02617246 -0.00898922 0.01515423
v 0.02649211 -0.00909605 0.01507683
v 0.02686106 -0.00921895 0.01484462
v 0.02725587 -0.00935107 0.01445799
v 0.02765391 -0.00948361 0.01391656
v 0.02803134 -0.00960971 0.01322032
v 0.02441745 -0.01301496 0.01322032
v 0.02416448 -0.01288403 0.01391656
v 0.02406507 -0.01283303 0.01445799
v 0.02409780 -0.01284990 0.01484462
v 0.02424126 -0.01292379 0.01507683
v 0.02447362 -0.01304428 0.01515423
v 0.02477346 -0.01319930 0.01507683
v 0.02511897 -0.01337801 0.01484462
v 0.02548913 -0.01356918 0.01445799
v 0.02586171 -0.01376195 0.01391656
v 0.02621530 -0.01394468 0.01322032
v 0.02213871 -0.01669651 0.01322032
v 0.02190837 -0.01652864 0.01391656
v 0.02181825 -0.01646277 0.01445799
v 0.02184775 -0.01648486 0.01484462
v 0.02197828 -0.01657964 0.01507683
v 0.02218962 -0.01673386 0.01515423
v 0.02246240 -0.01693266 0.01507683
v 0.02277679 -0.01716198 0.01484462
v 0.02311300 -0.01740736 0.01445799
v 0.02345204 -0.01765475 0.01391656
v 0.02377371 -0.01788929 0.01322032
v 0.01933019 -0.01995999 0.01322032
v 0.01912814 -0.01975919 0.01391656
v 0.01904893 -0.01968047 0.01445799
v 0.01907520 -0.01970658 0.01484462
v 0.01918956 -0.01982023 0.01507683
v 0.01937505 -0.02000457 0.01515423
v 0.01961428 -0.02024232 0.01507683
v 0.01988987 -0.02051622 0.01484462
v 0.02018527 -0.02080980 0.01445799
v 0.02048269 -0.02110538 0.01391656
v 0.02076476 -0.02138570 0.01322032
v 0.01604645 -0.02275118 0.01322032
v 0.01587753 -0.02252226 0.01391656
v 0.01581126 -0.02243270 0.01445799
v 0.01583349 -0.02246202 0.01484462
v 0.01592886 -0.02259173 0.01507683
v 0.01608403 -0.02280178 0.01515423
v 0.01628406 -0.02307287 0.01507683
v 0.01651480 -0.02338532 0.01484462
v 0.01676171 -0.02371946 0.01445799
v 0.01701064 -0.02405640 0.01391656
v 0.01724664 -0.02437609 0.01322032
v 0.01234203 -0.02501585 0.01322032
v 0.01221030 -0.02476444 0.01391656
v 0.01215857 -0.02466565 0.01445799
v 0.01217595 -0.02469818 0.01484462
v 0.01225030 -0.02484075 0.01507683
v 0.01237153 -0.02507167 0.01515423
v 0.01252752 -0.02536967 0.01507683
v 0.01270734 -0.02571305 0.01484462
v 0.01289970 -0.02608092 0.01445799
v 0.01309367 -0.02645120 0.01391656
v 0.01327753 -0.02680261 0.01322032
v 0.00827110 -0.02670020 0.01322032
v 0.00818017 -0.02643193 0.01391656
v 0.00814462 -0.02632630 0.01445799
v 0.00815633 -0.02636124 0.01484462
v 0.00820765 -0.02651345 0.01507683
v 0.00829131 -0.02676004 0.01515423
v 0.00839880 -0.02707771 0.01507683
v 0.00852245 -0.02744438 0.01484462
v 0.00865540 -0.02783676 0.01445799
v 0.00878875 -0.02823234 0.01391656
v 0.00891564 -0.02860744 0.01322032
v 0.00388779 -0.02775041 0.01322032
v 0.00384092 -0.02747169 0.01391656
v 0.00382273 -0.02736205 0.01445799
v 0.00382879 -0.02739820 0.01484462
v 0.00385506 -0.02755643 0.01507683
v 0.00389789 -0.02781266 0.01515423
v 0.00395326 -0.02814319 0.01507683
v 0.00401710 -0.02852431 0.01484462
v 0.00408540 -0.02893195 0.01445799
v 0.00415410 -0.02934279 0.01391656
v 0.00421916 -0.02973275 0.01322032
v -0.00075374 -0.02811266 0.01322032
v -0.00075374 -0.02782993 0.01391656
v -0.00075374 -0.02771908 0.01445799
v -0.00075374 -0.02775563 0.01484462
v -0.00075374 -0.02791587 0.01507683
v -0.00075374 -0.02817531 0.01515423
v -0.00075374 -0.02851026 0.01507683
v -0.00075374 -0.02889620 0.01484462
v -0.00075374 -0.02930946 0.01445799
v -0.00075374 -0.02972553 0.01391656
v -0.00075374 -0.03012071 0.01322032
v -0.00583695 -0.02775041 0.01322032
v -0.00567046 -0.02747169 0.01391656
v -0.00555650 -0.02736205 0.01445799
v -0.00548781 -0.02739820 0.01484462
v -0.00545790 -0.02755643 0.01507683
v -0.00546073 -0.02781266 0.01515423
v -0.00548902 -0.02814319 0.01507683
v -0.00553630 -0.02852431 0.01484462
v -0.00559611 -0.02893195 0.01445799
v -0.00566197 -0.02934279 0.01391656
v -0.00572663 -0.02973275 0.01322032
v -0.01047686 -0.02670020 0.01322032
v -0.01019682 -0.02643193 0.01391656
v -0.01000972 -0.02632630 0.01445799
v -0.00990344 -0.02636124 0.01484462
v -0.00986627 -0.02651345 0.01507683
v -0.00988607 -0.02676004 0.01515423
v -0.00995072 -0.02707771 0.01507683
v -0.01004892 -0.02744438 0.01484462
v -0.01016813 -0.02783676 0.01445799
v -0.01029704 -0.02823234 0.01391656
v -0.01042312 -0.02860744 0.01322032
v -0.01465165 -0.02501585 0.01322032
v -0.01430251 -0.02476444 0.01391656
v -0.01407702 -0.02466565 0.01445799
v -0.01395821 -0.02469818 0.01484462
v -0.01393114 -0.02484075 0.01507683
v -0.01397923 -0.02507167 0.01515423
v -0.01408631 -0.02536967 0.01507683
v -0.01423624 -0.02571305 0.01484462
v -0.01441364 -0.02608092 0.01445799
v -0.01460195 -0.02645120 0.01391656
v -0.01478501 -0.02680261 0.01322032
v -0.01833950 -0.02275118 0.01322032
v -0.01795803 -0.02252226 0.01391656
v -0.01772122 -0.02243270 0.01445799
v -0.01761009 -0.02246202 0.01484462
v -0.01760605 -0.02259173 0.01507683
v -0.01768970 -0.02280178 0.01515423
v -0.01784205 -0.02307287 0.01507683
v -0.01804370 -0.02338532 0.01484462
v -0.01827565 -0.02371946 0.01445799
v -0.01851892 -0.02405640 0.01391656
v -0.01875411 -0.02437609 0.01322032
v -0.02151939 -0.01995999 0.01322032
v -0.02113306 -0.01975919 0.01391656
v -0.02090556 -0.01968047 0.01445799
v -0.02081665 -0.01970658 0.01484462
v -0.02084454 -0.01982023 0.01507683
v -0.02096779 -0.02000457 0.01515423
v -0.02116539 -0.02024232 0.01507683
v -0.02141594 -0.02051622 0.01484462
v -0.02169800 -0.02080980 0.01445799
v -0.02199057 -0.02110538 0.01391656
v -0.02227223 -0.02138570 0.01322032
v -0.02416990 -0.01669651 0.01322032
v -0.02379772 -0.01652864 0.01391656
v -0.02359365 -0.01646277 0.01445799
v -0.02353506 -0.01648486 0.01484462
v -0.02359890 -0.01657964 0.01507683
v -0.02376257 -0.01673386 0.01515423
v -0.02400341 -0.01693266 0.01507683
v -0.02429841 -0.01716198 0.01484462
v -0.02462492 -0.01740736 0.01445799
v -0.02495992 -0.01765475 0.01391656
v -0.02528119 -0.01788929 0.01322032
v -0.02626841 -0.01301496 0.01322032
v -0.02592250 -0.01288403 0.01391656
v -0.02574833 -0.01283263 0.01445799
v -0.02572327 -0.01284990 0.01484462
v -0.02582268 -0.01292379 0.01507683
v -0.02602392 -0.01304428 0.01515423
v -0.02630276 -0.01319930 0.01507683
v -0.02663574 -0.01337801 0.01484462
v -0.02699903 -0.01356918 0.01445799
v -0.02736919 -0.01376195 0.01391656
v -0.02772278 -0.01394468 0.01322032
v -0.02779430 -0.00896914 0.01322032
v -0.02747708 -0.00887878 0.01391656
v -0.02733322 -0.00884344 0.01445799
v -0.02733847 -0.00885509 0.01484462
v -0.02746941 -0.00890609 0.01507683
v -0.02770176 -0.00898922 0.01515423
v -0.02801090 -0.00909605 0.01507683
v -0.02837338 -0.00921895 0.01484462
v -0.02876496 -0.00935107 0.01445799
v -0.02916138 -0.00948361 0.01391656
v -0.02953882 -0.00960971 0.01322032
v -0.02872576 -0.00461289 0.01322032
v -0.02843157 -0.00456630 0.01391656
v -0.02831075 -0.00454823 0.01445799
v -0.02833903 -0.00455425 0.01484462
v -0.02849179 -0.00458036 0.01507683
v -0.02874516 -0.00462293 0.01515423
v -0.02907450 -0.00467795 0.01507683
v -0.02945638 -0.00474140 0.01484462
v -0.02986574 -0.00480927 0.01445799
v -0.03027873 -0.00487755 0.01391656
v -0.03067111 -0.00494221 0.01322032
v -0.02904096 -0.00000000 0.01322032
v -0.02875647 -0.00000000 0.01391656
v -0.02864494 -0.00000000 0.01445799
v -0.02868171 -0.00000000 0.01484462
v -0.02884295 -0.00000000 0.01507683
v -0.02910400 -0.00000000 0.01515423
v -0.02944102 -0.00000000 0.01507683
v -0.02982937 -0.00000000 0.01484462
v -0.03024519 -0.00000000 0.01445799
v -0.03066384 -0.00000000 0.01391656
v -0.03106148 -0.00000000 0.01322032
v -0.02867646 0.00461289 0.01322032
v -0.02839601 0.00456630 0.01391656
v -0.02828569 0.00454823 0.01445799
v -0.02832206 0.00455425 0.01484462
v -0.02848128 0.00458036 0.01507683
v -0.02873910 0.00462293 0.01515423
v -0.02907167 0.00467795 0.01507683
v -0.02945517 0.00474140 0.01484462
v -0.02986533 0.00480927 0.01445799
v -0.03027873 0.00487755 0.01391656
v -0.03067111 0.00494221 0.01322032
v -0.02761973 0.00896914 0.01322032
v -0.02734979 0.00887878 0.01391656
v -0.02724351 0.00884344 0.01445799
v -0.02727867 0.00885509 0.01484462
v -0.02743182 0.00890609 0.01507683
v -0.02767994 0.00898923 0.01515423
v -0.02799959 0.00909605 0.01507683
v -0.02836853 0.00921895 0.01484462
v -0.02876334 0.00935107 0.01445799
v -0.02916138 0.00948361 0.01391656
v -0.02953882 0.00960971 0.01322032
v -0.02592492 0.01301496 0.01322032
v -0.02567195 0.01288403 0.01391656
v -0.02557254 0.01283303 0.01445799
v -0.02560527 0.01284990 0.01484462
v -0.02574873 0.01292379 0.01507683
v -0.02598109 0.01304427 0.01515423
v -0.02628094 0.01319930 0.01507683
v -0.02662644 0.01337801 0.01484462
v -0.02699661 0.01356918 0.01445799
v -0.02736919 0.01376195 0.01391656
v -0.02772278 0.01394468 0.01322032
v -0.02364618 0.01669651 0.01322032
v -0.02341584 0.01652864 0.01391656
v -0.02332573 0.01646277 0.01445799
v -0.02335523 0.01648486 0.01484462
v -0.02348575 0.01657964 0.01507683
v -0.02369710 0.01673386 0.01515423
v -0.02396987 0.01693266 0.01507683
v -0.02428426 0.01716197 0.01484462
v -0.02462048 0.01740736 0.01445799
v -0.02495952 0.01765475 0.01391656
v -0.02528119 0.01788929 0.01322032
v -0.02083767 0.01995999 0.01322032
v -0.02063562 0.01975918 0.01391656
v -0.02055641 0.01968047 0.01445799
v -0.02058268 0.01970657 0.01484462
v -0.02069704 0.01982023 0.01507683
v -0.02088252 0.02000457 0.01515423
v -0.02112175 0.02024232 0.01507683
v -0.02139735 0.02051622 0.01484462
v -0.02169275 0.02080980 0.01445799
v -0.02199017 0.02110538 0.01391656
v -0.02227223 0.02138571 0.01322032
v -0.01755392 0.02275117 0.01322032
v -0.01738501 0.02252226 0.01391656
v -0.01731873 0.02243270 0.01445799
v -0.01734096 0.02246202 0.01484462
v -0.01743633 0.02259173 0.01507683
v -0.01759150 0.02280178 0.01515423
v -0.01779154 0.02307286 0.01507683
v -0.01802228 0.02338532 0.01484462
v -0.01826919 0.02371945 0.01445799
v -0.01851811 0.02405640 0.01391656
v -0.01875411 0.02437609 0.01322032
v -0.01384951 0.02501585 0.01322032
v -0.01371777 0.02476444 0.01391656
v -0.01366605 0.02466565 0.01445799
v -0.01368342 0.02469818 0.01484462
v -0.01375778 0.02484075 0.01507683
v -0.01387901 0.02507167 0.01515423
v -0.01403499 0.02536967 0.01507683
v -0.01421482 0.02571304 0.01484462
v -0.01440717 0.02608092 0.01445799
v -0.01460114 0.02645120 0.01391656
v -0.01478501 0.02680261 0.01322032
v -0.00977857 0.02670020 0.01322032
v -0.00968765 0.02643192 0.01391656
v -0.00965209 0.02632630 0.01445799
v -0.00966381 0.02636124 0.01484462
v -0.00971513 0.02651345 0.01507683
v -0.00979878 0.02676004 0.01515423
v -0.00990627 0.02707771 0.01507683
v -0.01002993 0.02744438 0.01484462
v -0.01016288 0.02783676 0.01445799
v -0.01029623 0.02823234 0.01391656
v -0.01042312 0.02860744 0.01322032
v -0.00539527 0.02775041 0.01322032
v -0.00534839 0.02747169 0.01391656
v -0.00533021 0.02736205 0.01445799
v -0.00533627 0.02739820 0.01484462
v -0.00536253 0.02755643 0.01507683
v -0.00540537 0.02781266 0.01515423
v -0.00546073 0.02814318 0.01507683
v -0.00552458 0.02852431 0.01484462
v -0.00559287 0.02893195 0.01445799
v -0.00566157 0.02934279 0.01391656
v -0.00572663 0.02973276 0.01322032
v -0.00075374 0.02811266 0.01322032
v -0.00075374 0.02782993 0.01391656
v -0.00075374 0.02771908 0.01445799
v -0.00075374 0.02775563 0.01484462
v -0.00075374 0.02791587 0.01507683
v -0.00075374 0.02817531 0.01515423
v -0.00075374 0.02851026 0.01507683
v -0.00075374 0.02889620 0.01484462
v -0.00075374 0.02930946 0.01445799
v -0.00075374 0.02972552 0.01391656
v -0.00075374 0.03012071 0.01322032
v 0.00388779 0.02775041 0.01322032
v 0.00384092 0.02747169 0.01391656
v 0.00382273 0.02736205 0.01445799
v 0.00382879 0.02739820 0.01484462
v 0.00385506 0.02755643 0.01507683
v 0.00389789 0.02781266 0.01515423
v 0.00395326 0.02814318 0.01507683
v 0.00401710 0.02852431 0.01484462
v 0.00408540 0.02893195 0.01445799
v 0.00415410 0.02934279 0.01391656
v 0.00421916 0.02973276 0.01322032
v 0.00827110 0.02670020 0.01322032
v 0.00818017 0.02643192 0.01391656
v 0.00814462 0.02632630 0.01445799
v 0.00815633 0.02636124 0.01484462
v 0.00820765 0.02651345 0.01507683
v 0.00829131 0.02676004 0.01515423
v 0.00839880 0.02707771 0.01507683
v 0.00852245 0.02744438 0.01484462
v 0.00865540 0.02783676 0.01445799
v 0.00878875 0.02823234 0.01391656
v 0.00891564 0.02860744 0.01322032
v 0.01234203 0.02501585 0.01322032
v 0.01221030 0.02476444 0.01391656
v 0.01215898 0.02466565 0.01445799
v 0.01217595 0.02469818 0.01484462
v 0.01225030 0.02484075 0.01507683
v 0.01237153 0.02507167 0.01515423
v 0.01252752 0.02536967 0.01507683
v 0.01270734 0.02571304 0.01484462
v 0.01289970 0.02608092 0.01445799
v 0.01309367 0.02645120 0.01391656
v 0.01327753 0.02680261 0.01322032
v 0.01604645 0.02275117 0.01322032
v 0.01587753 0.02252226 0.01391656
v 0.01581126 0.02243270 0.01445799
v 0.01583349 0.02246202 0.01484462
v 0.01592886 0.02259173 0.01507683
v 0.01608403 0.02280178 0.01515423
v 0.01628406 0.02307286 0.01507683
v 0.01651480 0.02338532 0.01484462
v 0.01676171 0.02371945 0.01445799
v 0.01701064 0.02405640 0.01391656
v 0.01724664 0.02437609 0.01322032
v 0.01933019 0.01995999 0.01322032
v 0.01912814 0.01975918 0.01391656
v 0.01904893 0.01968047 0.01445799
v 0.01907520 0.01970657 0.01484462
v 0.01918956 0.01982023 0.01507683
v 0.01937505 0.02000457 0.01515423
v 0.01961428 0.02024232 0.01507683
v 0.01988987 0.02051622 0.01484462
v 0.02018527 0.02080980 0.01445799
v 0.02048269 0.02110538 0.01391656
v 0.02076476 0.02138571 0.01322032
v 0.02213871 0.01669651 0.01322032
v 0.02190837 0.01652864 0.01391656
v 0.02181825 0.01646277 0.01445799
v 0.02184775 0.01648486 0.01484462
v 0.02197828 0.01657964 0.01507683
v 0.02218962 0.01673386 0.01515423
v 0.02246240 0.01693266 0.01507683
v 0.02277679 0.01716197 0.01484462
v 0.02311300 0.01740736 0.01445799
v 0.02345204 0.01765475 0.01391656
v 0.02377371 0.01788929 0.01322032
v 0.02441745 0.01301496 0.01322032
v 0.02416448 0.01288403 0.01391656
v 0.02406507 0.01283263 0.01445799
v 0.02409780 0.01284990 0.01484462
v 0.02424126 0.01292379 0.01507683
v 0.02447362 0.01304427 0.01515423
v 0.02477346 0.01319930 0.01507683
v 0.02511897 0.01337801 0.01484462
v 0.02548913 0.01356918 0.01445799
v 0.02586171 0.01376195 0.01391656
v 0.02621530 0.01394468 0.01322032
v 0.02611226 0.00896914 0.01322032
v 0.02584231 0.00887878 0.01391656
v 0.02573604 0.00884344 0.01445799
v 0.02577119 0.00885509 0.01484462
v 0.02592435 0.00890609 0.01507683
v 0.02617246 0.00898923 0.01515423
v 0.02649211 0.00909605 0.01507683
v 0.02686106 0.00921895 0.01484462
v 0.02725587 0.00935107 0.01445799
v 0.02765391 0.00948361 0.01391656
v 0.02803134 0.00960971 0.01322032
v 0.02716899 0.00461289 0.01322032
v 0.02688854 0.00456630 0.01391656
v 0.02677822 0.00454823 0.01445799
v 0.02681459 0.00455425 0.01484462
v 0.02697380 0.00458036 0.01507683
v 0.02723162 0.00462293 0.01515423
v 0.02756420 0.00467795 0.01507683
v 0.02794769 0.00474140 0.01484462
v 0.02835786 0.00480927 0.01445799
v 0.02877125 0.00487755 0.01391656
v 0.02916364 0.00494221 0.01322032
v 0.03065437 -0.00518839 0.01012771
v 0.03106414 -0.00000000 0.01012771
v 0.03211561 -0.00542976 0.00704375
v 0.03254436 -0.00000000 0.00704375
v 0.03351664 -0.00566149 0.00397746
v 0.03396398 -0.00000000 0.00397746
v 0.03482796 -0.00587796 0.00093789
v 0.03529227 -0.00000000 0.00093789
v 0.03601966 -0.00607474 -0.00206631
v 0.03649972 -0.00000000 -0.00206631
v 0.03706183 -0.00624704 -0.00502651
v 0.03755524 -0.00000000 -0.00502651
v 0.03792459 -0.00638961 -0.00793366
v 0.03842892 -0.00000000 -0.00793366
v 0.03857762 -0.00649724 -0.01077874
v 0.03909084 -0.00000000 -0.01077874
v 0.03899143 -0.00656591 -0.01355309
v 0.03950989 -0.00000000 -0.01355309
v 0.03913609 -0.00658961 -0.01624807
v 0.03965658 -0.00000000 -0.01624807
v 0.02946591 -0.01008843 0.01012771
v 0.03087138 -0.01055791 0.00704375
v 0.03221947 -0.01100811 0.00397746
v 0.03348148 -0.01142900 0.00093789
v 0.03462792 -0.01181214 -0.00206631
v 0.03563050 -0.01214668 -0.00502651
v 0.03646053 -0.01242379 -0.00793366
v 0.03708891 -0.01263343 -0.01077874
v 0.03748735 -0.01276636 -0.01355309
v 0.03762636 -0.01281295 -0.01624807
v 0.02755935 -0.01463947 0.01012771
v 0.02887632 -0.01532060 0.00704375
v 0.03013914 -0.01597362 0.00397746
v 0.03132155 -0.01658486 0.00093789
v 0.03239566 -0.01714029 -0.00206631
v 0.03333520 -0.01762624 -0.00502651
v 0.03411269 -0.01802825 -0.00793366
v 0.03470147 -0.01833267 -0.01077874
v 0.03507446 -0.01852544 -0.01355309
v 0.03520498 -0.01859291 -0.01624807
v 0.02499612 -0.01878086 0.01012771
v 0.02619388 -0.01965437 0.00704375
v 0.02734235 -0.02049212 0.00397746
v 0.02841767 -0.02127647 0.00093789
v 0.02939478 -0.02198892 -0.00206631
v 0.03024906 -0.02261222 -0.00502651
v 0.03095624 -0.02312788 -0.00793366
v 0.03149167 -0.02351865 -0.01077874
v 0.03183112 -0.02376604 -0.01355309
v 0.03194952 -0.02385239 -0.01624807
v 0.02183725 -0.02245158 0.01012771
v 0.02288792 -0.02349576 0.00704375
v 0.02389575 -0.02449737 0.00397746
v 0.02483893 -0.02543473 0.00093789
v 0.02569603 -0.02628654 -0.00206631
v 0.02644564 -0.02703153 -0.00502651
v 0.02706594 -0.02764800 -0.00793366
v 0.02753591 -0.02811507 -0.01077874
v 0.02783373 -0.02841106 -0.01355309
v 0.02793759 -0.02851427 -0.01624807
v 0.01814375 -0.02559096 0.01012771
v 0.01902267 -0.02678133 0.00704375
v 0.01986563 -0.02792270 0.00397746
v 0.02065484 -0.02899138 0.00093789
v 0.02137172 -0.02996247 -0.00206631
v 0.02199889 -0.03081148 -0.00502651
v 0.02251776 -0.03151429 -0.00793366
v 0.02291095 -0.03204643 -0.01077874
v 0.02315987 -0.03238378 -0.01355309
v 0.02324676 -0.03250145 -0.01624807
v 0.01397663 -0.02813837 0.01012771
v 0.01466199 -0.02944721 0.00704375
v 0.01531906 -0.03070224 0.00397746
v 0.01593411 -0.03187735 0.00093789
v 0.01649298 -0.03294483 -0.00206631
v 0.01698195 -0.03387857 -0.00502651
v 0.01738645 -0.03465127 -0.00793366
v 0.01769276 -0.03523641 -0.01077874
v 0.01788673 -0.03560710 -0.01355309
v 0.01795462 -0.03573682 -0.01624807
v 0.00939733 -0.03003316 0.01012771
v 0.00986973 -0.03142996 0.00704375
v 0.01032273 -0.03276973 0.00397746
v 0.01074623 -0.03402395 0.00093789
v 0.01113134 -0.03516332 -0.00206631
v 0.01146836 -0.03615971 -0.00502651
v 0.01174719 -0.03698462 -0.00793366
v 0.01195814 -0.03760912 -0.01077874
v 0.01209190 -0.03800511 -0.01355309
v 0.01213877 -0.03814326 -0.01624807
v 0.00446687 -0.03121429 0.01012771
v 0.00470974 -0.03266651 0.00704375
v 0.00494291 -0.03405889 0.00397746
v 0.00516072 -0.03536211 0.00093789
v 0.00535873 -0.03654647 -0.00206631
v 0.00553209 -0.03758221 -0.00502651
v 0.00567554 -0.03843964 -0.00793366
v 0.00578384 -0.03908864 -0.01077874
v 0.00585295 -0.03949989 -0.01355309
v 0.00587679 -0.03964367 -0.01624807
v -0.00075374 -0.03162152 0.01012771
v -0.00075374 -0.03309262 0.00704375
v -0.00075374 -0.03450347 0.00397746
v -0.00075374 -0.03582356 0.00093789
v -0.00075374 -0.03702357 -0.00206631
v -0.00075374 -0.03807257 -0.00502651
v -0.00075374 -0.03894086 -0.00793366
v -0.00075374 -0.03959869 -0.01077874
v -0.00075374 -0.04001516 -0.01355309
v -0.00075374 -0.04016094 -0.01624807
v -0.00597435 -0.03121429 0.01012771
v -0.00621721 -0.03266651 0.00704375
v -0.00645038 -0.03405889 0.00397746
v -0.00666819 -0.03536211 0.00093789
v -0.00686620 -0.03654647 -0.00206631
v -0.00703956 -0.03758221 -0.00502651
v -0.00718302 -0.03843964 -0.00793366
v -0.00729132 -0.03908864 -0.01077874
v -0.00736042 -0.03949989 -0.01355309
v -0.00738426 -0.03964367 -0.01624807
v -0.01090481 -0.03003316 0.01012771
v -0.01137721 -0.03142996 0.00704375
v -0.01183021 -0.03276973 0.00397746
v -0.01225371 -0.03402395 0.00093789
v -0.01263922 -0.03516332 -0.00206631
v -0.01297584 -0.03615971 -0.00502651
v -0.01325467 -0.03698462 -0.00793366
v -0.01346561 -0.03760912 -0.01077874
v -0.01359937 -0.03800511 -0.01355309
v -0.01364625 -0.03814326 -0.01624807
v -0.01548411 -0.02813837 0.01012771
v -0.01616947 -0.02944721 0.00704375
v -0.01682654 -0.03070224 0.00397746
v -0.01744158 -0.03187735 0.00093789
v -0.01800046 -0.03294483 -0.00206631
v -0.01848942 -0.03387857 -0.00502651
v -0.01889393 -0.03465127 -0.00793366
v -0.01920024 -0.03523641 -0.01077874
v -0.01939421 -0.03560710 -0.01355309
v -0.01946210 -0.03573682 -0.01624807
v -0.01965122 -0.02559096 0.01012771
v -0.02053014 -0.02678133 0.00704375
v -0.02137310 -0.02792270 0.00397746
v -0.02216232 -0.02899138 0.00093789
v -0.02287920 -0.02996247 -0.00206631
v -0.02350637 -0.03081148 -0.00502651
v -0.02402523 -0.03151429 -0.00793366
v -0.02441842 -0.03204643 -0.01077874
v -0.02466735 -0.03238378 -0.01355309
v -0.02475424 -0.03250145 -0.01624807
v -0.02334472 -0.02245158 0.01012771
v -0.02439539 -0.02349576 0.00704375
v -0.02540322 -0.02449737 0.00397746
v -0.02634640 -0.02543473 0.00093789
v -0.02720350 -0.02628654 -0.00206631
v -0.02795312 -0.02703153 -0.00502651
v -0.02857341 -0.02764800 -0.00793366
v -0.02904338 -0.02811507 -0.01077874
v -0.02934121 -0.02841106 -0.01355309
v -0.02944507 -0.02851427 -0.01624807
v -0.02650360 -0.01878086 0.01012771
v -0.02770136 -0.01965437 0.00704375
v -0.02884982 -0.02049212 0.00397746
v -0.02992514 -0.02127647 0.00093789
v -0.03090226 -0.02198892 -0.00206631
v -0.03175654 -0.02261222 -0.00502651
v -0.03246371 -0.02312788 -0.00793366
v -0.03299915 -0.02351865 -0.01077874
v -0.03333860 -0.02376604 -0.01355309
v -0.03345700 -0.02385239 -0.01624807
v -0.02906682 -0.01463947 0.01012771
v -0.03038380 -0.01532060 0.00704375
v -0.03164662 -0.01597362 0.00397746
v -0.03282902 -0.01658486 0.00093789
v -0.03390313 -0.01714029 -0.00206631
v -0.03484267 -0.01762624 -0.00502651
v -0.03562017 -0.01802825 -0.00793366
v -0.03620895 -0.01833267 -0.01077874
v -0.03658193 -0.01852544 -0.01355309
v -0.03671246 -0.01859291 -0.01624807
v -0.03097338 -0.01008843 0.01012771
v -0.03237886 -0.01055791 0.00704375
v -0.03372694 -0.01100811 0.00397746
v -0.03498895 -0.01142900 0.00093789
v -0.03613540 -0.01181174 -0.00206631
v -0.03713798 -0.01214668 -0.00502651
v -0.03796801 -0.01242379 -0.00793366
v -0.03859639 -0.01263343 -0.01077874
v -0.03899483 -0.01276636 -0.01355309
v -0.03913384 -0.01281295 -0.01624807
v -0.03216185 -0.00518839 0.01012771
v -0.03362309 -0.00542976 0.00704375
v -0.03502411 -0.00566149 0.00397746
v -0.03633543 -0.00587796 0.00093789
v -0.03752713 -0.00607474 -0.00206631
v -0.03856931 -0.00624704 -0.00502651
v -0.03943207 -0.00638961 -0.00793366
v -0.04008510 -0.00649724 -0.01077874
v -0.04049890 -0.00656591 -0.01355309
v -0.04064357 -0.00658961 -0.01624807
v -0.03257161 -0.00000000 0.01012771
v -0.03405184 -0.00000000 0.00704375
v -0.03547145 -0.00000000 0.00397746
v -0.03679974 -0.00000000 0.00093789
v -0.03800720 -0.00000000 -0.00206631
v -0.03906272 -0.00000000 -0.00502651
v -0.03993639 -0.00000000 -0.00793366
v -0.04059831 -0.00000000 -0.01077874
v -0.04101737 -0.00000000 -0.01355309
v -0.04116406 -0.00000000 -0.01624807
v -0.03216185 0.00518839 0.01012771
v -0.03362309 0.00542976 0.00704375
v -0.03502411 0.00566149 0.00397746
v -0.03633543 0.00587796 0.00093789
v -0.03752713 0.00607474 -0.00206631
v -0.03856931 0.00624703 -0.00502651
v -0.03943207 0.00638961 -0.00793366
v -0.04008510 0.00649724 -0.01077874
v -0.04049890 0.00656591 -0.01355309
v -0.04064357 0.00658961 -0.01624807
v -0.03097338 0.01008843 0.01012771
v -0.03237886 0.01055791 0.00704375
v -0.03372694 0.01100811 0.00397746
v -0.03498895 0.01142900 0.00093789
v -0.03613540 0.01181214 -0.00206631
v -0.03713798 0.01214668 -0.00502651
v -0.03796801 0.01242379 -0.00793366
v -0.03859639 0.01263343 -0.01077874
v -0.03899483 0.01276636 -0.01355309
v -0.03913384 0.01281295 -0.01624807
v -0.02906682 0.01463947 0.01012771
v -0.03038380 0.01532060 0.00704375
v -0.03164662 0.01597361 0.00397746
v -0.03282902 0.01658486 0.00093789
v -0.03390313 0.01714029 -0.00206631
v -0.03484267 0.01762624 -0.00502651
v -0.03562017 0.01802825 -0.00793366
v -0.03620895 0.01833267 -0.01077874
v -0.03658193 0.01852544 -0.01355309
v -0.03671246 0.01859291 -0.01624807
v -0.02650360 0.01878087 0.01012771
v -0.02770136 0.01965436 0.00704375
v -0.02884982 0.02049212 0.00397746
v -0.02992514 0.02127646 0.00093789
v -0.03090226 0.02198892 -0.00206631
v -0.03175654 0.02261222 -0.00502651
v -0.03246371 0.02312789 -0.00793366
v -0.03299915 0.02351865 -0.01077874
v -0.03333860 0.02376604 -0.01355309
v -0.03345700 0.02385239 -0.01624807
v -0.02334472 0.02245157 0.01012771
v -0.02439539 0.02349576 0.00704375
v -0.02540322 0.02449737 0.00397746
v -0.02634640 0.02543473 0.00093789
v -0.02720350 0.02628654 -0.00206631
v -0.02795312 0.02703153 -0.00502651
v -0.02857341 0.02764800 -0.00793366
v -0.02904338 0.02811507 -0.01077874
v -0.02934121 0.02841105 -0.01355309
v -0.02944507 0.02851427 -0.01624807
v -0.01965122 0.02559096 0.01012771
v -0.02053014 0.02678133 0.00704375
v -0.02137310 0.02792270 0.00397746
v -0.02216232 0.02899138 0.00093789
v -0.02287920 0.02996247 -0.00206631
v -0.02350637 0.03081148 -0.00502651
v -0.02402523 0.03151429 -0.00793366
v -0.02441842 0.03204643 -0.01077874
v -0.02466735 0.03238378 -0.01355309
v -0.02475424 0.03250145 -0.01624807
v -0.01548411 0.02813837 0.01012771
v -0.01616947 0.02944721 0.00704375
v -0.01682654 0.03070224 0.00397746
v -0.01744158 0.03187735 0.00093789
v -0.01800046 0.03294483 -0.00206631
v -0.01848942 0.03387857 -0.00502651
v -0.01889393 0.03465126 -0.00793366
v -0.01920024 0.03523641 -0.01077874
v -0.01939421 0.03560710 -0.01355309
v -0.01946210 0.03573682 -0.01624807
v -0.01090481 0.03003316 0.01012771
v -0.01137721 0.03142995 0.00704375
v -0.01183021 0.03276972 0.00397746
v -0.01225371 0.03402395 0.00093789
v -0.01263882 0.03516332 -0.00206631
v -0.01297584 0.03615971 -0.00502651
v -0.01325467 0.03698462 -0.00793366
v -0.01346561 0.03760912 -0.01077874
v -0.01359937 0.03800511 -0.01355309
v -0.01364625 0.03814326 -0.01624807
v -0.00597435 0.03121429 0.01012771
v -0.00621721 0.03266651 0.00704375
v -0.00645038 0.03405889 0.00397746
v -0.00666819 0.03536211 0.00093789
v -0.00686620 0.03654646 -0.00206631
v -0.00703956 0.03758221 -0.00502651
v -0.00718302 0.03843965 -0.00793366
v -0.00729132 0.03908865 -0.01077874
v -0.00736042 0.03949990 -0.01355309
v -0.00738426 0.03964367 -0.01624807
v -0.00075374 0.03162153 0.01012771
v -0.00075374 0.03309262 0.00704375
v -0.00075374 0.03450347 0.00397746
v -0.00075374 0.03582356 0.00093789
v -0.00075374 0.03702357 -0.00206631
v -0.00075374 0.03807257 -0.00502651
v -0.00075374 0.03894086 -0.00793366
v -0.00075374 0.03959870 -0.01077874
v -0.00075374 0.04001517 -0.01355309
v -0.00075374 0.04016095 -0.01624807
v 0.00446687 0.03121429 0.01012771
v 0.00470974 0.03266651 0.00704375
v 0.00494291 0.03405889 0.00397746
v 0.00516072 0.03536211 0.00093789
v 0.00535873 0.03654646 -0.00206631
v 0.00553209 0.03758221 -0.00502651
v 0.00567554 0.03843965 -0.00793366
v 0.00578384 0.03908865 -0.01077874
v 0.00585295 0.03949990 -0.01355309
v 0.00587679 0.03964367 -0.01624807
v 0.00939733 0.03003316 0.01012771
v 0.00986973 0.03142995 0.00704375
v 0.01032273 0.03276972 0.00397746
v 0.01074623 0.03402395 0.00093789
v 0.01113175 0.03516332 -0.00206631
v 0.01146836 0.03615971 -0.00502651
v 0.01174719 0.03698462 -0.00793366
v 0.01195814 0.03760912 -0.01077874
v 0.01209190 0.03800511 -0.01355309
v 0.01213877 0.03814326 -0.01624807
v 0.01397663 0.02813837 0.01012771
v 0.01466199 0.02944721 0.00704375
v 0.01531906 0.03070224 0.00397746
v 0.01593411 0.03187735 0.00093789
v 0.01649298 0.03294483 -0.00206631
v 0.01698195 0.03387857 -0.00502651
v 0.01738645 0.03465126 -0.00793366
v 0.01769276 0.03523641 -0.01077874
v 0.01788673 0.03560710 -0.01355309
v 0.01795462 0.03573682 -0.01624807
v 0.01814375 0.02559096 0.01012771
v 0.01902267 0.02678133 0.00704375
v 0.01986563 0.02792270 0.00397746
v 0.02065484 0.02899138 0.00093789
v 0.02137172 0.02996247 -0.00206631
v 0.02199889 0.03081148 -0.00502651
v 0.02251776 0.03151429 -0.00793366
v 0.02291095 0.03204643 -0.01077874
v 0.02315987 0.03238378 -0.01355309
v 0.02324676 0.03250145 -0.01624807
v 0.02183725 0.02245157 0.01012771
v 0.02288792 0.02349576 0.00704375
v 0.02389575 0.02449737 0.00397746
v 0.02483893 0.02543473 0.00093789
v 0.02569603 0.02628654 -0.00206631
v 0.02644564 0.02703153 -0.00502651
v 0.02706594 0.02764800 -0.00793366
v 0.02753591 0.02811507 -0.01077874
v 0.02783373 0.02841105 -0.01355309
v 0.02793759 0.02851427 -0.01624807
v 0.02499612 0.01878087 0.01012771
v 0.02619388 0.01965436 0.00704375
v 0.02734235 0.02049212 0.00397746
v 0.02841767 0.02127646 0.00093789
v 0.02939478 0.02198892 -0.00206631
v 0.03024906 0.02261222 -0.00502651
v 0.03095624 0.02312789 -0.00793366
v 0.03149167 0.02351865 -0.01077874
v 0.03183112 0.02376604 -0.01355309
v 0.03194952 0.02385239 -0.01624807
v 0.02755935 0.01463947 0.01012771
v 0.02887632 0.01532060 0.00704375
v 0.03013914 0.01597361 0.00397746
v 0.03132155 0.01658486 0.00093789
v 0.03239566 0.01714029 -0.00206631
v 0.03333520 0.01762624 -0.00502651
v 0.03411269 0.01802825 -0.00793366
v 0.03470147 0.01833267 -0.01077874
v 0.03507446 0.01852544 -0.01355309
v 0.03520498 0.01859291 -0.01624807
v 0.02946591 0.01008843 0.01012771
v 0.03087138 0.01055791 0.00704375
v 0.03221947 0.01100811 0.00397746
v 0.03348148 0.01142900 0.00093789
v 0.03462792 0.01181173 -0.00206631
v 0.03563050 0.01214668 -0.00502651
v 0.03646053 0.01242379 -0.00793366
v 0.03708891 0.01263343 -0.01077874
v 0.03748735 0.01276636 -0.01355309
v 0.03762636 0.01281295 -0.01624807
v 0.03065437 0.00518839 0.01012771
v 0.03211561 0.00542976 0.00704375
v 0.03351664 0.00566149 0.00397746
v 0.03482796 0.00587796 0.00093789
v 0.03601966 0.00607474 -0.00206631
v 0.03706183 0.00624703 -0.00502651
v 0.03792459 0.00638961 -0.00793366
v 0.03857762 0.00649724 -0.01077874
v 0.03899143 0.00656591 -0.01355309
v 0.03913609 0.00658961 -0.01624807
v 0.03885686 -0.00654342 -0.01876899
v 0.03937371 -0.00000000 -0.01876899
v 0.03809876 -0.00641812 -0.02103374
v 0.03860591 -0.00000000 -0.02103374
v 0.03698223 -0.00623378 -0.02305095
v 0.03747442 -0.00000000 -0.02305095
v 0.03562565 -0.00600968 -0.02482927
v 0.03610047 -0.00000000 -0.02482927
v 0.03414986 -0.00576591 -0.02637773
v 0.03460529 -0.00000000 -0.02637773
v 0.03267409 -0.00552213 -0.02770538
v 0.03311011 -0.00000000 -0.02770538
v 0.03131751 -0.00529803 -0.02882086
v 0.03173616 -0.00000000 -0.02882086
v 0.03020097 -0.00511369 -0.02973281
v 0.03060467 -0.00000000 -0.02973281
v 0.02944287 -0.00498839 -0.03045026
v 0.02983687 -0.00000000 -0.03045026
v 0.02916364 -0.00494221 -0.03098227
v 0.02955400 -0.00000000 -0.03098227
v 0.03735764 -0.01272339 -0.01876899
v 0.03662864 -0.01247961 -0.02103374
v 0.03555372 -0.01212097 -0.02305095
v 0.03424887 -0.01168523 -0.02482927
v 0.03282885 -0.01121133 -0.02637773
v 0.03140884 -0.01073743 -0.02770538
v 0.03010399 -0.01030168 -0.02882086
v 0.02902907 -0.00994305 -0.02973281
v 0.02830007 -0.00969927 -0.03045026
v 0.02803134 -0.00960971 -0.03098227
v 0.03495322 -0.01846279 -0.01876899
v 0.03426988 -0.01810937 -0.02103374
v 0.03326326 -0.01758889 -0.02305095
v 0.03204045 -0.01695676 -0.02482927
v 0.03071014 -0.01626880 -0.02637773
v 0.02937984 -0.01558084 -0.02770538
v 0.02815702 -0.01494871 -0.02882086
v 0.02715040 -0.01442822 -0.02973281
v 0.02646706 -0.01407481 -0.03045026
v 0.02621530 -0.01394468 -0.03098227
v 0.03172080 -0.02368532 -0.01876899
v 0.03109929 -0.02323231 -0.02103374
v 0.03018359 -0.02256443 -0.02305095
v 0.02907150 -0.02175358 -0.02482927
v 0.02786162 -0.02087084 -0.02637773
v 0.02665173 -0.01998851 -0.02770538
v 0.02553964 -0.01917725 -0.02882086
v 0.02462394 -0.01850938 -0.02973281
v 0.02400284 -0.01805636 -0.03045026
v 0.02377371 -0.01788929 -0.03098227
v 0.02773675 -0.02831467 -0.01876899
v 0.02719161 -0.02777290 -0.02103374
v 0.02638826 -0.02697450 -0.02305095
v 0.02541275 -0.02600502 -0.02482927
v 0.02435117 -0.02494999 -0.02637773
v 0.02328959 -0.02389496 -0.02770538
v 0.02231409 -0.02292547 -0.02882086
v 0.02151073 -0.02212708 -0.02973281
v 0.02096559 -0.02158530 -0.03045026
v 0.02076476 -0.02138570 -0.03098227
v 0.02307865 -0.03227374 -0.01876899
v 0.02262282 -0.03165647 -0.02103374
v 0.02195080 -0.03074642 -0.02305095
v 0.02113492 -0.02964119 -0.02482927
v 0.02024670 -0.02843877 -0.02637773
v 0.01935848 -0.02723635 -0.02770538
v 0.01854260 -0.02613112 -0.02882086
v 0.01787057 -0.02522107 -0.02973281
v 0.01741474 -0.02460340 -0.03045026
v 0.01724664 -0.02437609 -0.03098227
v 0.01782369 -0.03548661 -0.01876899
v 0.01746808 -0.03480749 -0.02103374
v 0.01694437 -0.03380708 -0.02305095
v 0.01630831 -0.03259181 -0.02482927
v 0.01561608 -0.03126971 -0.02637773
v 0.01492385 -0.02994762 -0.02770538
v 0.01428779 -0.02873235 -0.02882086
v 0.01376407 -0.02773194 -0.02973281
v 0.01340846 -0.02705281 -0.03045026
v 0.01327753 -0.02680261 -0.03098227
v 0.01204866 -0.03787619 -0.01876899
v 0.01180337 -0.03715168 -0.02103374
v 0.01144250 -0.03608341 -0.02305095
v 0.01100405 -0.03478661 -0.02482927
v 0.01052721 -0.03337535 -0.02637773
v 0.01005036 -0.03196410 -0.02770538
v 0.00961191 -0.03066730 -0.02882086
v 0.00925064 -0.02959902 -0.02973281
v 0.00900576 -0.02887451 -0.03045026
v 0.00891564 -0.02860744 -0.03098227
v 0.00583032 -0.03936616 -0.01876899
v 0.00570423 -0.03861274 -0.02103374
v 0.00551875 -0.03750309 -0.02305095
v 0.00529326 -0.03615489 -0.02482927
v 0.00504797 -0.03468821 -0.02637773
v 0.00480268 -0.03322154 -0.02770538
v 0.00457719 -0.03187333 -0.02882086
v 0.00439171 -0.03076369 -0.02973281
v 0.00426563 -0.03001026 -0.03045026
v 0.00421916 -0.02973275 -0.03098227
v -0.00075374 -0.03987982 -0.01876899
v -0.00075374 -0.03911676 -0.02103374
v -0.00075374 -0.03799225 -0.02305095
v -0.00075374 -0.03662678 -0.02482927
v -0.00075374 -0.03514082 -0.02637773
v -0.00075374 -0.03365487 -0.02770538
v -0.00075374 -0.03228940 -0.02882086
v -0.00075374 -0.03116489 -0.02973281
v -0.00075374 -0.03040184 -0.03045026
v -0.00075374 -0.03012071 -0.03098227
v -0.00733779 -0.03936616 -0.01876899
v -0.00721171 -0.03861274 -0.02103374
v -0.00702623 -0.03750309 -0.02305095
v -0.00680074 -0.03615489 -0.02482927
v -0.00655545 -0.03468821 -0.02637773
v -0.00631016 -0.03322154 -0.02770538
v -0.00608467 -0.03187333 -0.02882086
v -0.00589918 -0.03076369 -0.02973281
v -0.00577310 -0.03001026 -0.03045026
v -0.00572663 -0.02973275 -0.03098227
v -0.01355613 -0.03787619 -0.01876899
v -0.01331084 -0.03715168 -0.02103374
v -0.01294998 -0.03608341 -0.02305095
v -0.01251152 -0.03478661 -0.02482927
v -0.01203468 -0.03337535 -0.02637773
v -0.01155784 -0.03196410 -0.02770538
v -0.01111939 -0.03066730 -0.02882086
v -0.01075852 -0.02959902 -0.02973281
v -0.01051323 -0.02887451 -0.03045026
v -0.01042312 -0.02860744 -0.03098227
v -0.01933117 -0.03548661 -0.01876899
v -0.01897556 -0.03480749 -0.02103374
v -0.01845184 -0.03380708 -0.02305095
v -0.01781578 -0.03259181 -0.02482927
v -0.01712355 -0.03126971 -0.02637773
v -0.01643133 -0.02994762 -0.02770538
v -0.01579527 -0.02873235 -0.02882086
v -0.01527155 -0.02773194 -0.02973281
v -0.01491594 -0.02705281 -0.03045026
v -0.01478501 -0.02680261 -0.03098227
v -0.02458613 -0.03227414 -0.01876899
v -0.02413030 -0.03165647 -0.02103374
v -0.02345828 -0.03074642 -0.02305095
v -0.02264239 -0.02964119 -0.02482927
v -0.02175417 -0.02843877 -0.02637773
v -0.02086636 -0.02723635 -0.02770538
v -0.02005007 -0.02613112 -0.02882086
v -0.01937804 -0.02522107 -0.02973281
v -0.01892222 -0.02460380 -0.03045026
v -0.01875411 -0.02437609 -0.03098227
v -0.02924423 -0.02831467 -0.01876899
v -0.02869909 -0.02777290 -0.02103374
v -0.02789573 -0.02697450 -0.02305095
v -0.02692023 -0.02600502 -0.02482927
v -0.02585865 -0.02494999 -0.02637773
v -0.02479707 -0.02389496 -0.02770538
v -0.02382156 -0.02292547 -0.02882086
v -0.02301821 -0.02212708 -0.02973281
v -0.02247307 -0.02158530 -0.03045026
v -0.02227223 -0.02138570 -0.03098227
v -0.03322788 -0.02368532 -0.01876899
v -0.03260677 -0.02323231 -0.02103374
v -0.03169107 -0.02256443 -0.02305095
v -0.03057898 -0.02175358 -0.02482927
v -0.02936909 -0.02087084 -0.02637773
v -0.02815921 -0.01998810 -0.02770538
v -0.02704712 -0.01917725 -0.02882086
v -0.02613142 -0.01850938 -0.02973281
v -0.02550991 -0.01805636 -0.03045026
v -0.02528119 -0.01788929 -0.03098227
v -0.03646070 -0.01846279 -0.01876899
v -0.03577736 -0.01810937 -0.02103374
v -0.03477074 -0.01758889 -0.02305095
v -0.03354793 -0.01695676 -0.02482927
v -0.03221762 -0.01626880 -0.02637773
v -0.03088731 -0.01558084 -0.02770538
v -0.02966449 -0.01494871 -0.02882086
v -0.02865787 -0.01442822 -0.02973281
v -0.02797453 -0.01407481 -0.03045026
v -0.02772278 -0.01394468 -0.03098227
v -0.03886511 -0.01272339 -0.01876899
v -0.03813611 -0.01247961 -0.02103374
v -0.03706120 -0.01212097 -0.02305095
v -0.03575635 -0.01168523 -0.02482927
v -0.03433633 -0.01121133 -0.02637773
v -0.03291631 -0.01073743 -0.02770538
v -0.03161146 -0.01030168 -0.02882086
v -0.03053655 -0.00994264 -0.02973281
v -0.02980755 -0.00969927 -0.03045026
v -0.02953882 -0.00960971 -0.03098227
v -0.04036434 -0.00654342 -0.01876899
v -0.03960624 -0.00641812 -0.02103374
v -0.03848970 -0.00623378 -0.02305095
v -0.03713313 -0.00600968 -0.02482927
v -0.03565734 -0.00576591 -0.02637773
v -0.03418156 -0.00552213 -0.02770538
v -0.03282499 -0.00529803 -0.02882086
v -0.03170845 -0.00511369 -0.02973281
v -0.03095035 -0.00498839 -0.03045026
v -0.03067111 -0.00494221 -0.03098227
v -0.04088119 -0.00000000 -0.01876899
v -0.04011339 -0.00000000 -0.02103374
v -0.03898190 -0.00000000 -0.02305095
v -0.03760795 -0.00000000 -0.02482927
v -0.03611277 -0.00000000 -0.02637773
v -0.03461759 -0.00000000 -0.02770538
v -0.03324363 -0.00000000 -0.02882086
v -0.03211214 -0.00000000 -0.02973281
v -0.03134435 -0.00000000 -0.03045026
v -0.03106148 -0.00000000 -0.03098227
v -0.04036434 0.00654342 -0.01876899
v -0.03960624 0.00641812 -0.02103374
v -0.03848970 0.00623378 -0.02305095
v -0.03713313 0.00600968 -0.02482927
v -0.03565734 0.00576591 -0.02637773
v -0.03418156 0.00552213 -0.02770538
v -0.03282499 0.00529803 -0.02882086
v -0.03170845 0.00511369 -0.02973281
v -0.03095035 0.00498839 -0.03045026
v -0.03067111 0.00494221 -0.03098227
v -0.03886511 0.01272339 -0.01876899
v -0.03813611 0.01247961 -0.02103374
v -0.03706120 0.01212097 -0.02305095
v -0.03575635 0.01168523 -0.02482927
v -0.03433633 0.01121133 -0.02637773
v -0.03291631 0.01073743 -0.02770538
v -0.03161146 0.01030168 -0.02882086
v -0.03053655 0.00994305 -0.02973281
v -0.02980755 0.00969927 -0.03045026
v -0.02953882 0.00960971 -0.03098227
v -0.03646070 0.01846279 -0.01876899
v -0.03577736 0.01810937 -0.02103374
v -0.03477074 0.01758889 -0.02305095
v -0.03354793 0.01695675 -0.02482927
v -0.03221762 0.01626880 -0.02637773
v -0.03088731 0.01558084 -0.02770538
v -0.02966449 0.01494871 -0.02882086
v -0.02865787 0.01442822 -0.02973281
v -0.02797453 0.01407481 -0.03045026
v -0.02772278 0.01394468 -0.03098227
v -0.03322828 0.02368532 -0.01876899
v -0.03260677 0.02323230 -0.02103374
v -0.03169107 0.02256443 -0.02305095
v -0.03057898 0.02175358 -0.02482927
v -0.02936909 0.02087084 -0.02637773
v -0.02815921 0.01998850 -0.02770538
v -0.02704712 0.01917725 -0.02882086
v -0.02613142 0.01850938 -0.02973281
v -0.02551031 0.01805636 -0.03045026
v -0.02528119 0.01788929 -0.03098227
v -0.02924423 0.02831467 -0.01876899
v -0.02869909 0.02777290 -0.02103374
v -0.02789573 0.02697450 -0.02305095
v -0.02692023 0.02600502 -0.02482927
v -0.02585865 0.02494999 -0.02637773
v -0.02479707 0.02389496 -0.02770538
v -0.02382156 0.02292547 -0.02882086
v -0.02301821 0.02212708 -0.02973281
v -0.02247307 0.02158530 -0.03045026
v -0.02227223 0.02138571 -0.03098227
v -0.02458613 0.03227374 -0.01876899
v -0.02413030 0.03165646 -0.02103374
v -0.02345828 0.03074642 -0.02305095
v -0.02264239 0.02964119 -0.02482927
v -0.02175417 0.02843877 -0.02637773
v -0.02086595 0.02723635 -0.02770538
v -0.02005007 0.02613112 -0.02882086
v -0.01937804 0.02522107 -0.02973281
v -0.01892222 0.02460340 -0.03045026
v -0.01875411 0.02437609 -0.03098227
v -0.01933117 0.03548661 -0.01876899
v -0.01897556 0.03480749 -0.02103374
v -0.01845184 0.03380708 -0.02305095
v -0.01781578 0.03259182 -0.02482927
v -0.01712355 0.03126971 -0.02637773
v -0.01643133 0.02994762 -0.02770538
v -0.01579527 0.02873235 -0.02882086
v -0.01527155 0.02773194 -0.02973281
v -0.01491594 0.02705281 -0.03045026
v -0.01478501 0.02680261 -0.03098227
v -0.01355613 0.03787619 -0.01876899
v -0.01331084 0.03715169 -0.02103374
v -0.01294998 0.03608340 -0.02305095
v -0.01251152 0.03478660 -0.02482927
v -0.01203468 0.03337535 -0.02637773
v -0.01155784 0.03196410 -0.02770538
v -0.01111939 0.03066730 -0.02882086
v -0.01075812 0.02959902 -0.02973281
v -0.01051323 0.02887451 -0.03045026
v -0.01042312 0.02860744 -0.03098227
v -0.00733779 0.03936617 -0.01876899
v -0.00721171 0.03861274 -0.02103374
v -0.00702623 0.03750309 -0.02305095
v -0.00680074 0.03615489 -0.02482927
v -0.00655545 0.03468821 -0.02637773
v -0.00631016 0.03322154 -0.02770538
v -0.00608467 0.03187333 -0.02882086
v -0.00589918 0.03076369 -0.02973281
v -0.00577310 0.03001026 -0.03045026
v -0.00572663 0.02973276 -0.03098227
v -0.00075374 0.03987982 -0.01876899
v -0.00075374 0.03911676 -0.02103374
v -0.00075374 0.03799225 -0.02305095
v -0.00075374 0.03662678 -0.02482927
v -0.00075374 0.03514083 -0.02637773
v -0.00075374 0.03365487 -0.02770538
v -0.00075374 0.03228940 -0.02882086
v -0.00075374 0.03116489 -0.02973281
v -0.00075374 0.03040184 -0.03045026
v -0.00075374 0.03012071 -0.03098227
v 0.00583032 0.03936617 -0.01876899
v 0.00570423 0.03861274 -0.02103374
v 0.00551875 0.03750309 -0.02305095
v 0.00529326 0.03615489 -0.02482927
v 0.00504797 0.03468821 -0.02637773
v 0.00480268 0.03322154 -0.02770538
v 0.00457719 0.03187333 -0.02882086
v 0.00439171 0.03076369 -0.02973281
v 0.00426563 0.03001026 -0.03045026
v 0.00421916 0.02973276 -0.03098227
v 0.01204866 0.03787619 -0.01876899
v 0.01180337 0.03715169 -0.02103374
v 0.01144250 0.03608340 -0.02305095
v 0.01100405 0.03478660 -0.02482927
v 0.01052721 0.03337535 -0.02637773
v 0.01005036 0.03196410 -0.02770538
v 0.00961191 0.03066730 -0.02882086
v 0.00925105 0.02959902 -0.02973281
v 0.00900576 0.02887451 -0.03045026
v 0.00891564 0.02860744 -0.03098227
v 0.01782369 0.03548661 -0.01876899
v 0.01746808 0.03480749 -0.02103374
v 0.01694437 0.03380708 -0.02305095
v 0.01630831 0.03259182 -0.02482927
v 0.01561608 0.03126971 -0.02637773
v 0.01492385 0.02994762 -0.02770538
v 0.01428779 0.02873235 -0.02882086
v 0.01376407 0.02773194 -0.02973281
v 0.01340846 0.02705281 -0.03045026
v 0.01327753 0.02680261 -0.03098227
v 0.02307865 0.03227414 -0.01876899
v 0.02262282 0.03165646 -0.02103374
v 0.02195080 0.03074642 -0.02305095
v 0.02113492 0.02964119 -0.02482927
v 0.02024670 0.02843877 -0.02637773
v 0.01935888 0.02723635 -0.02770538
v 0.01854260 0.02613112 -0.02882086
v 0.01787057 0.02522107 -0.02973281
v 0.01741474 0.02460380 -0.03045026
v 0.01724664 0.02437609 -0.03098227
v 0.02773675 0.02831467 -0.01876899
v 0.02719161 0.02777290 -0.02103374
v 0.02638826 0.02697450 -0.02305095
v 0.02541275 0.02600502 -0.02482927
v 0.02435117 0.02494999 -0.02637773
v 0.02328959 0.02389496 -0.02770538
v 0.02231409 0.02292547 -0.02882086
v 0.02151073 0.02212708 -0.02973281
v 0.02096559 0.02158530 -0.03045026
v 0.02076476 0.02138571 -0.03098227
v 0.03172040 0.02368532 -0.01876899
v 0.03109929 0.02323230 -0.02103374
v 0.03018359 0.02256443 -0.02305095
v 0.02907150 0.02175358 -0.02482927
v 0.02786162 0.02087084 -0.02637773
v 0.02665173 0.01998810 -0.02770538
v 0.02553964 0.01917725 -0.02882086
v 0.02462394 0.01850938 -0.02973281
v 0.02400243 0.01805636 -0.03045026
v 0.02377371 0.01788929 -0.03098227
v 0.03495322 0.01846279 -0.01876899
v 0.03426988 0.01810937 -0.02103374
v 0.03326326 0.01758889 -0.02305095
v 0.03204045 0.01695675 -0.02482927
v 0.03071014 0.01626880 -0.02637773
v 0.02937984 0.01558084 -0.02770538
v 0.02815702 0.01494871 -0.02882086
v 0.02715040 0.01442822 -0.02973281
v 0.02646706 0.01407481 -0.03045026
v 0.02621530 0.01394468 -0.03098227
v 0.03735764 0.01272339 -0.01876899
v 0.03662864 0.01247961 -0.02103374
v 0.03555372 0.01212097 -0.02305095
v 0.03424887 0.01168523 -0.02482927
v 0.03282885 0.01121133 -0.02637773
v 0.03140884 0.01073743 -0.02770538
v 0.03010399 0.01030168 -0.02882086
v 0.02902907 0.00994264 -0.02973281
v 0.02830007 0.00969927 -0.03045026
v 0.02803134 0.00960971 -0.03098227
v 0.03885686 0.00654342 -0.01876899
v 0.03809876 0.00641812 -0.02103374
v 0.03698223 0.00623378 -0.02305095
v 0.03562565 0.00600968 -0.02482927
v 0.03414986 0.00576591 -0.02637773
v 0.03267409 0.00552213 -0.02770538
v 0.03131751 0.00529803 -0.02882086
v 0.03020097 0.00511369 -0.02973281
v 0.02944287 0.00498839 -0.03045026
v 0.02916364 0.00494221 -0.03098227
v 0.02909332 -0.00493056 -0.03142272
v 0.02948288 -0.00000000 -0.03142272
v 0.02878055 -0.00487875 -0.03185453
v 0.02916606 -0.00000000 -0.03185453
v 0.02807296 -0.00476188 -0.03226866
v 0.02844919 -0.00000000 -0.03226866
v 0.02681822 -0.00455465 -0.03265607
v 0.02717788 -0.00000000 -0.03265607
v 0.02486317 -0.00423176 -0.03300812
v 0.02519736 -0.00000000 -0.03300812
v 0.02205546 -0.00376790 -0.03331617
v 0.02235288 -0.00000000 -0.03331617
v 0.01824234 -0.00313818 -0.03357117
v 0.01849006 -0.00000000 -0.03357117
v 0.01327147 -0.00231689 -0.03376408
v 0.01345453 -0.00000000 -0.03376408
v 0.00699050 -0.00127913 -0.03388628
v 0.00709152 -0.00000000 -0.03388628
v -0.00075374 -0.00000000 -0.03392911
v 0.02796386 -0.00958722 -0.03142272
v 0.02766280 -0.00948682 -0.03185453
v 0.02698229 -0.00925951 -0.03226866
v 0.02577442 -0.00885629 -0.03265607
v 0.02389332 -0.00822817 -0.03300812
v 0.02119189 -0.00732656 -0.03331617
v 0.01752345 -0.00610165 -0.03357117
v 0.01274088 -0.00450485 -0.03376408
v 0.00669712 -0.00248757 -0.03388628
v 0.02615186 -0.01391175 -0.03142272
v 0.02587019 -0.01376637 -0.03185453
v 0.02523212 -0.01343625 -0.03226866
v 0.02410103 -0.01285150 -0.03265607
v 0.02233833 -0.01194025 -0.03300812
v 0.01980744 -0.01063141 -0.03331617
v 0.01637014 -0.00885428 -0.03357117
v 0.01188944 -0.00653740 -0.03376408
v 0.00622714 -0.00360967 -0.03388628
v 0.02371592 -0.01784712 -0.03142272
v 0.02345972 -0.01766037 -0.03185453
v 0.02287983 -0.01723708 -0.03226866
v 0.02185058 -0.01648687 -0.03265607
v 0.02024791 -0.01531779 -0.03300812
v 0.01794614 -0.01363866 -0.03331617
v 0.01481999 -0.01135872 -0.03357117
v 0.01074461 -0.00838641 -0.03376408
v 0.00559513 -0.00463056 -0.03388628
v 0.02071424 -0.02133550 -0.03142272
v 0.02048916 -0.02111181 -0.03185453
v 0.01998039 -0.02060618 -0.03226866
v 0.01907763 -0.01970898 -0.03265607
v 0.01767135 -0.01831139 -0.03300812
v 0.01565204 -0.01630454 -0.03331617
v 0.01290939 -0.01357882 -0.03357117
v 0.00933429 -0.01002578 -0.03376408
v 0.00481642 -0.00553578 -0.03388628
v 0.01720421 -0.02431866 -0.03142272
v 0.01701629 -0.02406404 -0.03185453
v 0.01659037 -0.02348773 -0.03226866
v 0.01583550 -0.02246483 -0.03265607
v 0.01465916 -0.02087205 -0.03300812
v 0.01296961 -0.01858448 -0.03331617
v 0.01067551 -0.01547763 -0.03357117
v 0.00768474 -0.01142740 -0.03376408
v 0.00390557 -0.00630969 -0.03388628
v 0.01324440 -0.02673956 -0.03142272
v 0.01309811 -0.02645964 -0.03185453
v 0.01276594 -0.02582550 -0.03226866
v 0.01217756 -0.02470139 -0.03265607
v 0.01126065 -0.02294957 -0.03300812
v 0.00994368 -0.02043429 -0.03331617
v 0.00815553 -0.01701820 -0.03357117
v 0.00582425 -0.01256516 -0.03376408
v 0.00287834 -0.00693780 -0.03388628
v 0.00889301 -0.02854038 -0.03142272
v 0.00879199 -0.02824118 -0.03185453
v 0.00856327 -0.02756486 -0.03226866
v 0.00815755 -0.02636445 -0.03265607
v 0.00752553 -0.02449496 -0.03300812
v 0.00661832 -0.02181020 -0.03331617
v 0.00538580 -0.01816439 -0.03357117
v 0.00377909 -0.01341135 -0.03376408
v 0.00174928 -0.00740487 -0.03388628
v 0.00420744 -0.02966288 -0.03142272
v 0.00415531 -0.02935203 -0.03185453
v 0.00403771 -0.02864881 -0.03226866
v 0.00382920 -0.02740181 -0.03265607
v 0.00350430 -0.02545883 -0.03300812
v 0.00303756 -0.02266844 -0.03331617
v 0.00240393 -0.01887886 -0.03357117
v 0.00157753 -0.01393866 -0.03376408
v 0.00053333 -0.00769644 -0.03388628
v -0.00075374 -0.03005003 -0.03142272
v -0.00075374 -0.02973516 -0.03185453
v -0.00075374 -0.02902271 -0.03226866
v -0.00075374 -0.02775925 -0.03265607
v -0.00075374 -0.02579096 -0.03300812
v -0.00075374 -0.02296403 -0.03331617
v -0.00075374 -0.01912504 -0.03357117
v -0.00075374 -0.01412059 -0.03376408
v -0.00075374 -0.00779685 -0.03388628
v -0.00571491 -0.02966288 -0.03142272
v -0.00566278 -0.02935203 -0.03185453
v -0.00554519 -0.02864881 -0.03226866
v -0.00533667 -0.02740181 -0.03265607
v -0.00501177 -0.02545883 -0.03300812
v -0.00454503 -0.02266844 -0.03331617
v -0.00391140 -0.01887886 -0.03357117
v -0.00308501 -0.01393866 -0.03376408
v -0.00204081 -0.00769644 -0.03388628
v -0.01040049 -0.02854038 -0.03142272
v -0.01029946 -0.02824118 -0.03185453
v -0.01007074 -0.02756486 -0.03226866
v -0.00966502 -0.02636445 -0.03265607
v -0.00903300 -0.02449496 -0.03300812
v -0.00812579 -0.02181020 -0.03331617
v -0.00689328 -0.01816439 -0.03357117
v -0.00528656 -0.01341135 -0.03376408
v -0.00325675 -0.00740487 -0.03388628
v -0.01475187 -0.02673956 -0.03142272
v -0.01460559 -0.02645964 -0.03185453
v -0.01427341 -0.02582550 -0.03226866
v -0.01368504 -0.02470139 -0.03265607
v -0.01276813 -0.02294957 -0.03300812
v -0.01145116 -0.02043429 -0.03331617
v -0.00966300 -0.01701820 -0.03357117
v -0.00733173 -0.01256516 -0.03376408
v -0.00438582 -0.00693780 -0.03388628
v -0.01871168 -0.02431866 -0.03142272
v -0.01852377 -0.02406404 -0.03185453
v -0.01809785 -0.02348773 -0.03226866
v -0.01734298 -0.02246483 -0.03265607
v -0.01616664 -0.02087205 -0.03300812
v -0.01447708 -0.01858448 -0.03331617
v -0.01218299 -0.01547763 -0.03357117
v -0.00919222 -0.01142740 -0.03376408
v -0.00541305 -0.00630969 -0.03388628
v -0.02222172 -0.02133550 -0.03142272
v -0.02199663 -0.02111181 -0.03185453
v -0.02148787 -0.02060618 -0.03226866
v -0.02058510 -0.01970898 -0.03265607
v -0.01917882 -0.01831139 -0.03300812
v -0.01715952 -0.01630454 -0.03331617
v -0.01441687 -0.01357882 -0.03357117
v -0.01084177 -0.01002578 -0.03376408
v -0.00632390 -0.00553578 -0.03388628
v -0.02522340 -0.01784712 -0.03142272
v -0.02496720 -0.01766037 -0.03185453
v -0.02438731 -0.01723708 -0.03226866
v -0.02335806 -0.01648687 -0.03265607
v -0.02175539 -0.01531779 -0.03300812
v -0.01945361 -0.01363866 -0.03331617
v -0.01632747 -0.01135872 -0.03357117
v -0.01225209 -0.00838641 -0.03376408
v -0.00710260 -0.00463056 -0.03388628
v -0.02765933 -0.01391175 -0.03142272
v -0.02737767 -0.01376637 -0.03185453
v -0.02673960 -0.01343625 -0.03226866
v -0.02560851 -0.01285150 -0.03265607
v -0.02384581 -0.01194025 -0.03300812
v -0.02131491 -0.01063141 -0.03331617
v -0.01787761 -0.00885428 -0.03357117
v -0.01339691 -0.00653740 -0.03376408
v -0.00773462 -0.00360967 -0.03388628
v -0.02947133 -0.00958722 -0.03142272
v -0.02917027 -0.00948682 -0.03185453
v -0.02848976 -0.00925951 -0.03226866
v -0.02728190 -0.00885629 -0.03265607
v -0.02540080 -0.00822817 -0.03300812
v -0.02269937 -0.00732656 -0.03331617
v -0.01903092 -0.00610165 -0.03357117
v -0.01424836 -0.00450485 -0.03376408
v -0.00820459 -0.00248757 -0.03388628
v -0.03060080 -0.00493056 -0.03142272
v -0.03028802 -0.00487875 -0.03185453
v -0.02958044 -0.00476188 -0.03226866
v -0.02832570 -0.00455465 -0.03265607
v -0.02637065 -0.00423176 -0.03300812
v -0.02356294 -0.00376790 -0.03331617
v -0.01974982 -0.00313818 -0.03357117
v -0.01477895 -0.00231689 -0.03376408
v -0.00849797 -0.00127913 -0.03388628
v -0.03099035 -0.00000000 -0.03142272
v -0.03067354 -0.00000000 -0.03185453
v -0.02995666 -0.00000000 -0.03226866
v -0.02868535 -0.00000000 -0.03265607
v -0.02670484 -0.00000000 -0.03300812
v -0.02386036 -0.00000000 -0.03331617
v -0.01999754 -0.00000000 -0.03357117
v -0.01496201 -0.00000000 -0.03376408
v -0.00859900 -0.00000000 -0.03388628
v -0.03060080 0.00493056 -0.03142272
v -0.03028802 0.00487875 -0.03185453
v -0.02958044 0.00476188 -0.03226866
v -0.02832570 0.00455465 -0.03265607
v -0.02637065 0.00423176 -0.03300812
v -0.02356294 0.00376790 -0.03331617
v -0.01974982 0.00313818 -0.03357117
v -0.01477895 0.00231688 -0.03376408
v -0.00849797 0.00127913 -0.03388628
v -0.02947133 0.00958722 -0.03142272
v -0.02917027 0.00948682 -0.03185453
v -0.02848976 0.00925951 -0.03226866
v -0.02728190 0.00885629 -0.03265607
v -0.02540080 0.00822817 -0.03300812
v -0.02269937 0.00732656 -0.03331617
v -0.01903092 0.00610165 -0.03357117
v -0.01424836 0.00450485 -0.03376408
v -0.00820459 0.00248757 -0.03388628
v -0.02765933 0.01391175 -0.03142272
v -0.02737767 0.01376637 -0.03185453
v -0.02673960 0.01343625 -0.03226866
v -0.02560851 0.01285150 -0.03265607
v -0.02384581 0.01194025 -0.03300812
v -0.02131491 0.01063141 -0.03331617
v -0.01787761 0.00885428 -0.03357117
v -0.01339691 0.00653740 -0.03376408
v -0.00773462 0.00360967 -0.03388628
v -0.02522340 0.01784712 -0.03142272
v -0.02496720 0.01766037 -0.03185453
v -0.02438731 0.01723708 -0.03226866
v -0.02335806 0.01648687 -0.03265607
v -0.02175539 0.01531778 -0.03300812
v -0.01945361 0.01363866 -0.03331617
v -0.01632747 0.01135872 -0.03357117
v -0.01225209 0.00838641 -0.03376408
v -0.00710260 0.00463056 -0.03388628
v -0.02222172 0.02133550 -0.03142272
v -0.02199663 0.02111181 -0.03185453
v -0.02148787 0.02060618 -0.03226866
v -0.02058510 0.01970898 -0.03265607
v -0.01917882 0.01831138 -0.03300812
v -0.01715952 0.01630454 -0.03331617
v -0.01441687 0.01357882 -0.03357117
v -0.01084177 0.01002578 -0.03376408
v -0.00632390 0.00553579 -0.03388628
v -0.01871168 0.02431866 -0.03142272
v -0.01852377 0.02406404 -0.03185453
v -0.01809785 0.02348773 -0.03226866
v -0.01734298 0.02246483 -0.03265607
v -0.01616664 0.02087204 -0.03300812
v -0.01447708 0.01858448 -0.03331617
v -0.01218299 0.01547763 -0.03357117
v -0.00919222 0.01142740 -0.03376408
v -0.00541305 0.00630969 -0.03388628
v -0.01475187 0.02673956 -0.03142272
v -0.01460559 0.02645964 -0.03185453
v -0.01427341 0.02582549 -0.03226866
v -0.01368504 0.02470139 -0.03265607
v -0.01276813 0.02294957 -0.03300812
v -0.01145116 0.02043429 -0.03331617
v -0.00966300 0.01701820 -0.03357117
v -0.00733173 0.01256516 -0.03376408
v -0.00438582 0.00693780 -0.03388628
v -0.01040049 0.02854037 -0.03142272
v -0.01029946 0.02824118 -0.03185453
v -0.01007074 0.02756486 -0.03226866
v -0.00966502 0.02636445 -0.03265607
v -0.00903300 0.02449496 -0.03300812
v -0.00812579 0.02181020 -0.03331617
v -0.00689328 0.01816439 -0.03357117
v -0.00528656 0.01341135 -0.03376408
v -0.00325675 0.00740488 -0.03388628
v -0.00571491 0.02966287 -0.03142272
v -0.00566278 0.02935203 -0.03185453
v -0.00554519 0.02864881 -0.03226866
v -0.00533667 0.02740181 -0.03265607
v -0.00501177 0.02545883 -0.03300812
v -0.00454503 0.02266844 -0.03331617
v -0.00391140 0.01887885 -0.03357117
v -0.00308501 0.01393866 -0.03376408
v -0.00204081 0.00769644 -0.03388628
v -0.00075374 0.03005002 -0.03142272
v -0.00075374 0.02973516 -0.03185453
v -0.00075374 0.02902271 -0.03226866
v -0.00075374 0.02775925 -0.03265607
v -0.00075374 0.02579096 -0.03300812
v -0.00075374 0.02296403 -0.03331617
v -0.00075374 0.01912505 -0.03357117
v -0.00075374 0.01412059 -0.03376408
v -0.00075374 0.00779685 -0.03388628
v 0.00420744 0.02966287 -0.03142272
v 0.00415531 0.02935203 -0.03185453
v 0.00403771 0.02864881 -0.03226866
v 0.00382920 0.02740181 -0.03265607
v 0.00350430 0.02545883 -0.03300812
v 0.00303756 0.02266844 -0.03331617
v 0.00240393 0.01887885 -0.03357117
v 0.00157753 0.01393866 -0.03376408
v 0.00053333 0.00769644 -0.03388628
v 0.00889301 0.02854037 -0.03142272
v 0.00879199 0.02824118 -0.03185453
v 0.00856327 0.02756486 -0.03226866
v 0.00815755 0.02636445 -0.03265607
v 0.00752553 0.02449496 -0.03300812
v 0.00661832 0.02181020 -0.03331617
v 0.00538580 0.01816439 -0.03357117
v 0.00377909 0.01341135 -0.03376408
v 0.00174928 0.00740488 -0.03388628
v 0.01324440 0.02673956 -0.03142272
v 0.01309811 0.02645964 -0.03185453
v 0.01276594 0.02582549 -0.03226866
v 0.01217756 0.02470139 -0.03265607
v 0.01126065 0.02294957 -0.03300812
v 0.00994368 0.02043429 -0.03331617
v 0.00815553 0.01701820 -0.03357117
v 0.00582425 0.01256516 -0.03376408
v 0.00287834 0.00693780 -0.03388628
v 0.01720421 0.02431866 -0.03142272
v 0.01701629 0.02406404 -0.03185453
v 0.01659037 0.02348773 -0.03226866
v 0.01583550 0.02246483 -0.03265607
v 0.01465916 0.02087204 -0.03300812
v 0.01296961 0.01858448 -0.03331617
v 0.01067551 0.01547763 -0.03357117
v 0.00768474 0.01142740 -0.03376408
v 0.00390557 0.00630969 -0.03388628
v 0.02071424 0.02133550 -0.03142272
v 0.02048916 0.02111181 -0.03185453
v 0.01998039 0.02060618 -0.03226866
v 0.01907763 0.01970898 -0.03265607
v 0.01767135 0.01831138 -0.03300812
v 0.01565204 0.01630454 -0.03331617
v 0.01290939 0.01357882 -0.03357117
v 0.00933429 0.01002578 -0.03376408
v 0.00481642 0.00553579 -0.03388628
v 0.02371592 0.01784712 -0.03142272
v 0.02345972 0.01766037 -0.03185453
v 0.02287983 0.01723708 -0.03226866
v 0.02185058 0.01648687 -0.03265607
v 0.02024791 0.01531778 -0.03300812
v 0.01794614 0.01363866 -0.03331617
v 0.01481999 0.01135872 -0.03357117
v 0.01074461 0.00838641 -0.03376408
v 0.00559513 0.00463056 -0.03388628
v 0.02615186 0.01391175 -0.03142272
v 0.02587019 0.01376637 -0.03185453
v 0.02523212 0.01343625 -0.03226866
v 0.02410103 0.01285150 -0.03265607
v 0.02233833 0.01194025 -0.03300812
v 0.01980744 0.01063141 -0.03331617
v 0.01637014 0.00885428 -0.03357117
v 0.01188944 0.00653740 -0.03376408
v 0.00622714 0.00360967 -0.03388628
v 0.02796386 0.00958722 -0.03142272
v 0.02766280 0.00948682 -0.03185453
v 0.02698229 0.00925951 -0.03226866
v 0.02577442 0.00885629 -0.03265607
v 0.02389332 0.00822817 -0.03300812
v 0.02119189 0.00732656 -0.03331617
v 0.01752345 0.00610165 -0.03357117
v 0.01274088 0.00450485 -0.03376408
v 0.00669712 0.00248757 -0.03388628
v 0.02909332 0.00493056 -0.03142272
v 0.02878055 0.00487875 -0.03185453
v 0.02807296 0.00476188 -0.03226866
v 0.02681822 0.00455465 -0.03265607
v 0.02486317 0.00423176 -0.03300812
v 0.02205546 0.00376790 -0.03331617
v 0.01824234 0.00313818 -0.03357117
v 0.01327147 0.00231688 -0.03376408
v 0.00699050 0.00127913 -0.03388628
v -0.03308199 -0.00000000 0.00585322
v -0.03302542 -0.00162652 0.00597699
v -0.03713232 -0.00162652 0.00597228
v -0.03714121 -0.00000000 0.00584890
v -0.04085694 -0.00162652 0.00594045
v -0.04082461 -0.00000000 0.00581786
v -0.04418715 -0.00162652 0.00585441
v -0.04412007 -0.00000000 0.00573377
v -0.04711205 -0.00162652 0.00568624
v -0.04701547 -0.00000000 0.00557033
v -0.04961911 -0.00162652 0.00540884
v -0.04949868 -0.00000000 0.00530079
v -0.05169660 -0.00162652 0.00499550
v -0.05155759 -0.00000000 0.00489844
v -0.05333282 -0.00162652 0.00441831
v -0.05318007 -0.00000000 0.00433698
v -0.05451643 -0.00162652 0.00365055
v -0.05435399 -0.00000000 0.00359005
v -0.05523533 -0.00162652 0.00266435
v -0.05506723 -0.00000000 0.00263096
v -0.05547739 -0.00162652 0.00143296
v -0.05530767 -0.00000000 0.00143296
v -0.03287186 -0.00289159 0.00631293
v -0.03710767 -0.00289159 0.00630821
v -0.04094382 -0.00289159 0.00627403
v -0.04436940 -0.00289159 0.00618130
v -0.04737351 -0.00289159 0.00600056
v -0.04994522 -0.00289159 0.00570313
v -0.05207363 -0.00289159 0.00525874
v -0.05374824 -0.00289159 0.00463912
v -0.05495731 -0.00289159 0.00381441
v -0.05569116 -0.00289159 0.00275551
v -0.05593807 -0.00289159 0.00143296
v -0.03264556 -0.00379521 0.00680799
v -0.03707170 -0.00379521 0.00680250
v -0.04107232 -0.00379521 0.00676517
v -0.04463813 -0.00379521 0.00666302
v -0.04775902 -0.00379521 0.00646381
v -0.05042610 -0.00379521 0.00613611
v -0.05262927 -0.00379521 0.00564694
v -0.05435964 -0.00379521 0.00496446
v -0.05560751 -0.00379521 0.00405604
v -0.05636319 -0.00379521 0.00288949
v -0.05661697 -0.00379521 0.00143296
v -0.03237077 -0.00433738 0.00740916
v -0.03702806 -0.00433738 0.00740326
v -0.04122872 -0.00433738 0.00736122
v -0.04496425 -0.00433738 0.00724767
v -0.04822738 -0.00433738 0.00702685
v -0.05101003 -0.00433738 0.00666223
v -0.05330453 -0.00433738 0.00611844
v -0.05510238 -0.00433738 0.00535933
v -0.05639673 -0.00433738 0.00434915
v -0.05717867 -0.00433738 0.00305255
v -0.05744134 -0.00433738 0.00143296
v -0.03207174 -0.00451811 0.00806335
v -0.03698038 -0.00451811 0.00805667
v -0.04139844 -0.00451811 0.00801031
v -0.04531905 -0.00451811 0.00788418
v -0.04873695 -0.00451811 0.00763901
v -0.05164568 -0.00451811 0.00723470
v -0.05403879 -0.00451811 0.00663119
v -0.05591059 -0.00451811 0.00578918
v -0.05725545 -0.00451811 0.00466859
v -0.05806648 -0.00451811 0.00322975
v -0.05833844 -0.00451811 0.00143296
v -0.03177270 -0.00433738 0.00871755
v -0.03693310 -0.00433738 0.00871008
v -0.04156816 -0.00433738 0.00865940
v -0.04567426 -0.00433738 0.00852070
v -0.04924653 -0.00433738 0.00825116
v -0.05228094 -0.00433738 0.00780717
v -0.05477304 -0.00433738 0.00714394
v -0.05671920 -0.00433738 0.00621902
v -0.05811417 -0.00433738 0.00498803
v -0.05895470 -0.00433738 0.00340695
v -0.05923555 -0.00433738 0.00143296
v -0.03149791 -0.00379521 0.00931871
v -0.03688945 -0.00379521 0.00931085
v -0.04172454 -0.00379521 0.00925545
v -0.04600037 -0.00379521 0.00910575
v -0.04971488 -0.00379521 0.00881421
v -0.05286486 -0.00379521 0.00833289
v -0.05544790 -0.00379521 0.00761544
v -0.05746195 -0.00379521 0.00661390
v -0.05890338 -0.00379521 0.00528114
v -0.05977018 -0.00379521 0.00357001
v -0.06005992 -0.00379521 0.00143296
v -0.03127161 -0.00289159 0.00981378
v -0.03685349 -0.00289159 0.00980553
v -0.04185306 -0.00289159 0.00974659
v -0.04626909 -0.00289159 0.00958745
v -0.05010040 -0.00289159 0.00927745
v -0.05334575 -0.00289159 0.00876627
v -0.05600394 -0.00289159 0.00800363
v -0.05807335 -0.00289159 0.00693923
v -0.05955359 -0.00289159 0.00552278
v -0.06044221 -0.00289159 0.00370399
v -0.06073882 -0.00289159 0.00143296
v -0.03111805 -0.00162652 0.01014972
v -0.03682884 -0.00162652 0.01014107
v -0.04193994 -0.00162652 0.01008017
v -0.04645135 -0.00162652 0.00991436
v -0.05036185 -0.00162652 0.00959178
v -0.05367226 -0.00162652 0.00906017
v -0.05638097 -0.00162652 0.00826688
v -0.05848877 -0.00162652 0.00716005
v -0.05999446 -0.00162652 0.00568663
v -0.06089803 -0.00162652 0.00379515
v -0.06119950 -0.00162652 0.00143296
v -0.03106148 -0.00000000 0.01027348
v -0.03681995 -0.00000000 0.01026444
v -0.04197226 -0.00000000 0.01020275
v -0.04651842 -0.00000000 0.01003459
v -0.05045843 -0.00000000 0.00970769
v -0.05379228 -0.00000000 0.00916861
v -0.05651998 -0.00000000 0.00836393
v -0.05864152 -0.00000000 0.00724099
v -0.06015691 -0.00000000 0.00574714
v -0.06106614 -0.00000000 0.00382894
v -0.06136922 -0.00000000 0.00143296
v -0.03111805 0.00162652 0.01014972
v -0.03682884 0.00162652 0.01014107
v -0.04193994 0.00162652 0.01008017
v -0.04645135 0.00162652 0.00991436
v -0.05036185 0.00162652 0.00959178
v -0.05367186 0.00162652 0.00906017
v -0.05638097 0.00162652 0.00826688
v -0.05848877 0.00162652 0.00716005
v -0.05999446 0.00162652 0.00568663
v -0.06089803 0.00162652 0.00379515
v -0.06119950 0.00162652 0.00143296
v -0.03127161 0.00289159 0.00981378
v -0.03685349 0.00289159 0.00980553
v -0.04185306 0.00289159 0.00974659
v -0.04626909 0.00289159 0.00958745
v -0.05010040 0.00289159 0.00927745
v -0.05334575 0.00289159 0.00876627
v -0.05600394 0.00289159 0.00800363
v -0.05807335 0.00289159 0.00693923
v -0.05955359 0.00289159 0.00552278
v -0.06044221 0.00289159 0.00370399
v -0.06073882 0.00289159 0.00143296
v -0.03149791 0.00379521 0.00931871
v -0.03688945 0.00379521 0.00931085
v -0.04172454 0.00379521 0.00925545
v -0.04600037 0.00379521 0.00910575
v -0.04971488 0.00379521 0.00881421
v -0.05286486 0.00379521 0.00833289
v -0.05544830 0.00379521 0.00761544
v -0.05746195 0.00379521 0.00661390
v -0.05890338 0.00379521 0.00528114
v -0.05977018 0.00379521 0.00357001
v -0.06005992 0.00379521 0.00143296
v -0.03177270 0.00433738 0.00871755
v -0.03693310 0.00433738 0.00871008
v -0.04156816 0.00433738 0.00865940
v -0.04567426 0.00433738 0.00852070
v -0.04924653 0.00433738 0.00825116
v -0.05228094 0.00433738 0.00780717
v -0.05477304 0.00433738 0.00714394
v -0.05671920 0.00433738 0.00621902
v -0.05811417 0.00433738 0.00498803
v -0.05895470 0.00433738 0.00340695
v -0.05923555 0.00433738 0.00143296
v -0.03207174 0.00451811 0.00806335
v -0.03698078 0.00451811 0.00805667
v -0.04139844 0.00451811 0.00801031
v -0.04531945 0.00451811 0.00788418
v -0.04873695 0.00451811 0.00763901
v -0.05164568 0.00451811 0.00723470
v -0.05403879 0.00451811 0.00663119
v -0.05591099 0.00451811 0.00578918
v -0.05725545 0.00451811 0.00466859
v -0.05806688 0.00451811 0.00322975
v -0.05833844 0.00451811 0.00143296
v -0.03237077 0.00433738 0.00740916
v -0.03702806 0.00433738 0.00740326
v -0.04122872 0.00433738 0.00736122
v -0.04496425 0.00433738 0.00724767
v -0.04822738 0.00433738 0.00702685
v -0.05101003 0.00433738 0.00666223
v -0.05330453 0.00433738 0.00611844
v -0.05510238 0.00433738 0.00535933
v -0.05639673 0.00433738 0.00434915
v -0.05717867 0.00433738 0.00305255
v -0.05744134 0.00433738 0.00143296
v -0.03264556 0.00379521 0.00680799
v -0.03707170 0.00379521 0.00680250
v -0.04107232 0.00379521 0.00676517
v -0.04463813 0.00379521 0.00666302
v -0.04775902 0.00379521 0.00646381
v -0.05042610 0.00379521 0.00613611
v -0.05262927 0.00379521 0.00564694
v -0.05435964 0.00379521 0.00496446
v -0.05560751 0.00379521 0.00405604
v -0.05636319 0.00379521 0.00288949
v -0.05661697 0.00379521 0.00143296
v -0.03287186 0.00289159 0.00631293
v -0.03710767 0.00289159 0.00630821
v -0.04094382 0.00289159 0.00627403
v -0.04436940 0.00289159 0.00618130
v -0.04737351 0.00289159 0.00600056
v -0.04994522 0.00289159 0.00570313
v -0.05207363 0.00289159 0.00525874
v -0.05374824 0.00289159 0.00463912
v -0.05495731 0.00289159 0.00381441
v -0.05569116 0.00289159 0.00275551
v -0.05593807 0.00289159 0.00143296
v -0.03302542 0.00162652 0.00597699
v -0.03713232 0.00162652 0.00597228
v -0.04085694 0.00162652 0.00594045
v -0.04418715 0.00162652 0.00585441
v -0.04711205 0.00162652 0.00568624
v -0.04961911 0.00162652 0.00540884
v -0.05169660 0.00162652 0.00499550
v -0.05333282 0.00162652 0.00441831
v -0.05451643 0.00162652 0.00365055
v -0.05523533 0.00162652 0.00266435
v -0.05547739 0.00162652 0.00143296
v -0.05535172 -0.00162652 -0.00004989
v -0.05518442 -0.00000000 -0.00001688
v -0.05496620 -0.00162652 -0.00173784
v -0.05480658 -0.00000000 -0.00167890
v -0.05430954 -0.00162652 -0.00357863
v -0.05416204 -0.00000000 -0.00350004
v -0.05336959 -0.00162652 -0.00552118
v -0.05323866 -0.00000000 -0.00542728
v -0.05213384 -0.00162652 -0.00751325
v -0.05202433 -0.00000000 -0.00740756
v -0.05059098 -0.00162652 -0.00950374
v -0.05050692 -0.00000000 -0.00938783
v -0.04872887 -0.00162652 -0.01144040
v -0.04867431 -0.00000000 -0.01131506
v -0.04653580 -0.00162652 -0.01327216
v -0.04651438 -0.00000000 -0.01313621
v -0.04399925 -0.00162652 -0.01494675
v -0.04401501 -0.00000000 -0.01479823
v -0.04110748 -0.00162652 -0.01641309
v -0.05580552 -0.00289159 -0.00013947
v -0.05540020 -0.00289159 -0.00189697
v -0.05471000 -0.00289159 -0.00379159
v -0.05372439 -0.00289159 -0.00577540
v -0.05243127 -0.00289159 -0.00780007
v -0.05081970 -0.00289159 -0.00981807
v -0.04887758 -0.00289159 -0.01178106
v -0.04659359 -0.00289159 -0.01364110
v -0.04395601 -0.00289159 -0.01535066
v -0.04095392 -0.00289159 -0.01686101
v -0.05647431 -0.00379521 -0.00027148
v -0.05603910 -0.00379521 -0.00213193
v -0.05530040 -0.00379521 -0.00410592
v -0.05424771 -0.00379521 -0.00615023
v -0.05286971 -0.00379521 -0.00822324
v -0.05115632 -0.00379521 -0.01028131
v -0.04909620 -0.00379521 -0.01228320
v -0.04667845 -0.00379521 -0.01418528
v -0.04389256 -0.00379521 -0.01594553
v -0.04072763 -0.00379521 -0.01752111
v -0.05728656 -0.00433738 -0.00043219
v -0.05681498 -0.00433738 -0.00241757
v -0.05601728 -0.00433738 -0.00448743
v -0.05488296 -0.00433738 -0.00660562
v -0.05340232 -0.00433738 -0.00873638
v -0.05156527 -0.00433738 -0.01084436
v -0.04936169 -0.00433738 -0.01289261
v -0.04678190 -0.00433738 -0.01484577
v -0.04381538 -0.00433738 -0.01666770
v -0.04045283 -0.00433738 -0.01832265
v -0.05817033 -0.00451811 -0.00060664
v -0.05765955 -0.00451811 -0.00272797
v -0.05679720 -0.00451811 -0.00490235
v -0.05557438 -0.00451811 -0.00710108
v -0.05398180 -0.00451811 -0.00929550
v -0.05201019 -0.00451811 -0.01145651
v -0.04965062 -0.00451811 -0.01355584
v -0.04689424 -0.00451811 -0.01556440
v -0.04373173 -0.00451811 -0.01745352
v -0.04015380 -0.00451811 -0.01919491
v -0.05905411 -0.00433738 -0.00078110
v -0.05850413 -0.00433738 -0.00303837
v -0.05757751 -0.00433738 -0.00531766
v -0.05626580 -0.00433738 -0.00759654
v -0.05456089 -0.00433738 -0.00985422
v -0.05245510 -0.00433738 -0.01206867
v -0.04993956 -0.00433738 -0.01421908
v -0.04700658 -0.00433738 -0.01628304
v -0.04364767 -0.00433738 -0.01823974
v -0.03985476 -0.00433738 -0.02006717
v -0.05986636 -0.00379521 -0.00094140
v -0.05928000 -0.00379521 -0.00332402
v -0.05829399 -0.00379521 -0.00569878
v -0.05690105 -0.00379521 -0.00805193
v -0.05509349 -0.00379521 -0.01036775
v -0.05286406 -0.00379521 -0.01263171
v -0.05020547 -0.00379521 -0.01482848
v -0.04711003 -0.00379521 -0.01694353
v -0.04357049 -0.00379521 -0.01896191
v -0.03957997 -0.00379521 -0.02086871
v -0.06053515 -0.00289159 -0.00107381
v -0.05991929 -0.00289159 -0.00355898
v -0.05888439 -0.00289159 -0.00601311
v -0.05742436 -0.00289159 -0.00842677
v -0.05553195 -0.00289159 -0.01079053
v -0.05320067 -0.00289159 -0.01309495
v -0.05042408 -0.00289159 -0.01533023
v -0.04719489 -0.00289159 -0.01748771
v -0.04350704 -0.00289159 -0.01955678
v -0.03935368 -0.00289159 -0.02152881
v -0.06098896 -0.00162652 -0.00116340
v -0.06035290 -0.00162652 -0.00371811
v -0.05928485 -0.00162652 -0.00622607
v -0.05777916 -0.00162652 -0.00868098
v -0.05582936 -0.00162652 -0.01107735
v -0.05342940 -0.00162652 -0.01340928
v -0.05057239 -0.00162652 -0.01567088
v -0.04725268 -0.00162652 -0.01785665
v -0.04346421 -0.00162652 -0.01996030
v -0.03920012 -0.00162652 -0.02197673
v -0.06115585 -0.00000000 -0.00119640
v -0.06051252 -0.00000000 -0.00377705
v -0.05943275 -0.00000000 -0.00630465
v -0.05791010 -0.00000000 -0.00877489
v -0.05593928 -0.00000000 -0.01118304
v -0.05351345 -0.00000000 -0.01352519
v -0.05062694 -0.00000000 -0.01579661
v -0.04727410 -0.00000000 -0.01799260
v -0.04344805 -0.00000000 -0.02010922
v -0.03914354 -0.00000000 -0.02214175
v -0.06098896 0.00162652 -0.00116340
v -0.06035290 0.00162652 -0.00371811
v -0.05928485 0.00162652 -0.00622607
v -0.05777916 0.00162652 -0.00868098
v -0.05582936 0.00162652 -0.01107735
v -0.05342940 0.00162652 -0.01340928
v -0.05057239 0.00162652 -0.01567088
v -0.04725268 0.00162652 -0.01785665
v -0.04346421 0.00162652 -0.01996030
v -0.03920012 0.00162652 -0.02197673
v -0.06053515 0.00289159 -0.00107381
v -0.05991929 0.00289159 -0.00355898
v -0.05888439 0.00289159 -0.00601311
v -0.05742436 0.00289159 -0.00842677
v -0.05553195 0.00289159 -0.01079053
v -0.05320067 0.00289159 -0.01309495
v -0.05042408 0.00289159 -0.01533023
v -0.04719489 0.00289159 -0.01748771
v -0.04350704 0.00289159 -0.01955678
v -0.03935368 0.00289159 -0.02152881
v -0.05986636 0.00379521 -0.00094140
v -0.05928000 0.00379521 -0.00332402
v -0.05829399 0.00379521 -0.00569878
v -0.05690105 0.00379521 -0.00805193
v -0.05509349 0.00379521 -0.01036775
v -0.05286406 0.00379521 -0.01263171
v -0.05020547 0.00379521 -0.01482848
v -0.04711003 0.00379521 -0.01694353
v -0.04357049 0.00379521 -0.01896191
v -0.03957997 0.00379521 -0.02086871
v -0.05905411 0.00433738 -0.00078110
v -0.05850413 0.00433738 -0.00303837
v -0.05757751 0.00433738 -0.00531766
v -0.05626580 0.00433738 -0.00759654
v -0.05456129 0.00433738 -0.00985422
v -0.05245510 0.00433738 -0.01206867
v -0.04993956 0.00433738 -0.01421908
v -0.04700658 0.00433738 -0.01628304
v -0.04364767 0.00433738 -0.01823974
v -0.03985476 0.00433738 -0.02006717
v -0.05817033 0.00451811 -0.00060664
v -0.05765955 0.00451811 -0.00272797
v -0.05679720 0.00451811 -0.00490235
v -0.05557438 0.00451811 -0.00710108
v -0.05398180 0.00451811 -0.00929550
v -0.05201019 0.00451811 -0.01145651
v -0.04965062 0.00451811 -0.01355584
v -0.04689424 0.00451811 -0.01556440
v -0.04373173 0.00451811 -0.01745352
v -0.04015380 0.00451811 -0.01919491
v -0.05728656 0.00433738 -0.00043219
v -0.05681498 0.00433738 -0.00241757
v -0.05601728 0.00433738 -0.00448743
v -0.05488296 0.00433738 -0.00660562
v -0.05340232 0.00433738 -0.00873638
v -0.05156527 0.00433738 -0.01084436
v -0.04936169 0.00433738 -0.01289261
v -0.04678190 0.00433738 -0.01484577
v -0.04381538 0.00433738 -0.01666770
v -0.04045283 0.00433738 -0.01832265
v -0.05647431 0.00379521 -0.00027148
v -0.05603910 0.00379521 -0.00213193
v -0.05530040 0.00379521 -0.00410592
v -0.05424771 0.00379521 -0.00615023
v -0.05286971 0.00379521 -0.00822324
v -0.05115632 0.00379521 -0.01028131
v -0.04909620 0.00379521 -0.01228320
v -0.04667845 0.00379521 -0.01418528
v -0.04389256 0.00379521 -0.01594553
v -0.04072763 0.00379521 -0.01752111
v -0.05580552 0.00289159 -0.00013947
v -0.05540020 0.00289159 -0.00189697
v -0.05471000 0.00289159 -0.00379159
v -0.05372439 0.00289159 -0.00577540
v -0.05243127 0.00289159 -0.00780007
v -0.05081970 0.00289159 -0.00981807
v -0.04887758 0.00289159 -0.01178106
v -0.04659359 0.00289159 -0.01364110
v -0.04395601 0.00289159 -0.01535066
v -0.04095392 0.00289159 -0.01686101
v -0.05535172 0.00162652 -0.00004989
v -0.05496620 0.00162652 -0.00173784
v -0.05430954 0.00162652 -0.00357863
v -0.05336959 0.00162652 -0.00552118
v -0.05213384 0.00162652 -0.00751325
v -0.05059098 0.00162652 -0.00950374
v -0.04872887 0.00162652 -0.01144040
v -0.04653580 0.00162652 -0.01327216
v -0.04399925 0.00162652 -0.01494675
v -0.04110748 0.00162652 -0.01641309
v 0.03359503 -0.00000000 -0.00593414
v 0.03359503 -0.00357834 -0.00638795
v 0.03843214 -0.00351609 -0.00596910
v 0.03836143 -0.00000000 -0.00555694
v 0.04202018 -0.00334701 -0.00487092
v 0.04190340 -0.00000000 -0.00450786
v 0.04459593 -0.00309802 -0.00321951
v 0.04445126 -0.00000000 -0.00291068
v 0.04639541 -0.00279600 -0.00114179
v 0.04623538 -0.00000000 -0.00088914
v 0.04765580 -0.00246669 0.00123690
v 0.04748608 -0.00000000 0.00143296
v 0.04861312 -0.00213777 0.00379005
v 0.04843371 -0.00000000 0.00393188
v 0.04950336 -0.00183576 0.00639112
v 0.04930859 -0.00000000 0.00648384
v 0.05056373 -0.00158676 0.00891401
v 0.05034107 -0.00000000 0.00896508
v 0.05203022 -0.00141768 0.01123257
v 0.05176149 -0.00000000 0.01125183
v 0.05413964 -0.00135543 0.01322032
v 0.05380020 -0.00000000 0.01322032
v 0.03359503 -0.00636149 -0.00761973
v 0.03862369 -0.00625065 -0.00708772
v 0.04233700 -0.00595065 -0.00585634
v 0.04498832 -0.00550807 -0.00405837
v 0.04683062 -0.00497032 -0.00182703
v 0.04811648 -0.00438558 0.00070529
v 0.04909926 -0.00380083 0.00340459
v 0.05003234 -0.00326308 0.00613926
v 0.05116826 -0.00282050 0.00877491
v 0.05276004 -0.00252050 0.01117993
v 0.05506100 -0.00240966 0.01322032
v 0.03359503 -0.00834946 -0.00943498
v 0.03890616 -0.00820408 -0.00873638
v 0.04280414 -0.00781010 -0.00730854
v 0.04556658 -0.00722897 -0.00529447
v 0.04747153 -0.00652374 -0.00283681
v 0.04879538 -0.00575627 -0.00007896
v 0.04981614 -0.00498839 0.00283723
v 0.05081185 -0.00428316 0.00576796
v 0.05205891 -0.00370204 0.00857060
v 0.05383535 -0.00330806 0.01110214
v 0.05641878 -0.00316268 0.01322032
v 0.03359503 -0.00954224 -0.01163922
v 0.03924884 -0.00937638 -0.01073827
v 0.04337150 -0.00892577 -0.00907193
v 0.04626933 -0.00826191 -0.00679540
v 0.04824943 -0.00745548 -0.00406309
v 0.04961975 -0.00657836 -0.00103059
v 0.05068698 -0.00570125 0.00214767
v 0.05175786 -0.00489482 0.00531689
v 0.05314029 -0.00423096 0.00832189
v 0.05514141 -0.00378035 0.01100823
v 0.05806752 -0.00361449 0.01322032
v 0.03359503 -0.00993983 -0.01403794
v 0.03962223 -0.00976674 -0.01291657
v 0.04398857 -0.00929766 -0.01099091
v 0.04703348 -0.00860609 -0.00842873
v 0.04909643 -0.00776632 -0.00539781
v 0.05051685 -0.00685226 -0.00206631
v 0.05163420 -0.00593860 0.00139760
v 0.05278791 -0.00509883 0.00482615
v 0.05431745 -0.00440726 0.00805156
v 0.05656224 -0.00393778 0.01090568
v 0.05986175 -0.00376509 0.01322032
v 0.03359503 -0.00954224 -0.01643667
v 0.03999562 -0.00937638 -0.01509527
v 0.04460564 -0.00892577 -0.01290989
v 0.04779765 -0.00826191 -0.01006207
v 0.04994343 -0.00745548 -0.00673253
v 0.05141396 -0.00657836 -0.00310242
v 0.05258141 -0.00570125 0.00064753
v 0.05381797 -0.00489482 0.00433580
v 0.05549460 -0.00423096 0.00778124
v 0.05798347 -0.00378035 0.01080313
v 0.06165596 -0.00361449 0.01322032
v 0.03359503 -0.00834946 -0.01864090
v 0.04033830 -0.00820408 -0.01709715
v 0.04517300 -0.00781010 -0.01467328
v 0.04850038 -0.00722897 -0.01156299
v 0.05072133 -0.00652374 -0.00795881
v 0.05223833 -0.00575587 -0.00405405
v 0.05345226 -0.00498839 -0.00004202
v 0.05476398 -0.00428316 0.00388473
v 0.05657598 -0.00370204 0.00753253
v 0.05928913 -0.00330806 0.01070883
v 0.06330471 -0.00316268 0.01322032
v 0.03359503 -0.00636149 -0.02045616
v 0.04062077 -0.00625065 -0.01874542
v 0.04564014 -0.00595065 -0.01612548
v 0.04907865 -0.00550807 -0.01279870
v 0.05136224 -0.00497032 -0.00896859
v 0.05291722 -0.00438558 -0.00483791
v 0.05416914 -0.00380083 -0.00060939
v 0.05554349 -0.00326308 0.00351343
v 0.05746662 -0.00282050 0.00732821
v 0.06036445 -0.00252050 0.01063142
v 0.06466249 -0.00240966 0.01322032
v 0.03359503 -0.00357834 -0.02168794
v 0.04081232 -0.00351609 -0.01986443
v 0.04595695 -0.00334701 -0.01711091
v 0.04947104 -0.00309802 -0.01363757
v 0.05179746 -0.00279600 -0.00965383
v 0.05337791 -0.00246669 -0.00536992
v 0.05465528 -0.00213777 -0.00099484
v 0.05607246 -0.00183576 0.00326157
v 0.05807116 -0.00158676 0.00718912
v 0.06109426 -0.00141768 0.01057877
v 0.06558385 -0.00135543 0.01322032
v 0.03359503 -0.00000000 -0.02214175
v 0.04088303 -0.00000000 -0.02027659
v 0.04607374 -0.00000000 -0.01747395
v 0.04961571 -0.00000000 -0.01394639
v 0.05195748 -0.00000000 -0.00990647
v 0.05354763 -0.00000000 -0.00556558
v 0.05483469 -0.00000000 -0.00113668
v 0.05626724 -0.00000000 0.00316885
v 0.05829382 -0.00000000 0.00713804
v 0.06136298 -0.00000000 0.01055951
v 0.06592330 -0.00000000 0.01322032
v 0.03359503 0.00357834 -0.02168794
v 0.04081232 0.00351609 -0.01986443
v 0.04595695 0.00334701 -0.01711091
v 0.04947104 0.00309802 -0.01363757
v 0.05179746 0.00279600 -0.00965383
v 0.05337791 0.00246669 -0.00536992
v 0.05465528 0.00213777 -0.00099484
v 0.05607246 0.00183576 0.00326157
v 0.05807116 0.00158676 0.00718912
v 0.06109426 0.00141768 0.01057877
v 0.06558385 0.00135543 0.01322032
v 0.03359503 0.00636149 -0.02045616
v 0.04062077 0.00625065 -0.01874542
v 0.04564014 0.00595065 -0.01612548
v 0.04907865 0.00550807 -0.01279870
v 0.05136224 0.00497032 -0.00896859
v 0.05291722 0.00438558 -0.00483791
v 0.05416914 0.00380083 -0.00060939
v 0.05554349 0.00326308 0.00351343
v 0.05746662 0.00282050 0.00732821
v 0.06036445 0.00252050 0.01063142
v 0.06466249 0.00240966 0.01322032
v 0.03359503 0.00834946 -0.01864090
v 0.04033830 0.00820408 -0.01709715
v 0.04517300 0.00781010 -0.01467328
v 0.04850038 0.00722897 -0.01156299
v 0.05072133 0.00652374 -0.00795881
v 0.05223833 0.00575627 -0.00405405
v 0.05345226 0.00498839 -0.00004202
v 0.05476398 0.00428316 0.00388473
v 0.05657598 0.00370204 0.00753253
v 0.05928913 0.00330806 0.01070883
v 0.06330471 0.00316267 0.01322032
v 0.03359503 0.00954224 -0.01643667
v 0.03999562 0.00937638 -0.01509527
v 0.04460564 0.00892577 -0.01290989
v 0.04779765 0.00826191 -0.01006207
v 0.04994343 0.00745548 -0.00673253
v 0.05141396 0.00657836 -0.00310203
v 0.05258141 0.00570125 0.00064753
v 0.05381797 0.00489482 0.00433580
v 0.05549460 0.00423096 0.00778124
v 0.05798347 0.00378035 0.01080313
v 0.06165596 0.00361448 0.01322032
v 0.03359503 0.00993983 -0.01403794
v 0.03962223 0.00976674 -0.01291657
v 0.04398857 0.00929766 -0.01099091
v 0.04703348 0.00860609 -0.00842873
v 0.04909643 0.00776632 -0.00539781
v 0.05051685 0.00685226 -0.00206631
v 0.05163420 0.00593860 0.00139760
v 0.05278791 0.00509883 0.00482615
v 0.05431745 0.00440726 0.00805156
v 0.05656224 0.00393778 0.01090568
v 0.05986175 0.00376509 0.01322032
v 0.03359503 0.00954224 -0.01163922
v 0.03924884 0.00937638 -0.01073827
v 0.04337150 0.00892577 -0.00907193
v 0.04626933 0.00826191 -0.00679540
v 0.04824943 0.00745548 -0.00406309
v 0.04961975 0.00657836 -0.00103059
v 0.05068698 0.00570125 0.00214767
v 0.05175786 0.00489482 0.00531689
v 0.05314029 0.00423096 0.00832189
v 0.05514141 0.00378035 0.01100823
v 0.05806752 0.00361448 0.01322032
v 0.03359503 0.00834946 -0.00943498
v 0.03890616 0.00820408 -0.00873638
v 0.04280414 0.00781010 -0.00730854
v 0.04556658 0.00722897 -0.00529447
v 0.04747153 0.00652374 -0.00283681
v 0.04879538 0.00575587 -0.00007896
v 0.04981614 0.00498839 0.00283723
v 0.05081185 0.00428316 0.00576757
v 0.05205891 0.00370204 0.00857060
v 0.05383535 0.00330806 0.01110214
v 0.05641878 0.00316267 0.01322032
v 0.03359503 0.00636149 -0.00761973
v 0.03862369 0.00625065 -0.00708772
v 0.04233700 0.00595065 -0.00585634
v 0.04498832 0.00550807 -0.00405837
v 0.04683062 0.00497032 -0.00182703
v 0.04811648 0.00438558 0.00070490
v 0.04909926 0.00380083 0.00340459
v 0.05003234 0.00326308 0.00613926
v 0.05116826 0.00282050 0.00877491
v 0.05276004 0.00252050 0.01117993
v 0.05506100 0.00240966 0.01322032
v 0.03359503 0.00357834 -0.00638795
v 0.03843214 0.00351609 -0.00596910
v 0.04202018 0.00334701 -0.00487092
v 0.04459593 0.00309802 -0.00321951
v 0.04639541 0.00279600 -0.00114179
v 0.04765580 0.00246669 0.00123690
v 0.04861312 0.00213777 0.00379005
v 0.04950336 0.00183576 0.00639112
v 0.05056373 0.00158676 0.00891401
v 0.05203022 0.00141768 0.01123257
v 0.05413964 0.00135543 0.01322032
v 0.05475792 -0.00134017 0.01362109
v 0.05440231 -0.00000000 0.01361794
v 0.05534306 -0.00129921 0.01393345
v 0.05498017 -0.00000000 0.01392756
v 0.05587162 -0.00123816 0.01415703
v 0.05550955 -0.00000000 0.01414878
v 0.05632099 -0.00116467 0.01429139
v 0.05596618 -0.00000000 0.01428118
v 0.05666690 -0.00108435 0.01433697
v 0.05632583 -0.00000000 0.01432558
v 0.05688754 -0.00100402 0.01429297
v 0.05656426 -0.00000000 0.01428118
v 0.05695866 -0.00093053 0.01415977
v 0.05665720 -0.00000000 0.01414838
v 0.05685804 -0.00086948 0.01393660
v 0.05658042 -0.00000000 0.01392756
v 0.05656184 -0.00082852 0.01362345
v 0.05630968 -0.00000000 0.01361794
v 0.05604701 -0.00081326 0.01322032
v 0.05582071 -0.00000000 0.01322032
v 0.05572372 -0.00238275 0.01362934
v 0.05632826 -0.00230925 0.01394957
v 0.05685481 -0.00220162 0.01417981
v 0.05728316 -0.00207030 0.01431969
v 0.05759310 -0.00192773 0.01436841
v 0.05776444 -0.00178515 0.01432519
v 0.05777698 -0.00165383 0.01418963
v 0.05761089 -0.00154620 0.01396057
v 0.05724558 -0.00147270 0.01363799
v 0.05666124 -0.00144579 0.01322032
v 0.05714657 -0.00312733 0.01364191
v 0.05778021 -0.00303095 0.01397353
v 0.05830393 -0.00288958 0.01421360
v 0.05870156 -0.00271729 0.01436133
v 0.05895817 -0.00253014 0.01441478
v 0.05905717 -0.00234299 0.01437273
v 0.05898322 -0.00217070 0.01423364
v 0.05872055 -0.00202933 0.01399633
v 0.05825381 -0.00193295 0.01365881
v 0.05756643 -0.00189760 0.01322032
v 0.05887452 -0.00357392 0.01365685
v 0.05954331 -0.00346428 0.01400221
v 0.06006338 -0.00330203 0.01425485
v 0.06042425 -0.00310565 0.01441202
v 0.06061539 -0.00289159 0.01447135
v 0.06062670 -0.00267753 0.01443049
v 0.06044769 -0.00248114 0.01428746
v 0.06006824 -0.00231889 0.01403954
v 0.05947744 -0.00220925 0.01368475
v 0.05866560 -0.00216869 0.01322032
v 0.06075521 -0.00372292 0.01367296
v 0.06146199 -0.00360846 0.01403365
v 0.06197803 -0.00343978 0.01429926
v 0.06229848 -0.00323496 0.01446703
v 0.06241890 -0.00301207 0.01453265
v 0.06233485 -0.00278918 0.01449335
v 0.06204148 -0.00258436 0.01434601
v 0.06153473 -0.00241568 0.01408669
v 0.06080977 -0.00230122 0.01371264
v 0.05986175 -0.00225905 0.01322032
v 0.06263551 -0.00357392 0.01368906
v 0.06338067 -0.00346428 0.01406508
v 0.06389268 -0.00330203 0.01434405
v 0.06417271 -0.00310565 0.01452164
v 0.06422243 -0.00289159 0.01459394
v 0.06404300 -0.00267753 0.01455622
v 0.06363526 -0.00248114 0.01440417
v 0.06300122 -0.00231889 0.01413384
v 0.06214169 -0.00220925 0.01374053
v 0.06105789 -0.00216869 0.01322032
v 0.06436346 -0.00312733 0.01370399
v 0.06514378 -0.00303095 0.01409377
v 0.06565214 -0.00288958 0.01438491
v 0.06589541 -0.00271729 0.01457233
v 0.06588006 -0.00253014 0.01465013
v 0.06561254 -0.00234299 0.01461398
v 0.06510014 -0.00217070 0.01445799
v 0.06434891 -0.00202933 0.01417706
v 0.06336572 -0.00193295 0.01376646
v 0.06215705 -0.00189760 0.01322032
v 0.06578631 -0.00238275 0.01371617
v 0.06659573 -0.00230925 0.01411773
v 0.06710085 -0.00220162 0.01441870
v 0.06731382 -0.00207030 0.01461398
v 0.06724471 -0.00192773 0.01469649
v 0.06690527 -0.00178515 0.01466152
v 0.06630598 -0.00165383 0.01450199
v 0.06545858 -0.00154620 0.01421281
v 0.06437356 -0.00147270 0.01378729
v 0.06306224 -0.00144579 0.01322032
v 0.06675211 -0.00134017 0.01372442
v 0.06758092 -0.00129921 0.01413384
v 0.06808404 -0.00123816 0.01444188
v 0.06827639 -0.00116467 0.01464227
v 0.06817092 -0.00108435 0.01472832
v 0.06778216 -0.00100402 0.01469374
v 0.06712469 -0.00093053 0.01453186
v 0.06621142 -0.00086948 0.01423679
v 0.06505770 -0.00082852 0.01380183
v 0.06367648 -0.00081326 0.01322032
v 0.06710772 -0.00000000 0.01372757
v 0.06794380 -0.00000000 0.01413973
v 0.06844651 -0.00000000 0.01445013
v 0.06863079 -0.00000000 0.01465248
v 0.06851198 -0.00000000 0.01473971
v 0.06810546 -0.00000000 0.01470553
v 0.06742615 -0.00000000 0.01454326
v 0.06648903 -0.00000000 0.01424582
v 0.06530946 -0.00000000 0.01380694
v 0.06390277 -0.00000000 0.01322032
v 0.06675211 0.00134017 0.01372442
v 0.06758092 0.00129921 0.01413384
v 0.06808404 0.00123816 0.01444188
v 0.06827639 0.00116467 0.01464227
v 0.06817092 0.00108435 0.01472832
v 0.06778216 0.00100402 0.01469374
v 0.06712469 0.00093053 0.01453186
v 0.06621142 0.00086948 0.01423679
v 0.06505770 0.00082852 0.01380183
v 0.06367648 0.00081326 0.01322032
v 0.06578631 0.00238275 0.01371617
v 0.06659573 0.00230925 0.01411773
v 0.06710085 0.00220162 0.01441870
v 0.06731382 0.00207030 0.01461398
v 0.06724471 0.00192773 0.01469649
v 0.06690527 0.00178515 0.01466152
v 0.06630598 0.00165383 0.01450199
v 0.06545858 0.00154620 0.01421281
v 0.06437356 0.00147270 0.01378729
v 0.06306224 0.00144579 0.01322032
v 0.06436346 0.00312733 0.01370399
v 0.06514378 0.00303095 0.01409377
v 0.06565214 0.00288958 0.01438491
v 0.06589541 0.00271729 0.01457233
v 0.06588006 0.00253014 0.01465013
v 0.06561254 0.00234299 0.01461398
v 0.06510014 0.00217070 0.01445799
v 0.06434891 0.00202933 0.01417706
v 0.06336572 0.00193295 0.01376646
v 0.06215705 0.00189760 0.01322032
v 0.06263551 0.00357392 0.01368906
v 0.06338067 0.00346428 0.01406508
v 0.06389268 0.00330203 0.01434405
v 0.06417271 0.00310565 0.01452164
v 0.06422243 0.00289159 0.01459394
v 0.06404300 0.00267753 0.01455622
v 0.06363526 0.00248114 0.01440417
v 0.06300122 0.00231889 0.01413384
v 0.06214169 0.00220925 0.01374053
v 0.06105789 0.00216869 0.01322032
v 0.06075521 0.00372292 0.01367296
v 0.06146199 0.00360846 0.01403365
v 0.06197803 0.00343978 0.01429926
v 0.06229848 0.00323496 0.01446703
v 0.06241890 0.00301207 0.01453265
v 0.06233485 0.00278918 0.01449335
v 0.06204148 0.00258436 0.01434601
v 0.06153473 0.00241568 0.01408669
v 0.06080977 0.00230122 0.01371264
v 0.05986175 0.00225905 0.01322032
v 0.05887452 0.00357392 0.01365645
v 0.05954331 0.00346428 0.01400221
v 0.06006338 0.00330203 0.01425485
v 0.06042425 0.00310565 0.01441202
v 0.06061539 0.00289159 0.01447135
v 0.06062670 0.00267753 0.01443049
v 0.06044769 0.00248114 0.01428746
v 0.06006824 0.00231889 0.01403954
v 0.05947744 0.00220925 0.01368475
v 0.05866560 0.00216869 0.01322032
v 0.05714657 0.00312733 0.01364191
v 0.05778021 0.00303095 0.01397353
v 0.05830393 0.00288958 0.01421360
v 0.05870156 0.00271729 0.01436133
v 0.05895817 0.00253014 0.01441478
v 0.05905717 0.00234299 0.01437273
v 0.05898322 0.00217070 0.01423364
v 0.05872055 0.00202933 0.01399633
v 0.05825381 0.00193295 0.01365881
v 0.05756643 0.00189760 0.01322032
v 0.05572372 0.00238275 0.01362934
v 0.05632826 0.00230925 0.01394957
v 0.05685481 0.00220162 0.01417981
v 0.05728316 0.00207030 0.01431969
v 0.05759310 0.00192773 0.01436841
v 0.05776444 0.00178515 0.01432519
v 0.05777698 0.00165383 0.01418963
v 0.05761089 0.00154620 0.01396057
v 0.05724558 0.00147270 0.01363799
v 0.05666124 0.00144579 0.01322032
v 0.05475792 0.00134017 0.01362109
v 0.05534306 0.00129921 0.01393345
v 0.05587162 0.00123816 0.01415703
v 0.05632099 0.00116467 0.01429139
v 0.05666690 0.00108435 0.01433697
v 0.05688754 0.00100402 0.01429297
v 0.05695866 0.00093053 0.01415977
v 0.05685804 0.00086948 0.01393660
v 0.05656184 0.00082852 0.01362345
v 0.05604701 0.00081326 0.01322032
v 0.00312767 -0.00064338 0.02778674
v 0.00317819 -0.00000000 0.02778674
v -0.00075374 -0.00000000 0.02795452
v 0.00540560 -0.00102129 0.02731800
v 0.00548562 -0.00000000 0.02731800
v 0.00639121 -0.00118435 0.02660172
v 0.00648375 -0.00000000 0.02660172
v 0.00639485 -0.00118515 0.02569134
v 0.00648779 -0.00000000 0.02569134
v 0.00572889 -0.00107431 0.02463952
v 0.00581294 -0.00000000 0.02463952
v 0.00470368 -0.00090442 0.02349890
v 0.00477439 -0.00000000 0.02349890
v 0.00363038 -0.00072611 0.02232291
v 0.00368736 -0.00000000 0.02232291
v 0.00282056 -0.00059117 0.02116500
v 0.00286703 -0.00000000 0.02116500
v 0.00258496 -0.00055181 0.02007782
v 0.00262861 -0.00000000 0.02007782
v 0.00323517 -0.00065904 0.01911400
v 0.00328729 -0.00000000 0.01911400
v 0.00298139 -0.00125061 0.02778674
v 0.00517365 -0.00198435 0.02731800
v 0.00612167 -0.00230162 0.02660211
v 0.00612572 -0.00230283 0.02569134
v 0.00548440 -0.00208797 0.02463952
v 0.00449758 -0.00175744 0.02349890
v 0.00346510 -0.00141126 0.02232291
v 0.00268559 -0.00114941 0.02116500
v 0.00245888 -0.00107270 0.02007782
v 0.00308443 -0.00128113 0.01911400
v 0.00274701 -0.00181327 0.02778674
v 0.00480106 -0.00287753 0.02731800
v 0.00568969 -0.00333778 0.02660172
v 0.00569332 -0.00333938 0.02569134
v 0.00509242 -0.00302814 0.02463952
v 0.00416743 -0.00254861 0.02349890
v 0.00319960 -0.00204660 0.02232291
v 0.00246899 -0.00166748 0.02116500
v 0.00225602 -0.00155664 0.02007782
v 0.00284197 -0.00185945 0.01911400
v 0.00243100 -0.00232492 0.02778674
v 0.00429998 -0.00368959 0.02731800
v 0.00510859 -0.00427955 0.02660211
v 0.00511182 -0.00428196 0.02569134
v 0.00456507 -0.00388236 0.02463952
v 0.00372332 -0.00326790 0.02349890
v 0.00284238 -0.00262452 0.02232331
v 0.00217763 -0.00213897 0.02116500
v 0.00198366 -0.00199680 0.02007782
v 0.00251667 -0.00238516 0.01911400
v 0.00204144 -0.00277793 0.02778674
v 0.00368210 -0.00440847 0.02731800
v 0.00439171 -0.00511369 0.02660172
v 0.00439413 -0.00511610 0.02569134
v 0.00391446 -0.00463939 0.02463952
v 0.00317576 -0.00390525 0.02349890
v 0.00240231 -0.00313657 0.02232291
v 0.00181838 -0.00255624 0.02116500
v 0.00164825 -0.00238717 0.02007782
v 0.00211540 -0.00285143 0.01911400
v 0.00158562 -0.00316508 0.02778674
v 0.00295876 -0.00502253 0.02731800
v 0.00355239 -0.00582615 0.02660211
v 0.00355481 -0.00582936 0.02569134
v 0.00315273 -0.00528598 0.02463952
v 0.00253445 -0.00444943 0.02349890
v 0.00188708 -0.00357392 0.02232291
v 0.00139852 -0.00291327 0.02116500
v 0.00125546 -0.00272050 0.02007782
v 0.00164623 -0.00325023 0.01911400
v 0.00107079 -0.00347914 0.02778674
v 0.00214166 -0.00552052 0.02731800
v 0.00260476 -0.00640366 0.02660172
v 0.00260638 -0.00640728 0.02569134
v 0.00229320 -0.00581008 0.02463952
v 0.00181070 -0.00489080 0.02349890
v 0.00130557 -0.00392895 0.02232291
v 0.00092410 -0.00320284 0.02116500
v 0.00081257 -0.00299119 0.02007782
v 0.00111726 -0.00357352 0.01911400
v 0.00050464 -0.00371208 0.02778674
v 0.00124294 -0.00589081 0.02731800
v 0.00156218 -0.00683298 0.02660172
v 0.00156339 -0.00683700 0.02569134
v 0.00134720 -0.00619964 0.02463952
v 0.00101462 -0.00521892 0.02349890
v 0.00066628 -0.00419280 0.02232291
v 0.00040281 -0.00341810 0.02116500
v 0.00032562 -0.00319280 0.02007782
v 0.00053535 -0.00381449 0.01911400
v -0.00010636 -0.00385746 0.02778674
v 0.00027390 -0.00612133 0.02731800
v 0.00043796 -0.00710086 0.02660211
v 0.00043877 -0.00710447 0.02569134
v 0.00032724 -0.00644262 0.02463952
v 0.00015630 -0.00542374 0.02349890
v -0.00002312 -0.00435706 0.02232291
v -0.00015890 -0.00355224 0.02116500
v -0.00019850 -0.00331810 0.02007782
v -0.00009060 -0.00396429 0.01911400
v -0.00075374 -0.00390766 0.02778674
v -0.00075374 -0.00620085 0.02731800
v -0.00075374 -0.00719283 0.02660211
v -0.00075374 -0.00719684 0.02569134
v -0.00075374 -0.00652615 0.02463952
v -0.00075374 -0.00549402 0.02349890
v -0.00075374 -0.00441369 0.02232291
v -0.00075374 -0.00359842 0.02116500
v -0.00075374 -0.00336147 0.02007742
v -0.00075374 -0.00401609 0.01911400
v -0.00140111 -0.00385746 0.02778674
v -0.00178137 -0.00612133 0.02731800
v -0.00194544 -0.00710086 0.02660172
v -0.00194625 -0.00710447 0.02569134
v -0.00183471 -0.00644262 0.02463952
v -0.00166378 -0.00542374 0.02349890
v -0.00148436 -0.00435706 0.02232291
v -0.00134858 -0.00355224 0.02116500
v -0.00130898 -0.00331810 0.02007782
v -0.00141687 -0.00396429 0.01911400
v -0.00201211 -0.00371208 0.02778674
v -0.00275041 -0.00589081 0.02731800
v -0.00306965 -0.00683298 0.02660211
v -0.00307087 -0.00683700 0.02569134
v -0.00285467 -0.00619964 0.02463952
v -0.00252209 -0.00521892 0.02349890
v -0.00217376 -0.00419280 0.02232291
v -0.00191028 -0.00341810 0.02116500
v -0.00183310 -0.00319280 0.02007782
v -0.00204283 -0.00381449 0.01911400
v -0.00257826 -0.00347914 0.02778674
v -0.00364914 -0.00552052 0.02731800
v -0.00411224 -0.00640366 0.02660172
v -0.00411386 -0.00640728 0.02569134
v -0.00380068 -0.00581008 0.02463952
v -0.00331818 -0.00489080 0.02349890
v -0.00281305 -0.00392895 0.02232291
v -0.00243157 -0.00320284 0.02116500
v -0.00232004 -0.00299119 0.02007782
v -0.00262474 -0.00357352 0.01911400
v -0.00309309 -0.00316508 0.02778674
v -0.00446623 -0.00502253 0.02731800
v -0.00505986 -0.00582615 0.02660211
v -0.00506229 -0.00582936 0.02569134
v -0.00466020 -0.00528598 0.02463952
v -0.00404193 -0.00444943 0.02349890
v -0.00339455 -0.00357392 0.02232331
v -0.00290599 -0.00291327 0.02116500
v -0.00276294 -0.00272050 0.02007782
v -0.00315371 -0.00325023 0.01911400
v -0.00354892 -0.00277793 0.02778674
v -0.00518958 -0.00440847 0.02731800
v -0.00589918 -0.00511369 0.02660172
v -0.00590161 -0.00511610 0.02569134
v -0.00542194 -0.00463939 0.02463952
v -0.00468324 -0.00390525 0.02349890
v -0.00390978 -0.00313657 0.02232291
v -0.00332585 -0.00255624 0.02116500
v -0.00315573 -0.00238717 0.02007782
v -0.00362287 -0.00285143 0.01911400
v -0.00393847 -0.00232492 0.02778674
v -0.00580745 -0.00368959 0.02731800
v -0.00661606 -0.00427955 0.02660211
v -0.00661930 -0.00428196 0.02569134
v -0.00607254 -0.00388236 0.02463952
v -0.00523080 -0.00326790 0.02349890
v -0.00434985 -0.00262452 0.02232291
v -0.00368510 -0.00213897 0.02116500
v -0.00349113 -0.00199680 0.02007782
v -0.00402414 -0.00238516 0.01911400
v -0.00425448 -0.00181327 0.02778674
v -0.00630854 -0.00287753 0.02731800
v -0.00719716 -0.00333778 0.02660172
v -0.00720080 -0.00333938 0.02569134
v -0.00659990 -0.00302814 0.02463952
v -0.00567491 -0.00254861 0.02349890
v -0.00470708 -0.00204660 0.02232291
v -0.00397646 -0.00166748 0.02116500
v -0.00376350 -0.00155664 0.02007782
v -0.00434945 -0.00185945 0.01911400
v -0.00448886 -0.00125061 0.02778674
v -0.00668112 -0.00198435 0.02731800
v -0.00762915 -0.00230162 0.02660172
v -0.00763319 -0.00230283 0.02569134
v -0.00699188 -0.00208797 0.02463952
v -0.00600506 -0.00175744 0.02349890
v -0.00497258 -0.00141126 0.02232291
v -0.00419306 -0.00114941 0.02116500
v -0.00396636 -0.00107270 0.02007782
v -0.00459191 -0.00128113 0.01911400
v -0.00463515 -0.00064338 0.02778674
v -0.00691308 -0.00102129 0.02731800
v -0.00789869 -0.00118435 0.02660211
v -0.00790232 -0.00118515 0.02569134
v -0.00723636 -0.00107431 0.02463952
v -0.00621115 -0.00090442 0.02349890
v -0.00513785 -0.00072611 0.02232291
v -0.00432803 -0.00059117 0.02116500
v -0.00409244 -0.00055181 0.02007782
v -0.00474264 -0.00065904 0.01911400
v -0.00468566 -0.00000000 0.02778674
v -0.00699309 -0.00000000 0.02731800
v -0.00799123 -0.00000000 0.02660211
v -0.00799527 -0.00000000 0.02569134
v -0.00732041 -0.00000000 0.02463952
v -0.00628187 -0.00000000 0.02349890
v -0.00519483 -0.00000000 0.02232291
v -0.00437450 -0.00000000 0.02116500
v -0.00413608 -0.00000000 0.02007742
v -0.00479477 -0.00000000 0.01911400
v -0.00463515 0.00064338 0.02778674
v -0.00691308 0.00102129 0.02731800
v -0.00789869 0.00118435 0.02660172
v -0.00790232 0.00118515 0.02569134
v -0.00723636 0.00107431 0.02463952
v -0.00621115 0.00090442 0.02349890
v -0.00513785 0.00072611 0.02232291
v -0.00432803 0.00059117 0.02116500
v -0.00409244 0.00055181 0.02007782
v -0.00474264 0.00065904 0.01911400
v -0.00448886 0.00125061 0.02778674
v -0.00668112 0.00198435 0.02731800
v -0.00762915 0.00230162 0.02660211
v -0.00763319 0.00230283 0.02569134
v -0.00699188 0.00208797 0.02463952
v -0.00600506 0.00175744 0.02349890
v -0.00497258 0.00141126 0.02232291
v -0.00419306 0.00114941 0.02116500
v -0.00396636 0.00107270 0.02007782
v -0.00459191 0.00128113 0.01911400
v -0.00425448 0.00181327 0.02778674
v -0.00630854 0.00287753 0.02731800
v -0.00719716 0.00333778 0.02660172
v -0.00720080 0.00333938 0.02569134
v -0.00659990 0.00302814 0.02463952
v -0.00567491 0.00254861 0.02349890
v -0.00470708 0.00204660 0.02232291
v -0.00397646 0.00166748 0.02116500
v -0.00376350 0.00155664 0.02007782
v -0.00434945 0.00185945 0.01911400
v -0.00393847 0.00232492 0.02778674
v -0.00580745 0.00368959 0.02731800
v -0.00661606 0.00427955 0.02660211
v -0.00661930 0.00428196 0.02569134
v -0.00607254 0.00388236 0.02463952
v -0.00523080 0.00326790 0.02349890
v -0.00434985 0.00262452 0.02232331
v -0.00368510 0.00213897 0.02116500
v -0.00349113 0.00199680 0.02007782
v -0.00402414 0.00238516 0.01911400
v -0.00354892 0.00277793 0.02778674
v -0.00518958 0.00440847 0.02731800
v -0.00589918 0.00511369 0.02660172
v -0.00590161 0.00511610 0.02569134
v -0.00542194 0.00463939 0.02463952
v -0.00468324 0.00390525 0.02349890
v -0.00390978 0.00313657 0.02232291
v -0.00332585 0.00255624 0.02116500
v -0.00315573 0.00238717 0.02007782
v -0.00362287 0.00285143 0.01911400
v -0.00309309 0.00316508 0.02778674
v -0.00446623 0.00502253 0.02731800
v -0.00505986 0.00582615 0.02660211
v -0.00506229 0.00582936 0.02569134
v -0.00466020 0.00528598 0.02463952
v -0.00404193 0.00444943 0.02349890
v -0.00339455 0.00357392 0.02232291
v -0.00290599 0.00291327 0.02116500
v -0.00276294 0.00272050 0.02007782
v -0.00315371 0.00325022 0.01911400
v -0.00257826 0.00347914 0.02778674
v -0.00364914 0.00552052 0.02731800
v -0.00411224 0.00640366 0.02660172
v -0.00411386 0.00640728 0.02569134
v -0.00380068 0.00581008 0.02463952
v -0.00331818 0.00489080 0.02349890
v -0.00281305 0.00392894 0.02232291
v -0.00243157 0.00320284 0.02116500
v -0.00232004 0.00299119 0.02007782
v -0.00262474 0.00357352 0.01911400
v -0.00201211 0.00371208 0.02778674
v -0.00275041 0.00589081 0.02731800
v -0.00306965 0.00683298 0.02660172
v -0.00307087 0.00683700 0.02569134
v -0.00285467 0.00619965 0.02463952
v -0.00252209 0.00521891 0.02349890
v -0.00217376 0.00419280 0.02232291
v -0.00191028 0.00341810 0.02116500
v -0.00183310 0.00319279 0.02007782
v -0.00204283 0.00381449 0.01911400
v -0.00140111 0.00385746 0.02778674
v -0.00178137 0.00612133 0.02731800
v -0.00194544 0.00710086 0.02660211
v -0.00194625 0.00710447 0.02569134
v -0.00183471 0.00644262 0.02463952
v -0.00166378 0.00542374 0.02349890
v -0.00148436 0.00435706 0.02232291
v -0.00134858 0.00355224 0.02116500
v -0.00130898 0.00331810 0.02007782
v -0.00141687 0.00396429 0.01911400
v -0.00075374 0.00390766 0.02778674
v -0.00075374 0.00620085 0.02731800
v -0.00075374 0.00719283 0.02660211
v -0.00075374 0.00719684 0.02569134
v -0.00075374 0.00652615 0.02463952
v -0.00075374 0.00549402 0.02349890
v -0.00075374 0.00441369 0.02232291
v -0.00075374 0.00359842 0.02116500
v -0.00075374 0.00336147 0.02007742
v -0.00075374 0.00401609 0.01911400
v -0.00010636 0.00385746 0.02778674
v 0.00027390 0.00612133 0.02731800
v 0.00043796 0.00710086 0.02660172
v 0.00043877 0.00710447 0.02569134
v 0.00032724 0.00644262 0.02463952
v 0.00015630 0.00542374 0.02349890
v -0.00002312 0.00435706 0.02232291
v -0.00015890 0.00355224 0.02116500
v -0.00019850 0.00331810 0.02007782
v -0.00009060 0.00396429 0.01911400
v 0.00050464 0.00371208 0.02778674
v 0.00124294 0.00589081 0.02731800
v 0.00156218 0.00683298 0.02660211
v 0.00156339 0.00683700 0.02569134
v 0.00134720 0.00619965 0.02463952
v 0.00101462 0.00521891 0.02349890
v 0.00066628 0.00419280 0.02232291
v 0.00040281 0.00341810 0.02116500
v 0.00032562 0.00319279 0.02007782
v 0.00053535 0.00381449 0.01911400
v 0.00107079 0.00347914 0.02778674
v 0.00214166 0.00552052 0.02731800
v 0.00260476 0.00640366 0.02660172
v 0.00260638 0.00640728 0.02569134
v 0.00229320 0.00581008 0.02463952
v 0.00181070 0.00489080 0.02349890
v 0.00130557 0.00392894 0.02232291
v 0.00092410 0.00320284 0.02116500
v 0.00081257 0.00299119 0.02007782
v 0.00111726 0.00357352 0.01911400
v 0.00158562 0.00316508 0.02778674
v 0.00295876 0.00502253 0.02731800
v 0.00355239 0.00582615 0.02660211
v 0.00355481 0.00582936 0.02569134
v 0.00315273 0.00528598 0.02463952
v 0.00253445 0.00444943 0.02349890
v 0.00188708 0.00357392 0.02232331
v 0.00139852 0.00291327 0.02116500
v 0.00125546 0.00272050 0.02007782
v 0.00164623 0.00325022 0.01911400
v 0.00204144 0.00277793 0.02778674
v 0.00368210 0.00440847 0.02731800
v 0.00439171 0.00511369 0.02660172
v 0.00439413 0.00511610 0.02569134
v 0.00391446 0.00463939 0.02463952
v 0.00317576 0.00390525 0.02349890
v 0.00240231 0.00313657 0.02232291
v 0.00181838 0.00255624 0.02116500
v 0.00164825 0.00238717 0.02007782
v 0.00211540 0.00285143 0.01911400
v 0.00243100 0.00232492 0.02778674
v 0.00429998 0.00368959 0.02731800
v 0.00510859 0.00427955 0.02660211
v 0.00511182 0.00428196 0.02569134
v 0.00456507 0.00388236 0.02463952
v 0.00372332 0.00326790 0.02349890
v 0.00284238 0.00262452 0.02232291
v 0.00217763 0.00213897 0.02116500
v 0.00198366 0.00199680 0.02007782
v 0.00251667 0.00238516 0.01911400
v 0.00274701 0.00181327 0.02778674
v 0.00480106 0.00287753 0.02731800
v 0.00568969 0.00333778 0.02660172
v 0.00569332 0.00333938 0.02569134
v 0.00509242 0.00302814 0.02463952
v 0.00416743 0.00254861 0.02349890
v 0.00319960 0.00204660 0.02232291
v 0.00246899 0.00166748 0.02116500
v 0.00225602 0.00155664 0.02007782
v 0.00284197 0.00185945 0.01911400
v 0.00298139 0.00125061 0.02778674
v 0.00517365 0.00198435 0.02731800
v 0.00612167 0.00230162 0.02660172
v 0.00612572 0.00230283 0.02569134
v 0.00548440 0.00208797 0.02463952
v 0.00449758 0.00175744 0.02349890
v 0.00346510 0.00141126 0.02232291
v 0.00268559 0.00114941 0.02116500
v 0.00245888 0.00107270 0.02007782
v 0.00308443 0.00128113 0.01911400
v 0.00312767 0.00064338 0.02778674
v 0.00540560 0.00102129 0.02731800
v 0.00639121 0.00118435 0.02660211
v 0.00639485 0.00118515 0.02569134
v 0.00572889 0.00107431 0.02463952
v 0.00470368 0.00090442 0.02349890
v 0.00363038 0.00072611 0.02232291
v 0.00282056 0.00059117 0.02116500
v 0.00258496 0.00055181 0.02007782
v 0.00323517 0.00065904 0.01911400
v 0.00481885 -0.00092049 0.01831246
v 0.00489158 -0.00000000 0.01831246
v 0.00704869 -0.00128876 0.01765237
v 0.00715052 -0.00000000 0.01765237
v 0.00973314 -0.00173254 0.01709836
v 0.00987014 -0.00000000 0.01709836
v 0.01268108 -0.00221929 0.01661508
v 0.01285646 -0.00000000 0.01661508
v 0.01570094 -0.00271809 0.01616716
v 0.01591552 -0.00000000 0.01616716
v 0.01860078 -0.00319721 0.01571924
v 0.01885335 -0.00000000 0.01571924
v 0.02118947 -0.00362493 0.01523595
v 0.02147598 -0.00000000 0.01523595
v 0.02327585 -0.00396951 0.01468195
v 0.02358944 -0.00000000 0.01468195
v 0.02466799 -0.00419963 0.01402186
v 0.02499976 -0.00000000 0.01402186
v 0.02517474 -0.00428316 0.01322032
v 0.02551297 -0.00000000 0.01322032
v 0.00460790 -0.00178997 0.01831246
v 0.00675329 -0.00250604 0.01765237
v 0.00933632 -0.00336870 0.01709836
v 0.01217271 -0.00431529 0.01661508
v 0.01507822 -0.00528518 0.01616716
v 0.01786815 -0.00621691 0.01571924
v 0.02035904 -0.00704825 0.01523595
v 0.02236662 -0.00771853 0.01468195
v 0.02370582 -0.00816552 0.01402186
v 0.02419317 -0.00832858 0.01322032
v 0.00426967 -0.00259761 0.01831246
v 0.00627968 -0.00363657 0.01765237
v 0.00869985 -0.00488799 0.01709836
v 0.01135724 -0.00626189 0.01661508
v 0.01407927 -0.00766954 0.01616716
v 0.01669342 -0.00902135 0.01571924
v 0.01902711 -0.01022779 0.01523595
v 0.02090781 -0.01120049 0.01468195
v 0.02216295 -0.01184909 0.01402186
v 0.02261959 -0.01208523 0.01322032
v 0.00381505 -0.00333215 0.01831246
v 0.00564322 -0.00466550 0.01765237
v 0.00784396 -0.00627073 0.01709836
v 0.01026090 -0.00803339 0.01661508
v 0.01273644 -0.00983903 0.01616716
v 0.01511378 -0.01157318 0.01571924
v 0.01723613 -0.01312138 0.01523595
v 0.01894670 -0.01436878 0.01468195
v 0.02008788 -0.01520132 0.01402186
v 0.02050330 -0.01550413 0.01322032
v 0.00325456 -0.00398356 0.01831246
v 0.00485845 -0.00557755 0.01765237
v 0.00678925 -0.00749644 0.01709836
v 0.00890958 -0.00960369 0.01661508
v 0.01108164 -0.01176234 0.01616716
v 0.01316721 -0.01383504 0.01571924
v 0.01502932 -0.01568566 0.01523595
v 0.01652976 -0.01717684 0.01468195
v 0.01753112 -0.01817202 0.01402186
v 0.01789562 -0.01853428 0.01322032
v 0.00259911 -0.00454060 0.01831246
v 0.00394073 -0.00635748 0.01765237
v 0.00555593 -0.00854464 0.01709836
v 0.00732954 -0.01094667 0.01661508
v 0.00914639 -0.01340693 0.01616716
v 0.01089130 -0.01576960 0.01571924
v 0.01244912 -0.01787885 0.01523595
v 0.01370427 -0.01957886 0.01468195
v 0.01454197 -0.02071301 0.01402186
v 0.01484667 -0.02112586 0.01322032
v 0.00186000 -0.00499241 0.01831246
v 0.00290542 -0.00699001 0.01765237
v 0.00416460 -0.00939525 0.01709836
v 0.00554704 -0.01203624 0.01661508
v 0.00696342 -0.01474148 0.01616716
v 0.00832363 -0.01733949 0.01571924
v 0.00953756 -0.01965878 0.01523595
v 0.01051630 -0.02152787 0.01468195
v 0.01116892 -0.02277527 0.01402186
v 0.01140654 -0.02322909 0.01322032
v 0.00104735 -0.00532855 0.01831246
v 0.00176787 -0.00746070 0.01765237
v 0.00263588 -0.01002779 0.01709836
v 0.00358835 -0.01284669 0.01661508
v 0.00456426 -0.01573426 0.01616716
v 0.00550178 -0.01850697 0.01571924
v 0.00633827 -0.02098249 0.01523595
v 0.00701272 -0.02297768 0.01468195
v 0.00746249 -0.02430862 0.01402186
v 0.00762655 -0.02479296 0.01322032
v 0.00017247 -0.00553819 0.01831246
v 0.00054303 -0.00775427 0.01765237
v 0.00098956 -0.01042217 0.01709836
v 0.00147934 -0.01335191 0.01661508
v 0.00198123 -0.01635313 0.01616716
v 0.00246333 -0.01923509 0.01571924
v 0.00289370 -0.02180780 0.01523595
v 0.00324042 -0.02388131 0.01468195
v 0.00347197 -0.02526485 0.01402186
v 0.00355602 -0.02576847 0.01322032
v -0.00075374 -0.00561048 0.01831246
v -0.00075374 -0.00785548 0.01765237
v -0.00075374 -0.01055831 0.01709836
v -0.00075374 -0.01352621 0.01661508
v -0.00075374 -0.01656639 0.01616716
v -0.00075374 -0.01948609 0.01571924
v -0.00075374 -0.02209254 0.01523595
v -0.00075374 -0.02419296 0.01468195
v -0.00075374 -0.02559457 0.01402186
v -0.00075374 -0.02610461 0.01322032
v -0.00167994 -0.00553819 0.01831246
v -0.00205050 -0.00775427 0.01765237
v -0.00249704 -0.01042217 0.01709836
v -0.00298681 -0.01335191 0.01661508
v -0.00348871 -0.01635313 0.01616716
v -0.00397080 -0.01923509 0.01571924
v -0.00440117 -0.02180780 0.01523595
v -0.00474789 -0.02388131 0.01468195
v -0.00497944 -0.02526485 0.01402186
v -0.00506350 -0.02576847 0.01322032
v -0.00255483 -0.00532855 0.01831246
v -0.00327534 -0.00746070 0.01765237
v -0.00414335 -0.01002779 0.01709836
v -0.00509583 -0.01284669 0.01661508
v -0.00607174 -0.01573426 0.01616716
v -0.00700925 -0.01850697 0.01571924
v -0.00784575 -0.02098249 0.01523595
v -0.00852020 -0.02297768 0.01468195
v -0.00896996 -0.02430862 0.01402186
v -0.00913403 -0.02479296 0.01322032
v -0.00336748 -0.00499241 0.01831246
v -0.00441289 -0.00699001 0.01765237
v -0.00567208 -0.00939525 0.01709836
v -0.00705451 -0.01203624 0.01661508
v -0.00847090 -0.01474148 0.01616716
v -0.00983111 -0.01733949 0.01571924
v -0.01104503 -0.01965878 0.01523595
v -0.01202377 -0.02152787 0.01468195
v -0.01267640 -0.02277527 0.01402186
v -0.01291401 -0.02322909 0.01322032
v -0.00410658 -0.00454060 0.01831246
v -0.00544820 -0.00635748 0.01765237
v -0.00706341 -0.00854464 0.01709836
v -0.00883701 -0.01094667 0.01661508
v -0.01065386 -0.01340693 0.01616716
v -0.01239878 -0.01576960 0.01571924
v -0.01395660 -0.01787885 0.01523595
v -0.01521174 -0.01957886 0.01468195
v -0.01604945 -0.02071301 0.01402186
v -0.01635414 -0.02112586 0.01322032
v -0.00476204 -0.00398356 0.01831246
v -0.00636592 -0.00557755 0.01765237
v -0.00829673 -0.00749644 0.01709836
v -0.01041706 -0.00960369 0.01661508
v -0.01258911 -0.01176234 0.01616716
v -0.01467469 -0.01383504 0.01571924
v -0.01653680 -0.01568566 0.01523595
v -0.01803723 -0.01717684 0.01468195
v -0.01903860 -0.01817202 0.01402186
v -0.01940310 -0.01853428 0.01322032
v -0.00532253 -0.00333215 0.01831246
v -0.00715069 -0.00466550 0.01765237
v -0.00935144 -0.00627073 0.01709836
v -0.01176838 -0.00803339 0.01661508
v -0.01424391 -0.00983903 0.01616716
v -0.01662125 -0.01157318 0.01571924
v -0.01874360 -0.01312138 0.01523595
v -0.02045417 -0.01436878 0.01468195
v -0.02159536 -0.01520132 0.01402186
v -0.02201078 -0.01550413 0.01322032
v -0.00577714 -0.00259761 0.01831246
v -0.00778715 -0.00363657 0.01765237
v -0.01020733 -0.00488799 0.01709836
v -0.01286471 -0.00626189 0.01661508
v -0.01558675 -0.00766954 0.01616716
v -0.01820089 -0.00902135 0.01571924
v -0.02053459 -0.01022779 0.01523595
v -0.02241529 -0.01120049 0.01468195
v -0.02367043 -0.01184909 0.01402186
v -0.02412707 -0.01208523 0.01322032
v -0.00611538 -0.00178997 0.01831246
v -0.00826076 -0.00250604 0.01765237
v -0.01084379 -0.00336870 0.01709836
v -0.01368019 -0.00431529 0.01661508
v -0.01658569 -0.00528518 0.01616716
v -0.01937562 -0.00621691 0.01571924
v -0.02186651 -0.00704825 0.01523595
v -0.02387410 -0.00771853 0.01468195
v -0.02521330 -0.00816552 0.01402186
v -0.02570065 -0.00832858 0.01322032
v -0.00632632 -0.00092049 0.01831246
v -0.00855616 -0.00128876 0.01765237
v -0.01124062 -0.00173254 0.01709836
v -0.01418855 -0.00221929 0.01661508
v -0.01720842 -0.00271809 0.01616716
v -0.02010826 -0.00319721 0.01571924
v -0.02269695 -0.00362493 0.01523595
v -0.02478333 -0.00396951 0.01468195
v -0.02617547 -0.00419963 0.01402186
v -0.02668221 -0.00428316 0.01322032
v -0.00639906 -0.00000000 0.01831246
v -0.00865800 -0.00000000 0.01765237
v -0.01137761 -0.00000000 0.01709836
v -0.01436393 -0.00000000 0.01661508
v -0.01742299 -0.00000000 0.01616716
v -0.02036082 -0.00000000 0.01571924
v -0.02298345 -0.00000000 0.01523595
v -0.02509691 -0.00000000 0.01468195
v -0.02650723 -0.00000000 0.01402186
v -0.02702045 -0.00000000 0.01322032
v -0.00632632 0.00092049 0.01831246
v -0.00855616 0.00128876 0.01765237
v -0.01124062 0.00173254 0.01709836
v -0.01418855 0.00221929 0.01661508
v -0.01720842 0.00271809 0.01616716
v -0.02010826 0.00319721 0.01571924
v -0.02269695 0.00362493 0.01523595
v -0.02478333 0.00396951 0.01468195
v -0.02617547 0.00419963 0.01402186
v -0.02668221 0.00428316 0.01322032
v -0.00611538 0.00178997 0.01831246
v -0.00826076 0.00250604 0.01765237
v -0.01084379 0.00336870 0.01709836
v -0.01368019 0.00431529 0.01661508
v -0.01658569 0.00528518 0.01616716
v -0.01937562 0.00621691 0.01571924
v -0.02186651 0.00704825 0.01523595
v -0.02387410 0.00771853 0.01468195
v -0.02521330 0.00816552 0.01402186
v -0.02570065 0.00832858 0.01322032
v -0.00577714 0.00259761 0.01831246
v -0.00778715 0.00363657 0.01765237
v -0.01020733 0.00488799 0.01709836
v -0.01286471 0.00626189 0.01661508
v -0.01558675 0.00766954 0.01616716
v -0.01820089 0.00902135 0.01571924
v -0.02053459 0.01022779 0.01523595
v -0.02241529 0.01120048 0.01468195
v -0.02367043 0.01184908 0.01402186
v -0.02412707 0.01208523 0.01322032
v -0.00532253 0.00333215 0.01831246
v -0.00715069 0.00466550 0.01765237
v -0.00935144 0.00627073 0.01709836
v -0.01176838 0.00803339 0.01661508
v -0.01424391 0.00983903 0.01616716
v -0.01662125 0.01157318 0.01571924
v -0.01874360 0.01312138 0.01523595
v -0.02045417 0.01436878 0.01468195
v -0.02159536 0.01520132 0.01402186
v -0.02201078 0.01550413 0.01322032
v -0.00476204 0.00398356 0.01831246
v -0.00636592 0.00557755 0.01765237
v -0.00829673 0.00749644 0.01709836
v -0.01041706 0.00960369 0.01661508
v -0.01258911 0.01176234 0.01616716
v -0.01467469 0.01383504 0.01571924
v -0.01653680 0.01568566 0.01523595
v -0.01803723 0.01717684 0.01468195
v -0.01903860 0.01817202 0.01402186
v -0.01940310 0.01853428 0.01322032
v -0.00410658 0.00454060 0.01831246
v -0.00544820 0.00635748 0.01765237
v -0.00706341 0.00854464 0.01709836
v -0.00883701 0.01094667 0.01661508
v -0.01065386 0.01340693 0.01616716
v -0.01239878 0.01576960 0.01571924
v -0.01395660 0.01787885 0.01523595
v -0.01521174 0.01957886 0.01468195
v -0.01604945 0.02071301 0.01402186
v -0.01635414 0.02112586 0.01322032
v -0.00336748 0.00499241 0.01831246
v -0.00441289 0.00699001 0.01765237
v -0.00567208 0.00939525 0.01709836
v -0.00705451 0.01203624 0.01661508
v -0.00847090 0.01474148 0.01616716
v -0.00983111 0.01733949 0.01571924
v -0.01104503 0.01965878 0.01523595
v -0.01202377 0.02152787 0.01468195
v -0.01267640 0.02277527 0.01402186
v -0.01291401 0.02322909 0.01322032
v -0.00255483 0.00532855 0.01831246
v -0.00327534 0.00746070 0.01765237
v -0.00414335 0.01002779 0.01709836
v -0.00509583 0.01284668 0.01661508
v -0.00607174 0.01573426 0.01616716
v -0.00700925 0.01850697 0.01571924
v -0.00784575 0.02098249 0.01523595
v -0.00852020 0.02297768 0.01468195
v -0.00896996 0.02430862 0.01402186
v -0.00913403 0.02479296 0.01322032
v -0.00167994 0.00553819 0.01831246
v -0.00205050 0.00775427 0.01765237
v -0.00249704 0.01042217 0.01709836
v -0.00298681 0.01335191 0.01661508
v -0.00348871 0.01635314 0.01616716
v -0.00397080 0.01923509 0.01571924
v -0.00440117 0.02180780 0.01523595
v -0.00474789 0.02388131 0.01468195
v -0.00497944 0.02526485 0.01402186
v -0.00506350 0.02576847 0.01322032
v -0.00075374 0.00561048 0.01831246
v -0.00075374 0.00785548 0.01765237
v -0.00075374 0.01055831 0.01709836
v -0.00075374 0.01352621 0.01661508
v -0.00075374 0.01656639 0.01616716
v -0.00075374 0.01948609 0.01571924
v -0.00075374 0.02209254 0.01523595
v -0.00075374 0.02419296 0.01468195
v -0.00075374 0.02559457 0.01402186
v -0.00075374 0.02610461 0.01322032
v 0.00017247 0.00553819 0.01831246
v 0.00054303 0.00775427 0.01765237
v 0.00098956 0.01042217 0.01709836
v 0.00147934 0.01335191 0.01661508
v 0.00198123 0.01635314 0.01616716
v 0.00246333 0.01923509 0.01571924
v 0.00289370 0.02180780 0.01523595
v 0.00324042 0.02388131 0.01468195
v 0.00347197 0.02526485 0.01402186
v 0.00355602 0.02576847 0.01322032
v 0.00104735 0.00532855 0.01831246
v 0.00176787 0.00746070 0.01765237
v 0.00263588 0.01002779 0.01709836
v 0.00358835 0.01284668 0.01661508
v 0.00456426 0.01573426 0.01616716
v 0.00550178 0.01850697 0.01571924
v 0.00633827 0.02098249 0.01523595
v 0.00701272 0.02297768 0.01468195
v 0.00746249 0.02430862 0.01402186
v 0.00762655 0.02479296 0.01322032
v 0.00186000 0.00499241 0.01831246
v 0.00290542 0.00699001 0.01765237
v 0.00416460 0.00939525 0.01709836
v 0.00554704 0.01203624 0.01661508
v 0.00696342 0.01474148 0.01616716
v 0.00832363 0.01733949 0.01571924
v 0.00953756 0.01965878 0.01523595
v 0.01051630 0.02152787 0.01468195
v 0.01116892 0.02277527 0.01402186
v 0.01140654 0.02322909 0.01322032
v 0.00259911 0.00454060 0.01831246
v 0.00394073 0.00635748 0.01765237
v 0.00555593 0.00854464 0.01709836
v 0.00732954 0.01094667 0.01661508
v 0.00914639 0.01340693 0.01616716
v 0.01089130 0.01576960 0.01571924
v 0.01244912 0.01787885 0.01523595
v 0.01370427 0.01957886 0.01468195
v 0.01454197 0.02071301 0.01402186
v 0.01484667 0.02112586 0.01322032
v 0.00325456 0.00398356 0.01831246
v 0.00485845 0.00557755 0.01765237
v 0.00678925 0.00749644 0.01709836
v 0.00890958 0.00960369 0.01661508
v 0.01108164 0.01176234 0.01616716
v 0.01316721 0.01383504 0.01571924
v 0.01502932 0.01568566 0.01523595
v 0.01652976 0.01717684 0.01468195
v 0.01753112 0.01817202 0.01402186
v 0.01789562 0.01853428 0.01322032
v 0.00381505 0.00333215 0.01831246
v 0.00564322 0.00466550 0.01765237
v 0.00784396 0.00627073 0.01709836
v 0.01026090 0.00803339 0.01661508
v 0.01273644 0.00983903 0.01616716
v 0.01511378 0.01157318 0.01571924
v 0.01723613 0.01312138 0.01523595
v 0.01894670 0.01436878 0.01468195
v 0.02008788 0.01520132 0.01402186
v 0.02050330 0.01550413 0.01322032
v 0.00426967 0.00259761 0.01831246
v 0.00627968 0.00363657 0.01765237
v 0.00869985 0.00488799 0.01709836
v 0.01135724 0.00626189 0.01661508
v 0.01407927 0.00766954 0.01616716
v 0.01669342 0.00902135 0.01571924
v 0.01902711 0.01022779 0.01523595
v 0.02090781 0.01120048 0.01468195
v 0.02216295 0.01184908 0.01402186
v 0.02261959 0.01208523 0.01322032
v 0.00460790 0.00178997 0.01831246
v 0.00675329 0.00250604 0.01765237
v 0.00933632 0.00336870 0.01709836
v 0.01217271 0.00431529 0.01661508
v 0.01507822 0.00528518 0.01616716
v 0.01786815 0.00621691 0.01571924
v 0.02035904 0.00704825 0.01523595
v 0.02236662 0.00771853 0.01468195
v 0.02370582 0.00816552 0.01402186
v 0.02419317 0.00832858 0.01322032
v 0.00481885 0.00092049 0.01831246
v 0.00704869 0.00128876 0.01765237
v 0.00973314 0.00173254 0.01709836
v 0.01268108 0.00221929 0.01661508
v 0.01570094 0.00271809 0.01616716
v 0.01860078 0.00319721 0.01571924
v 0.02118947 0.00362493 0.01523595
v 0.02327585 0.00396951 0.01468195
v 0.02466799 0.00419963 0.01402186
v 0.02517474 0.00428316 0.01322032
f 1 2 3
f 1 3 4
f 4 3 5
f 4 5 6
f 6 5 7
f 6 7 8
f 8 7 9
f 8 9 10
f 10 9 11
f 10 11 12
f 12 11 13
f 12 13 14
f 14 13 15
f 14 15 16
f 16 15 17
f 16 17 18
f 18 17 19
f 18 19 20
f 20 19 21
f 20 21 22
f 2 23 24
f 2 24 3
f 3 24 25
f 3 25 5
f 5 25 26
f 5 26 7
f 7 26 27
f 7 27 9
f 9 27 28
f 9 28 11
f 11 28 29
f 11 29 13
f 13 29 30
f 13 30 15
f 15 30 31
f 15 31 17
f 17 31 32
f 17 32 19
f 19 32 33
f 19 33 21
f 23 34 35
f 23 35 24
f 24 35 36
f 24 36 25
f 25 36 37
f 25 37 26
f 26 37 38
f 26 38 27
f 27 38 39
f 27 39 28
f 28 39 40
f 28 40 29
f 29 40 41
f 29 41 30
f 30 41 42
f 30 42 31
f 31 42 43
f 31 43 32
f 32 43 44
f 32 44 33
f 34 45 46
f 34 46 35
f 35 46 47
f 35 47 36
f 36 47 48
f 36 48 37
f 37 48 49
f 37 49 38
f 38 49 50
f 38 50 39
f 39 50 51
f 39 51 40
f 40 51 52
f 40 52 41
f 41 52 53
f 41 53 42
f 42 53 54
f 42 54 43
f 43 54 55
f 43 55 44
f 45 56 57
f 45 57 46
f 46 57 58
f 46 58 47
f 47 58 59
f 47 59 48
f 48 59 60
f 48 60 49
f 49 60 61
f 49 61 50
f 50 61 62
f 50 62 51
f 51 62 63
f 51 63 52
f 52 63 64
f 52 64 53
f 53 64 65
f 53 65 54
f 54 65 66
f 54 66 55
f 56 67 68
f 56 68 57
f 57 68 69
f 57 69 58
f 58 69 70
f 58 70 59
f 59 70 71
f 59 71 60
f 60 71 72
f 60 72 61
f 61 72 73
f 61 73 62
f 62 73 74
f 62 74 63
f 63 74 75
f 63 75 64
f 64 75 76
f 64 76 65
f 65 76 77
f 65 77 66
f 67 78 79
f 67 79 68
f 68 79 80
f 68 80 69
f 69 80 81
f 69 81 70
f 70 81 82
f 70 82 71
f 71 82 83
f 71 83 72
f 72 83 84
f 72 84 73
f 73 84 85
f 73 85 74
f 74 85 86
f 74 86 75
f 75 86 87
f 75 87 76
f 76 87 88
f 76 88 77
f 78 89 90
f 78 90 79
f 79 90 91
f 79 91 80
f 80 91 92
f 80 92 81
f 81 92 93
f 81 93 82
f 82 93 94
f 82 94 83
f 83 94 95
f 83 95 84
f 84 95 96
f 84 96 85
f 85 96 97
f 85 97 86
f 86 97 98
f 86 98 87
f 87 98 99
f 87 99 88
f 89 100 101
f 89 101 90
f 90 101 102
f 90 102 91
f 91 102 103
f 91 103 92
f 92 103 104
f 92 104 93
f 93 104 105
f 93 105 94
f 94 105 106
f 94 106 95
f 95 106 107
f 95 107 96
f 96 107 108
f 96 108 97
f 97 108 109
f 97 109 98
f 98 109 110
f 98 110 99
f 100 111 112
f 100 112 101
f 101 112 113
f 101 113 102
f 102 113 114
f 102 114 103
f 103 114 115
f 103 115 104
f 104 115 116
f 104 116 105
f 105 116 117
f 105 117 106
f 106 117 118
f 106 118 107
f 107 118 119
f 107 119 108
f 108 119 120
f 108 120 109
f 109 120 121
f 109 121 110
f 111 122 123
f 111 123 112
f 112 123 124
f 112 124 113
f 113 124 125
f 113 125 114
f 114 125 126
f 114 126 115
f 115 126 127
f 115 127 116
f 116 127 128
f 116 128 117
f 117 128 129
f 117 129 118
f 118 129 130
f 118 130 119
f 119 130 131
f 119 131 120
f 120 131 132
f 120 132 121
f 122 133 134
f 122 134 123
f 123 134 135
f 123 135 124
f 124 135 136
f 124 136 125
f 125 136 137
f 125 137 126
f 126 137 138
f 126 138 127
f 127 138 139
f 127 139 128
f 128 139 140
f 128 140 129
f 129 140 141
f 129 141 130
f 130 141 142
f 130 142 131
f 131 142 143
f 131 143 132
f 133 144 145
f 133 145 134
f 134 145 146
f 134 146 135
f 135 146 147
f 135 147 136
f 136 147 148
f 136 148 137
f 137 148 149
f 137 149 138
f 138 149 150
f 138 150 139
f 139 150 151
f 139 151 140
f 140 151 152
f 140 152 141
f 141 152 153
f 141 153 142
f 142 153 154
f 142 154 143
f 144 155 156
f 144 156 145
f 145 156 157
f 145 157 146
f 146 157 158
f 146 158 147
f 147 158 159
f 147 159 148
f 148 159 160
f 148 160 149
f 149 160 161
f 149 161 150
f 150 161 162
f 150 162 151
f 151 162 163
f 151 163 152
f 152 163 164
f 152 164 153
f 153 164 165
f 153 165 154
f 155 166 167
f 155 167 156
f 156 167 168
f 156 168 157
f 157 168 169
f 157 169 158
f 158 169 170
f 158 170 159
f 159 170 171
f 159 171 160
f 160 171 172
f 160 172 161
f 161 172 173
f 161 173 162
f 162 173 174
f 162 174 163
f 163 174 175
f 163 175 164
f 164 175 176
f 164 176 165
f 166 177 178
f 166 178 167
f 167 178 179
f 167 179 168
f 168 179 180
f 168 180 169
f 169 180 181
f 169 181 170
f 170 181 182
f 170 182 171
f 171 182 183
f 171 183 172
f 172 183 184
f 172 184 173
f 173 184 185
f 173 185 174
f 174 185 186
f 174 186 175
f 175 186 187
f 175 187 176
f 177 188 189
f 177 189 178
f 178 189 190
f 178 190 179
f 179 190 191
f 179 191 180
f 180 191 192
f 180 192 181
f 181 192 193
f 181 193 182
f 182 193 194
f 182 194 183
f 183 194 195
f 183 195 184
f 184 195 196
f 184 196 185
f 185 196 197
f 185 197 186
f 186 197 198
f 186 198 187
f 188 199 200
f 188 200 189
f 189 200 201
f 189 201 190
f 190 201 202
f 190 202 191
f 191 202 203
f 191 203 192
f 192 203 204
f 192 204 193
f 193 204 205
f 193 205 194
f 194 205 206
f 194 206 195
f 195 206 207
f 195 207 196
f 196 207 208
f 196 208 197
f 197 208 209
f 197 209 198
f 199 210 211
f 199 211 200
f 200 211 212
f 200 212 201
f 201 212 213
f 201 213 202
f 202 213 214
f 202 214 203
f 203 214 215
f 203 215 204
f 204 215 216
f 204 216 205
f 205 216 217
f 205 217 206
f 206 217 218
f 206 218 207
f 207 218 219
f 207 219 208
f 208 219 220
f 208 220 209
f 210 221 222
f 210 222 211
f 211 222 223
f 211 223 212
f 212 223 224
f 212 224 213
f 213 224 225
f 213 225 214
f 214 225 226
f 214 226 215
f 215 226 227
f 215 227 216
f 216 227 228
f 216 228 217
f 217 228 229
f 217 229 218
f 218 229 230
f 218 230 219
f 219 230 231
f 219 231 220
f 221 232 233
f 221 233 222
f 222 233 234
f 222 234 223
f 223 234 235
f 223 235 224
f 224 235 236
f 224 236 225
f 225 236 237
f 225 237 226
f 226 237 238
f 226 238 227
f 227 238 239
f 227 239 228
f 228 239 240
f 228 240 229
f 229 240 241
f 229 241 230
f 230 241 242
f 230 242 231
f 232 243 244
f 232 244 233
f 233 244 245
f 233 245 234
f 234 245 246
f 234 246 235
f 235 246 247
f 235 247 236
f 236 247 248
f 236 248 237
f 237 248 249
f 237 249 238
f 238 249 250
f 238 250 239
f 239 250 251
f 239 251 240
f 240 251 252
f 240 252 241
f 241 252 253
f 241 253 242
f 243 254 255
f 243 255 244
f 244 255 256
f 244 256 245
f 245 256 257
f 245 257 246
f 246 257 258
f 246 258 247
f 247 258 259
f 247 259 248
f 248 259 260
f 248 260 249
f 249 260 261
f 249 261 250
f 250 261 262
f 250 262 251
f 251 262 263
f 251 263 252
f 252 263 264
f 252 264 253
f 254 265 266
f 254 266 255
f 255 266 267
f 255 267 256
f 256 267 268
f 256 268 257
f 257 268 269
f 257 269 258
f 258 269 270
f 258 270 259
f 259 270 271
f 259 271 260
f 260 271 272
f 260 272 261
f 261 272 273
f 261 273 262
f 262 273 274
f 262 274 263
f 263 274 275
f 263 275 264
f 265 276 277
f 265 277 266
f 266 277 278
f 266 278 267
f 267 278 279
f 267 279 268
f 268 279 280
f 268 280 269
f 269 280 281
f 269 281 270
f 270 281 282
f 270 282 271
f 271 282 283
f 271 283 272
f 272 283 284
f 272 284 273
f 273 284 285
f 273 285 274
f 274 285 286
f 274 286 275
f 276 287 288
f 276 288 277
f 277 288 289
f 277 289 278
f 278 289 290
f 278 290 279
f 279 290 291
f 279 291 280
f 280 291 292
f 280 292 281
f 281 292 293
f 281 293 282
f 282 293 294
f 282 294 283
f 283 294 295
f 283 295 284
f 284 295 296
f 284 296 285
f 285 296 297
f 285 297 286
f 287 298 299
f 287 299 288
f 288 299 300
f 288 300 289
f 289 300 301
f 289 301 290
f 290 301 302
f 290 302 291
f 291 302 303
f 291 303 292
f 292 303 304
f 292 304 293
f 293 304 305
f 293 305 294
f 294 305 306
f 294 306 295
f 295 306 307
f 295 307 296
f 296 307 308
f 296 308 297
f 298 309 310
f 298 310 299
f 299 310 311
f 299 311 300
f 300 311 312
f 300 312 301
f 301 312 313
f 301 313 302
f 302 313 314
f 302 314 303
f 303 314 315
f 303 315 304
f 304 315 316
f 304 316 305
f 305 316 317
f 305 317 306
f 306 317 318
f 306 318 307
f 307 318 319
f 307 319 308
f 309 320 321
f 309 321 310
f 310 321 322
f 310 322 311
f 311 322 323
f 311 323 312
f 312 323 324
f 312 324 313
f 313 324 325
f 313 325 314
f 314 325 326
f 314 326 315
f 315 326 327
f 315 327 316
f 316 327 328
f 316 328 317
f 317 328 329
f 317 329 318
f 318 329 330
f 318 330 319
f 320 331 332
f 320 332 321
f 321 332 333
f 321 333 322
f 322 333 334
f 322 334 323
f 323 334 335
f 323 335 324
f 324 335 336
f 324 336 325
f 325 336 337
f 325 337 326
f 326 337 338
f 326 338 327
f 327 338 339
f 327 339 328
f 328 339 340
f 328 340 329
f 329 340 341
f 329 341 330
f 331 342 343
f 331 343 332
f 332 343 344
f 332 344 333
f 333 344 345
f 333 345 334
f 334 345 346
f 334 346 335
f 335 346 347
f 335 347 336
f 336 347 348
f 336 348 337
f 337 348 349
f 337 349 338
f 338 349 350
f 338 350 339
f 339 350 351
f 339 351 340
f 340 351 352
f 340 352 341
f 342 353 354
f 342 354 343
f 343 354 355
f 343 355 344
f 344 355 356
f 344 356 345
f 345 356 357
f 345 357 346
f 346 357 358
f 346 358 347
f 347 358 359
f 347 359 348
f 348 359 360
f 348 360 349
f 349 360 361
f 349 361 350
f 350 361 362
f 350 362 351
f 351 362 363
f 351 363 352
f 353 364 365
f 353 365 354
f 354 365 366
f 354 366 355
f 355 366 367
f 355 367 356
f 356 367 368
f 356 368 357
f 357 368 369
f 357 369 358
f 358 369 370
f 358 370 359
f 359 370 371
f 359 371 360
f 360 371 372
f 360 372 361
f 361 372 373
f 361 373 362
f 362 373 374
f 362 374 363
f 364 375 376
f 364 376 365
f 365 376 377
f 365 377 366
f 366 377 378
f 366 378 367
f 367 378 379
f 367 379 368
f 368 379 380
f 368 380 369
f 369 380 381
f 369 381 370
f 370 381 382
f 370 382 371
f 371 382 383
f 371 383 372
f 372 383 384
f 372 384 373
f 373 384 385
f 373 385 374
f 375 386 387
f 375 387 376
f 376 387 388
f 376 388 377
f 377 388 389
f 377 389 378
f 378 389 390
f 378 390 379
f 379 390 391
f 379 391 380
f 380 391 392
f 380 392 381
f 381 392 393
f 381 393 382
f 382 393 394
f 382 394 383
f 383 394 395
f 383 395 384
f 384 395 396
f 384 396 385
f 386 397 398
f 386 398 387
f 387 398 399
f 387 399 388
f 388 399 400
f 388 400 389
f 389 400 401
f 389 401 390
f 390 401 402
f 390 402 391
f 391 402 403
f 391 403 392
f 392 403 404
f 392 404 393
f 393 404 405
f 393 405 394
f 394 405 406
f 394 406 395
f 395 406 407
f 395 407 396
f 397 408 409
f 397 409 398
f 398 409 410
f 398 410 399
f 399 410 411
f 399 411 400
f 400 411 412
f 400 412 401
f 401 412 413
f 401 413 402
f 402 413 414
f 402 414 403
f 403 414 415
f 403 415 404
f 404 415 416
f 404 416 405
f 405 416 417
f 405 417 406
f 406 417 418
f 406 418 407
f 408 419 420
f 408 420 409
f 409 420 421
f 409 421 410
f 410 421 422
f 410 422 411
f 411 422 423
f 411 423 412
f 412 423 424
f 412 424 413
f 413 424 425
f 413 425 414
f 414 425 426
f 414 426 415
f 415 426 427
f 415 427 416
f 416 427 428
f 416 428 417
f 417 428 429
f 417 429 418
f 419 430 431
f 419 431 420
f 420 431 432
f 420 432 421
f 421 432 433
f 421 433 422
f 422 433 434
f 422 434 423
f 423 434 435
f 423 435 424
f 424 435 436
f 424 436 425
f 425 436 437
f 425 437 426
f 426 437 438
f 426 438 427
f 427 438 439
f 427 439 428
f 428 439 440
f 428 440 429
f 430 1 4
f 430 4 431
f 431 4 6
f 431 6 432
f 432 6 8
f 432 8 433
f 433 8 10
f 433 10 434
f 434 10 12
f 434 12 435
f 435 12 14
f 435 14 436
f 436 14 16
f 436 16 437
f 437 16 18
f 437 18 438
f 438 18 20
f 438 20 439
f 439 20 22
f 439 22 440
f 22 21 441
f 22 441 442
f 442 441 443
f 442 443 444
f 444 443 445
f 444 445 446
f 446 445 447
f 446 447 448
f 448 447 449
f 448 449 450
f 450 449 451
f 450 451 452
f 452 451 453
f 452 453 454
f 454 453 455
f 454 455 456
f 456 455 457
f 456 457 458
f 458 457 459
f 458 459 460
f 21 33 461
f 21 461 441
f 441 461 462
f 441 462 443
f 443 462 463
f 443 463 445
f 445 463 464
f 445 464 447
f 447 464 465
f 447 465 449
f 449 465 466
f 449 466 451
f 451 466 467
f 451 467 453
f 453 467 468
f 453 468 455
f 455 468 469
f 455 469 457
f 457 469 470
f 457 470 459
f 33 44 471
f 33 471 461
f 461 471 472
f 461 472 462
f 462 472 473
f 462 473 463
f 463 473 474
f 463 474 464
f 464 474 475
f 464 475 465
f 465 475 476
f 465 476 466
f 466 476 477
f 466 477 467
f 467 477 478
f 467 478 468
f 468 478 479
f 468 479 469
f 469 479 480
f 469 480 470
f 44 55 481
f 44 481 471
f 471 481 482
f 471 482 472
f 472 482 483
f 472 483 473
f 473 483 484
f 473 484 474
f 474 484 485
f 474 485 475
f 475 485 486
f 475 486 476
f 476 486 487
f 476 487 477
f 477 487 488
f 477 488 478
f 478 488 489
f 478 489 479
f 479 489 490
f 479 490 480
f 55 66 491
f 55 491 481
f 481 491 492
f 481 492 482
f 482 492 493
f 482 493 483
f 483 493 494
f 483 494 484
f 484 494 495
f 484 495 485
f 485 495 496
f 485 496 486
f 486 496 497
f 486 497 487
f 487 497 498
f 487 498 488
f 488 498 499
f 488 499 489
f 489 499 500
f 489 500 490
f 66 77 501
f 66 501 491
f 491 501 502
f 491 502 492
f 492 502 503
f 492 503 493
f 493 503 504
f 493 504 494
f 494 504 505
f 494 505 495
f 495 505 506
f 495 506 496
f 496 506 507
f 496 507 497
f 497 507 508
f 497 508 498
f 498 508 509
f 498 509 499
f 499 509 510
f 499 510 500
f 77 88 511
f 77 511 501
f 501 511 512
f 501 512 502
f 502 512 513
f 502 513 503
f 503 513 514
f 503 514 504
f 504 514 515
f 504 515 505
f 505 515 516
f 505 516 506
f 506 516 517
f 506 517 507
f 507 517 518
f 507 518 508
f 508 518 519
f 508 519 509
f 509 519 520
f 509 520 510
f 88 99 521
f 88 521 511
f 511 521 522
f 511 522 512
f 512 522 523
f 512 523 513
f 513 523 524
f 513 524 514
f 514 524 525
f 514 525 515
f 515 525 526
f 515 526 516
f 516 526 527
f 516 527 517
f 517 527 528
f 517 528 518
f 518 528 529
f 518 529 519
f 519 529 530
f 519 530 520
f 99 110 531
f 99 531 521
f 521 531 532
f 521 532 522
f 522 532 533
f 522 533 523
f 523 533 534
f 523 534 524
f 524 534 535
f 524 535 525
f 525 535 536
f 525 536 526
f 526 536 537
f 526 537 527
f 527 537 538
f 527 538 528
f 528 538 539
f 528 539 529
f 529 539 540
f 529 540 530
f 110 121 541
f 110 541 531
f 531 541 542
f 531 542 532
f 532 542 543
f 532 543 533
f 533 543 544
f 533 544 534
f 534 544 545
f 534 545 535
f 535 545 546
f 535 546 536
f 536 546 547
f 536 547 537
f 537 547 548
f 537 548 538
f 538 548 549
f 538 549 539
f 539 549 550
f 539 550 540
f 121 132 551
f 121 551 541
f 541 551 552
f 541 552 542
f 542 552 553
f 542 553 543
f 543 553 554
f 543 554 544
f 544 554 555
f 544 555 545
f 545 555 556
f 545 556 546
f 546 556 557
f 546 557 547
f 547 557 558
f 547 558 548
f 548 558 559
f 548 559 549
f 549 559 560
f 549 560 550
f 132 143 561
f 132 561 551
f 551 561 562
f 551 562 552
f 552 562 563
f 552 563 553
f 553 563 564
f 553 564 554
f 554 564 565
f 554 565 555
f 555 565 566
f 555 566 556
f 556 566 567
f 556 567 557
f 557 567 568
f 557 568 558
f 558 568 569
f 558 569 559
f 559 569 570
f 559 570 560
f 143 154 571
f 143 571 561
f 561 571 572
f 561 572 562
f 562 572 573
f 562 573 563
f 563 573 574
f 563 574 564
f 564 574 575
f 564 575 565
f 565 575 576
f 565 576 566
f 566 576 577
f 566 577 567
f 567 577 578
f 567 578 568
f 568 578 579
f 568 579 569
f 569 579 580
f 569 580 570
f 154 165 581
f 154 581 571
f 571 581 582
f 571 582 572
f 572 582 583
f 572 583 573
f 573 583 584
f 573 584 574
f 574 584 585
f 574 585 575
f 575 585 586
f 575 586 576
f 576 586 587
f 576 587 577
f 577 587 588
f 577 588 578
f 578 588 589
f 578 589 579
f 579 589 590
f 579 590 580
f 165 176 591
f 165 591 581
f 581 591 592
f 581 592 582
f 582 592 593
f 582 593 583
f 583 593 594
f 583 594 584
f 584 594 595
f 584 595 585
f 585 595 596
f 585 596 586
f 586 596 597
f 586 597 587
f 587 597 598
f 587 598 588
f 588 598 599
f 588 599 589
f 589 599 600
f 589 600 590
f 176 187 601
f 176 601 591
f 591 601 602
f 591 602 592
f 592 602 603
f 592 603 593
f 593 603 604
f 593 604 594
f 594 604 605
f 594 605 595
f 595 605 606
f 595 606 596
f 596 606 607
f 596 607 597
f 597 607 608
f 597 608 598
f 598 608 609
f 598 609 599
f 599 609 610
f 599 610 600
f 187 198 611
f 187 611 601
f 601 611 612
f 601 612 602
f 602 612 613
f 602 613 603
f 603 613 614
f 603 614 604
f 604 614 615
f 604 615 605
f 605 615 616
f 605 616 606
f 606 616 617
f 606 617 607
f 607 617 618
f 607 618 608
f 608 618 619
f 608 619 609
f 609 619 620
f 609 620 610
f 198 209 621
f 198 621 611
f 611 621 622
f 611 622 612
f 612 622 623
f 612 623 613
f 613 623 624
f 613 624 614
f 614 624 625
f 614 625 615
f 615 625 626
f 615 626 616
f 616 626 627
f 616 627 617
f 617 627 628
f 617 628 618
f 618 628 629
f 618 629 619
f 619 629 630
f 619 630 620
f 209 220 631
f 209 631 621
f 621 631 632
f 621 632 622
f 622 632 633
f 622 633 623
f 623 633 634
f 623 634 624
f 624 634 635
f 624 635 625
f 625 635 636
f 625 636 626
f 626 636 637
f 626 637 627
f 627 637 638
f 627 638 628
f 628 638 639
f 628 639 629
f 629 639 640
f 629 640 630
f 220 231 641
f 220 641 631
f 631 641 642
f 631 642 632
f 632 642 643
f 632 643 633
f 633 643 644
f 633 644 634
f 634 644 645
f 634 645 635
f 635 645 646
f 635 646 636
f 636 646 647
f 636 647 637
f 637 647 648
f 637 648 638
f 638 648 649
f 638 649 639
f 639 649 650
f 639 650 640
f 231 242 651
f 231 651 641
f 641 651 652
f 641 652 642
f 642 652 653
f 642 653 643
f 643 653 654
f 643 654 644
f 644 654 655
f 644 655 645
f 645 655 656
f 645 656 646
f 646 656 657
f 646 657 647
f 647 657 658
f 647 658 648
f 648 658 659
f 648 659 649
f 649 659 660
f 649 660 650
f 242 253 661
f 242 661 651
f 651 661 662
f 651 662 652
f 652 662 663
f 652 663 653
f 653 663 664
f 653 664 654
f 654 664 665
f 654 665 655
f 655 665 666
f 655 666 656
f 656 666 667
f 656 667 657
f 657 667 668
f 657 668 658
f 658 668 669
f 658 669 659
f 659 669 670
f 659 670 660
f 253 264 671
f 253 671 661
f 661 671 672
f 661 672 662
f 662 672 673
f 662 673 663
f 663 673 674
f 663 674 664
f 664 674 675
f 664 675 665
f 665 675 676
f 665 676 666
f 666 676 677
f 666 677 667
f 667 677 678
f 667 678 668
f 668 678 679
f 668 679 669
f 669 679 680
f 669 680 670
f 264 275 681
f 264 681 671
f 671 681 682
f 671 682 672
f 672 682 683
f 672 683 673
f 673 683 684
f 673 684 674
f 674 684 685
f 674 685 675
f 675 685 686
f 675 686 676
f 676 686 687
f 676 687 677
f 677 687 688
f 677 688 678
f 678 688 689
f 678 689 679
f 679 689 690
f 679 690 680
f 275 286 691
f 275 691 681
f 681 691 692
f 681 692 682
f 682 692 693
f 682 693 683
f 683 693 694
f 683 694 684
f 684 694 695
f 684 695 685
f 685 695 696
f 685 696 686
f 686 696 697
f 686 697 687
f 687 697 698
f 687 698 688
f 688 698 699
f 688 699 689
f 689 699 700
f 689 700 690
f 286 297 701
f 286 701 691
f 691 701 702
f 691 702 692
f 692 702 703
f 692 703 693
f 693 703 704
f 693 704 694
f 694 704 705
f 694 705 695
f 695 705 706
f 695 706 696
f 696 706 707
f 696 707 697
f 697 707 708
f 697 708 698
f 698 708 709
f 698 709 699
f 699 709 710
f 699 710 700
f 297 308 711
f 297 711 701
f 701 711 712
f 701 712 702
f 702 712 713
f 702 713 703
f 703 713 714
f 703 714 704
f 704 714 715
f 704 715 705
f 705 715 716
f 705 716 706
f 706 716 717
f 706 717 707
f 707 717 718
f 707 718 708
f 708 718 719
f 708 719 709
f 709 719 720
f 709 720 710
f 308 319 721
f 308 721 711
f 711 721 722
f 711 722 712
f 712 722 723
f 712 723 713
f 713 723 724
f 713 724 714
f 714 724 725
f 714 725 715
f 715 725 726
f 715 726 716
f 716 726 727
f 716 727 717
f 717 727 728
f 717 728 718
f 718 728 729
f 718 729 719
f 719 729 730
f 719 730 720
f 319 330 731
f 319 731 721
f 721 731 732
f 721 732 722
f 722 732 733
f 722 733 723
f 723 733 734
f 723 734 724
f 724 734 735
f 724 735 725
f 725 735 736
f 725 736 726
f 726 736 737
f 726 737 727
f 727 737 738
f 727 738 728
f 728 738 739
f 728 739 729
f 729 739 740
f 729 740 730
f 330 341 741
f 330 741 731
f 731 741 742
f 731 742 732
f 732 742 743
f 732 743 733
f 733 743 744
f 733 744 734
f 734 744 745
f 734 745 735
f 735 745 746
f 735 746 736
f 736 746 747
f 736 747 737
f 737 747 748
f 737 748 738
f 738 748 749
f 738 749 739
f 739 749 750
f 739 750 740
f 341 352 751
f 341 751 741
f 741 751 752
f 741 752 742
f 742 752 753
f 742 753 743
f 743 753 754
f 743 754 744
f 744 754 755
f 744 755 745
f 745 755 756
f 745 756 746
f 746 756 757
f 746 757 747
f 747 757 758
f 747 758 748
f 748 758 759
f 748 759 749
f 749 759 760
f 749 760 750
f 352 363 761
f 352 761 751
f 751 761 762
f 751 762 752
f 752 762 763
f 752 763 753
f 753 763 764
f 753 764 754
f 754 764 765
f 754 765 755
f 755 765 766
f 755 766 756
f 756 766 767
f 756 767 757
f 757 767 768
f 757 768 758
f 758 768 769
f 758 769 759
f 759 769 770
f 759 770 760
f 363 374 771
f 363 771 761
f 761 771 772
f 761 772 762
f 762 772 773
f 762 773 763
f 763 773 774
f 763 774 764
f 764 774 775
f 764 775 765
f 765 775 776
f 765 776 766
f 766 776 777
f 766 777 767
f 767 777 778
f 767 778 768
f 768 778 779
f 768 779 769
f 769 779 780
f 769 780 770
f 374 385 781
f 374 781 771
f 771 781 782
f 771 782 772
f 772 782 783
f 772 783 773
f 773 783 784
f 773 784 774
f 774 784 785
f 774 785 775
f 775 785 786
f 775 786 776
f 776 786 787
f 776 787 777
f 777 787 788
f 777 788 778
f 778 788 789
f 778 789 779
f 779 789 790
f 779 790 780
f 385 396 791
f 385 791 781
f 781 791 792
f 781 792 782
f 782 792 793
f 782 793 783
f 783 793 794
f 783 794 784
f 784 794 795
f 784 795 785
f 785 795 796
f 785 796 786
f 786 796 797
f 786 797 787
f 787 797 798
f 787 798 788
f 788 798 799
f 788 799 789
f 789 799 800
f 789 800 790
f 396 407 801
f 396 801 791
f 791 801 802
f 791 802 792
f 792 802 803
f 792 803 793
f 793 803 804
f 793 804 794
f 794 804 805
f 794 805 795
f 795 805 806
f 795 806 796
f 796 806 807
f 796 807 797
f 797 807 808
f 797 808 798
f 798 808 809
f 798 809 799
f 799 809 810
f 799 810 800
f 407 418 811
f 407 811 801
f 801 811 812
f 801 812 802
f 802 812 813
f 802 813 803
f 803 813 814
f 803 814 804
f 804 814 815
f 804 815 805
f 805 815 816
f 805 816 806
f 806 816 817
f 806 817 807
f 807 817 818
f 807 818 808
f 808 818 819
f 808 819 809
f 809 819 820
f 809 820 810
f 418 429 821
f 418 821 811
f 811 821 822
f 811 822 812
f 812 822 823
f 812 823 813
f 813 823 824
f 813 824 814
f 814 824 825
f 814 825 815
f 815 825 826
f 815 826 816
f 816 826 827
f 816 827 817
f 817 827 828
f 817 828 818
f 818 828 829
f 818 829 819
f 819 829 830
f 819 830 820
f 429 440 831
f 429 831 821
f 821 831 832
f 821 832 822
f 822 832 833
f 822 833 823
f 823 833 834
f 823 834 824
f 824 834 835
f 824 835 825
f 825 835 836
f 825 836 826
f 826 836 837
f 826 837 827
f 827 837 838
f 827 838 828
f 828 838 839
f 828 839 829
f 829 839 840
f 829 840 830
f 440 22 442
f 440 442 831
f 831 442 444
f 831 444 832
f 832 444 446
f 832 446 833
f 833 446 448
f 833 448 834
f 834 448 450
f 834 450 835
f 835 450 452
f 835 452 836
f 836 452 454
f 836 454 837
f 837 454 456
f 837 456 838
f 838 456 458
f 838 458 839
f 839 458 460
f 839 460 840
f 460 459 841
f 460 841 842
f 842 841 843
f 842 843 844
f 844 843 845
f 844 845 846
f 846 845 847
f 846 847 848
f 848 847 849
f 848 849 850
f 850 849 851
f 850 851 852
f 852 851 853
f 852 853 854
f 854 853 855
f 854 855 856
f 856 855 857
f 856 857 858
f 858 857 859
f 858 859 860
f 459 470 861
f 459 861 841
f 841 861 862
f 841 862 843
f 843 862 863
f 843 863 845
f 845 863 864
f 845 864 847
f 847 864 865
f 847 865 849
f 849 865 866
f 849 866 851
f 851 866 867
f 851 867 853
f 853 867 868
f 853 868 855
f 855 868 869
f 855 869 857
f 857 869 870
f 857 870 859
f 470 480 871
f 470 871 861
f 861 871 872
f 861 872 862
f 862 872 873
f 862 873 863
f 863 873 874
f 863 874 864
f 864 874 875
f 864 875 865
f 865 875 876
f 865 876 866
f 866 876 877
f 866 877 867
f 867 877 878
f 867 878 868
f 868 878 879
f 868 879 869
f 869 879 880
f 869 880 870
f 480 490 881
f 480 881 871
f 871 881 882
f 871 882 872
f 872 882 883
f 872 883 873
f 873 883 884
f 873 884 874
f 874 884 885
f 874 885 875
f 875 885 886
f 875 886 876
f 876 886 887
f 876 887 877
f 877 887 888
f 877 888 878
f 878 888 889
f 878 889 879
f 879 889 890
f 879 890 880
f 490 500 891
f 490 891 881
f 881 891 892
f 881 892 882
f 882 892 893
f 882 893 883
f 883 893 894
f 883 894 884
f 884 894 895
f 884 895 885
f 885 895 896
f 885 896 886
f 886 896 897
f 886 897 887
f 887 897 898
f 887 898 888
f 888 898 899
f 888 899 889
f 889 899 900
f 889 900 890
f 500 510 901
f 500 901 891
f 891 901 902
f 891 902 892
f 892 902 903
f 892 903 893
f 893 903 904
f 893 904 894
f 894 904 905
f 894 905 895
f 895 905 906
f 895 906 896
f 896 906 907
f 896 907 897
f 897 907 908
f 897 908 898
f 898 908 909
f 898 909 899
f 899 909 910
f 899 910 900
f 510 520 911
f 510 911 901
f 901 911 912
f 901 912 902
f 902 912 913
f 902 913 903
f 903 913 914
f 903 914 904
f 904 914 915
f 904 915 905
f 905 915 916
f 905 916 906
f 906 916 917
f 906 917 907
f 907 917 918
f 907 918 908
f 908 918 919
f 908 919 909
f 909 919 920
f 909 920 910
f 520 530 921
f 520 921 911
f 911 921 922
f 911 922 912
f 912 922 923
f 912 923 913
f 913 923 924
f 913 924 914
f 914 924 925
f 914 925 915
f 915 925 926
f 915 926 916
f 916 926 927
f 916 927 917
f 917 927 928
f 917 928 918
f 918 928 929
f 918 929 919
f 919 929 930
f 919 930 920
f 530 540 931
f 530 931 921
f 921 931 932
f 921 932 922
f 922 932 933
f 922 933 923
f 923 933 934
f 923 934 924
f 924 934 935
f 924 935 925
f 925 935 936
f 925 936 926
f 926 936 937
f 926 937 927
f 927 937 938
f 927 938 928
f 928 938 939
f 928 939 929
f 929 939 940
f 929 940 930
f 540 550 941
f 540 941 931
f 931 941 942
f 931 942 932
f 932 942 943
f 932 943 933
f 933 943 944
f 933 944 934
f 934 944 945
f 934 945 935
f 935 945 946
f 935 946 936
f 936 946 947
f 936 947 937
f 937 947 948
f 937 948 938
f 938 948 949
f 938 949 939
f 939 949 950
f 939 950 940
f 550 560 951
f 550 951 941
f 941 951 952
f 941 952 942
f 942 952 953
f 942 953 943
f 943 953 954
f 943 954 944
f 944 954 955
f 944 955 945
f 945 955 956
f 945 956 946
f 946 956 957
f 946 957 947
f 947 957 958
f 947 958 948
f 948 958 959
f 948 959 949
f 949 959 960
f 949 960 950
f 560 570 961
f 560 961 951
f 951 961 962
f 951 962 952
f 952 962 963
f 952 963 953
f 953 963 964
f 953 964 954
f 954 964 965
f 954 965 955
f 955 965 966
f 955 966 956
f 956 966 967
f 956 967 957
f 957 967 968
f 957 968 958
f 958 968 969
f 958 969 959
f 959 969 970
f 959 970 960
f 570 580 971
f 570 971 961
f 961 971 972
f 961 972 962
f 962 972 973
f 962 973 963
f 963 973 974
f 963 974 964
f 964 974 975
f 964 975 965
f 965 975 976
f 965 976 966
f 966 976 977
f 966 977 967
f 967 977 978
f 967 978 968
f 968 978 979
f 968 979 969
f 969 979 980
f 969 980 970
f 580 590 981
f 580 981 971
f 971 981 982
f 971 982 972
f 972 982 983
f 972 983 973
f 973 983 984
f 973 984 974
f 974 984 985
f 974 985 975
f 975 985 986
f 975 986 976
f 976 986 987
f 976 987 977
f 977 987 988
f 977 988 978
f 978 988 989
f 978 989 979
f 979 989 990
f 979 990 980
f 590 600 991
f 590 991 981
f 981 991 992
f 981 992 982
f 982 992 993
f 982 993 983
f 983 993 994
f 983 994 984
f 984 994 995
f 984 995 985
f 985 995 996
f 985 996 986
f 986 996 997
f 986 997 987
f 987 997 998
f 987 998 988
f 988 998 999
f 988 999 989
f 989 999 1000
f 989 1000 990
f 600 610 1001
f 600 1001 991
f 991 1001 1002
f 991 1002 992
f 992 1002 1003
f 992 1003 993
f 993 1003 1004
f 993 1004 994
f 994 1004 1005
f 994 1005 995
f 995 1005 1006
f 995 1006 996
f 996 1006 1007
f 996 1007 997
f 997 1007 1008
f 997 1008 998
f 998 1008 1009
f 998 1009 999
f 999 1009 1010
f 999 1010 1000
f 610 620 1011
f 610 1011 1001
f 1001 1011 1012
f 1001 1012 1002
f 1002 1012 1013
f 1002 1013 1003
f 1003 1013 1014
f 1003 1014 1004
f 1004 1014 1015
f 1004 1015 1005
f 1005 1015 1016
f 1005 1016 1006
f 1006 1016 1017
f 1006 1017 1007
f 1007 1017 1018
f 1007 1018 1008
f 1008 1018 1019
f 1008 1019 1009
f 1009 1019 1020
f 1009 1020 1010
f 620 630 1021
f 620 1021 1011
f 1011 1021 1022
f 1011 1022 1012
f 1012 1022 1023
f 1012 1023 1013
f 1013 1023 1024
f 1013 1024 1014
f 1014 1024 1025
f 1014 1025 1015
f 1015 1025 1026
f 1015 1026 1016
f 1016 1026 1027
f 1016 1027 1017
f 1017 1027 1028
f 1017 1028 1018
f 1018 1028 1029
f 1018 1029 1019
f 1019 1029 1030
f 1019 1030 1020
f 630 640 1031
f 630 1031 1021
f 1021 1031 1032
f 1021 1032 1022
f 1022 1032 1033
f 1022 1033 1023
f 1023 1033 1034
f 1023 1034 1024
f 1024 1034 1035
f 1024 1035 1025
f 1025 1035 1036
f 1025 1036 1026
f 1026 1036 1037
f 1026 1037 1027
f 1027 1037 1038
f 1027 1038 1028
f 1028 1038 1039
f 1028 1039 1029
f 1029 1039 1040
f 1029 1040 1030
f 640 650 1041
f 640 1041 1031
f 1031 1041 1042
f 1031 1042 1032
f 1032 1042 1043
f 1032 1043 1033
f 1033 1043 1044
f 1033 1044 1034
f 1034 1044 1045
f 1034 1045 1035
f 1035 1045 1046
f 1035 1046 1036
f 1036 1046 1047
f 1036 1047 1037
f 1037 1047 1048
f 1037 1048 1038
f 1038 1048 1049
f 1038 1049 1039
f 1039 1049 1050
f 1039 1050 1040
f 650 660 1051
f 650 1051 1041
f 1041 1051 1052
f 1041 1052 1042
f 1042 1052 1053
f 1042 1053 1043
f 1043 1053 1054
f 1043 1054 1044
f 1044 1054 1055
f 1044 1055 1045
f 1045 1055 1056
f 1045 1056 1046
f 1046 1056 1057
f 1046 1057 1047
f 1047 1057 1058
f 1047 1058 1048
f 1048 1058 1059
f 1048 1059 1049
f 1049 1059 1060
f 1049 1060 1050
f 660 670 1061
f 660 1061 1051
f 1051 1061 1062
f 1051 1062 1052
f 1052 1062 1063
f 1052 1063 1053
f 1053 1063 1064
f 1053 1064 1054
f 1054 1064 1065
f 1054 1065 1055
f 1055 1065 1066
f 1055 1066 1056
f 1056 1066 1067
f 1056 1067 1057
f 1057 1067 1068
f 1057 1068 1058
f 1058 1068 1069
f 1058 1069 1059
f 1059 1069 1070
f 1059 1070 1060
f 670 680 1071
f 670 1071 1061
f 1061 1071 1072
f 1061 1072 1062
f 1062 1072 1073
f 1062 1073 1063
f 1063 1073 1074
f 1063 1074 1064
f 1064 1074 1075
f 1064 1075 1065
f 1065 1075 1076
f 1065 1076 1066
f 1066 1076 1077
f 1066 1077 1067
f 1067 1077 1078
f 1067 1078 1068
f 1068 1078 1079
f 1068 1079 1069
f 1069 1079 1080
f 1069 1080 1070
f 680 690 1081
f 680 1081 1071
f 1071 1081 1082
f 1071 1082 1072
f 1072 1082 1083
f 1072 1083 1073
f 1073 1083 1084
f 1073 1084 1074
f 1074 1084 1085
f 1074 1085 1075
f 1075 1085 1086
f 1075 1086 1076
f 1076 1086 1087
f 1076 1087 1077
f 1077 1087 1088
f 1077 1088 1078
f 1078 1088 1089
f 1078 1089 1079
f 1079 1089 1090
f 1079 1090 1080
f 690 700 1091
f 690 1091 1081
f 1081 1091 1092
f 1081 1092 1082
f 1082 1092 1093
f 1082 1093 1083
f 1083 1093 1094
f 1083 1094 1084
f 1084 1094 1095
f 1084 1095 1085
f 1085 1095 1096
f 1085 1096 1086
f 1086 1096 1097
f 1086 1097 1087
f 1087 1097 1098
f 1087 1098 1088
f 1088 1098 1099
f 1088 1099 1089
f 1089 1099 1100
f 1089 1100 1090
f 700 710 1101
f 700 1101 1091
f 1091 1101 1102
f 1091 1102 1092
f 1092 1102 1103
f 1092 1103 1093
f 1093 1103 1104
f 1093 1104 1094
f 1094 1104 1105
f 1094 1105 1095
f 1095 1105 1106
f 1095 1106 1096
f 1096 1106 1107
f 1096 1107 1097
f 1097 1107 1108
f 1097 1108 1098
f 1098 1108 1109
f 1098 1109 1099
f 1099 1109 1110
f 1099 1110 1100
f 710 720 1111
f 710 1111 1101
f 1101 1111 1112
f 1101 1112 1102
f 1102 1112 1113
f 1102 1113 1103
f 1103 1113 1114
f 1103 1114 1104
f 1104 1114 1115
f 1104 1115 1105
f 1105 1115 1116
f 1105 1116 1106
f 1106 1116 1117
f 1106 1117 1107
f 1107 1117 1118
f 1107 1118 1108
f 1108 1118 1119
f 1108 1119 1109
f 1109 1119 1120
f 1109 1120 1110
f 720 730 1121
f 720 1121 1111
f 1111 1121 1122
f 1111 1122 1112
f 1112 1122 1123
f 1112 1123 1113
f 1113 1123 1124
f 1113 1124 1114
f 1114 1124 1125
f 1114 1125 1115
f 1115 1125 1126
f 1115 1126 1116
f 1116 1126 1127
f 1116 1127 1117
f 1117 1127 1128
f 1117 1128 1118
f 1118 1128 1129
f 1118 1129 1119
f 1119 1129 1130
f 1119 1130 1120
f 730 740 1131
f 730 1131 1121
f 1121 1131 1132
f 1121 1132 1122
f 1122 1132 1133
f 1122 1133 1123
f 1123 1133 1134
f 1123 1134 1124
f 1124 1134 1135
f 1124 1135 1125
f 1125 1135 1136
f 1125 1136 1126
f 1126 1136 1137
f 1126 1137 1127
f 1127 1137 1138
f 1127 1138 1128
f 1128 1138 1139
f 1128 1139 1129
f 1129 1139 1140
f 1129 1140 1130
f 740 750 1141
f 740 1141 1131
f 1131 1141 1142
f 1131 1142 1132
f 1132 1142 1143
f 1132 1143 1133
f 1133 1143 1144
f 1133 1144 1134
f 1134 1144 1145
f 1134 1145 1135
f 1135 1145 1146
f 1135 1146 1136
f 1136 1146 1147
f 1136 1147 1137
f 1137 1147 1148
f 1137 1148 1138
f 1138 1148 1149
f 1138 1149 1139
f 1139 1149 1150
f 1139 1150 1140
f 750 760 1151
f 750 1151 1141
f 1141 1151 1152
f 1141 1152 1142
f 1142 1152 1153
f 1142 1153 1143
f 1143 1153 1154
f 1143 1154 1144
f 1144 1154 1155
f 1144 1155 1145
f 1145 1155 1156
f 1145 1156 1146
f 1146 1156 1157
f 1146 1157 1147
f 1147 1157 1158
f 1147 1158 1148
f 1148 1158 1159
f 1148 1159 1149
f 1149 1159 1160
f 1149 1160 1150
f 760 770 1161
f 760 1161 1151
f 1151 1161 1162
f 1151 1162 1152
f 1152 1162 1163
f 1152 1163 1153
f 1153 1163 1164
f 1153 1164 1154
f 1154 1164 1165
f 1154 1165 1155
f 1155 1165 1166
f 1155 1166 1156
f 1156 1166 1167
f 1156 1167 1157
f 1157 1167 1168
f 1157 1168 1158
f 1158 1168 1169
f 1158 1169 1159
f 1159 1169 1170
f 1159 1170 1160
f 770 780 1171
f 770 1171 1161
f 1161 1171 1172
f 1161 1172 1162
f 1162 1172 1173
f 1162 1173 1163
f 1163 1173 1174
f 1163 1174 1164
f 1164 1174 1175
f 1164 1175 1165
f 1165 1175 1176
f 1165 1176 1166
f 1166 1176 1177
f 1166 1177 1167
f 1167 1177 1178
f 1167 1178 1168
f 1168 1178 1179
f 1168 1179 1169
f 1169 1179 1180
f 1169 1180 1170
f 780 790 1181
f 780 1181 1171
f 1171 1181 1182
f 1171 1182 1172
f 1172 1182 1183
f 1172 1183 1173
f 1173 1183 1184
f 1173 1184 1174
f 1174 1184 1185
f 1174 1185 1175
f 1175 1185 1186
f 1175 1186 1176
f 1176 1186 1187
f 1176 1187 1177
f 1177 1187 1188
f 1177 1188 1178
f 1178 1188 1189
f 1178 1189 1179
f 1179 1189 1190
f 1179 1190 1180
f 790 800 1191
f 790 1191 1181
f 1181 1191 1192
f 1181 1192 1182
f 1182 1192 1193
f 1182 1193 1183
f 1183 1193 1194
f 1183 1194 1184
f 1184 1194 1195
f 1184 1195 1185
f 1185 1195 1196
f 1185 1196 1186
f 1186 1196 1197
f 1186 1197 1187
f 1187 1197 1198
f 1187 1198 1188
f 1188 1198 1199
f 1188 1199 1189
f 1189 1199 1200
f 1189 1200 1190
f 800 810 1201
f 800 1201 1191
f 1191 1201 1202
f 1191 1202 1192
f 1192 1202 1203
f 1192 1203 1193
f 1193 1203 1204
f 1193 1204 1194
f 1194 1204 1205
f 1194 1205 1195
f 1195 1205 1206
f 1195 1206 1196
f 1196 1206 1207
f 1196 1207 1197
f 1197 1207 1208
f 1197 1208 1198
f 1198 1208 1209
f 1198 1209 1199
f 1199 1209 1210
f 1199 1210 1200
f 810 820 1211
f 810 1211 1201
f 1201 1211 1212
f 1201 1212 1202
f 1202 1212 1213
f 1202 1213 1203
f 1203 1213 1214
f 1203 1214 1204
f 1204 1214 1215
f 1204 1215 1205
f 1205 1215 1216
f 1205 1216 1206
f 1206 1216 1217
f 1206 1217 1207
f 1207 1217 1218
f 1207 1218 1208
f 1208 1218 1219
f 1208 1219 1209
f 1209 1219 1220
f 1209 1220 1210
f 820 830 1221
f 820 1221 1211
f 1211 1221 1222
f 1211 1222 1212
f 1212 1222 1223
f 1212 1223 1213
f 1213 1223 1224
f 1213 1224 1214
f 1214 1224 1225
f 1214 1225 1215
f 1215 1225 1226
f 1215 1226 1216
f 1216 1226 1227
f 1216 1227 1217
f 1217 1227 1228
f 1217 1228 1218
f 1218 1228 1229
f 1218 1229 1219
f 1219 1229 1230
f 1219 1230 1220
f 830 840 1231
f 830 1231 1221
f 1221 1231 1232
f 1221 1232 1222
f 1222 1232 1233
f 1222 1233 1223
f 1223 1233 1234
f 1223 1234 1224
f 1224 1234 1235
f 1224 1235 1225
f 1225 1235 1236
f 1225 1236 1226
f 1226 1236 1237
f 1226 1237 1227
f 1227 1237 1238
f 1227 1238 1228
f 1228 1238 1239
f 1228 1239 1229
f 1229 1239 1240
f 1229 1240 1230
f 840 460 842
f 840 842 1231
f 1231 842 844
f 1231 844 1232
f 1232 844 846
f 1232 846 1233
f 1233 846 848
f 1233 848 1234
f 1234 848 850
f 1234 850 1235
f 1235 850 852
f 1235 852 1236
f 1236 852 854
f 1236 854 1237
f 1237 854 856
f 1237 856 1238
f 1238 856 858
f 1238 858 1239
f 1239 858 860
f 1239 860 1240
f 860 859 1241
f 860 1241 1242
f 1242 1241 1243
f 1242 1243 1244
f 1244 1243 1245
f 1244 1245 1246
f 1246 1245 1247
f 1246 1247 1248
f 1248 1247 1249
f 1248 1249 1250
f 1250 1249 1251
f 1250 1251 1252
f 1252 1251 1253
f 1252 1253 1254
f 1254 1253 1255
f 1254 1255 1256
f 1256 1255 1257
f 1256 1257 1258
f 1258 1257 1259
f 859 870 1260
f 859 1260 1241
f 1241 1260 1261
f 1241 1261 1243
f 1243 1261 1262
f 1243 1262 1245
f 1245 1262 1263
f 1245 1263 1247
f 1247 1263 1264
f 1247 1264 1249
f 1249 1264 1265
f 1249 1265 1251
f 1251 1265 1266
f 1251 1266 1253
f 1253 1266 1267
f 1253 1267 1255
f 1255 1267 1268
f 1255 1268 1257
f 1257 1268 1259
f 870 880 1269
f 870 1269 1260
f 1260 1269 1270
f 1260 1270 1261
f 1261 1270 1271
f 1261 1271 1262
f 1262 1271 1272
f 1262 1272 1263
f 1263 1272 1273
f 1263 1273 1264
f 1264 1273 1274
f 1264 1274 1265
f 1265 1274 1275
f 1265 1275 1266
f 1266 1275 1276
f 1266 1276 1267
f 1267 1276 1277
f 1267 1277 1268
f 1268 1277 1259
f 880 890 1278
f 880 1278 1269
f 1269 1278 1279
f 1269 1279 1270
f 1270 1279 1280
f 1270 1280 1271
f 1271 1280 1281
f 1271 1281 1272
f 1272 1281 1282
f 1272 1282 1273
f 1273 1282 1283
f 1273 1283 1274
f 1274 1283 1284
f 1274 1284 1275
f 1275 1284 1285
f 1275 1285 1276
f 1276 1285 1286
f 1276 1286 1277
f 1277 1286 1259
f 890 900 1287
f 890 1287 1278
f 1278 1287 1288
f 1278 1288 1279
f 1279 1288 1289
f 1279 1289 1280
f 1280 1289 1290
f 1280 1290 1281
f 1281 1290 1291
f 1281 1291 1282
f 1282 1291 1292
f 1282 1292 1283
f 1283 1292 1293
f 1283 1293 1284
f 1284 1293 1294
f 1284 1294 1285
f 1285 1294 1295
f 1285 1295 1286
f 1286 1295 1259
f 900 910 1296
f 900 1296 1287
f 1287 1296 1297
f 1287 1297 1288
f 1288 1297 1298
f 1288 1298 1289
f 1289 1298 1299
f 1289 1299 1290
f 1290 1299 1300
f 1290 1300 1291
f 1291 1300 1301
f 1291 1301 1292
f 1292 1301 1302
f 1292 1302 1293
f 1293 1302 1303
f 1293 1303 1294
f 1294 1303 1304
f 1294 1304 1295
f 1295 1304 1259
f 910 920 1305
f 910 1305 1296
f 1296 1305 1306
f 1296 1306 1297
f 1297 1306 1307
f 1297 1307 1298
f 1298 1307 1308
f 1298 1308 1299
f 1299 1308 1309
f 1299 1309 1300
f 1300 1309 1310
f 1300 1310 1301
f 1301 1310 1311
f 1301 1311 1302
f 1302 1311 1312
f 1302 1312 1303
f 1303 1312 1313
f 1303 1313 1304
f 1304 1313 1259
f 920 930 1314
f 920 1314 1305
f 1305 1314 1315
f 1305 1315 1306
f 1306 1315 1316
f 1306 1316 1307
f 1307 1316 1317
f 1307 1317 1308
f 1308 1317 1318
f 1308 1318 1309
f 1309 1318 1319
f 1309 1319 1310
f 1310 1319 1320
f 1310 1320 1311
f 1311 1320 1321
f 1311 1321 1312
f 1312 1321 1322
f 1312 1322 1313
f 1313 1322 1259
f 930 940 1323
f 930 1323 1314
f 1314 1323 1324
f 1314 1324 1315
f 1315 1324 1325
f 1315 1325 1316
f 1316 1325 1326
f 1316 1326 1317
f 1317 1326 1327
f 1317 1327 1318
f 1318 1327 1328
f 1318 1328 1319
f 1319 1328 1329
f 1319 1329 1320
f 1320 1329 1330
f 1320 1330 1321
f 1321 1330 1331
f 1321 1331 1322
f 1322 1331 1259
f 940 950 1332
f 940 1332 1323
f 1323 1332 1333
f 1323 1333 1324
f 1324 1333 1334
f 1324 1334 1325
f 1325 1334 1335
f 1325 1335 1326
f 1326 1335 1336
f 1326 1336 1327
f 1327 1336 1337
f 1327 1337 1328
f 1328 1337 1338
f 1328 1338 1329
f 1329 1338 1339
f 1329 1339 1330
f 1330 1339 1340
f 1330 1340 1331
f 1331 1340 1259
f 950 960 1341
f 950 1341 1332
f 1332 1341 1342
f 1332 1342 1333
f 1333 1342 1343
f 1333 1343 1334
f 1334 1343 1344
f 1334 1344 1335
f 1335 1344 1345
f 1335 1345 1336
f 1336 1345 1346
f 1336 1346 1337
f 1337 1346 1347
f 1337 1347 1338
f 1338 1347 1348
f 1338 1348 1339
f 1339 1348 1349
f 1339 1349 1340
f 1340 1349 1259
f 960 970 1350
f 960 1350 1341
f 1341 1350 1351
f 1341 1351 1342
f 1342 1351 1352
f 1342 1352 1343
f 1343 1352 1353
f 1343 1353 1344
f 1344 1353 1354
f 1344 1354 1345
f 1345 1354 1355
f 1345 1355 1346
f 1346 1355 1356
f 1346 1356 1347
f 1347 1356 1357
f 1347 1357 1348
f 1348 1357 1358
f 1348 1358 1349
f 1349 1358 1259
f 970 980 1359
f 970 1359 1350
f 1350 1359 1360
f 1350 1360 1351
f 1351 1360 1361
f 1351 1361 1352
f 1352 1361 1362
f 1352 1362 1353
f 1353 1362 1363
f 1353 1363 1354
f 1354 1363 1364
f 1354 1364 1355
f 1355 1364 1365
f 1355 1365 1356
f 1356 1365 1366
f 1356 1366 1357
f 1357 1366 1367
f 1357 1367 1358
f 1358 1367 1259
f 980 990 1368
f 980 1368 1359
f 1359 1368 1369
f 1359 1369 1360
f 1360 1369 1370
f 1360 1370 1361
f 1361 1370 1371
f 1361 1371 1362
f 1362 1371 1372
f 1362 1372 1363
f 1363 1372 1373
f 1363 1373 1364
f 1364 1373 1374
f 1364 1374 1365
f 1365 1374 1375
f 1365 1375 1366
f 1366 1375 1376
f 1366 1376 1367
f 1367 1376 1259
f 990 1000 1377
f 990 1377 1368
f 1368 1377 1378
f 1368 1378 1369
f 1369 1378 1379
f 1369 1379 1370
f 1370 1379 1380
f 1370 1380 1371
f 1371 1380 1381
f 1371 1381 1372
f 1372 1381 1382
f 1372 1382 1373
f 1373 1382 1383
f 1373 1383 1374
f 1374 1383 1384
f 1374 1384 1375
f 1375 1384 1385
f 1375 1385 1376
f 1376 1385 1259
f 1000 1010 1386
f 1000 1386 1377
f 1377 1386 1387
f 1377 1387 1378
f 1378 1387 1388
f 1378 1388 1379
f 1379 1388 1389
f 1379 1389 1380
f 1380 1389 1390
f 1380 1390 1381
f 1381 1390 1391
f 1381 1391 1382
f 1382 1391 1392
f 1382 1392 1383
f 1383 1392 1393
f 1383 1393 1384
f 1384 1393 1394
f 1384 1394 1385
f 1385 1394 1259
f 1010 1020 1395
f 1010 1395 1386
f 1386 1395 1396
f 1386 1396 1387
f 1387 1396 1397
f 1387 1397 1388
f 1388 1397 1398
f 1388 1398 1389
f 1389 1398 1399
f 1389 1399 1390
f 1390 1399 1400
f 1390 1400 1391
f 1391 1400 1401
f 1391 1401 1392
f 1392 1401 1402
f 1392 1402 1393
f 1393 1402 1403
f 1393 1403 1394
f 1394 1403 1259
f 1020 1030 1404
f 1020 1404 1395
f 1395 1404 1405
f 1395 1405 1396
f 1396 1405 1406
f 1396 1406 1397
f 1397 1406 1407
f 1397 1407 1398
f 1398 1407 1408
f 1398 1408 1399
f 1399 1408 1409
f 1399 1409 1400
f 1400 1409 1410
f 1400 1410 1401
f 1401 1410 1411
f 1401 1411 1402
f 1402 1411 1412
f 1402 1412 1403
f 1403 1412 1259
f 1030 1040 1413
f 1030 1413 1404
f 1404 1413 1414
f 1404 1414 1405
f 1405 1414 1415
f 1405 1415 1406
f 1406 1415 1416
f 1406 1416 1407
f 1407 1416 1417
f 1407 1417 1408
f 1408 1417 1418
f 1408 1418 1409
f 1409 1418 1419
f 1409 1419 1410
f 1410 1419 1420
f 1410 1420 1411
f 1411 1420 1421
f 1411 1421 1412
f 1412 1421 1259
f 1040 1050 1422
f 1040 1422 1413
f 1413 1422 1423
f 1413 1423 1414
f 1414 1423 1424
f 1414 1424 1415
f 1415 1424 1425
f 1415 1425 1416
f 1416 1425 1426
f 1416 1426 1417
f 1417 1426 1427
f 1417 1427 1418
f 1418 1427 1428
f 1418 1428 1419
f 1419 1428 1429
f 1419 1429 1420
f 1420 1429 1430
f 1420 1430 1421
f 1421 1430 1259
f 1050 1060 1431
f 1050 1431 1422
f 1422 1431 1432
f 1422 1432 1423
f 1423 1432 1433
f 1423 1433 1424
f 1424 1433 1434
f 1424 1434 1425
f 1425 1434 1435
f 1425 1435 1426
f 1426 1435 1436
f 1426 1436 1427
f 1427 1436 1437
f 1427 1437 1428
f 1428 1437 1438
f 1428 1438 1429
f 1429 1438 1439
f 1429 1439 1430
f 1430 1439 1259
f 1060 1070 1440
f 1060 1440 1431
f 1431 1440 1441
f 1431 1441 1432
f 1432 1441 1442
f 1432 1442 1433
f 1433 1442 1443
f 1433 1443 1434
f 1434 1443 1444
f 1434 1444 1435
f 1435 1444 1445
f 1435 1445 1436
f 1436 1445 1446
f 1436 1446 1437
f 1437 1446 1447
f 1437 1447 1438
f 1438 1447 1448
f 1438 1448 1439
f 1439 1448 1259
f 1070 1080 1449
f 1070 1449 1440
f 1440 1449 1450
f 1440 1450 1441
f 1441 1450 1451
f 1441 1451 1442
f 1442 1451 1452
f 1442 1452 1443
f 1443 1452 1453
f 1443 1453 1444
f 1444 1453 1454
f 1444 1454 1445
f 1445 1454 1455
f 1445 1455 1446
f 1446 1455 1456
f 1446 1456 1447
f 1447 1456 1457
f 1447 1457 1448
f 1448 1457 1259
f 1080 1090 1458
f 1080 1458 1449
f 1449 1458 1459
f 1449 1459 1450
f 1450 1459 1460
f 1450 1460 1451
f 1451 1460 1461
f 1451 1461 1452
f 1452 1461 1462
f 1452 1462 1453
f 1453 1462 1463
f 1453 1463 1454
f 1454 1463 1464
f 1454 1464 1455
f 1455 1464 1465
f 1455 1465 1456
f 1456 1465 1466
f 1456 1466 1457
f 1457 1466 1259
f 1090 1100 1467
f 1090 1467 1458
f 1458 1467 1468
f 1458 1468 1459
f 1459 1468 1469
f 1459 1469 1460
f 1460 1469 1470
f 1460 1470 1461
f 1461 1470 1471
f 1461 1471 1462
f 1462 1471 1472
f 1462 1472 1463
f 1463 1472 1473
f 1463 1473 1464
f 1464 1473 1474
f 1464 1474 1465
f 1465 1474 1475
f 1465 1475 1466
f 1466 1475 1259
f 1100 1110 1476
f 1100 1476 1467
f 1467 1476 1477
f 1467 1477 1468
f 1468 1477 1478
f 1468 1478 1469
f 1469 1478 1479
f 1469 1479 1470
f 1470 1479 1480
f 1470 1480 1471
f 1471 1480 1481
f 1471 1481 1472
f 1472 1481 1482
f 1472 1482 1473
f 1473 1482 1483
f 1473 1483 1474
f 1474 1483 1484
f 1474 1484 1475
f 1475 1484 1259
f 1110 1120 1485
f 1110 1485 1476
f 1476 1485 1486
f 1476 1486 1477
f 1477 1486 1487
f 1477 1487 1478
f 1478 1487 1488
f 1478 1488 1479
f 1479 1488 1489
f 1479 1489 1480
f 1480 1489 1490
f 1480 1490 1481
f 1481 1490 1491
f 1481 1491 1482
f 1482 1491 1492
f 1482 1492 1483
f 1483 1492 1493
f 1483 1493 1484
f 1484 1493 1259
f 1120 1130 1494
f 1120 1494 1485
f 1485 1494 1495
f 1485 1495 1486
f 1486 1495 1496
f 1486 1496 1487
f 1487 1496 1497
f 1487 1497 1488
f 1488 1497 1498
f 1488 1498 1489
f 1489 1498 1499
f 1489 1499 1490
f 1490 1499 1500
f 1490 1500 1491
f 1491 1500 1501
f 1491 1501 1492
f 1492 1501 1502
f 1492 1502 1493
f 1493 1502 1259
f 1130 1140 1503
f 1130 1503 1494
f 1494 1503 1504
f 1494 1504 1495
f 1495 1504 1505
f 1495 1505 1496
f 1496 1505 1506
f 1496 1506 1497
f 1497 1506 1507
f 1497 1507 1498
f 1498 1507 1508
f 1498 1508 1499
f 1499 1508 1509
f 1499 1509 1500
f 1500 1509 1510
f 1500 1510 1501
f 1501 1510 1511
f 1501 1511 1502
f 1502 1511 1259
f 1140 1150 1512
f 1140 1512 1503
f 1503 1512 1513
f 1503 1513 1504
f 1504 1513 1514
f 1504 1514 1505
f 1505 1514 1515
f 1505 1515 1506
f 1506 1515 1516
f 1506 1516 1507
f 1507 1516 1517
f 1507 1517 1508
f 1508 1517 1518
f 1508 1518 1509
f 1509 1518 1519
f 1509 1519 1510
f 1510 1519 1520
f 1510 1520 1511
f 1511 1520 1259
f 1150 1160 1521
f 1150 1521 1512
f 1512 1521 1522
f 1512 1522 1513
f 1513 1522 1523
f 1513 1523 1514
f 1514 1523 1524
f 1514 1524 1515
f 1515 1524 1525
f 1515 1525 1516
f 1516 1525 1526
f 1516 1526 1517
f 1517 1526 1527
f 1517 1527 1518
f 1518 1527 1528
f 1518 1528 1519
f 1519 1528 1529
f 1519 1529 1520
f 1520 1529 1259
f 1160 1170 1530
f 1160 1530 1521
f 1521 1530 1531
f 1521 1531 1522
f 1522 1531 1532
f 1522 1532 1523
f 1523 1532 1533
f 1523 1533 1524
f 1524 1533 1534
f 1524 1534 1525
f 1525 1534 1535
f 1525 1535 1526
f 1526 1535 1536
f 1526 1536 1527
f 1527 1536 1537
f 1527 1537 1528
f 1528 1537 1538
f 1528 1538 1529
f 1529 1538 1259
f 1170 1180 1539
f 1170 1539 1530
f 1530 1539 1540
f 1530 1540 1531
f 1531 1540 1541
f 1531 1541 1532
f 1532 1541 1542
f 1532 1542 1533
f 1533 1542 1543
f 1533 1543 1534
f 1534 1543 1544
f 1534 1544 1535
f 1535 1544 1545
f 1535 1545 1536
f 1536 1545 1546
f 1536 1546 1537
f 1537 1546 1547
f 1537 1547 1538
f 1538 1547 1259
f 1180 1190 1548
f 1180 1548 1539
f 1539 1548 1549
f 1539 1549 1540
f 1540 1549 1550
f 1540 1550 1541
f 1541 1550 1551
f 1541 1551 1542
f 1542 1551 1552
f 1542 1552 1543
f 1543 1552 1553
f 1543 1553 1544
f 1544 1553 1554
f 1544 1554 1545
f 1545 1554 1555
f 1545 1555 1546
f 1546 1555 1556
f 1546 1556 1547
f 1547 1556 1259
f 1190 1200 1557
f 1190 1557 1548
f 1548 1557 1558
f 1548 1558 1549
f 1549 1558 1559
f 1549 1559 1550
f 1550 1559 1560
f 1550 1560 1551
f 1551 1560 1561
f 1551 1561 1552
f 1552 1561 1562
f 1552 1562 1553
f 1553 1562 1563
f 1553 1563 1554
f 1554 1563 1564
f 1554 1564 1555
f 1555 1564 1565
f 1555 1565 1556
f 1556 1565 1259
f 1200 1210 1566
f 1200 1566 1557
f 1557 1566 1567
f 1557 1567 1558
f 1558 1567 1568
f 1558 1568 1559
f 1559 1568 1569
f 1559 1569 1560
f 1560 1569 1570
f 1560 1570 1561
f 1561 1570 1571
f 1561 1571 1562
f 1562 1571 1572
f 1562 1572 1563
f 1563 1572 1573
f 1563 1573 1564
f 1564 1573 1574
f 1564 1574 1565
f 1565 1574 1259
f 1210 1220 1575
f 1210 1575 1566
f 1566 1575 1576
f 1566 1576 1567
f 1567 1576 1577
f 1567 1577 1568
f 1568 1577 1578
f 1568 1578 1569
f 1569 1578 1579
f 1569 1579 1570
f 1570 1579 1580
f 1570 1580 1571
f 1571 1580 1581
f 1571 1581 1572
f 1572 1581 1582
f 1572 1582 1573
f 1573 1582 1583
f 1573 1583 1574
f 1574 1583 1259
f 1220 1230 1584
f 1220 1584 1575
f 1575 1584 1585
f 1575 1585 1576
f 1576 1585 1586
f 1576 1586 1577
f 1577 1586 1587
f 1577 1587 1578
f 1578 1587 1588
f 1578 1588 1579
f 1579 1588 1589
f 1579 1589 1580
f 1580 1589 1590
f 1580 1590 1581
f 1581 1590 1591
f 1581 1591 1582
f 1582 1591 1592
f 1582 1592 1583
f 1583 1592 1259
f 1230 1240 1593
f 1230 1593 1584
f 1584 1593 1594
f 1584 1594 1585
f 1585 1594 1595
f 1585 1595 1586
f 1586 1595 1596
f 1586 1596 1587
f 1587 1596 1597
f 1587 1597 1588
f 1588 1597 1598
f 1588 1598 1589
f 1589 1598 1599
f 1589 1599 1590
f 1590 1599 1600
f 1590 1600 1591
f 1591 1600 1601
f 1591 1601 1592
f 1592 1601 1259
f 1240 860 1242
f 1240 1242 1593
f 1593 1242 1244
f 1593 1244 1594
f 1594 1244 1246
f 1594 1246 1595
f 1595 1246 1248
f 1595 1248 1596
f 1596 1248 1250
f 1596 1250 1597
f 1597 1250 1252
f 1597 1252 1598
f 1598 1252 1254
f 1598 1254 1599
f 1599 1254 1256
f 1599 1256 1600
f 1600 1256 1258
f 1600 1258 1601
f 1601 1258 1259
f 1602 1603 1604
f 1602 1604 1605
f 1605 1604 1606
f 1605 1606 1607
f 1607 1606 1608
f 1607 1608 1609
f 1609 1608 1610
f 1609 1610 1611
f 1611 1610 1612
f 1611 1612 1613
f 1613 1612 1614
f 1613 1614 1615
f 1615 1614 1616
f 1615 1616 1617
f 1617 1616 1618
f 1617 1618 1619
f 1619 1618 1620
f 1619 1620 1621
f 1621 1620 1622
f 1621 1622 1623
f 1603 1624 1625
f 1603 1625 1604
f 1604 1625 1626
f 1604 1626 1606
f 1606 1626 1627
f 1606 1627 1608
f 1608 1627 1628
f 1608 1628 1610
f 1610 1628 1629
f 1610 1629 1612
f 1612 1629 1630
f 1612 1630 1614
f 1614 1630 1631
f 1614 1631 1616
f 1616 1631 1632
f 1616 1632 1618
f 1618 1632 1633
f 1618 1633 1620
f 1620 1633 1634
f 1620 1634 1622
f 1624 1635 1636
f 1624 1636 1625
f 1625 1636 1637
f 1625 1637 1626
f 1626 1637 1638
f 1626 1638 1627
f 1627 1638 1639
f 1627 1639 1628
f 1628 1639 1640
f 1628 1640 1629
f 1629 1640 1641
f 1629 1641 1630
f 1630 1641 1642
f 1630 1642 1631
f 1631 1642 1643
f 1631 1643 1632
f 1632 1643 1644
f 1632 1644 1633
f 1633 1644 1645
f 1633 1645 1634
f 1635 1646 1647
f 1635 1647 1636
f 1636 1647 1648
f 1636 1648 1637
f 1637 1648 1649
f 1637 1649 1638
f 1638 1649 1650
f 1638 1650 1639
f 1639 1650 1651
f 1639 1651 1640
f 1640 1651 1652
f 1640 1652 1641
f 1641 1652 1653
f 1641 1653 1642
f 1642 1653 1654
f 1642 1654 1643
f 1643 1654 1655
f 1643 1655 1644
f 1644 1655 1656
f 1644 1656 1645
f 1646 1657 1658
f 1646 1658 1647
f 1647 1658 1659
f 1647 1659 1648
f 1648 1659 1660
f 1648 1660 1649
f 1649 1660 1661
f 1649 1661 1650
f 1650 1661 1662
f 1650 1662 1651
f 1651 1662 1663
f 1651 1663 1652
f 1652 1663 1664
f 1652 1664 1653
f 1653 1664 1665
f 1653 1665 1654
f 1654 1665 1666
f 1654 1666 1655
f 1655 1666 1667
f 1655 1667 1656
f 1657 1668 1669
f 1657 1669 1658
f 1658 1669 1670
f 1658 1670 1659
f 1659 1670 1671
f 1659 1671 1660
f 1660 1671 1672
f 1660 1672 1661
f 1661 1672 1673
f 1661 1673 1662
f 1662 1673 1674
f 1662 1674 1663
f 1663 1674 1675
f 1663 1675 1664
f 1664 1675 1676
f 1664 1676 1665
f 1665 1676 1677
f 1665 1677 1666
f 1666 1677 1678
f 1666 1678 1667
f 1668 1679 1680
f 1668 1680 1669
f 1669 1680 1681
f 1669 1681 1670
f 1670 1681 1682
f 1670 1682 1671
f 1671 1682 1683
f 1671 1683 1672
f 1672 1683 1684
f 1672 1684 1673
f 1673 1684 1685
f 1673 1685 1674
f 1674 1685 1686
f 1674 1686 1675
f 1675 1686 1687
f 1675 1687 1676
f 1676 1687 1688
f 1676 1688 1677
f 1677 1688 1689
f 1677 1689 1678
f 1679 1690 1691
f 1679 1691 1680
f 1680 1691 1692
f 1680 1692 1681
f 1681 1692 1693
f 1681 1693 1682
f 1682 1693 1694
f 1682 1694 1683
f 1683 1694 1695
f 1683 1695 1684
f 1684 1695 1696
f 1684 1696 1685
f 1685 1696 1697
f 1685 1697 1686
f 1686 1697 1698
f 1686 1698 1687
f 1687 1698 1699
f 1687 1699 1688
f 1688 1699 1700
f 1688 1700 1689
f 1690 1701 1702
f 1690 1702 1691
f 1691 1702 1703
f 1691 1703 1692
f 1692 1703 1704
f 1692 1704 1693
f 1693 1704 1705
f 1693 1705 1694
f 1694 1705 1706
f 1694 1706 1695
f 1695 1706 1707
f 1695 1707 1696
f 1696 1707 1708
f 1696 1708 1697
f 1697 1708 1709
f 1697 1709 1698
f 1698 1709 1710
f 1698 1710 1699
f 1699 1710 1711
f 1699 1711 1700
f 1701 1712 1713
f 1701 1713 1702
f 1702 1713 1714
f 1702 1714 1703
f 1703 1714 1715
f 1703 1715 1704
f 1704 1715 1716
f 1704 1716 1705
f 1705 1716 1717
f 1705 1717 1706
f 1706 1717 1718
f 1706 1718 1707
f 1707 1718 1719
f 1707 1719 1708
f 1708 1719 1720
f 1708 1720 1709
f 1709 1720 1721
f 1709 1721 1710
f 1710 1721 1722
f 1710 1722 1711
f 1712 1723 1724
f 1712 1724 1713
f 1713 1724 1725
f 1713 1725 1714
f 1714 1725 1726
f 1714 1726 1715
f 1715 1726 1727
f 1715 1727 1716
f 1716 1727 1728
f 1716 1728 1717
f 1717 1728 1729
f 1717 1729 1718
f 1718 1729 1730
f 1718 1730 1719
f 1719 1730 1731
f 1719 1731 1720
f 1720 1731 1732
f 1720 1732 1721
f 1721 1732 1733
f 1721 1733 1722
f 1723 1734 1735
f 1723 1735 1724
f 1724 1735 1736
f 1724 1736 1725
f 1725 1736 1737
f 1725 1737 1726
f 1726 1737 1738
f 1726 1738 1727
f 1727 1738 1739
f 1727 1739 1728
f 1728 1739 1740
f 1728 1740 1729
f 1729 1740 1741
f 1729 1741 1730
f 1730 1741 1742
f 1730 1742 1731
f 1731 1742 1743
f 1731 1743 1732
f 1732 1743 1744
f 1732 1744 1733
f 1734 1745 1746
f 1734 1746 1735
f 1735 1746 1747
f 1735 1747 1736
f 1736 1747 1748
f 1736 1748 1737
f 1737 1748 1749
f 1737 1749 1738
f 1738 1749 1750
f 1738 1750 1739
f 1739 1750 1751
f 1739 1751 1740
f 1740 1751 1752
f 1740 1752 1741
f 1741 1752 1753
f 1741 1753 1742
f 1742 1753 1754
f 1742 1754 1743
f 1743 1754 1755
f 1743 1755 1744
f 1745 1756 1757
f 1745 1757 1746
f 1746 1757 1758
f 1746 1758 1747
f 1747 1758 1759
f 1747 1759 1748
f 1748 1759 1760
f 1748 1760 1749
f 1749 1760 1761
f 1749 1761 1750
f 1750 1761 1762
f 1750 1762 1751
f 1751 1762 1763
f 1751 1763 1752
f 1752 1763 1764
f 1752 1764 1753
f 1753 1764 1765
f 1753 1765 1754
f 1754 1765 1766
f 1754 1766 1755
f 1756 1767 1768
f 1756 1768 1757
f 1757 1768 1769
f 1757 1769 1758
f 1758 1769 1770
f 1758 1770 1759
f 1759 1770 1771
f 1759 1771 1760
f 1760 1771 1772
f 1760 1772 1761
f 1761 1772 1773
f 1761 1773 1762
f 1762 1773 1774
f 1762 1774 1763
f 1763 1774 1775
f 1763 1775 1764
f 1764 1775 1776
f 1764 1776 1765
f 1765 1776 1777
f 1765 1777 1766
f 1767 1778 1779
f 1767 1779 1768
f 1768 1779 1780
f 1768 1780 1769
f 1769 1780 1781
f 1769 1781 1770
f 1770 1781 1782
f 1770 1782 1771
f 1771 1782 1783
f 1771 1783 1772
f 1772 1783 1784
f 1772 1784 1773
f 1773 1784 1785
f 1773 1785 1774
f 1774 1785 1786
f 1774 1786 1775
f 1775 1786 1787
f 1775 1787 1776
f 1776 1787 1788
f 1776 1788 1777
f 1778 1789 1790
f 1778 1790 1779
f 1779 1790 1791
f 1779 1791 1780
f 1780 1791 1792
f 1780 1792 1781
f 1781 1792 1793
f 1781 1793 1782
f 1782 1793 1794
f 1782 1794 1783
f 1783 1794 1795
f 1783 1795 1784
f 1784 1795 1796
f 1784 1796 1785
f 1785 1796 1797
f 1785 1797 1786
f 1786 1797 1798
f 1786 1798 1787
f 1787 1798 1799
f 1787 1799 1788
f 1789 1800 1801
f 1789 1801 1790
f 1790 1801 1802
f 1790 1802 1791
f 1791 1802 1803
f 1791 1803 1792
f 1792 1803 1804
f 1792 1804 1793
f 1793 1804 1805
f 1793 1805 1794
f 1794 1805 1806
f 1794 1806 1795
f 1795 1806 1807
f 1795 1807 1796
f 1796 1807 1808
f 1796 1808 1797
f 1797 1808 1809
f 1797 1809 1798
f 1798 1809 1810
f 1798 1810 1799
f 1800 1811 1812
f 1800 1812 1801
f 1801 1812 1813
f 1801 1813 1802
f 1802 1813 1814
f 1802 1814 1803
f 1803 1814 1815
f 1803 1815 1804
f 1804 1815 1816
f 1804 1816 1805
f 1805 1816 1817
f 1805 1817 1806
f 1806 1817 1818
f 1806 1818 1807
f 1807 1818 1819
f 1807 1819 1808
f 1808 1819 1820
f 1808 1820 1809
f 1809 1820 1821
f 1809 1821 1810
f 1811 1602 1605
f 1811 1605 1812
f 1812 1605 1607
f 1812 1607 1813
f 1813 1607 1609
f 1813 1609 1814
f 1814 1609 1611
f 1814 1611 1815
f 1815 1611 1613
f 1815 1613 1816
f 1816 1613 1615
f 1816 1615 1817
f 1817 1615 1617
f 1817 1617 1818
f 1818 1617 1619
f 1818 1619 1819
f 1819 1619 1621
f 1819 1621 1820
f 1820 1621 1623
f 1820 1623 1821
f 1623 1622 1822
f 1623 1822 1823
f 1823 1822 1824
f 1823 1824 1825
f 1825 1824 1826
f 1825 1826 1827
f 1827 1826 1828
f 1827 1828 1829
f 1829 1828 1830
f 1829 1830 1831
f 1831 1830 1832
f 1831 1832 1833
f 1833 1832 1834
f 1833 1834 1835
f 1835 1834 1836
f 1835 1836 1837
f 1837 1836 1838
f 1837 1838 1839
f 1839 1838 1840
f 1839 1840 650
f 1622 1634 1841
f 1622 1841 1822
f 1822 1841 1842
f 1822 1842 1824
f 1824 1842 1843
f 1824 1843 1826
f 1826 1843 1844
f 1826 1844 1828
f 1828 1844 1845
f 1828 1845 1830
f 1830 1845 1846
f 1830 1846 1832
f 1832 1846 1847
f 1832 1847 1834
f 1834 1847 1848
f 1834 1848 1836
f 1836 1848 1849
f 1836 1849 1838
f 1838 1849 1850
f 1838 1850 1840
f 1634 1645 1851
f 1634 1851 1841
f 1841 1851 1852
f 1841 1852 1842
f 1842 1852 1853
f 1842 1853 1843
f 1843 1853 1854
f 1843 1854 1844
f 1844 1854 1855
f 1844 1855 1845
f 1845 1855 1856
f 1845 1856 1846
f 1846 1856 1857
f 1846 1857 1847
f 1847 1857 1858
f 1847 1858 1848
f 1848 1858 1859
f 1848 1859 1849
f 1849 1859 1860
f 1849 1860 1850
f 1645 1656 1861
f 1645 1861 1851
f 1851 1861 1862
f 1851 1862 1852
f 1852 1862 1863
f 1852 1863 1853
f 1853 1863 1864
f 1853 1864 1854
f 1854 1864 1865
f 1854 1865 1855
f 1855 1865 1866
f 1855 1866 1856
f 1856 1866 1867
f 1856 1867 1857
f 1857 1867 1868
f 1857 1868 1858
f 1858 1868 1869
f 1858 1869 1859
f 1859 1869 1870
f 1859 1870 1860
f 1656 1667 1871
f 1656 1871 1861
f 1861 1871 1872
f 1861 1872 1862
f 1862 1872 1873
f 1862 1873 1863
f 1863 1873 1874
f 1863 1874 1864
f 1864 1874 1875
f 1864 1875 1865
f 1865 1875 1876
f 1865 1876 1866
f 1866 1876 1877
f 1866 1877 1867
f 1867 1877 1878
f 1867 1878 1868
f 1868 1878 1879
f 1868 1879 1869
f 1869 1879 1880
f 1869 1880 1870
f 1667 1678 1881
f 1667 1881 1871
f 1871 1881 1882
f 1871 1882 1872
f 1872 1882 1883
f 1872 1883 1873
f 1873 1883 1884
f 1873 1884 1874
f 1874 1884 1885
f 1874 1885 1875
f 1875 1885 1886
f 1875 1886 1876
f 1876 1886 1887
f 1876 1887 1877
f 1877 1887 1888
f 1877 1888 1878
f 1878 1888 1889
f 1878 1889 1879
f 1879 1889 1890
f 1879 1890 1880
f 1678 1689 1891
f 1678 1891 1881
f 1881 1891 1892
f 1881 1892 1882
f 1882 1892 1893
f 1882 1893 1883
f 1883 1893 1894
f 1883 1894 1884
f 1884 1894 1895
f 1884 1895 1885
f 1885 1895 1896
f 1885 1896 1886
f 1886 1896 1897
f 1886 1897 1887
f 1887 1897 1898
f 1887 1898 1888
f 1888 1898 1899
f 1888 1899 1889
f 1889 1899 1900
f 1889 1900 1890
f 1689 1700 1901
f 1689 1901 1891
f 1891 1901 1902
f 1891 1902 1892
f 1892 1902 1903
f 1892 1903 1893
f 1893 1903 1904
f 1893 1904 1894
f 1894 1904 1905
f 1894 1905 1895
f 1895 1905 1906
f 1895 1906 1896
f 1896 1906 1907
f 1896 1907 1897
f 1897 1907 1908
f 1897 1908 1898
f 1898 1908 1909
f 1898 1909 1899
f 1899 1909 1910
f 1899 1910 1900
f 1700 1711 1911
f 1700 1911 1901
f 1901 1911 1912
f 1901 1912 1902
f 1902 1912 1913
f 1902 1913 1903
f 1903 1913 1914
f 1903 1914 1904
f 1904 1914 1915
f 1904 1915 1905
f 1905 1915 1916
f 1905 1916 1906
f 1906 1916 1917
f 1906 1917 1907
f 1907 1917 1918
f 1907 1918 1908
f 1908 1918 1919
f 1908 1919 1909
f 1909 1919 1920
f 1909 1920 1910
f 1711 1722 1921
f 1711 1921 1911
f 1911 1921 1922
f 1911 1922 1912
f 1912 1922 1923
f 1912 1923 1913
f 1913 1923 1924
f 1913 1924 1914
f 1914 1924 1925
f 1914 1925 1915
f 1915 1925 1926
f 1915 1926 1916
f 1916 1926 1927
f 1916 1927 1917
f 1917 1927 1928
f 1917 1928 1918
f 1918 1928 1929
f 1918 1929 1919
f 1919 1929 1930
f 1919 1930 1920
f 1722 1733 1931
f 1722 1931 1921
f 1921 1931 1932
f 1921 1932 1922
f 1922 1932 1933
f 1922 1933 1923
f 1923 1933 1934
f 1923 1934 1924
f 1924 1934 1935
f 1924 1935 1925
f 1925 1935 1936
f 1925 1936 1926
f 1926 1936 1937
f 1926 1937 1927
f 1927 1937 1938
f 1927 1938 1928
f 1928 1938 1939
f 1928 1939 1929
f 1929 1939 1940
f 1929 1940 1930
f 1733 1744 1941
f 1733 1941 1931
f 1931 1941 1942
f 1931 1942 1932
f 1932 1942 1943
f 1932 1943 1933
f 1933 1943 1944
f 1933 1944 1934
f 1934 1944 1945
f 1934 1945 1935
f 1935 1945 1946
f 1935 1946 1936
f 1936 1946 1947
f 1936 1947 1937
f 1937 1947 1948
f 1937 1948 1938
f 1938 1948 1949
f 1938 1949 1939
f 1939 1949 1950
f 1939 1950 1940
f 1744 1755 1951
f 1744 1951 1941
f 1941 1951 1952
f 1941 1952 1942
f 1942 1952 1953
f 1942 1953 1943
f 1943 1953 1954
f 1943 1954 1944
f 1944 1954 1955
f 1944 1955 1945
f 1945 1955 1956
f 1945 1956 1946
f 1946 1956 1957
f 1946 1957 1947
f 1947 1957 1958
f 1947 1958 1948
f 1948 1958 1959
f 1948 1959 1949
f 1949 1959 1960
f 1949 1960 1950
f 1755 1766 1961
f 1755 1961 1951
f 1951 1961 1962
f 1951 1962 1952
f 1952 1962 1963
f 1952 1963 1953
f 1953 1963 1964
f 1953 1964 1954
f 1954 1964 1965
f 1954 1965 1955
f 1955 1965 1966
f 1955 1966 1956
f 1956 1966 1967
f 1956 1967 1957
f 1957 1967 1968
f 1957 1968 1958
f 1958 1968 1969
f 1958 1969 1959
f 1959 1969 1970
f 1959 1970 1960
f 1766 1777 1971
f 1766 1971 1961
f 1961 1971 1972
f 1961 1972 1962
f 1962 1972 1973
f 1962 1973 1963
f 1963 1973 1974
f 1963 1974 1964
f 1964 1974 1975
f 1964 1975 1965
f 1965 1975 1976
f 1965 1976 1966
f 1966 1976 1977
f 1966 1977 1967
f 1967 1977 1978
f 1967 1978 1968
f 1968 1978 1979
f 1968 1979 1969
f 1969 1979 1980
f 1969 1980 1970
f 1777 1788 1981
f 1777 1981 1971
f 1971 1981 1982
f 1971 1982 1972
f 1972 1982 1983
f 1972 1983 1973
f 1973 1983 1984
f 1973 1984 1974
f 1974 1984 1985
f 1974 1985 1975
f 1975 1985 1986
f 1975 1986 1976
f 1976 1986 1987
f 1976 1987 1977
f 1977 1987 1988
f 1977 1988 1978
f 1978 1988 1989
f 1978 1989 1979
f 1979 1989 1990
f 1979 1990 1980
f 1788 1799 1991
f 1788 1991 1981
f 1981 1991 1992
f 1981 1992 1982
f 1982 1992 1993
f 1982 1993 1983
f 1983 1993 1994
f 1983 1994 1984
f 1984 1994 1995
f 1984 1995 1985
f 1985 1995 1996
f 1985 1996 1986
f 1986 1996 1997
f 1986 1997 1987
f 1987 1997 1998
f 1987 1998 1988
f 1988 1998 1999
f 1988 1999 1989
f 1989 1999 2000
f 1989 2000 1990
f 1799 1810 2001
f 1799 2001 1991
f 1991 2001 2002
f 1991 2002 1992
f 1992 2002 2003
f 1992 2003 1993
f 1993 2003 2004
f 1993 2004 1994
f 1994 2004 2005
f 1994 2005 1995
f 1995 2005 2006
f 1995 2006 1996
f 1996 2006 2007
f 1996 2007 1997
f 1997 2007 2008
f 1997 2008 1998
f 1998 2008 2009
f 1998 2009 1999
f 1999 2009 2010
f 1999 2010 2000
f 1810 1821 2011
f 1810 2011 2001
f 2001 2011 2012
f 2001 2012 2002
f 2002 2012 2013
f 2002 2013 2003
f 2003 2013 2014
f 2003 2014 2004
f 2004 2014 2015
f 2004 2015 2005
f 2005 2015 2016
f 2005 2016 2006
f 2006 2016 2017
f 2006 2017 2007
f 2007 2017 2018
f 2007 2018 2008
f 2008 2018 2019
f 2008 2019 2009
f 2009 2019 2020
f 2009 2020 2010
f 1821 1623 1823
f 1821 1823 2011
f 2011 1823 1825
f 2011 1825 2012
f 2012 1825 1827
f 2012 1827 2013
f 2013 1827 1829
f 2013 1829 2014
f 2014 1829 1831
f 2014 1831 2015
f 2015 1831 1833
f 2015 1833 2016
f 2016 1833 1835
f 2016 1835 2017
f 2017 1835 1837
f 2017 1837 2018
f 2018 1837 1839
f 2018 1839 2019
f 2019 1839 650
f 2019 650 2020
f 2021 2022 2023
f 2021 2023 2024
f 2024 2023 2025
f 2024 2025 2026
f 2026 2025 2027
f 2026 2027 2028
f 2028 2027 2029
f 2028 2029 2030
f 2030 2029 2031
f 2030 2031 2032
f 2032 2031 2033
f 2032 2033 2034
f 2034 2033 2035
f 2034 2035 2036
f 2036 2035 2037
f 2036 2037 2038
f 2038 2037 2039
f 2038 2039 2040
f 2040 2039 2041
f 2040 2041 2042
f 2022 2043 2044
f 2022 2044 2023
f 2023 2044 2045
f 2023 2045 2025
f 2025 2045 2046
f 2025 2046 2027
f 2027 2046 2047
f 2027 2047 2029
f 2029 2047 2048
f 2029 2048 2031
f 2031 2048 2049
f 2031 2049 2033
f 2033 2049 2050
f 2033 2050 2035
f 2035 2050 2051
f 2035 2051 2037
f 2037 2051 2052
f 2037 2052 2039
f 2039 2052 2053
f 2039 2053 2041
f 2043 2054 2055
f 2043 2055 2044
f 2044 2055 2056
f 2044 2056 2045
f 2045 2056 2057
f 2045 2057 2046
f 2046 2057 2058
f 2046 2058 2047
f 2047 2058 2059
f 2047 2059 2048
f 2048 2059 2060
f 2048 2060 2049
f 2049 2060 2061
f 2049 2061 2050
f 2050 2061 2062
f 2050 2062 2051
f 2051 2062 2063
f 2051 2063 2052
f 2052 2063 2064
f 2052 2064 2053
f 2054 2065 2066
f 2054 2066 2055
f 2055 2066 2067
f 2055 2067 2056
f 2056 2067 2068
f 2056 2068 2057
f 2057 2068 2069
f 2057 2069 2058
f 2058 2069 2070
f 2058 2070 2059
f 2059 2070 2071
f 2059 2071 2060
f 2060 2071 2072
f 2060 2072 2061
f 2061 2072 2073
f 2061 2073 2062
f 2062 2073 2074
f 2062 2074 2063
f 2063 2074 2075
f 2063 2075 2064
f 2065 2076 2077
f 2065 2077 2066
f 2066 2077 2078
f 2066 2078 2067
f 2067 2078 2079
f 2067 2079 2068
f 2068 2079 2080
f 2068 2080 2069
f 2069 2080 2081
f 2069 2081 2070
f 2070 2081 2082
f 2070 2082 2071
f 2071 2082 2083
f 2071 2083 2072
f 2072 2083 2084
f 2072 2084 2073
f 2073 2084 2085
f 2073 2085 2074
f 2074 2085 2086
f 2074 2086 2075
f 2076 2087 2088
f 2076 2088 2077
f 2077 2088 2089
f 2077 2089 2078
f 2078 2089 2090
f 2078 2090 2079
f 2079 2090 2091
f 2079 2091 2080
f 2080 2091 2092
f 2080 2092 2081
f 2081 2092 2093
f 2081 2093 2082
f 2082 2093 2094
f 2082 2094 2083
f 2083 2094 2095
f 2083 2095 2084
f 2084 2095 2096
f 2084 2096 2085
f 2085 2096 2097
f 2085 2097 2086
f 2087 2098 2099
f 2087 2099 2088
f 2088 2099 2100
f 2088 2100 2089
f 2089 2100 2101
f 2089 2101 2090
f 2090 2101 2102
f 2090 2102 2091
f 2091 2102 2103
f 2091 2103 2092
f 2092 2103 2104
f 2092 2104 2093
f 2093 2104 2105
f 2093 2105 2094
f 2094 2105 2106
f 2094 2106 2095
f 2095 2106 2107
f 2095 2107 2096
f 2096 2107 2108
f 2096 2108 2097
f 2098 2109 2110
f 2098 2110 2099
f 2099 2110 2111
f 2099 2111 2100
f 2100 2111 2112
f 2100 2112 2101
f 2101 2112 2113
f 2101 2113 2102
f 2102 2113 2114
f 2102 2114 2103
f 2103 2114 2115
f 2103 2115 2104
f 2104 2115 2116
f 2104 2116 2105
f 2105 2116 2117
f 2105 2117 2106
f 2106 2117 2118
f 2106 2118 2107
f 2107 2118 2119
f 2107 2119 2108
f 2109 2120 2121
f 2109 2121 2110
f 2110 2121 2122
f 2110 2122 2111
f 2111 2122 2123
f 2111 2123 2112
f 2112 2123 2124
f 2112 2124 2113
f 2113 2124 2125
f 2113 2125 2114
f 2114 2125 2126
f 2114 2126 2115
f 2115 2126 2127
f 2115 2127 2116
f 2116 2127 2128
f 2116 2128 2117
f 2117 2128 2129
f 2117 2129 2118
f 2118 2129 2130
f 2118 2130 2119
f 2120 2131 2132
f 2120 2132 2121
f 2121 2132 2133
f 2121 2133 2122
f 2122 2133 2134
f 2122 2134 2123
f 2123 2134 2135
f 2123 2135 2124
f 2124 2135 2136
f 2124 2136 2125
f 2125 2136 2137
f 2125 2137 2126
f 2126 2137 2138
f 2126 2138 2127
f 2127 2138 2139
f 2127 2139 2128
f 2128 2139 2140
f 2128 2140 2129
f 2129 2140 2141
f 2129 2141 2130
f 2131 2142 2143
f 2131 2143 2132
f 2132 2143 2144
f 2132 2144 2133
f 2133 2144 2145
f 2133 2145 2134
f 2134 2145 2146
f 2134 2146 2135
f 2135 2146 2147
f 2135 2147 2136
f 2136 2147 2148
f 2136 2148 2137
f 2137 2148 2149
f 2137 2149 2138
f 2138 2149 2150
f 2138 2150 2139
f 2139 2150 2151
f 2139 2151 2140
f 2140 2151 2152
f 2140 2152 2141
f 2142 2153 2154
f 2142 2154 2143
f 2143 2154 2155
f 2143 2155 2144
f 2144 2155 2156
f 2144 2156 2145
f 2145 2156 2157
f 2145 2157 2146
f 2146 2157 2158
f 2146 2158 2147
f 2147 2158 2159
f 2147 2159 2148
f 2148 2159 2160
f 2148 2160 2149
f 2149 2160 2161
f 2149 2161 2150
f 2150 2161 2162
f 2150 2162 2151
f 2151 2162 2163
f 2151 2163 2152
f 2153 2164 2165
f 2153 2165 2154
f 2154 2165 2166
f 2154 2166 2155
f 2155 2166 2167
f 2155 2167 2156
f 2156 2167 2168
f 2156 2168 2157
f 2157 2168 2169
f 2157 2169 2158
f 2158 2169 2170
f 2158 2170 2159
f 2159 2170 2171
f 2159 2171 2160
f 2160 2171 2172
f 2160 2172 2161
f 2161 2172 2173
f 2161 2173 2162
f 2162 2173 2174
f 2162 2174 2163
f 2164 2175 2176
f 2164 2176 2165
f 2165 2176 2177
f 2165 2177 2166
f 2166 2177 2178
f 2166 2178 2167
f 2167 2178 2179
f 2167 2179 2168
f 2168 2179 2180
f 2168 2180 2169
f 2169 2180 2181
f 2169 2181 2170
f 2170 2181 2182
f 2170 2182 2171
f 2171 2182 2183
f 2171 2183 2172
f 2172 2183 2184
f 2172 2184 2173
f 2173 2184 2185
f 2173 2185 2174
f 2175 2186 2187
f 2175 2187 2176
f 2176 2187 2188
f 2176 2188 2177
f 2177 2188 2189
f 2177 2189 2178
f 2178 2189 2190
f 2178 2190 2179
f 2179 2190 2191
f 2179 2191 2180
f 2180 2191 2192
f 2180 2192 2181
f 2181 2192 2193
f 2181 2193 2182
f 2182 2193 2194
f 2182 2194 2183
f 2183 2194 2195
f 2183 2195 2184
f 2184 2195 2196
f 2184 2196 2185
f 2186 2197 2198
f 2186 2198 2187
f 2187 2198 2199
f 2187 2199 2188
f 2188 2199 2200
f 2188 2200 2189
f 2189 2200 2201
f 2189 2201 2190
f 2190 2201 2202
f 2190 2202 2191
f 2191 2202 2203
f 2191 2203 2192
f 2192 2203 2204
f 2192 2204 2193
f 2193 2204 2205
f 2193 2205 2194
f 2194 2205 2206
f 2194 2206 2195
f 2195 2206 2207
f 2195 2207 2196
f 2197 2208 2209
f 2197 2209 2198
f 2198 2209 2210
f 2198 2210 2199
f 2199 2210 2211
f 2199 2211 2200
f 2200 2211 2212
f 2200 2212 2201
f 2201 2212 2213
f 2201 2213 2202
f 2202 2213 2214
f 2202 2214 2203
f 2203 2214 2215
f 2203 2215 2204
f 2204 2215 2216
f 2204 2216 2205
f 2205 2216 2217
f 2205 2217 2206
f 2206 2217 2218
f 2206 2218 2207
f 2208 2219 2220
f 2208 2220 2209
f 2209 2220 2221
f 2209 2221 2210
f 2210 2221 2222
f 2210 2222 2211
f 2211 2222 2223
f 2211 2223 2212
f 2212 2223 2224
f 2212 2224 2213
f 2213 2224 2225
f 2213 2225 2214
f 2214 2225 2226
f 2214 2226 2215
f 2215 2226 2227
f 2215 2227 2216
f 2216 2227 2228
f 2216 2228 2217
f 2217 2228 2229
f 2217 2229 2218
f 2219 2230 2231
f 2219 2231 2220
f 2220 2231 2232
f 2220 2232 2221
f 2221 2232 2233
f 2221 2233 2222
f 2222 2233 2234
f 2222 2234 2223
f 2223 2234 2235
f 2223 2235 2224
f 2224 2235 2236
f 2224 2236 2225
f 2225 2236 2237
f 2225 2237 2226
f 2226 2237 2238
f 2226 2238 2227
f 2227 2238 2239
f 2227 2239 2228
f 2228 2239 2240
f 2228 2240 2229
f 2230 2021 2024
f 2230 2024 2231
f 2231 2024 2026
f 2231 2026 2232
f 2232 2026 2028
f 2232 2028 2233
f 2233 2028 2030
f 2233 2030 2234
f 2234 2030 2032
f 2234 2032 2235
f 2235 2032 2034
f 2235 2034 2236
f 2236 2034 2036
f 2236 2036 2237
f 2237 2036 2038
f 2237 2038 2238
f 2238 2038 2040
f 2238 2040 2239
f 2239 2040 2042
f 2239 2042 2240
f 2042 2041 2241
f 2042 2241 2242
f 2242 2241 2243
f 2242 2243 2244
f 2244 2243 2245
f 2244 2245 2246
f 2246 2245 2247
f 2246 2247 2248
f 2248 2247 2249
f 2248 2249 2250
f 2250 2249 2251
f 2250 2251 2252
f 2252 2251 2253
f 2252 2253 2254
f 2254 2253 2255
f 2254 2255 2256
f 2256 2255 2257
f 2256 2257 2258
f 2258 2257 2259
f 2258 2259 2260
f 2041 2053 2261
f 2041 2261 2241
f 2241 2261 2262
f 2241 2262 2243
f 2243 2262 2263
f 2243 2263 2245
f 2245 2263 2264
f 2245 2264 2247
f 2247 2264 2265
f 2247 2265 2249
f 2249 2265 2266
f 2249 2266 2251
f 2251 2266 2267
f 2251 2267 2253
f 2253 2267 2268
f 2253 2268 2255
f 2255 2268 2269
f 2255 2269 2257
f 2257 2269 2270
f 2257 2270 2259
f 2053 2064 2271
f 2053 2271 2261
f 2261 2271 2272
f 2261 2272 2262
f 2262 2272 2273
f 2262 2273 2263
f 2263 2273 2274
f 2263 2274 2264
f 2264 2274 2275
f 2264 2275 2265
f 2265 2275 2276
f 2265 2276 2266
f 2266 2276 2277
f 2266 2277 2267
f 2267 2277 2278
f 2267 2278 2268
f 2268 2278 2279
f 2268 2279 2269
f 2269 2279 2280
f 2269 2280 2270
f 2064 2075 2281
f 2064 2281 2271
f 2271 2281 2282
f 2271 2282 2272
f 2272 2282 2283
f 2272 2283 2273
f 2273 2283 2284
f 2273 2284 2274
f 2274 2284 2285
f 2274 2285 2275
f 2275 2285 2286
f 2275 2286 2276
f 2276 2286 2287
f 2276 2287 2277
f 2277 2287 2288
f 2277 2288 2278
f 2278 2288 2289
f 2278 2289 2279
f 2279 2289 2290
f 2279 2290 2280
f 2075 2086 2291
f 2075 2291 2281
f 2281 2291 2292
f 2281 2292 2282
f 2282 2292 2293
f 2282 2293 2283
f 2283 2293 2294
f 2283 2294 2284
f 2284 2294 2295
f 2284 2295 2285
f 2285 2295 2296
f 2285 2296 2286
f 2286 2296 2297
f 2286 2297 2287
f 2287 2297 2298
f 2287 2298 2288
f 2288 2298 2299
f 2288 2299 2289
f 2289 2299 2300
f 2289 2300 2290
f 2086 2097 2301
f 2086 2301 2291
f 2291 2301 2302
f 2291 2302 2292
f 2292 2302 2303
f 2292 2303 2293
f 2293 2303 2304
f 2293 2304 2294
f 2294 2304 2305
f 2294 2305 2295
f 2295 2305 2306
f 2295 2306 2296
f 2296 2306 2307
f 2296 2307 2297
f 2297 2307 2308
f 2297 2308 2298
f 2298 2308 2309
f 2298 2309 2299
f 2299 2309 2310
f 2299 2310 2300
f 2097 2108 2311
f 2097 2311 2301
f 2301 2311 2312
f 2301 2312 2302
f 2302 2312 2313
f 2302 2313 2303
f 2303 2313 2314
f 2303 2314 2304
f 2304 2314 2315
f 2304 2315 2305
f 2305 2315 2316
f 2305 2316 2306
f 2306 2316 2317
f 2306 2317 2307
f 2307 2317 2318
f 2307 2318 2308
f 2308 2318 2319
f 2308 2319 2309
f 2309 2319 2320
f 2309 2320 2310
f 2108 2119 2321
f 2108 2321 2311
f 2311 2321 2322
f 2311 2322 2312
f 2312 2322 2323
f 2312 2323 2313
f 2313 2323 2324
f 2313 2324 2314
f 2314 2324 2325
f 2314 2325 2315
f 2315 2325 2326
f 2315 2326 2316
f 2316 2326 2327
f 2316 2327 2317
f 2317 2327 2328
f 2317 2328 2318
f 2318 2328 2329
f 2318 2329 2319
f 2319 2329 2330
f 2319 2330 2320
f 2119 2130 2331
f 2119 2331 2321
f 2321 2331 2332
f 2321 2332 2322
f 2322 2332 2333
f 2322 2333 2323
f 2323 2333 2334
f 2323 2334 2324
f 2324 2334 2335
f 2324 2335 2325
f 2325 2335 2336
f 2325 2336 2326
f 2326 2336 2337
f 2326 2337 2327
f 2327 2337 2338
f 2327 2338 2328
f 2328 2338 2339
f 2328 2339 2329
f 2329 2339 2340
f 2329 2340 2330
f 2130 2141 2341
f 2130 2341 2331
f 2331 2341 2342
f 2331 2342 2332
f 2332 2342 2343
f 2332 2343 2333
f 2333 2343 2344
f 2333 2344 2334
f 2334 2344 2345
f 2334 2345 2335
f 2335 2345 2346
f 2335 2346 2336
f 2336 2346 2347
f 2336 2347 2337
f 2337 2347 2348
f 2337 2348 2338
f 2338 2348 2349
f 2338 2349 2339
f 2339 2349 2350
f 2339 2350 2340
f 2141 2152 2351
f 2141 2351 2341
f 2341 2351 2352
f 2341 2352 2342
f 2342 2352 2353
f 2342 2353 2343
f 2343 2353 2354
f 2343 2354 2344
f 2344 2354 2355
f 2344 2355 2345
f 2345 2355 2356
f 2345 2356 2346
f 2346 2356 2357
f 2346 2357 2347
f 2347 2357 2358
f 2347 2358 2348
f 2348 2358 2359
f 2348 2359 2349
f 2349 2359 2360
f 2349 2360 2350
f 2152 2163 2361
f 2152 2361 2351
f 2351 2361 2362
f 2351 2362 2352
f 2352 2362 2363
f 2352 2363 2353
f 2353 2363 2364
f 2353 2364 2354
f 2354 2364 2365
f 2354 2365 2355
f 2355 2365 2366
f 2355 2366 2356
f 2356 2366 2367
f 2356 2367 2357
f 2357 2367 2368
f 2357 2368 2358
f 2358 2368 2369
f 2358 2369 2359
f 2359 2369 2370
f 2359 2370 2360
f 2163 2174 2371
f 2163 2371 2361
f 2361 2371 2372
f 2361 2372 2362
f 2362 2372 2373
f 2362 2373 2363
f 2363 2373 2374
f 2363 2374 2364
f 2364 2374 2375
f 2364 2375 2365
f 2365 2375 2376
f 2365 2376 2366
f 2366 2376 2377
f 2366 2377 2367
f 2367 2377 2378
f 2367 2378 2368
f 2368 2378 2379
f 2368 2379 2369
f 2369 2379 2380
f 2369 2380 2370
f 2174 2185 2381
f 2174 2381 2371
f 2371 2381 2382
f 2371 2382 2372
f 2372 2382 2383
f 2372 2383 2373
f 2373 2383 2384
f 2373 2384 2374
f 2374 2384 2385
f 2374 2385 2375
f 2375 2385 2386
f 2375 2386 2376
f 2376 2386 2387
f 2376 2387 2377
f 2377 2387 2388
f 2377 2388 2378
f 2378 2388 2389
f 2378 2389 2379
f 2379 2389 2390
f 2379 2390 2380
f 2185 2196 2391
f 2185 2391 2381
f 2381 2391 2392
f 2381 2392 2382
f 2382 2392 2393
f 2382 2393 2383
f 2383 2393 2394
f 2383 2394 2384
f 2384 2394 2395
f 2384 2395 2385
f 2385 2395 2396
f 2385 2396 2386
f 2386 2396 2397
f 2386 2397 2387
f 2387 2397 2398
f 2387 2398 2388
f 2388 2398 2399
f 2388 2399 2389
f 2389 2399 2400
f 2389 2400 2390
f 2196 2207 2401
f 2196 2401 2391
f 2391 2401 2402
f 2391 2402 2392
f 2392 2402 2403
f 2392 2403 2393
f 2393 2403 2404
f 2393 2404 2394
f 2394 2404 2405
f 2394 2405 2395
f 2395 2405 2406
f 2395 2406 2396
f 2396 2406 2407
f 2396 2407 2397
f 2397 2407 2408
f 2397 2408 2398
f 2398 2408 2409
f 2398 2409 2399
f 2399 2409 2410
f 2399 2410 2400
f 2207 2218 2411
f 2207 2411 2401
f 2401 2411 2412
f 2401 2412 2402
f 2402 2412 2413
f 2402 2413 2403
f 2403 2413 2414
f 2403 2414 2404
f 2404 2414 2415
f 2404 2415 2405
f 2405 2415 2416
f 2405 2416 2406
f 2406 2416 2417
f 2406 2417 2407
f 2407 2417 2418
f 2407 2418 2408
f 2408 2418 2419
f 2408 2419 2409
f 2409 2419 2420
f 2409 2420 2410
f 2218 2229 2421
f 2218 2421 2411
f 2411 2421 2422
f 2411 2422 2412
f 2412 2422 2423
f 2412 2423 2413
f 2413 2423 2424
f 2413 2424 2414
f 2414 2424 2425
f 2414 2425 2415
f 2415 2425 2426
f 2415 2426 2416
f 2416 2426 2427
f 2416 2427 2417
f 2417 2427 2428
f 2417 2428 2418
f 2418 2428 2429
f 2418 2429 2419
f 2419 2429 2430
f 2419 2430 2420
f 2229 2240 2431
f 2229 2431 2421
f 2421 2431 2432
f 2421 2432 2422
f 2422 2432 2433
f 2422 2433 2423
f 2423 2433 2434
f 2423 2434 2424
f 2424 2434 2435
f 2424 2435 2425
f 2425 2435 2436
f 2425 2436 2426
f 2426 2436 2437
f 2426 2437 2427
f 2427 2437 2438
f 2427 2438 2428
f 2428 2438 2439
f 2428 2439 2429
f 2429 2439 2440
f 2429 2440 2430
f 2240 2042 2242
f 2240 2242 2431
f 2431 2242 2244
f 2431 2244 2432
f 2432 2244 2246
f 2432 2246 2433
f 2433 2246 2248
f 2433 2248 2434
f 2434 2248 2250
f 2434 2250 2435
f 2435 2250 2252
f 2435 2252 2436
f 2436 2252 2254
f 2436 2254 2437
f 2437 2254 2256
f 2437 2256 2438
f 2438 2256 2258
f 2438 2258 2439
f 2439 2258 2260
f 2439 2260 2440
f 2441 2442 2443
f 2442 2441 2444
f 2442 2444 2445
f 2445 2444 2446
f 2445 2446 2447
f 2447 2446 2448
f 2447 2448 2449
f 2449 2448 2450
f 2449 2450 2451
f 2451 2450 2452
f 2451 2452 2453
f 2453 2452 2454
f 2453 2454 2455
f 2455 2454 2456
f 2455 2456 2457
f 2457 2456 2458
f 2457 2458 2459
f 2459 2458 2460
f 2459 2460 2461
f 2462 2441 2443
f 2441 2462 2463
f 2441 2463 2444
f 2444 2463 2464
f 2444 2464 2446
f 2446 2464 2465
f 2446 2465 2448
f 2448 2465 2466
f 2448 2466 2450
f 2450 2466 2467
f 2450 2467 2452
f 2452 2467 2468
f 2452 2468 2454
f 2454 2468 2469
f 2454 2469 2456
f 2456 2469 2470
f 2456 2470 2458
f 2458 2470 2471
f 2458 2471 2460
f 2472 2462 2443
f 2462 2472 2473
f 2462 2473 2463
f 2463 2473 2474
f 2463 2474 2464
f 2464 2474 2475
f 2464 2475 2465
f 2465 2475 2476
f 2465 2476 2466
f 2466 2476 2477
f 2466 2477 2467
f 2467 2477 2478
f 2467 2478 2468
f 2468 2478 2479
f 2468 2479 2469
f 2469 2479 2480
f 2469 2480 2470
f 2470 2480 2481
f 2470 2481 2471
f 2482 2472 2443
f 2472 2482 2483
f 2472 2483 2473
f 2473 2483 2484
f 2473 2484 2474
f 2474 2484 2485
f 2474 2485 2475
f 2475 2485 2486
f 2475 2486 2476
f 2476 2486 2487
f 2476 2487 2477
f 2477 2487 2488
f 2477 2488 2478
f 2478 2488 2489
f 2478 2489 2479
f 2479 2489 2490
f 2479 2490 2480
f 2480 2490 2491
f 2480 2491 2481
f 2492 2482 2443
f 2482 2492 2493
f 2482 2493 2483
f 2483 2493 2494
f 2483 2494 2484
f 2484 2494 2495
f 2484 2495 2485
f 2485 2495 2496
f 2485 2496 2486
f 2486 2496 2497
f 2486 2497 2487
f 2487 2497 2498
f 2487 2498 2488
f 2488 2498 2499
f 2488 2499 2489
f 2489 2499 2500
f 2489 2500 2490
f 2490 2500 2501
f 2490 2501 2491
f 2502 2492 2443
f 2492 2502 2503
f 2492 2503 2493
f 2493 2503 2504
f 2493 2504 2494
f 2494 2504 2505
f 2494 2505 2495
f 2495 2505 2506
f 2495 2506 2496
f 2496 2506 2507
f 2496 2507 2497
f 2497 2507 2508
f 2497 2508 2498
f 2498 2508 2509
f 2498 2509 2499
f 2499 2509 2510
f 2499 2510 2500
f 2500 2510 2511
f 2500 2511 2501
f 2512 2502 2443
f 2502 2512 2513
f 2502 2513 2503
f 2503 2513 2514
f 2503 2514 2504
f 2504 2514 2515
f 2504 2515 2505
f 2505 2515 2516
f 2505 2516 2506
f 2506 2516 2517
f 2506 2517 2507
f 2507 2517 2518
f 2507 2518 2508
f 2508 2518 2519
f 2508 2519 2509
f 2509 2519 2520
f 2509 2520 2510
f 2510 2520 2521
f 2510 2521 2511
f 2522 2512 2443
f 2512 2522 2523
f 2512 2523 2513
f 2513 2523 2524
f 2513 2524 2514
f 2514 2524 2525
f 2514 2525 2515
f 2515 2525 2526
f 2515 2526 2516
f 2516 2526 2527
f 2516 2527 2517
f 2517 2527 2528
f 2517 2528 2518
f 2518 2528 2529
f 2518 2529 2519
f 2519 2529 2530
f 2519 2530 2520
f 2520 2530 2531
f 2520 2531 2521
f 2532 2522 2443
f 2522 2532 2533
f 2522 2533 2523
f 2523 2533 2534
f 2523 2534 2524
f 2524 2534 2535
f 2524 2535 2525
f 2525 2535 2536
f 2525 2536 2526
f 2526 2536 2537
f 2526 2537 2527
f 2527 2537 2538
f 2527 2538 2528
f 2528 2538 2539
f 2528 2539 2529
f 2529 2539 2540
f 2529 2540 2530
f 2530 2540 2541
f 2530 2541 2531
f 2542 2532 2443
f 2532 2542 2543
f 2532 2543 2533
f 2533 2543 2544
f 2533 2544 2534
f 2534 2544 2545
f 2534 2545 2535
f 2535 2545 2546
f 2535 2546 2536
f 2536 2546 2547
f 2536 2547 2537
f 2537 2547 2548
f 2537 2548 2538
f 2538 2548 2549
f 2538 2549 2539
f 2539 2549 2550
f 2539 2550 2540
f 2540 2550 2551
f 2540 2551 2541
f 2552 2542 2443
f 2542 2552 2553
f 2542 2553 2543
f 2543 2553 2554
f 2543 2554 2544
f 2544 2554 2555
f 2544 2555 2545
f 2545 2555 2556
f 2545 2556 2546
f 2546 2556 2557
f 2546 2557 2547
f 2547 2557 2558
f 2547 2558 2548
f 2548 2558 2559
f 2548 2559 2549
f 2549 2559 2560
f 2549 2560 2550
f 2550 2560 2561
f 2550 2561 2551
f 2562 2552 2443
f 2552 2562 2563
f 2552 2563 2553
f 2553 2563 2564
f 2553 2564 2554
f 2554 2564 2565
f 2554 2565 2555
f 2555 2565 2566
f 2555 2566 2556
f 2556 2566 2567
f 2556 2567 2557
f 2557 2567 2568
f 2557 2568 2558
f 2558 2568 2569
f 2558 2569 2559
f 2559 2569 2570
f 2559 2570 2560
f 2560 2570 2571
f 2560 2571 2561
f 2572 2562 2443
f 2562 2572 2573
f 2562 2573 2563
f 2563 2573 2574
f 2563 2574 2564
f 2564 2574 2575
f 2564 2575 2565
f 2565 2575 2576
f 2565 2576 2566
f 2566 2576 2577
f 2566 2577 2567
f 2567 2577 2578
f 2567 2578 2568
f 2568 2578 2579
f 2568 2579 2569
f 2569 2579 2580
f 2569 2580 2570
f 2570 2580 2581
f 2570 2581 2571
f 2582 2572 2443
f 2572 2582 2583
f 2572 2583 2573
f 2573 2583 2584
f 2573 2584 2574
f 2574 2584 2585
f 2574 2585 2575
f 2575 2585 2586
f 2575 2586 2576
f 2576 2586 2587
f 2576 2587 2577
f 2577 2587 2588
f 2577 2588 2578
f 2578 2588 2589
f 2578 2589 2579
f 2579 2589 2590
f 2579 2590 2580
f 2580 2590 2591
f 2580 2591 2581
f 2592 2582 2443
f 2582 2592 2593
f 2582 2593 2583
f 2583 2593 2594
f 2583 2594 2584
f 2584 2594 2595
f 2584 2595 2585
f 2585 2595 2596
f 2585 2596 2586
f 2586 2596 2597
f 2586 2597 2587
f 2587 2597 2598
f 2587 2598 2588
f 2588 2598 2599
f 2588 2599 2589
f 2589 2599 2600
f 2589 2600 2590
f 2590 2600 2601
f 2590 2601 2591
f 2602 2592 2443
f 2592 2602 2603
f 2592 2603 2593
f 2593 2603 2604
f 2593 2604 2594
f 2594 2604 2605
f 2594 2605 2595
f 2595 2605 2606
f 2595 2606 2596
f 2596 2606 2607
f 2596 2607 2597
f 2597 2607 2608
f 2597 2608 2598
f 2598 2608 2609
f 2598 2609 2599
f 2599 2609 2610
f 2599 2610 2600
f 2600 2610 2611
f 2600 2611 2601
f 2612 2602 2443
f 2602 2612 2613
f 2602 2613 2603
f 2603 2613 2614
f 2603 2614 2604
f 2604 2614 2615
f 2604 2615 2605
f 2605 2615 2616
f 2605 2616 2606
f 2606 2616 2617
f 2606 2617 2607
f 2607 2617 2618
f 2607 2618 2608
f 2608 2618 2619
f 2608 2619 2609
f 2609 2619 2620
f 2609 2620 2610
f 2610 2620 2621
f 2610 2621 2611
f 2622 2612 2443
f 2612 2622 2623
f 2612 2623 2613
f 2613 2623 2624
f 2613 2624 2614
f 2614 2624 2625
f 2614 2625 2615
f 2615 2625 2626
f 2615 2626 2616
f 2616 2626 2627
f 2616 2627 2617
f 2617 2627 2628
f 2617 2628 2618
f 2618 2628 2629
f 2618 2629 2619
f 2619 2629 2630
f 2619 2630 2620
f 2620 2630 2631
f 2620 2631 2621
f 2632 2622 2443
f 2622 2632 2633
f 2622 2633 2623
f 2623 2633 2634
f 2623 2634 2624
f 2624 2634 2635
f 2624 2635 2625
f 2625 2635 2636
f 2625 2636 2626
f 2626 2636 2637
f 2626 2637 2627
f 2627 2637 2638
f 2627 2638 2628
f 2628 2638 2639
f 2628 2639 2629
f 2629 2639 2640
f 2629 2640 2630
f 2630 2640 2641
f 2630 2641 2631
f 2642 2632 2443
f 2632 2642 2643
f 2632 2643 2633
f 2633 2643 2644
f 2633 2644 2634
f 2634 2644 2645
f 2634 2645 2635
f 2635 2645 2646
f 2635 2646 2636
f 2636 2646 2647
f 2636 2647 2637
f 2637 2647 2648
f 2637 2648 2638
f 2638 2648 2649
f 2638 2649 2639
f 2639 2649 2650
f 2639 2650 2640
f 2640 2650 2651
f 2640 2651 2641
f 2652 2642 2443
f 2642 2652 2653
f 2642 2653 2643
f 2643 2653 2654
f 2643 2654 2644
f 2644 2654 2655
f 2644 2655 2645
f 2645 2655 2656
f 2645 2656 2646
f 2646 2656 2657
f 2646 2657 2647
f 2647 2657 2658
f 2647 2658 2648
f 2648 2658 2659
f 2648 2659 2649
f 2649 2659 2660
f 2649 2660 2650
f 2650 2660 2661
f 2650 2661 2651
f 2662 2652 2443
f 2652 2662 2663
f 2652 2663 2653
f 2653 2663 2664
f 2653 2664 2654
f 2654 2664 2665
f 2654 2665 2655
f 2655 2665 2666
f 2655 2666 2656
f 2656 2666 2667
f 2656 2667 2657
f 2657 2667 2668
f 2657 2668 2658
f 2658 2668 2669
f 2658 2669 2659
f 2659 2669 2670
f 2659 2670 2660
f 2660 2670 2671
f 2660 2671 2661
f 2672 2662 2443
f 2662 2672 2673
f 2662 2673 2663
f 2663 2673 2674
f 2663 2674 2664
f 2664 2674 2675
f 2664 2675 2665
f 2665 2675 2676
f 2665 2676 2666
f 2666 2676 2677
f 2666 2677 2667
f 2667 2677 2678
f 2667 2678 2668
f 2668 2678 2679
f 2668 2679 2669
f 2669 2679 2680
f 2669 2680 2670
f 2670 2680 2681
f 2670 2681 2671
f 2682 2672 2443
f 2672 2682 2683
f 2672 2683 2673
f 2673 2683 2684
f 2673 2684 2674
f 2674 2684 2685
f 2674 2685 2675
f 2675 2685 2686
f 2675 2686 2676
f 2676 2686 2687
f 2676 2687 2677
f 2677 2687 2688
f 2677 2688 2678
f 2678 2688 2689
f 2678 2689 2679
f 2679 2689 2690
f 2679 2690 2680
f 2680 2690 2691
f 2680 2691 2681
f 2692 2682 2443
f 2682 2692 2693
f 2682 2693 2683
f 2683 2693 2694
f 2683 2694 2684
f 2684 2694 2695
f 2684 2695 2685
f 2685 2695 2696
f 2685 2696 2686
f 2686 2696 2697
f 2686 2697 2687
f 2687 2697 2698
f 2687 2698 2688
f 2688 2698 2699
f 2688 2699 2689
f 2689 2699 2700
f 2689 2700 2690
f 2690 2700 2701
f 2690 2701 2691
f 2702 2692 2443
f 2692 2702 2703
f 2692 2703 2693
f 2693 2703 2704
f 2693 2704 2694
f 2694 2704 2705
f 2694 2705 2695
f 2695 2705 2706
f 2695 2706 2696
f 2696 2706 2707
f 2696 2707 2697
f 2697 2707 2708
f 2697 2708 2698
f 2698 2708 2709
f 2698 2709 2699
f 2699 2709 2710
f 2699 2710 2700
f 2700 2710 2711
f 2700 2711 2701
f 2712 2702 2443
f 2702 2712 2713
f 2702 2713 2703
f 2703 2713 2714
f 2703 2714 2704
f 2704 2714 2715
f 2704 2715 2705
f 2705 2715 2716
f 2705 2716 2706
f 2706 2716 2717
f 2706 2717 2707
f 2707 2717 2718
f 2707 2718 2708
f 2708 2718 2719
f 2708 2719 2709
f 2709 2719 2720
f 2709 2720 2710
f 2710 2720 2721
f 2710 2721 2711
f 2722 2712 2443
f 2712 2722 2723
f 2712 2723 2713
f 2713 2723 2724
f 2713 2724 2714
f 2714 2724 2725
f 2714 2725 2715
f 2715 2725 2726
f 2715 2726 2716
f 2716 2726 2727
f 2716 2727 2717
f 2717 2727 2728
f 2717 2728 2718
f 2718 2728 2729
f 2718 2729 2719
f 2719 2729 2730
f 2719 2730 2720
f 2720 2730 2731
f 2720 2731 2721
f 2732 2722 2443
f 2722 2732 2733
f 2722 2733 2723
f 2723 2733 2734
f 2723 2734 2724
f 2724 2734 2735
f 2724 2735 2725
f 2725 2735 2736
f 2725 2736 2726
f 2726 2736 2737
f 2726 2737 2727
f 2727 2737 2738
f 2727 2738 2728
f 2728 2738 2739
f 2728 2739 2729
f 2729 2739 2740
f 2729 2740 2730
f 2730 2740 2741
f 2730 2741 2731
f 2742 2732 2443
f 2732 2742 2743
f 2732 2743 2733
f 2733 2743 2744
f 2733 2744 2734
f 2734 2744 2745
f 2734 2745 2735
f 2735 2745 2746
f 2735 2746 2736
f 2736 2746 2747
f 2736 2747 2737
f 2737 2747 2748
f 2737 2748 2738
f 2738 2748 2749
f 2738 2749 2739
f 2739 2749 2750
f 2739 2750 2740
f 2740 2750 2751
f 2740 2751 2741
f 2752 2742 2443
f 2742 2752 2753
f 2742 2753 2743
f 2743 2753 2754
f 2743 2754 2744
f 2744 2754 2755
f 2744 2755 2745
f 2745 2755 2756
f 2745 2756 2746
f 2746 2756 2757
f 2746 2757 2747
f 2747 2757 2758
f 2747 2758 2748
f 2748 2758 2759
f 2748 2759 2749
f 2749 2759 2760
f 2749 2760 2750
f 2750 2760 2761
f 2750 2761 2751
f 2762 2752 2443
f 2752 2762 2763
f 2752 2763 2753
f 2753 2763 2764
f 2753 2764 2754
f 2754 2764 2765
f 2754 2765 2755
f 2755 2765 2766
f 2755 2766 2756
f 2756 2766 2767
f 2756 2767 2757
f 2757 2767 2768
f 2757 2768 2758
f 2758 2768 2769
f 2758 2769 2759
f 2759 2769 2770
f 2759 2770 2760
f 2760 2770 2771
f 2760 2771 2761
f 2772 2762 2443
f 2762 2772 2773
f 2762 2773 2763
f 2763 2773 2774
f 2763 2774 2764
f 2764 2774 2775
f 2764 2775 2765
f 2765 2775 2776
f 2765 2776 2766
f 2766 2776 2777
f 2766 2777 2767
f 2767 2777 2778
f 2767 2778 2768
f 2768 2778 2779
f 2768 2779 2769
f 2769 2779 2780
f 2769 2780 2770
f 2770 2780 2781
f 2770 2781 2771
f 2782 2772 2443
f 2772 2782 2783
f 2772 2783 2773
f 2773 2783 2784
f 2773 2784 2774
f 2774 2784 2785
f 2774 2785 2775
f 2775 2785 2786
f 2775 2786 2776
f 2776 2786 2787
f 2776 2787 2777
f 2777 2787 2788
f 2777 2788 2778
f 2778 2788 2789
f 2778 2789 2779
f 2779 2789 2790
f 2779 2790 2780
f 2780 2790 2791
f 2780 2791 2781
f 2792 2782 2443
f 2782 2792 2793
f 2782 2793 2783
f 2783 2793 2794
f 2783 2794 2784
f 2784 2794 2795
f 2784 2795 2785
f 2785 2795 2796
f 2785 2796 2786
f 2786 2796 2797
f 2786 2797 2787
f 2787 2797 2798
f 2787 2798 2788
f 2788 2798 2799
f 2788 2799 2789
f 2789 2799 2800
f 2789 2800 2790
f 2790 2800 2801
f 2790 2801 2791
f 2802 2792 2443
f 2792 2802 2803
f 2792 2803 2793
f 2793 2803 2804
f 2793 2804 2794
f 2794 2804 2805
f 2794 2805 2795
f 2795 2805 2806
f 2795 2806 2796
f 2796 2806 2807
f 2796 2807 2797
f 2797 2807 2808
f 2797 2808 2798
f 2798 2808 2809
f 2798 2809 2799
f 2799 2809 2810
f 2799 2810 2800
f 2800 2810 2811
f 2800 2811 2801
f 2812 2802 2443
f 2802 2812 2813
f 2802 2813 2803
f 2803 2813 2814
f 2803 2814 2804
f 2804 2814 2815
f 2804 2815 2805
f 2805 2815 2816
f 2805 2816 2806
f 2806 2816 2817
f 2806 2817 2807
f 2807 2817 2818
f 2807 2818 2808
f 2808 2818 2819
f 2808 2819 2809
f 2809 2819 2820
f 2809 2820 2810
f 2810 2820 2821
f 2810 2821 2811
f 2822 2812 2443
f 2812 2822 2823
f 2812 2823 2813
f 2813 2823 2824
f 2813 2824 2814
f 2814 2824 2825
f 2814 2825 2815
f 2815 2825 2826
f 2815 2826 2816
f 2816 2826 2827
f 2816 2827 2817
f 2817 2827 2828
f 2817 2828 2818
f 2818 2828 2829
f 2818 2829 2819
f 2819 2829 2830
f 2819 2830 2820
f 2820 2830 2831
f 2820 2831 2821
f 2832 2822 2443
f 2822 2832 2833
f 2822 2833 2823
f 2823 2833 2834
f 2823 2834 2824
f 2824 2834 2835
f 2824 2835 2825
f 2825 2835 2836
f 2825 2836 2826
f 2826 2836 2837
f 2826 2837 2827
f 2827 2837 2838
f 2827 2838 2828
f 2828 2838 2839
f 2828 2839 2829
f 2829 2839 2840
f 2829 2840 2830
f 2830 2840 2841
f 2830 2841 2831
f 2442 2832 2443
f 2832 2442 2445
f 2832 2445 2833
f 2833 2445 2447
f 2833 2447 2834
f 2834 2447 2449
f 2834 2449 2835
f 2835 2449 2451
f 2835 2451 2836
f 2836 2451 2453
f 2836 2453 2837
f 2837 2453 2455
f 2837 2455 2838
f 2838 2455 2457
f 2838 2457 2839
f 2839 2457 2459
f 2839 2459 2840
f 2840 2459 2461
f 2840 2461 2841
f 2461 2460 2842
f 2461 2842 2843
f 2843 2842 2844
f 2843 2844 2845
f 2845 2844 2846
f 2845 2846 2847
f 2847 2846 2848
f 2847 2848 2849
f 2849 2848 2850
f 2849 2850 2851
f 2851 2850 2852
f 2851 2852 2853
f 2853 2852 2854
f 2853 2854 2855
f 2855 2854 2856
f 2855 2856 2857
f 2857 2856 2858
f 2857 2858 2859
f 2859 2858 2860
f 2859 2860 2861
f 2460 2471 2862
f 2460 2862 2842
f 2842 2862 2863
f 2842 2863 2844
f 2844 2863 2864
f 2844 2864 2846
f 2846 2864 2865
f 2846 2865 2848
f 2848 2865 2866
f 2848 2866 2850
f 2850 2866 2867
f 2850 2867 2852
f 2852 2867 2868
f 2852 2868 2854
f 2854 2868 2869
f 2854 2869 2856
f 2856 2869 2870
f 2856 2870 2858
f 2858 2870 2871
f 2858 2871 2860
f 2471 2481 2872
f 2471 2872 2862
f 2862 2872 2873
f 2862 2873 2863
f 2863 2873 2874
f 2863 2874 2864
f 2864 2874 2875
f 2864 2875 2865
f 2865 2875 2876
f 2865 2876 2866
f 2866 2876 2877
f 2866 2877 2867
f 2867 2877 2878
f 2867 2878 2868
f 2868 2878 2879
f 2868 2879 2869
f 2869 2879 2880
f 2869 2880 2870
f 2870 2880 2881
f 2870 2881 2871
f 2481 2491 2882
f 2481 2882 2872
f 2872 2882 2883
f 2872 2883 2873
f 2873 2883 2884
f 2873 2884 2874
f 2874 2884 2885
f 2874 2885 2875
f 2875 2885 2886
f 2875 2886 2876
f 2876 2886 2887
f 2876 2887 2877
f 2877 2887 2888
f 2877 2888 2878
f 2878 2888 2889
f 2878 2889 2879
f 2879 2889 2890
f 2879 2890 2880
f 2880 2890 2891
f 2880 2891 2881
f 2491 2501 2892
f 2491 2892 2882
f 2882 2892 2893
f 2882 2893 2883
f 2883 2893 2894
f 2883 2894 2884
f 2884 2894 2895
f 2884 2895 2885
f 2885 2895 2896
f 2885 2896 2886
f 2886 2896 2897
f 2886 2897 2887
f 2887 2897 2898
f 2887 2898 2888
f 2888 2898 2899
f 2888 2899 2889
f 2889 2899 2900
f 2889 2900 2890
f 2890 2900 2901
f 2890 2901 2891
f 2501 2511 2902
f 2501 2902 2892
f 2892 2902 2903
f 2892 2903 2893
f 2893 2903 2904
f 2893 2904 2894
f 2894 2904 2905
f 2894 2905 2895
f 2895 2905 2906
f 2895 2906 2896
f 2896 2906 2907
f 2896 2907 2897
f 2897 2907 2908
f 2897 2908 2898
f 2898 2908 2909
f 2898 2909 2899
f 2899 2909 2910
f 2899 2910 2900
f 2900 2910 2911
f 2900 2911 2901
f 2511 2521 2912
f 2511 2912 2902
f 2902 2912 2913
f 2902 2913 2903
f 2903 2913 2914
f 2903 2914 2904
f 2904 2914 2915
f 2904 2915 2905
f 2905 2915 2916
f 2905 2916 2906
f 2906 2916 2917
f 2906 2917 2907
f 2907 2917 2918
f 2907 2918 2908
f 2908 2918 2919
f 2908 2919 2909
f 2909 2919 2920
f 2909 2920 2910
f 2910 2920 2921
f 2910 2921 2911
f 2521 2531 2922
f 2521 2922 2912
f 2912 2922 2923
f 2912 2923 2913
f 2913 2923 2924
f 2913 2924 2914
f 2914 2924 2925
f 2914 2925 2915
f 2915 2925 2926
f 2915 2926 2916
f 2916 2926 2927
f 2916 2927 2917
f 2917 2927 2928
f 2917 2928 2918
f 2918 2928 2929
f 2918 2929 2919
f 2919 2929 2930
f 2919 2930 2920
f 2920 2930 2931
f 2920 2931 2921
f 2531 2541 2932
f 2531 2932 2922
f 2922 2932 2933
f 2922 2933 2923
f 2923 2933 2934
f 2923 2934 2924
f 2924 2934 2935
f 2924 2935 2925
f 2925 2935 2936
f 2925 2936 2926
f 2926 2936 2937
f 2926 2937 2927
f 2927 2937 2938
f 2927 2938 2928
f 2928 2938 2939
f 2928 2939 2929
f 2929 2939 2940
f 2929 2940 2930
f 2930 2940 2941
f 2930 2941 2931
f 2541 2551 2942
f 2541 2942 2932
f 2932 2942 2943
f 2932 2943 2933
f 2933 2943 2944
f 2933 2944 2934
f 2934 2944 2945
f 2934 2945 2935
f 2935 2945 2946
f 2935 2946 2936
f 2936 2946 2947
f 2936 2947 2937
f 2937 2947 2948
f 2937 2948 2938
f 2938 2948 2949
f 2938 2949 2939
f 2939 2949 2950
f 2939 2950 2940
f 2940 2950 2951
f 2940 2951 2941
f 2551 2561 2952
f 2551 2952 2942
f 2942 2952 2953
f 2942 2953 2943
f 2943 2953 2954
f 2943 2954 2944
f 2944 2954 2955
f 2944 2955 2945
f 2945 2955 2956
f 2945 2956 2946
f 2946 2956 2957
f 2946 2957 2947
f 2947 2957 2958
f 2947 2958 2948
f 2948 2958 2959
f 2948 2959 2949
f 2949 2959 2960
f 2949 2960 2950
f 2950 2960 2961
f 2950 2961 2951
f 2561 2571 2962
f 2561 2962 2952
f 2952 2962 2963
f 2952 2963 2953
f 2953 2963 2964
f 2953 2964 2954
f 2954 2964 2965
f 2954 2965 2955
f 2955 2965 2966
f 2955 2966 2956
f 2956 2966 2967
f 2956 2967 2957
f 2957 2967 2968
f 2957 2968 2958
f 2958 2968 2969
f 2958 2969 2959
f 2959 2969 2970
f 2959 2970 2960
f 2960 2970 2971
f 2960 2971 2961
f 2571 2581 2972
f 2571 2972 2962
f 2962 2972 2973
f 2962 2973 2963
f 2963 2973 2974
f 2963 2974 2964
f 2964 2974 2975
f 2964 2975 2965
f 2965 2975 2976
f 2965 2976 2966
f 2966 2976 2977
f 2966 2977 2967
f 2967 2977 2978
f 2967 2978 2968
f 2968 2978 2979
f 2968 2979 2969
f 2969 2979 2980
f 2969 2980 2970
f 2970 2980 2981
f 2970 2981 2971
f 2581 2591 2982
f 2581 2982 2972
f 2972 2982 2983
f 2972 2983 2973
f 2973 2983 2984
f 2973 2984 2974
f 2974 2984 2985
f 2974 2985 2975
f 2975 2985 2986
f 2975 2986 2976
f 2976 2986 2987
f 2976 2987 2977
f 2977 2987 2988
f 2977 2988 2978
f 2978 2988 2989
f 2978 2989 2979
f 2979 2989 2990
f 2979 2990 2980
f 2980 2990 2991
f 2980 2991 2981
f 2591 2601 2992
f 2591 2992 2982
f 2982 2992 2993
f 2982 2993 2983
f 2983 2993 2994
f 2983 2994 2984
f 2984 2994 2995
f 2984 2995 2985
f 2985 2995 2996
f 2985 2996 2986
f 2986 2996 2997
f 2986 2997 2987
f 2987 2997 2998
f 2987 2998 2988
f 2988 2998 2999
f 2988 2999 2989
f 2989 2999 3000
f 2989 3000 2990
f 2990 3000 3001
f 2990 3001 2991
f 2601 2611 3002
f 2601 3002 2992
f 2992 3002 3003
f 2992 3003 2993
f 2993 3003 3004
f 2993 3004 2994
f 2994 3004 3005
f 2994 3005 2995
f 2995 3005 3006
f 2995 3006 2996
f 2996 3006 3007
f 2996 3007 2997
f 2997 3007 3008
f 2997 3008 2998
f 2998 3008 3009
f 2998 3009 2999
f 2999 3009 3010
f 2999 3010 3000
f 3000 3010 3011
f 3000 3011 3001
f 2611 2621 3012
f 2611 3012 3002
f 3002 3012 3013
f 3002 3013 3003
f 3003 3013 3014
f 3003 3014 3004
f 3004 3014 3015
f 3004 3015 3005
f 3005 3015 3016
f 3005 3016 3006
f 3006 3016 3017
f 3006 3017 3007
f 3007 3017 3018
f 3007 3018 3008
f 3008 3018 3019
f 3008 3019 3009
f 3009 3019 3020
f 3009 3020 3010
f 3010 3020 3021
f 3010 3021 3011
f 2621 2631 3022
f 2621 3022 3012
f 3012 3022 3023
f 3012 3023 3013
f 3013 3023 3024
f 3013 3024 3014
f 3014 3024 3025
f 3014 3025 3015
f 3015 3025 3026
f 3015 3026 3016
f 3016 3026 3027
f 3016 3027 3017
f 3017 3027 3028
f 3017 3028 3018
f 3018 3028 3029
f 3018 3029 3019
f 3019 3029 3030
f 3019 3030 3020
f 3020 3030 3031
f 3020 3031 3021
f 2631 2641 3032
f 2631 3032 3022
f 3022 3032 3033
f 3022 3033 3023
f 3023 3033 3034
f 3023 3034 3024
f 3024 3034 3035
f 3024 3035 3025
f 3025 3035 3036
f 3025 3036 3026
f 3026 3036 3037
f 3026 3037 3027
f 3027 3037 3038
f 3027 3038 3028
f 3028 3038 3039
f 3028 3039 3029
f 3029 3039 3040
f 3029 3040 3030
f 3030 3040 3041
f 3030 3041 3031
f 2641 2651 3042
f 2641 3042 3032
f 3032 3042 3043
f 3032 3043 3033
f 3033 3043 3044
f 3033 3044 3034
f 3034 3044 3045
f 3034 3045 3035
f 3035 3045 3046
f 3035 3046 3036
f 3036 3046 3047
f 3036 3047 3037
f 3037 3047 3048
f 3037 3048 3038
f 3038 3048 3049
f 3038 3049 3039
f 3039 3049 3050
f 3039 3050 3040
f 3040 3050 3051
f 3040 3051 3041
f 2651 2661 3052
f 2651 3052 3042
f 3042 3052 3053
f 3042 3053 3043
f 3043 3053 3054
f 3043 3054 3044
f 3044 3054 3055
f 3044 3055 3045
f 3045 3055 3056
f 3045 3056 3046
f 3046 3056 3057
f 3046 3057 3047
f 3047 3057 3058
f 3047 3058 3048
f 3048 3058 3059
f 3048 3059 3049
f 3049 3059 3060
f 3049 3060 3050
f 3050 3060 3061
f 3050 3061 3051
f 2661 2671 3062
f 2661 3062 3052
f 3052 3062 3063
f 3052 3063 3053
f 3053 3063 3064
f 3053 3064 3054
f 3054 3064 3065
f 3054 3065 3055
f 3055 3065 3066
f 3055 3066 3056
f 3056 3066 3067
f 3056 3067 3057
f 3057 3067 3068
f 3057 3068 3058
f 3058 3068 3069
f 3058 3069 3059
f 3059 3069 3070
f 3059 3070 3060
f 3060 3070 3071
f 3060 3071 3061
f 2671 2681 3072
f 2671 3072 3062
f 3062 3072 3073
f 3062 3073 3063
f 3063 3073 3074
f 3063 3074 3064
f 3064 3074 3075
f 3064 3075 3065
f 3065 3075 3076
f 3065 3076 3066
f 3066 3076 3077
f 3066 3077 3067
f 3067 3077 3078
f 3067 3078 3068
f 3068 3078 3079
f 3068 3079 3069
f 3069 3079 3080
f 3069 3080 3070
f 3070 3080 3081
f 3070 3081 3071
f 2681 2691 3082
f 2681 3082 3072
f 3072 3082 3083
f 3072 3083 3073
f 3073 3083 3084
f 3073 3084 3074
f 3074 3084 3085
f 3074 3085 3075
f 3075 3085 3086
f 3075 3086 3076
f 3076 3086 3087
f 3076 3087 3077
f 3077 3087 3088
f 3077 3088 3078
f 3078 3088 3089
f 3078 3089 3079
f 3079 3089 3090
f 3079 3090 3080
f 3080 3090 3091
f 3080 3091 3081
f 2691 2701 3092
f 2691 3092 3082
f 3082 3092 3093
f 3082 3093 3083
f 3083 3093 3094
f 3083 3094 3084
f 3084 3094 3095
f 3084 3095 3085
f 3085 3095 3096
f 3085 3096 3086
f 3086 3096 3097
f 3086 3097 3087
f 3087 3097 3098
f 3087 3098 3088
f 3088 3098 3099
f 3088 3099 3089
f 3089 3099 3100
f 3089 3100 3090
f 3090 3100 3101
f 3090 3101 3091
f 2701 2711 3102
f 2701 3102 3092
f 3092 3102 3103
f 3092 3103 3093
f 3093 3103 3104
f 3093 3104 3094
f 3094 3104 3105
f 3094 3105 3095
f 3095 3105 3106
f 3095 3106 3096
f 3096 3106 3107
f 3096 3107 3097
f 3097 3107 3108
f 3097 3108 3098
f 3098 3108 3109
f 3098 3109 3099
f 3099 3109 3110
f 3099 3110 3100
f 3100 3110 3111
f 3100 3111 3101
f 2711 2721 3112
f 2711 3112 3102
f 3102 3112 3113
f 3102 3113 3103
f 3103 3113 3114
f 3103 3114 3104
f 3104 3114 3115
f 3104 3115 3105
f 3105 3115 3116
f 3105 3116 3106
f 3106 3116 3117
f 3106 3117 3107
f 3107 3117 3118
f 3107 3118 3108
f 3108 3118 3119
f 3108 3119 3109
f 3109 3119 3120
f 3109 3120 3110
f 3110 3120 3121
f 3110 3121 3111
f 2721 2731 3122
f 2721 3122 3112
f 3112 3122 3123
f 3112 3123 3113
f 3113 3123 3124
f 3113 3124 3114
f 3114 3124 3125
f 3114 3125 3115
f 3115 3125 3126
f 3115 3126 3116
f 3116 3126 3127
f 3116 3127 3117
f 3117 3127 3128
f 3117 3128 3118
f 3118 3128 3129
f 3118 3129 3119
f 3119 3129 3130
f 3119 3130 3120
f 3120 3130 3131
f 3120 3131 3121
f 2731 2741 3132
f 2731 3132 3122
f 3122 3132 3133
f 3122 3133 3123
f 3123 3133 3134
f 3123 3134 3124
f 3124 3134 3135
f 3124 3135 3125
f 3125 3135 3136
f 3125 3136 3126
f 3126 3136 3137
f 3126 3137 3127
f 3127 3137 3138
f 3127 3138 3128
f 3128 3138 3139
f 3128 3139 3129
f 3129 3139 3140
f 3129 3140 3130
f 3130 3140 3141
f 3130 3141 3131
f 2741 2751 3142
f 2741 3142 3132
f 3132 3142 3143
f 3132 3143 3133
f 3133 3143 3144
f 3133 3144 3134
f 3134 3144 3145
f 3134 3145 3135
f 3135 3145 3146
f 3135 3146 3136
f 3136 3146 3147
f 3136 3147 3137
f 3137 3147 3148
f 3137 3148 3138
f 3138 3148 3149
f 3138 3149 3139
f 3139 3149 3150
f 3139 3150 3140
f 3140 3150 3151
f 3140 3151 3141
f 2751 2761 3152
f 2751 3152 3142
f 3142 3152 3153
f 3142 3153 3143
f 3143 3153 3154
f 3143 3154 3144
f 3144 3154 3155
f 3144 3155 3145
f 3145 3155 3156
f 3145 3156 3146
f 3146 3156 3157
f 3146 3157 3147
f 3147 3157 3158
f 3147 3158 3148
f 3148 3158 3159
f 3148 3159 3149
f 3149 3159 3160
f 3149 3160 3150
f 3150 3160 3161
f 3150 3161 3151
f 2761 2771 3162
f 2761 3162 3152
f 3152 3162 3163
f 3152 3163 3153
f 3153 3163 3164
f 3153 3164 3154
f 3154 3164 3165
f 3154 3165 3155
f 3155 3165 3166
f 3155 3166 3156
f 3156 3166 3167
f 3156 3167 3157
f 3157 3167 3168
f 3157 3168 3158
f 3158 3168 3169
f 3158 3169 3159
f 3159 3169 3170
f 3159 3170 3160
f 3160 3170 3171
f 3160 3171 3161
f 2771 2781 3172
f 2771 3172 3162
f 3162 3172 3173
f 3162 3173 3163
f 3163 3173 3174
f 3163 3174 3164
f 3164 3174 3175
f 3164 3175 3165
f 3165 3175 3176
f 3165 3176 3166
f 3166 3176 3177
f 3166 3177 3167
f 3167 3177 3178
f 3167 3178 3168
f 3168 3178 3179
f 3168 3179 3169
f 3169 3179 3180
f 3169 3180 3170
f 3170 3180 3181
f 3170 3181 3171
f 2781 2791 3182
f 2781 3182 3172
f 3172 3182 3183
f 3172 3183 3173
f 3173 3183 3184
f 3173 3184 3174
f 3174 3184 3185
f 3174 3185 3175
f 3175 3185 3186
f 3175 3186 3176
f 3176 3186 3187
f 3176 3187 3177
f 3177 3187 3188
f 3177 3188 3178
f 3178 3188 3189
f 3178 3189 3179
f 3179 3189 3190
f 3179 3190 3180
f 3180 3190 3191
f 3180 3191 3181
f 2791 2801 3192
f 2791 3192 3182
f 3182 3192 3193
f 3182 3193 3183
f 3183 3193 3194
f 3183 3194 3184
f 3184 3194 3195
f 3184 3195 3185
f 3185 3195 3196
f 3185 3196 3186
f 3186 3196 3197
f 3186 3197 3187
f 3187 3197 3198
f 3187 3198 3188
f 3188 3198 3199
f 3188 3199 3189
f 3189 3199 3200
f 3189 3200 3190
f 3190 3200 3201
f 3190 3201 3191
f 2801 2811 3202
f 2801 3202 3192
f 3192 3202 3203
f 3192 3203 3193
f 3193 3203 3204
f 3193 3204 3194
f 3194 3204 3205
f 3194 3205 3195
f 3195 3205 3206
f 3195 3206 3196
f 3196 3206 3207
f 3196 3207 3197
f 3197 3207 3208
f 3197 3208 3198
f 3198 3208 3209
f 3198 3209 3199
f 3199 3209 3210
f 3199 3210 3200
f 3200 3210 3211
f 3200 3211 3201
f 2811 2821 3212
f 2811 3212 3202
f 3202 3212 3213
f 3202 3213 3203
f 3203 3213 3214
f 3203 3214 3204
f 3204 3214 3215
f 3204 3215 3205
f 3205 3215 3216
f 3205 3216 3206
f 3206 3216 3217
f 3206 3217 3207
f 3207 3217 3218
f 3207 3218 3208
f 3208 3218 3219
f 3208 3219 3209
f 3209 3219 3220
f 3209 3220 3210
f 3210 3220 3221
f 3210 3221 3211
f 2821 2831 3222
f 2821 3222 3212
f 3212 3222 3223
f 3212 3223 3213
f 3213 3223 3224
f 3213 3224 3214
f 3214 3224 3225
f 3214 3225 3215
f 3215 3225 3226
f 3215 3226 3216
f 3216 3226 3227
f 3216 3227 3217
f 3217 3227 3228
f 3217 3228 3218
f 3218 3228 3229
f 3218 3229 3219
f 3219 3229 3230
f 3219 3230 3220
f 3220 3230 3231
f 3220 3231 3221
f 2831 2841 3232
f 2831 3232 3222
f 3222 3232 3233
f 3222 3233 3223
f 3223 3233 3234
f 3223 3234 3224
f 3224 3234 3235
f 3224 3235 3225
f 3225 3235 3236
f 3225 3236 3226
f 3226 3236 3237
f 3226 3237 3227
f 3227 3237 3238
f 3227 3238 3228
f 3228 3238 3239
f 3228 3239 3229
f 3229 3239 3240
f 3229 3240 3230
f 3230 3240 3241
f 3230 3241 3231
f 2841 2461 2843
f 2841 2843 3232
f 3232 2843 2845
f 3232 2845 3233
f 3233 2845 2847
f 3233 2847 3234
f 3234 2847 2849
f 3234 2849 3235
f 3235 2849 2851
f 3235 2851 3236
f 3236 2851 2853
f 3236 2853 3237
f 3237 2853 2855
f 3237 2855 3238
f 3238 2855 2857
f 3238 2857 3239
f 3239 2857 2859
f 3239 2859 3240
f 3240 2859 2861
f 3240 2861 3241