# https://github.com/mikedh/trimesh
v 0.02413940 -0.01380417 0.02206201
v 0.02413799 -0.01357208 0.02219235
v 0.02106856 -0.01265108 0.02020117
v 0.02415406 -0.01595146 0.02055144
v 0.02415109 -0.01551596 0.02085781
v 0.02108199 -0.01461777 0.01881765
v 0.02416937 -0.01793492 0.01883140
v 0.02416471 -0.01733141 0.01935477
v 0.02109601 -0.01643441 0.01724227
v 0.02418516 -0.01973418 0.01691951
v 0.02417876 -0.01900412 0.01769527
v 0.02111048 -0.01808234 0.01549119
v 0.02420128 -0.02133079 0.01483540
v 0.02419311 -0.02052090 0.01589256
v 0.02112524 -0.01954465 0.01358236
v 0.02421756 -0.02270834 0.01260045
v 0.02420765 -0.02186977 0.01396095
v 0.02114015 -0.02080634 0.01153540
v 0.02423384 -0.02385272 0.01023761
v 0.02422228 -0.02303996 0.01191575
v 0.02115506 -0.02185447 0.00937129
v 0.02424994 -0.02475218 0.00777111
v 0.02423687 -0.02402211 0.00977311
v 0.02116980 -0.02267828 0.00711224
v 0.02428095 -0.02578203 0.00262919
v 0.02427918 -0.02573747 0.00293012
v 0.02119821 -0.02362151 0.00240279
v 0.02429556 -0.02590184 0.00000653
v 0.02429239 -0.02587581 0.00057645
v 0.02121159 -0.02373125 0.00000072
v 0.02430935 -0.02575572 -0.00261480
v 0.02430495 -0.02580230 -0.00177919
v 0.02122422 -0.02359742 -0.00240014
v 0.02432220 -0.02534514 -0.00520790
v 0.02431680 -0.02551769 -0.00411813
v 0.02123598 -0.02322137 -0.00477514
v 0.02433396 -0.02467433 -0.00774616
v 0.02432783 -0.02502433 -0.00642183
v 0.02124676 -0.02260697 -0.00709991
v 0.02434453 -0.02375017 -0.01020355
v 0.02433794 -0.02432613 -0.00867201
v 0.02125644 -0.02176054 -0.00935061
v 0.02435378 -0.02258214 -0.01255483
v 0.02434707 -0.02342863 -0.01085082
v 0.02126491 -0.02069075 -0.01150412
v 0.02436163 -0.02118222 -0.01477588
v 0.02435515 -0.02233878 -0.01294092
v 0.02127210 -0.01940858 -0.01353837
v 0.02437281 -0.01774644 -0.01873772
v 0.02437218 -0.01798348 -0.01849084
v 0.02128234 -0.01626178 -0.01716699
v 0.02437602 -0.01574581 -0.02043784
v 0.02437527 -0.01620957 -0.02004375
v 0.02128528 -0.01442942 -0.01872412
v 0.02437760 -0.01358347 -0.02192686
v 0.02437708 -0.01430411 -0.02143061
v 0.02128673 -0.01244895 -0.02008790
v 0.02437753 -0.01128157 -0.02318947
v 0.02437756 -0.01228233 -0.02264054
v 0.02128667 -0.01034066 -0.02124432
v 0.02437582 -0.00886376 -0.02421273
v 0.02437674 -0.01016031 -0.02366401
v 0.02128510 -0.00812620 -0.02218152
v 0.02437247 -0.00635482 -0.02498614
v 0.02437460 -0.00795486 -0.02449292
v 0.02128203 -0.00582828 -0.02288988
v 0.02436752 -0.00378053 -0.02550177
v 0.02437118 -0.00568348 -0.02512061
v 0.02127750 -0.00347051 -0.02336214
v 0.02436103 -0.00116728 -0.02575431
v 0.02436649 -0.00336413 -0.02554201
v 0.02127156 -0.00107705 -0.02359344
v 0.02434370 0.00406870 -0.02546252
v 0.02434506 0.00369055 -0.02550288
v 0.02125568 0.00371854 -0.02332618
v 0.02433303 0.00663769 -0.02492118
v 0.02433566 0.00600496 -0.02505451
v 0.02124591 0.00607147 -0.02283037
v 0.02432118 0.00913874 -0.02412271
v 0.02432530 0.00826896 -0.02440039
v 0.02123505 0.00836215 -0.02209907
v 0.02430824 0.01154617 -0.02307532
v 0.02431405 0.01046462 -0.02354586
v 0.02122321 0.01056710 -0.02113976
v 0.02429438 0.01383528 -0.02178974
v 0.02430201 0.01257456 -0.02249777
v 0.02121050 0.01266367 -0.01996232
v 0.02427972 0.01598257 -0.02027918
v 0.02428928 0.01458203 -0.02126442
v 0.02119708 0.01463037 -0.01857881
v 0.02426441 0.01796603 -0.01855913
v 0.02427594 0.01647110 -0.01985554
v 0.02118306 0.01644700 -0.01700343
v 0.02423250 0.02136189 -0.01456313
v 0.02423343 0.02126940 -0.01468386
v 0.02115383 0.01955724 -0.01334352
v 0.02421622 0.02273945 -0.01232819
v 0.02421881 0.02251995 -0.01268431
v 0.02113892 0.02081894 -0.01129655
v 0.02419994 0.02388383 -0.00996534
v 0.02420419 0.02358539 -0.01058155
v 0.02112402 0.02186707 -0.00913244
v 0.02418384 0.02478329 -0.00749885
v 0.02418967 0.02445745 -0.00839237
v 0.02110927 0.02269088 -0.00687340
v 0.02416808 0.02542860 -0.00495400
v 0.02417539 0.02512933 -0.00613418
v 0.02109484 0.02328191 -0.00454259
v 0.02415283 0.02581314 -0.00235692
v 0.02416145 0.02559578 -0.00382491
v 0.02108086 0.02363411 -0.00216395
v 0.02413822 0.02593295 0.00026573
v 0.02414796 0.02585307 -0.00148287
v 0.02106749 0.02374385 0.00023812
v 0.02412443 0.02578683 0.00288707
v 0.02413503 0.02589908 0.00087337
v 0.02105485 0.02361001 0.00263898
v 0.02409982 0.02470544 0.00801843
v 0.02410067 0.02475402 0.00783462
v 0.02103231 0.02261957 0.00733875
v 0.02408925 0.02378127 0.01047581
v 0.02409109 0.02394192 0.01004864
v 0.02102263 0.02177314 0.00958945
v 0.02408000 0.02261324 0.01282709
v 0.02408255 0.02293479 0.01217982
v 0.02101416 0.02070335 0.01174297
v 0.02407215 0.02121333 0.01504815
v 0.02407511 0.02174076 0.01421134
v 0.02100697 0.01942117 0.01377722
v 0.02406578 0.01959589 0.01711619
v 0.02406883 0.02036944 0.01612714
v 0.02100114 0.01793978 0.01567132
v 0.02406097 0.01777754 0.01900999
v 0.02406376 0.01883172 0.01791207
v 0.02099673 0.01627436 0.01740584
v 0.02405776 0.01577693 0.02071011
v 0.02405995 0.01713980 0.01955194
v 0.02099379 0.01444202 0.01896297
v 0.02405618 0.01361458 0.02219912
v 0.02405741 0.01530703 0.02103369
v 0.02099234 0.01246154 0.02032674
v 0.02405796 0.00889487 0.02448500
v 0.02405782 0.00910498 0.02439608
v 0.02099398 0.00813879 0.02242036
v 0.02406131 0.00638594 0.02525841
v 0.02406068 0.00685843 0.02511276
v 0.02099704 0.00584088 0.02312872
v 0.02406625 0.00381164 0.02577403
v 0.02406482 0.00455762 0.02562462
v 0.02100157 0.00348310 0.02360098
v 0.02407274 0.00119838 0.02602658
v 0.02407020 0.00222085 0.02592776
v 0.02100751 0.00108964 0.02383228
v 0.02408071 -0.00142701 0.02601345
v 0.02407679 -0.00013334 0.02601991
v 0.02101481 -0.00131493 0.02382025
v 0.02409008 -0.00403759 0.02573478
v 0.02408451 -0.00248627 0.02590038
v 0.02102339 -0.00370595 0.02356503
v 0.02410075 -0.00660659 0.02519343
v 0.02409333 -0.00481928 0.02557006
v 0.02103316 -0.00605887 0.02306921
v 0.02411260 -0.00910763 0.02439498
v 0.02410315 -0.00711384 0.02503149
v 0.02104402 -0.00834956 0.02233791
v 0.02412553 -0.01151506 0.02334759
v 0.02411392 -0.00935171 0.02428878
v 0.02105586 -0.01055450 0.02137861
v -0.01094513 -0.00878023 0.01105650
v -0.01093680 -0.00985973 0.01012036
v -0.00717623 -0.00884424 0.01117331
v -0.01092821 -0.01083899 0.00907980
v -0.01091943 -0.01170794 0.00794552
v -0.00715915 -0.01092085 0.00917947
v -0.01091057 -0.01245768 0.00672914
v -0.01090270 -0.01301136 0.00558595
v -0.00714136 -0.01255358 0.00680842
v -0.01090172 -0.01308052 0.00544315
v -0.01089296 -0.01357005 0.00410075
v -0.00713243 -0.01318181 0.00551129
v -0.01088437 -0.01392126 0.00271570
v -0.01087607 -0.01413055 0.00130224
v -0.00711494 -0.01402985 0.00276019
v -0.01086812 -0.01419576 -0.00012516
v -0.01086061 -0.01411623 -0.00155182
v -0.00709854 -0.01430673 -0.00010530
v -0.01085362 -0.01389277 -0.00296313
v -0.01084865 -0.01360878 -0.00403771
v -0.00708392 -0.01400111 -0.00296788
v -0.01084722 -0.01352768 -0.00434459
v -0.01084147 -0.01302470 -0.00568203
v -0.00707746 -0.01363285 -0.00436132
v -0.01083643 -0.01238900 -0.00696172
v -0.01083216 -0.01162709 -0.00817054
v -0.00706659 -0.01248430 -0.00700114
v -0.01082870 -0.01074679 -0.00929607
v -0.01082623 -0.00981209 -0.01026956
v -0.00705878 -0.01082785 -0.00935574
v -0.01082608 -0.00975714 -0.01032678
v -0.01082433 -0.00866830 -0.01125208
v -0.00705614 -0.00982963 -0.01039539
v -0.01092892 0.01338982 -0.00420998
v -0.01093416 0.01360446 -0.00336351
v -0.00715988 0.01351804 -0.00422555
v -0.01093750 0.01374103 -0.00282494
v -0.01094581 0.01395032 -0.00141147
v -0.00716853 0.01387230 -0.00282849
v -0.01095375 0.01401553 0.00001592
v -0.01096126 0.01393600 0.00144259
v -0.00718492 0.01414918 0.00003700
v -0.01096825 0.01371254 0.00285389
v -0.01097323 0.01342855 0.00392848
v -0.00719954 0.01384356 0.00289958
v -0.01097465 0.01334745 0.00423535
v -0.01098040 0.01284447 0.00557279
v -0.00720600 0.01347530 0.00429302
v -0.01098544 0.01220877 0.00685249
v -0.01098971 0.01144685 0.00806130
v -0.00721688 0.01232674 0.00693284
v -0.01099317 0.01056656 0.00918684
v -0.01099565 0.00963186 0.01016033
v -0.00722469 0.01067030 0.00928744
v -0.01099579 0.00957691 0.01021755
v -0.01099754 0.00848807 0.01114285
v -0.00722733 0.00967207 0.01032708
v -0.01099841 0.00731120 0.01195325
v -0.01099837 0.00605839 0.01264043
v -0.00722996 0.00738672 0.01207784
v -0.01099744 0.00474249 0.01319735
v -0.01099562 0.00337699 0.01361828
v -0.00722898 0.00479573 0.01333272
v -0.01099292 0.00197592 0.01389891
v -0.01098998 0.00079058 0.01401346
v -0.00722443 0.00200517 0.01404036
v -0.01098939 0.00055365 0.01403636
v -0.01098505 -0.00087523 0.01402921
v -0.00722087 0.00057057 0.01417900
v -0.01097995 -0.00229606 0.01387755
v -0.01097415 -0.00369424 0.01358292
v -0.00721135 -0.00230385 0.01401881
v -0.01096769 -0.00505544 0.01314835
v -0.01096066 -0.00636570 0.01257831
v -0.00719898 -0.00508716 0.01328330
v -0.00985284 0.01229404 -0.00682823
v -0.00983944 0.01244299 -0.00652585
v -0.00714210 0.01239603 -0.00687672
v -0.00996665 0.01068885 -0.00916322
v -0.00992652 0.01130137 -0.00837173
v -0.00712432 0.01076329 -0.00924777
v -0.01008103 0.00859716 -0.01115470
v -0.01005620 0.00909002 -0.01076978
v -0.00710724 0.00868669 -0.01124160
v -0.01019710 0.00618495 -0.01267938
v -0.01018591 0.00642527 -0.01255230
v -0.00709159 0.00625122 -0.01277661
v -0.01025621 0.00487626 -0.01325178
v -0.01025017 0.00501461 -0.01320512
v -0.00708449 0.00492960 -0.01335160
v -0.01062170 -0.00355506 -0.01372084
v -0.01061231 -0.00334916 -0.01377769
v -0.00705632 -0.00357594 -0.01382560
v -0.01081474 -0.00748810 -0.01205672
v -0.01076910 -0.00663675 -0.01254867
v -0.00705351 -0.00754427 -0.01214613
v -0.01082353 -0.00765214 -0.01196193
v -0.01071253 -0.00551037 -0.01307663
v -0.01068465 -0.00491760 -0.01329298
v -0.00705355 -0.00628059 -0.01283928
v -0.01074093 -0.00607573 -0.01281163
v -0.01074883 -0.00623306 -0.01273788
v -0.01065732 -0.00433633 -0.01350514
v -0.01064528 -0.00407231 -0.01357802
v -0.00705449 -0.00495328 -0.01340102
v -0.01055756 -0.00212922 -0.01401115
v -0.01049606 -0.00073283 -0.01413860
v -0.01045533 0.00020584 -0.01415025
v -0.00706260 -0.00072812 -0.01424730
v -0.01050290 -0.00089070 -0.01413663
v -0.01040480 0.00138648 -0.01408224
v -0.01037415 0.00211557 -0.01397306
v -0.00706698 0.00071315 -0.01424009
v -0.01043430 0.00069573 -0.01412952
v -0.01044845 0.00036420 -0.01415221
v -0.01035316 0.00261498 -0.01389827
v -0.01031524 0.00351377 -0.01368142
v -0.00707212 0.00214629 -0.01408711
v -0.01036422 0.00235186 -0.01393767
v -0.01030209 0.00382528 -0.01360626
v -0.01027565 0.00443083 -0.01340202
v -0.00707798 0.00355659 -0.01378993
v -0.01020771 0.00595702 -0.01279990
v -0.01010604 0.00810067 -0.01154246
v -0.01009768 0.00826661 -0.01141286
v -0.00709919 0.00750788 -0.01207086
v -0.01013851 0.00742911 -0.01197718
v -0.01015658 0.00705536 -0.01221912
v -0.01002468 0.00968224 -0.01022487
v -0.01001602 0.00984487 -0.01007523
v -0.01001295 0.00989736 -0.01001850
v -0.00711565 0.00977555 -0.01029734
v -0.00991064 0.01153268 -0.00805097
v -0.00986631 0.01212862 -0.00712138
v -0.00713316 0.01163978 -0.00810365
v -0.00991671 0.01145103 -0.00817833
v -0.00979651 0.01290747 -0.00554812
v -0.00975456 0.01329496 -0.00454753
v -0.00715104 0.01302426 -0.00557959
v -0.00980334 0.01284435 -0.00571112
v 0.01785063 -0.00968515 0.01959169
v 0.01786227 -0.01160722 0.01851224
v 0.01453402 -0.01067699 0.01700235
v 0.01454533 -0.01233389 0.01583677
v 0.01110824 -0.01139330 0.01460223
v 0.01111914 -0.01280565 0.01337743
v 0.00758789 -0.01190396 0.01240808
v 0.00759834 -0.01309370 0.01114386
v 0.00398804 -0.01227749 0.01042139
v 0.00399803 -0.01326636 0.00913057
v 0.00032415 -0.01257819 0.00862913
v 0.00033370 -0.01338628 0.00731809
v -0.00338801 -0.01286354 0.00700502
v -0.00337885 -0.01350796 0.00567447
v -0.00712359 -0.01367559 0.00415725
v -0.01088771 -0.01378470 0.00325427
v 0.01783977 -0.00766373 0.02047114
v 0.01452332 -0.00891066 0.01799432
v 0.01109780 -0.00986428 0.01567784
v 0.00757777 -0.01059242 0.01354544
v 0.00397826 -0.01116309 0.01160554
v 0.00031469 -0.01164161 0.00985168
v -0.00339718 -0.01208783 0.00826354
v 0.01782981 -0.00556370 0.02114157
v 0.01451334 -0.00705304 0.01880251
v 0.01108792 -0.00823429 0.01659325
v 0.00756808 -0.00917254 0.01454429
v 0.00396878 -0.00993461 0.01267087
v 0.00030543 -0.01058615 0.01097320
v -0.00340626 -0.01118877 0.00943712
v -0.00715030 -0.01179734 0.00803535
v -0.01091795 -0.01183284 0.00774288
v 0.01782086 -0.00340663 0.02159612
v 0.01450419 -0.00512318 0.01941863
v 0.01107872 -0.00652004 0.01733907
v 0.00755891 -0.00765888 0.01539436
v 0.00395970 -0.00860466 0.01360646
v 0.00029645 -0.00942265 0.01198220
v -0.00341515 -0.01017558 0.01051373
v 0.01781299 -0.00121462 0.02183010
v 0.01449596 -0.00314089 0.01983634
v 0.01107027 -0.00473914 0.01790762
v 0.00755036 -0.00606700 0.01608694
v 0.00395111 -0.00718687 0.01440270
v 0.00028785 -0.00816303 0.01286830
v -0.00342377 -0.00905868 0.01148230
v -0.00716782 -0.00993310 0.01022904
v -0.01093298 -0.01029493 0.00965791
v 0.01780630 0.00098981 0.02184112
v 0.01448873 -0.00112650 0.02005137
v 0.01106268 -0.00290985 0.01829309
v 0.00754252 -0.00441320 0.01661492
v 0.00394311 -0.00569580 0.01505141
v 0.00027972 -0.00682023 0.01362243
v -0.00343203 -0.00784951 0.01233292
v 0.01780085 0.00318405 0.02162907
v 0.01448258 0.00089930 0.02006149
v 0.01105601 -0.00105094 0.01849152
v 0.00753547 -0.00271448 0.01697288
v 0.00393576 -0.00414674 0.01554595
v 0.00027213 -0.00540801 0.01423683
v -0.00343983 -0.00656050 0.01305684
v -0.00718427 -0.00766543 0.01200256
v -0.01094735 -0.00845569 0.01128480
v 0.01779670 0.00534558 0.02119613
v 0.01447758 0.00291574 0.01986662
v 0.01105033 0.00081851 0.01850087
v 0.00752927 -0.00098825 0.01715714
v 0.00392915 -0.00255560 0.01588123
v 0.00026518 -0.00394088 0.01470522
v -0.00344712 -0.00520484 0.01364664
v -0.00719189 -0.00640877 0.01270831
v -0.01095311 -0.00761155 0.01187863
v 0.02405624 0.01131268 0.02346174
v 0.02405619 0.01334785 0.02234543
v 0.02099241 0.01035325 0.02148316
v 0.02405627 0.01127767 0.02347655
v 0.01779389 0.00745223 0.02054673
v 0.01447376 0.00490213 0.01946876
v 0.01104571 0.00267932 0.01832104
v 0.00752400 0.00074776 0.01716582
v 0.00392335 -0.00093871 0.01605383
v 0.00025892 -0.00243389 0.01502277
v -0.00345379 -0.00379648 0.01409626
v 0.01779245 0.00948237 0.01968754
v 0.01447118 0.00683807 0.01887198
v 0.01104219 0.00451238 0.01795389
v 0.00751971 0.00247575 0.01699883
v 0.00391842 0.00068736 0.01606196
v 0.00025342 -0.00090250 0.01518624
v -0.00345979 -0.00234985 0.01440109
v -0.00720550 -0.00371415 0.01372163
v -0.01097235 -0.00407225 0.01346224
v 0.01779239 0.01141518 0.01862737
v 0.01446985 0.00870371 0.01808241
v 0.01103981 0.00629890 0.01740316
v 0.00751644 0.00417798 0.01665788
v 0.00391439 0.00230591 0.01590555
v 0.00024875 0.00063756 0.01519394
v -0.00346507 -0.00087981 0.01455801
v 0.01779372 0.01323081 0.01737711
v 0.01446980 0.01047990 0.01710815
v 0.01103859 0.00802055 0.01667454
v 0.00751423 0.00583699 0.01614647
v 0.00391133 0.00390034 0.01558619
v 0.00024494 0.00217052 0.01504580
v -0.00346956 0.00059858 0.01456541
v -0.00721649 -0.00087070 0.01417179
v -0.01098222 -0.00166461 0.01394495
v 0.01779642 0.01491065 0.01594958
v 0.01447102 0.01214842 0.01595920
v 0.01103854 0.00965964 0.01577547
v 0.00751309 0.00743575 0.01546985
v 0.00390926 0.00545427 0.01510717
v 0.00024204 0.00368062 0.01474333
v -0.00347321 0.00207012 0.01442320
v 0.01780046 0.01643744 0.01435944
v 0.01447350 0.01369213 0.01464734
v 0.01103966 0.01119937 0.01471520
v 0.00751305 0.00895785 0.01463496
v 0.00390820 0.00695178 0.01447340
v 0.00024008 0.00515237 0.01428964
v -0.00347600 0.00351974 0.01413284
v 0.01780580 0.01779554 0.01262299
v 0.01447721 0.01509522 0.01318605
v 0.01104195 0.01262394 0.01350460
v 0.00751409 0.01038769 0.01365036
v 0.00390816 0.00837748 0.01369138
v 0.00023907 0.00657068 0.01368939
v -0.00347788 0.00493254 0.01369733
v -0.00722714 0.00341839 0.01375730
v -0.01099532 0.00322141 0.01364944
v 0.01781240 0.01897099 0.01075806
v 0.01448212 0.01634326 0.01159030
v 0.01104538 0.01391873 0.01215609
v 0.00751622 0.01171058 0.01252616
v 0.00390913 0.00971676 0.01276914
v 0.00023903 0.00792098 0.01294873
v -0.00347885 0.00629404 0.01312112
v 0.01782017 0.01995174 0.00878378
v 0.01448818 0.01742346 0.00987649
v 0.01104991 0.01507045 0.01068351
v 0.00751940 0.01291295 0.01127391
v 0.00391112 0.01095587 0.01171615
v 0.00023996 0.00918943 0.01207527
v -0.00347889 0.00759026 0.01241013
v -0.00722992 0.00612304 0.01277098
v -0.01099800 0.00554671 0.01285698
v 0.02411158 0.02537625 0.00548016
v 0.02412275 0.02573330 0.00322511
v 0.02104309 0.02323397 0.00501398
v 0.02411124 0.02535682 0.00555368
v 0.01782903 0.02072772 0.00672042
v 0.01449532 0.01832474 0.00806219
v 0.01105550 0.01606728 0.00910198
v 0.00752361 0.01398246 0.00990644
v 0.00391411 0.01208209 0.01054320
v 0.00024184 0.01036301 0.01107797
v -0.00347800 0.00880790 0.01157165
v 0.01783891 0.02129097 0.00458914
v 0.01450347 0.01903784 0.00616603
v 0.01106209 0.01689900 0.00742771
v 0.00752880 0.01490814 0.00843778
v 0.00391805 0.01308387 0.00926233
v 0.00024467 0.01142966 0.00996705
v -0.00347619 0.00993447 0.01061429
v -0.00722909 0.00857379 0.01126041
v -0.01099812 0.00770342 0.01168317
v 0.01784970 0.02163572 0.00241182
v 0.01451255 0.01955546 0.00420745
v 0.01106961 0.01755706 0.00567790
v 0.00753492 0.01568049 0.00688302
v 0.00392291 0.01395092 0.00788670
v 0.00024840 0.01237846 0.00875393
v -0.00347348 0.01095840 0.00954787
v 0.01786128 0.02175842 0.00021080
v 0.01452246 0.01987227 0.00220655
v 0.01107799 0.01803472 0.00387049
v 0.00754191 0.01629158 0.00525810
v 0.00392864 0.01467436 0.00643040
v 0.00025300 0.01319966 0.00745104
v -0.00346989 0.01186920 0.00838334
v 0.01787354 0.02165781 -0.00199134
v 0.01453311 0.01998502 0.00018388
v 0.01108713 0.01832707 0.00202403
v 0.00754969 0.01673516 0.00357970
v 0.00393519 0.01524675 0.00490839
v 0.00025843 0.01388483 0.00607176
v -0.00346547 0.01265750 0.00713264
v -0.00722119 0.01155823 0.00815214
v -0.01099048 0.01125131 0.00831133
v 0.01788636 0.02133493 -0.00417200
v 0.01454437 0.01989257 -0.00183982
v 0.01109696 0.01843113 0.00015748
v 0.00755818 0.01700664 0.00186503
v 0.00394247 0.01566223 0.00333629
v 0.00026463 0.01442695 0.00463025
v -0.00346026 0.01331523 0.00580861
v 0.01789959 0.02079309 -0.00630880
v 0.01455615 0.01959585 -0.00384378
v 0.01110736 0.01834581 -0.00171002
v 0.00756730 0.01710327 0.00013170
v 0.00395043 0.01591652 0.00173022
v 0.00027153 0.01482045 0.00314128
v -0.00345431 0.01383564 0.00442483
v -0.00721180 0.01296796 0.00564205
v -0.01098292 0.01252662 0.00621264
v 0.01791310 0.02003785 -0.00837982
v 0.01456831 0.01909792 -0.00580743
v 0.01111822 0.01807199 -0.00355931
v 0.00757696 0.01702404 -0.00160250
v 0.00395897 0.01600703 0.00010666
v 0.00027907 0.01506130 0.00162016
v -0.00344769 0.01421338 0.00299551
v 0.01792677 0.01907696 -0.01036380
v 0.01458073 0.01840387 -0.00771064
v 0.01112944 0.01761249 -0.00537141
v 0.00758704 0.01676977 -0.00331980
v 0.00396802 0.01593282 -0.00151772
v 0.00028716 0.01514702 0.00008247
v -0.00344045 0.01444458 0.00153531
v 0.02424861 0.01976529 -0.01664724
v 0.02426212 0.01822666 -0.01828219
v 0.02116859 0.01809493 -0.01525234
v 0.02424792 0.01983466 -0.01655669
v 0.01794044 0.01792028 -0.01224040
v 0.01459329 0.01752085 -0.00953386
v 0.01114091 0.01697202 -0.00712771
v 0.00759747 0.01634306 -0.00500256
v 0.00397747 0.01569465 -0.00312624
v 0.00029572 0.01507674 -0.00145600
v -0.00343269 0.01452687 0.00005921
v -0.00719249 0.01406896 0.00147604
v -0.01096165 0.01392359 0.00152094
v 0.01795398 0.01657968 -0.01399034
v 0.01460585 0.01645789 -0.01125839
v 0.01115249 0.01615715 -0.00881022
v 0.00760811 0.01574831 -0.00663350
v 0.00398723 0.01529497 -0.00470243
v 0.00030468 0.01485117 -0.00297946
v -0.00342447 0.01445940 -0.00141763
v 0.01796724 0.01506892 -0.01559567
v 0.01461829 0.01522592 -0.01286653
v 0.01116409 0.01517623 -0.01040164
v 0.00761887 0.01499159 -0.00819592
v 0.00399720 0.01473788 -0.00623008
v 0.00031392 0.01447262 -0.00447229
v -0.00341587 0.01424286 -0.00288007
v -0.00717691 0.01408340 -0.00140277
v -0.01094845 0.01397205 -0.00093577
v 0.01798009 0.01340349 -0.01703992
v 0.01463048 0.01383757 -0.01434179
v 0.01117557 0.01403936 -0.01188566
v 0.00762964 0.01408070 -0.00967375
v 0.00400728 0.01402909 -0.00769354
v 0.00032336 0.01394499 -0.00591915
v -0.00340700 0.01387948 -0.00431311
v 0.01799240 0.01160049 -0.01830828
v 0.01464229 0.01230710 -0.01566901
v 0.01118681 0.01275816 -0.01324705
v 0.00764030 0.01302496 -0.01105185
v 0.00401736 0.01317588 -0.00907778
v 0.00033291 0.01327369 -0.00730521
v -0.00339793 0.01337299 -0.00570201
v 0.01800404 0.00967842 -0.01938773
v 0.01465360 0.01065020 -0.01683460
v 0.01119771 0.01134581 -0.01447184
v 0.00765074 0.01183522 -0.01231607
v 0.00402734 0.01218701 -0.01036860
v 0.00034246 0.01246560 -0.00861625
v -0.00338877 0.01272857 -0.00703256
v -0.01092675 0.01328023 -0.00455013
v 0.01801490 0.00765700 -0.02026718
v 0.01466430 0.00888387 -0.01782657
v 0.01120815 0.00981680 -0.01554746
v 0.00766086 0.01052367 -0.01345343
v 0.00403713 0.01107261 -0.01155275
v 0.00035192 0.01152903 -0.00983880
v -0.00337960 0.01195286 -0.00829108
v 0.01802486 0.00555697 -0.02093762
v 0.01467428 0.00702625 -0.01863476
v 0.01121803 0.00818680 -0.01646287
v 0.00767056 0.00910379 -0.01445228
v 0.00404661 0.00984414 -0.01261809
v 0.00036118 0.01047357 -0.01096032
v -0.00337053 0.01105379 -0.00946466
v -0.00336163 0.01004061 -0.01054126
v 0.00037016 0.00931006 -0.01196932
v 0.00405569 0.00851418 -0.01355368
v 0.00767973 0.00759014 -0.01530235
v 0.01122723 0.00647256 -0.01720868
v 0.01468343 0.00509639 -0.01925087
v 0.01803382 0.00339990 -0.02139216
v 0.02126426 0.00132753 -0.02358141
v 0.02435341 0.00134405 -0.02574175
v 0.02436057 -0.00101519 -0.02575355
v 0.02435307 0.00145811 -0.02574118
v 0.01804168 0.00120789 -0.02162614
v 0.01469166 0.00311410 -0.01966858
v 0.01123568 0.00469165 -0.01777724
v 0.00768827 0.00599825 -0.01599493
v 0.00406428 0.00709639 -0.01434991
v 0.00037876 0.00805045 -0.01285542
v -0.00335301 0.00892370 -0.01150984
v 0.01804837 -0.00099654 -0.02163717
v 0.01469889 0.00109972 -0.01988361
v 0.01124327 0.00286236 -0.01816271
v 0.00769612 0.00434445 -0.01652291
v 0.00407228 0.00560532 -0.01499863
v 0.00038690 0.00670764 -0.01360955
v -0.00334476 0.00771454 -0.01236045
v 0.01805382 -0.00319078 -0.02142512
v 0.01470503 -0.00092609 -0.01989374
v 0.01124994 0.00100345 -0.01836113
v 0.00770317 0.00264573 -0.01688087
v 0.00407963 0.00405627 -0.01549316
v 0.00039448 0.00529542 -0.01422395
v -0.00333695 0.00642552 -0.01308438
v 0.01805797 -0.00535231 -0.02099217
v 0.01471004 -0.00294254 -0.01969887
v 0.01125562 -0.00086600 -0.01837048
v 0.00770937 0.00091950 -0.01706513
v 0.00408624 0.00246513 -0.01582845
v 0.00040143 0.00382830 -0.01469234
v -0.00332967 0.00506987 -0.01367417
v 0.01806078 -0.00745897 -0.02034277
v 0.01471386 -0.00492891 -0.01930100
v 0.01126024 -0.00272681 -0.01819066
v 0.00771463 -0.00081651 -0.01707381
v 0.00409204 0.00084823 -0.01600105
v 0.00040769 0.00232131 -0.01500989
v -0.00332299 0.00366151 -0.01412380
v 0.01806222 -0.00948911 -0.01948358
v 0.01471644 -0.00686487 -0.01870423
v 0.01126376 -0.00455987 -0.01782350
v 0.00771893 -0.00254450 -0.01690682
v 0.00409697 -0.00077784 -0.01600918
v 0.00041319 0.00078992 -0.01517336
v -0.00331698 0.00221488 -0.01442863
v 0.01806228 -0.01142190 -0.01842341
v 0.01471777 -0.00873051 -0.01791466
v 0.01126614 -0.00634639 -0.01727278
v 0.00772220 -0.00424673 -0.01656587
v 0.00410099 -0.00239639 -0.01585276
v 0.00041787 -0.00075015 -0.01518106
v -0.00331171 0.00074483 -0.01458555
v 0.01806095 -0.01323755 -0.01717315
v 0.01471782 -0.01050669 -0.01694040
v 0.01126736 -0.00806804 -0.01654416
v 0.00772441 -0.00590573 -0.01605446
v 0.00410405 -0.00399082 -0.01553340
v 0.00042167 -0.00228310 -0.01503292
v -0.00330722 -0.00073355 -0.01459294
v -0.00330357 -0.00220510 -0.01445074
v 0.00042457 -0.00379320 -0.01473045
v 0.00410613 -0.00554475 -0.01505438
v 0.00772555 -0.00750450 -0.01537784
v 0.01126741 -0.00970713 -0.01564509
v 0.01471660 -0.01217521 -0.01579144
v 0.01805825 -0.01491738 -0.01574562
v 0.02127793 -0.01792718 -0.01543248
v 0.02436781 -0.01961163 -0.01678402
v 0.02436209 -0.02106509 -0.01492564
v 0.02436799 -0.01956478 -0.01684392
v 0.01805421 -0.01644418 -0.01415548
v 0.01471412 -0.01371892 -0.01447959
v 0.01126628 -0.01124687 -0.01458482
v 0.00772559 -0.00902661 -0.01454294
v 0.00410719 -0.00704226 -0.01442061
v 0.00042653 -0.00526495 -0.01427676
v -0.00330078 -0.00365472 -0.01416038
v -0.00705904 -0.00216273 -0.01410866
v -0.01055016 -0.00196147 -0.01402815
v 0.01804887 -0.01780227 -0.01241903
v 0.01471041 -0.01512200 -0.01301829
v 0.01126400 -0.01267143 -0.01337422
v 0.00772454 -0.01045644 -0.01355835
v 0.00410723 -0.00846796 -0.01363860
v 0.00042754 -0.00668326 -0.01367651
v -0.00329890 -0.00506752 -0.01372487
v 0.01804228 -0.01897772 -0.01055410
v 0.01470549 -0.01637005 -0.01142255
v 0.01126057 -0.01396622 -0.01202570
v 0.00772242 -0.01177933 -0.01243416
v 0.00410625 -0.00980724 -0.01271636
v 0.00042758 -0.00803357 -0.01293585
v -0.00329793 -0.00642902 -0.01314866
v 0.01803451 -0.01995847 -0.00857982
v 0.01469944 -0.01745026 -0.00970874
v 0.01125604 -0.01511793 -0.01055313
v 0.00771924 -0.01298170 -0.01118190
v 0.00410426 -0.01104634 -0.01166336
v 0.00042665 -0.00930201 -0.01206239
v -0.00329789 -0.00772524 -0.01243767
v 0.01802564 -0.02073445 -0.00651646
v 0.01469230 -0.01835154 -0.00789444
v 0.01125045 -0.01611477 -0.00897160
v 0.00771502 -0.01405121 -0.00981443
v 0.00410128 -0.01217257 -0.01049042
v 0.00042477 -0.01047559 -0.01106508
v -0.00329879 -0.00894288 -0.01159919
v 0.01801576 -0.02129771 -0.00438519
v 0.01468414 -0.01906463 -0.00599827
v 0.01124386 -0.01694649 -0.00729733
v 0.00770983 -0.01497688 -0.00834577
v 0.00409734 -0.01317434 -0.00920955
v 0.00042194 -0.01154225 -0.00995417
v -0.00330059 -0.01006944 -0.01064183
v -0.00705438 -0.00873134 -0.01132871
v -0.01082372 -0.00788723 -0.01179771
v 0.01800497 -0.02164245 -0.00220787
v 0.01467507 -0.01958225 -0.00403969
v 0.01123634 -0.01760454 -0.00554751
v 0.00770372 -0.01574923 -0.00679101
v 0.00409248 -0.01404140 -0.00783391
v 0.00041821 -0.01249105 -0.00874104
v -0.00330330 -0.01109338 -0.00957541
v 0.01799339 -0.02176515 -0.00000684
v 0.01466515 -0.01989906 -0.00203880
v 0.01122796 -0.01808221 -0.00374011
v 0.00769673 -0.01636033 -0.00516609
v 0.00408675 -0.01476483 -0.00637762
v 0.00041361 -0.01331224 -0.00743816
v -0.00330688 -0.01200417 -0.00841088
v -0.01083140 -0.01143154 -0.00842056
v -0.00706228 -0.01171578 -0.00822044
v -0.00331130 -0.01279248 -0.00716018
v 0.00040818 -0.01399741 -0.00605888
v 0.00408021 -0.01533723 -0.00485561
v 0.00768895 -0.01680390 -0.00348769
v 0.01121881 -0.01837456 -0.00189365
v 0.01465451 -0.02001182 -0.00001613
v 0.01798113 -0.02166454 0.00219530
v 0.02118424 -0.02326932 0.00478143
v 0.02426547 -0.02538814 0.00526312
v 0.02425131 -0.02480826 0.00754996
v 0.02426569 -0.02539749 0.00522627
v 0.01796832 -0.02134166 0.00437595
v 0.01464324 -0.01991936 0.00200757
v 0.01120899 -0.01847862 -0.00002709
v 0.00768046 -0.01707539 -0.00177303
v 0.00407292 -0.01575270 -0.00328350
v 0.00040198 -0.01453954 -0.00461737
v -0.00331651 -0.01345021 -0.00583615
v 0.01795508 -0.02079982 0.00651275
v 0.01463147 -0.01962265 0.00401153
v 0.01119859 -0.01839330 0.00184041
v 0.00767133 -0.01717201 -0.00003970
v 0.00406496 -0.01600699 -0.00167743
v 0.00039508 -0.01493304 -0.00312840
v -0.00332247 -0.01397062 -0.00445237
v -0.00707166 -0.01312552 -0.00571035
v -0.01083895 -0.01270685 -0.00632188
v 0.01794156 -0.02004458 0.00858378
v 0.01461931 -0.01912471 0.00597519
v 0.01118772 -0.01811949 0.00368970
v 0.00766168 -0.01709279 0.00169451
v 0.00405642 -0.01609750 -0.00005388
v 0.00038755 -0.01517389 -0.00160727
v -0.00332909 -0.01434836 -0.00302305
v 0.01792790 -0.01908369 0.01056776
v 0.01460689 -0.01843066 0.00787839
v 0.01117651 -0.01765998 0.00550179
v 0.00765159 -0.01683852 0.00341181
v 0.00404737 -0.01602329 0.00157050
v 0.00037945 -0.01525961 -0.00006959
v -0.00333633 -0.01457956 -0.00156285
v 0.01791423 -0.01792701 0.01244435
v 0.01459433 -0.01754764 0.00970161
v 0.01116504 -0.01701950 0.00725810
v 0.00764117 -0.01641181 0.00509456
v 0.00403792 -0.01578512 0.00317903
v 0.00037089 -0.01518932 0.00146888
v -0.00334409 -0.01466184 -0.00008675
v -0.00709097 -0.01422651 -0.00154434
v -0.01086023 -0.01410383 -0.00163017
v 0.01790070 -0.01658642 0.01419429
v 0.01458177 -0.01648468 0.01142614
v 0.01115345 -0.01620464 0.00894060
v 0.00763053 -0.01581705 0.00672552
v 0.00402816 -0.01538545 0.00475521
v 0.00036194 -0.01496375 0.00299234
v -0.00335231 -0.01459437 0.00139009
v 0.01788744 -0.01507565 0.01579963
v 0.01456933 -0.01525271 0.01303429
v 0.01114186 -0.01522373 0.01053202
v 0.00761976 -0.01506034 0.00828792
v 0.00401819 -0.01482836 0.00628287
v 0.00035269 -0.01458520 0.00448517
v -0.00336091 -0.01437784 0.00285253
v -0.00710656 -0.01424095 0.00133447
v -0.01087342 -0.01415228 0.00082653
v 0.01787458 -0.01341022 0.01724388
v 0.01455714 -0.01386436 0.01450954
v 0.01113039 -0.01408684 0.01201605
v 0.00760900 -0.01414944 0.00976576
v 0.00400811 -0.01411957 0.00774633
v 0.00034325 -0.01405758 0.00593203
v -0.00336978 -0.01401445 0.00428557
v -0.02557901 -0.00101380 -0.01417131
v -0.02562248 -0.00200737 -0.01411573
v -0.02727252 -0.00102092 -0.01420372
v -0.02487533 0.01275849 -0.00575838
v -0.02601354 0.01323485 -0.00463205
v -0.02482686 0.01323842 -0.00462561
v -0.01798777 -0.01114884 -0.00887699
v -0.01917445 -0.01115241 -0.00888343
v -0.01908263 -0.00982946 -0.01030755
v -0.01789594 -0.00982589 -0.01030111
v -0.01907312 -0.00969228 -0.01045523
v -0.01788642 -0.00968871 -0.01044878
v -0.01897074 -0.00799259 -0.01179955
v -0.01778404 -0.00798902 -0.01179310
v -0.01896655 -0.00791398 -0.01184407
v -0.01777986 -0.00791042 -0.01183763
v -0.01887027 -0.00610599 -0.01286814
v -0.01768358 -0.00610242 -0.01286169
v -0.01885331 -0.00574932 -0.01300331
v -0.01766662 -0.00574575 -0.01299687
v -0.01877482 -0.00409863 -0.01362892
v -0.01758814 -0.00409505 -0.01362248
v -0.01874422 -0.00341934 -0.01377336
v -0.01755753 -0.00341577 -0.01376691
v -0.01867965 -0.00198648 -0.01407803
v -0.01749296 -0.00198291 -0.01407158
v -0.01863618 -0.00099292 -0.01413361
v -0.01744950 -0.00098935 -0.01412717
v -0.01858480 0.00018129 -0.01419931
v -0.01739812 0.00018485 -0.01419286
v -0.01853053 0.00145927 -0.01407412
v -0.01734384 0.00146284 -0.01406767
v -0.01849362 0.00232842 -0.01398898
v -0.01730693 0.00233199 -0.01398253
v -0.01842832 0.00386581 -0.01359582
v -0.01724163 0.00386938 -0.01358937
v -0.01840521 0.00440992 -0.01345667
v -0.01721852 0.00441349 -0.01345022
v -0.01832661 0.00615583 -0.01271126
v -0.01713992 0.00615940 -0.01270482
v -0.01831538 0.00640525 -0.01260477
v -0.01712869 0.00640882 -0.01259833
v -0.01822712 0.00824387 -0.01145898
v -0.01704042 0.00824744 -0.01145253
v -0.01822624 0.00826061 -0.01144458
v -0.01703955 0.00826418 -0.01143814
v -0.01814249 0.00987061 -0.01006017
v -0.01695579 0.00987418 -0.01005373
v -0.01812904 0.01008937 -0.00980452
v -0.01694235 0.01009294 -0.00979808
v -0.01805604 0.01127719 -0.00841637
v -0.01686936 0.01128076 -0.00840992
v -0.01803061 0.01161035 -0.00787791
v -0.01684393 0.01161392 -0.00787147
v -0.01796887 0.01241945 -0.00657023
v -0.01678218 0.01242302 -0.00656379
v -0.01793251 0.01277938 -0.00572068
v -0.01674582 0.01278295 -0.00571423
v -0.01788401 0.01325930 -0.00458791
v -0.01669733 0.01326287 -0.00458146
v -0.01783532 0.01356135 -0.00339533
v -0.01664863 0.01356492 -0.00338888
v -0.01779880 0.01378787 -0.00250092
v -0.01661211 0.01379144 -0.00249447
v -0.01773627 0.01393331 -0.00097010
v -0.01654958 0.01393688 -0.00096365
v -0.01771052 0.01399319 -0.00033975
v -0.01652384 0.01399676 -0.00033331
v -0.01763599 0.01388548 0.00148400
v -0.01644930 0.01388905 0.00149044
v -0.01762226 0.01386565 0.00181987
v -0.01643558 0.01386922 0.00182632
v -0.01753608 0.01341928 0.00389569
v -0.01634939 0.01342285 0.00390213
v -0.01753519 0.01341464 0.00391727
v -0.01634849 0.01341821 0.00392372
v -0.01744383 0.01264194 0.00594107
v -0.01625714 0.01264551 0.00594752
v -0.01743215 0.01250756 0.00617661
v -0.01624546 0.01251112 0.00618305
v -0.01735036 0.01156681 0.00782535
v -0.01616367 0.01157038 0.00783179
v -0.01732619 0.01121735 0.00826494
v -0.01613951 0.01122092 0.00827139
v -0.01725792 0.01022993 0.00950702
v -0.01607123 0.01023350 0.00951347
v -0.01721922 0.00958886 0.01009994
v -0.01603253 0.00959243 0.01010638
v -0.01716232 0.00864623 0.01097176
v -0.01597563 0.00864980 0.01097821
v -0.01710840 0.00767097 0.01162879
v -0.01592171 0.00767454 0.01163523
v -0.01706277 0.00684575 0.01218473
v -0.01587609 0.00684932 0.01219118
v -0.01699496 0.00552003 0.01280758
v -0.01580827 0.00552360 0.01281402
v -0.01696279 0.00489154 0.01310286
v -0.01577611 0.00489511 0.01310930
v -0.01688036 0.00319836 0.01360155
v -0.01569367 0.00320193 0.01360800
v -0.01686254 0.00283251 0.01370931
v -0.01567586 0.00283608 0.01371575
v -0.01676170 0.00077329 0.01398552
v -0.01557501 0.00077687 0.01399196
v -0.01675730 0.00068376 0.01399752
v -0.01557062 0.00068734 0.01400397
v -0.01665036 -0.00148261 0.01395309
v -0.01546367 -0.00147904 0.01395954
v -0.01664044 -0.00168112 0.01391829
v -0.01545375 -0.00167756 0.01392473
v -0.01654479 -0.00359553 0.01358266
v -0.01535810 -0.00359196 0.01358911
v -0.01651872 -0.00408369 0.01341743
v -0.01533203 -0.00408012 0.01342387
v -0.01643552 -0.00564212 0.01288992
v -0.01524883 -0.00563855 0.01289636
v -0.01639355 -0.00636392 0.01251403
v -0.01520685 -0.00636035 0.01252047
v -0.01632360 -0.00756693 0.01188756
v -0.01513691 -0.00756336 0.01189400
v -0.01626697 -0.00845566 0.01123462
v -0.01508028 -0.00845209 0.01124106
v -0.01621296 -0.00930296 0.01061211
v -0.01502628 -0.00929939 0.01061855
v -0.01614050 -0.01029736 0.00961569
v -0.01495381 -0.01029379 0.00962214
v -0.01610233 -0.01082126 0.00909073
v -0.01491563 -0.01081769 0.00909718
v -0.01601213 -0.01183446 0.00770422
v -0.01482545 -0.01183089 0.00771067
v -0.01598840 -0.01210108 0.00733936
v -0.01480171 -0.01209752 0.00734580
v -0.01588338 -0.01302281 0.00555687
v -0.01469669 -0.01301924 0.00556332
v -0.01587516 -0.01309499 0.00541730
v -0.01468847 -0.01309142 0.00542374
v -0.01576498 -0.01377819 0.00338499
v -0.01457829 -0.01377462 0.00339143
v -0.01575681 -0.01380498 0.00323015
v -0.01457012 -0.01380141 0.00323659
v -0.01565247 -0.01414717 0.00125281
v -0.01446579 -0.01414360 0.00125925
v -0.01562904 -0.01415509 0.00080095
v -0.01444235 -0.01415152 0.00080740
v -0.01554002 -0.01418519 -0.00091610
v -0.01435333 -0.01418162 -0.00090965
v -0.01550258 -0.01408480 -0.00165096
v -0.01431589 -0.01408123 -0.00164452
v -0.01543151 -0.01389423 -0.00304580
v -0.01424482 -0.01389066 -0.00303936
v -0.01537887 -0.01359503 -0.00405380
v -0.01419218 -0.01359146 -0.00404735
v -0.01532366 -0.01328119 -0.00511108
v -0.01413698 -0.01327762 -0.00510463
v -0.01525583 -0.01270090 -0.00633715
v -0.01406913 -0.01269733 -0.00633070
v -0.01521512 -0.01235273 -0.00707279
v -0.01402842 -0.01234916 -0.00706634
v -0.01513484 -0.01142940 -0.00843474
v -0.01394816 -0.01142583 -0.00842830
v -0.01510970 -0.01114018 -0.00886135
v -0.01392301 -0.01113661 -0.00885491
v -0.01501787 -0.00981723 -0.01028548
v -0.01383119 -0.00981366 -0.01027904
v -0.01500835 -0.00968005 -0.01043316
v -0.01382166 -0.00967648 -0.01042671
v -0.01490597 -0.00798036 -0.01177747
v -0.01371929 -0.00797679 -0.01177103
v -0.01490179 -0.00790176 -0.01182200
v -0.01371510 -0.00789819 -0.01181555
v -0.01480551 -0.00609376 -0.01284606
v -0.01361882 -0.00609019 -0.01283962
v -0.01478855 -0.00573709 -0.01298124
v -0.01360186 -0.00573352 -0.01297480
v -0.01471007 -0.00408640 -0.01360685
v -0.01352338 -0.00408283 -0.01360041
v -0.01467945 -0.00340711 -0.01375129
v -0.01349276 -0.00340354 -0.01374484
v -0.01461490 -0.00197425 -0.01405595
v -0.01342821 -0.00197069 -0.01404951
v -0.01457142 -0.00098070 -0.01411154
v -0.01338474 -0.00097712 -0.01410510
v -0.01452005 0.00019351 -0.01417723
v -0.01333336 0.00019708 -0.01417079
v -0.01446577 0.00147150 -0.01405204
v -0.01327908 0.00147507 -0.01404560
v -0.01442886 0.00234064 -0.01396690
v -0.01324217 0.00234421 -0.01396046
v -0.01436356 0.00387803 -0.01357374
v -0.01317687 0.00388160 -0.01356730
v -0.01434045 0.00442215 -0.01343459
v -0.01315376 0.00442572 -0.01342815
v -0.01426184 0.00616806 -0.01268919
v -0.01307516 0.00617163 -0.01268275
v -0.01425062 0.00641748 -0.01258270
v -0.01306393 0.00642104 -0.01257626
v -0.01416235 0.00825610 -0.01143690
v -0.01297566 0.00825967 -0.01143046
v -0.01416148 0.00827284 -0.01142251
v -0.01297479 0.00827641 -0.01141606
v -0.01407772 0.00988283 -0.01003810
v -0.01289104 0.00988640 -0.01003166
v -0.01406428 0.01010159 -0.00978245
v -0.01287759 0.01010516 -0.00977600
v -0.01399128 0.01128941 -0.00839429
v -0.01280459 0.01129299 -0.00838785
v -0.01396586 0.01162258 -0.00785584
v -0.01277917 0.01162614 -0.00784940
v -0.01390411 0.01243168 -0.00654816
v -0.01271742 0.01243525 -0.00654172
v -0.01386775 0.01279160 -0.00569861
v -0.01268106 0.01279518 -0.00569216
v -0.01381926 0.01327153 -0.00456583
v -0.01263257 0.01327510 -0.00455939
v -0.01377056 0.01357357 -0.00337325
v -0.02596485 0.01353689 -0.00343947
v -0.02477816 0.01354046 -0.00343303
v -0.02592832 0.01376342 -0.00254506
v -0.02474163 0.01376699 -0.00253862
v -0.02586579 0.01390885 -0.00101424
v -0.02467910 0.01391242 -0.00100779
v -0.02584003 0.01396874 -0.00038390
v -0.02465335 0.01397231 -0.00037746
v -0.02576550 0.01386103 0.00143985
v -0.02457882 0.01386460 0.00144630
v -0.02575178 0.01384119 0.00177573
v -0.02456509 0.01384476 0.00178217
v -0.02566559 0.01339483 0.00385154
v -0.02447890 0.01339840 0.00385799
v -0.02566470 0.01339018 0.00387313
v -0.02447801 0.01339375 0.00387957
v -0.02557334 0.01261749 0.00589693
v -0.02438665 0.01262106 0.00590337
v -0.02556166 0.01248310 0.00613246
v -0.02437497 0.01248667 0.00613891
v -0.02547988 0.01154236 0.00778120
v -0.02429319 0.01154593 0.00778765
v -0.02545572 0.01119290 0.00822080
v -0.02426904 0.01119647 0.00822724
v -0.02538744 0.01020548 0.00946288
v -0.02420074 0.01020905 0.00946932
v -0.02534874 0.00956441 0.01005580
v -0.02416204 0.00956798 0.01006224
v -0.02529183 0.00862177 0.01092762
v -0.02410514 0.00862534 0.01093406
v -0.02523792 0.00764652 0.01158464
v -0.02405123 0.00765009 0.01159109
v -0.02519230 0.00682129 0.01214059
v -0.02400561 0.00682486 0.01214703
v -0.02512447 0.00549558 0.01276344
v -0.02393778 0.00549915 0.01276988
v -0.02509231 0.00486708 0.01305871
v -0.02390563 0.00487065 0.01306516
v -0.02500988 0.00317390 0.01355741
v -0.02382319 0.00317747 0.01356385
v -0.02499207 0.00280806 0.01366516
v -0.02380537 0.00281163 0.01367161
v -0.02489121 0.00074884 0.01394137
v -0.02370452 0.00075241 0.01394782
v -0.02488683 0.00065931 0.01395338
v -0.02370014 0.00066288 0.01395982
v -0.02477988 -0.00150706 0.01390895
v -0.02359319 -0.00150350 0.01391539
v -0.02476996 -0.00170558 0.01387414
v -0.02358327 -0.00170201 0.01388059
v -0.02467431 -0.00361999 0.01353852
v -0.02348761 -0.00361642 0.01354496
v -0.02464824 -0.00410814 0.01337328
v -0.02346155 -0.00410457 0.01337973
v -0.02456504 -0.00566658 0.01284577
v -0.02337834 -0.00566301 0.01285222
v -0.02452306 -0.00638838 0.01246989
v -0.02333638 -0.00638481 0.01247633
v -0.02445311 -0.00759138 0.01184341
v -0.02326643 -0.00758781 0.01184986
v -0.02439648 -0.00848011 0.01119047
v -0.02320980 -0.00847654 0.01119692
v -0.02434249 -0.00932741 0.01056797
v -0.02315580 -0.00932385 0.01057441
v -0.02427002 -0.01032182 0.00957155
v -0.02308333 -0.01031825 0.00957799
v -0.02423183 -0.01084572 0.00904659
v -0.02304515 -0.01084215 0.00905303
v -0.02414166 -0.01185891 0.00766008
v -0.02295497 -0.01185534 0.00766652
v -0.02411792 -0.01212554 0.00729521
v -0.02293124 -0.01212197 0.00730166
v -0.02401290 -0.01304727 0.00551273
v -0.02282621 -0.01304370 0.00551917
v -0.02400467 -0.01311945 0.00537315
v -0.02281799 -0.01311587 0.00537960
v -0.02389449 -0.01380264 0.00334084
v -0.02270781 -0.01379907 0.00334729
v -0.02388632 -0.01382943 0.00318601
v -0.02269964 -0.01382586 0.00319245
v -0.02378198 -0.01417162 0.00120866
v -0.02259529 -0.01416805 0.00121511
v -0.02375856 -0.01417954 0.00075681
v -0.02257186 -0.01417597 0.00076325
v -0.02366954 -0.01420964 -0.00096024
v -0.02248285 -0.01420608 -0.00095380
v -0.02363209 -0.01410925 -0.00169511
v -0.02244541 -0.01410568 -0.00168867
v -0.02356103 -0.01391869 -0.00308995
v -0.02237434 -0.01391512 -0.00308350
v -0.02350839 -0.01361949 -0.00409794
v -0.02232170 -0.01361592 -0.00409150
v -0.02345319 -0.01330565 -0.00515522
v -0.02226650 -0.01330208 -0.00514878
v -0.02338534 -0.01272536 -0.00638129
v -0.02219865 -0.01272179 -0.00637485
v -0.02334464 -0.01237719 -0.00711693
v -0.02215794 -0.01237362 -0.00711049
v -0.02326437 -0.01145386 -0.00847889
v -0.02207767 -0.01145029 -0.00847245
v -0.02323922 -0.01116464 -0.00890550
v -0.02205252 -0.01116107 -0.00889906
v -0.02314739 -0.00984169 -0.01032963
v -0.02196070 -0.00983812 -0.01032318
v -0.02313787 -0.00970450 -0.01047730
v -0.02195118 -0.00970093 -0.01047086
v -0.02303550 -0.00800482 -0.01182161
v -0.02184881 -0.00800125 -0.01181517
v -0.02303131 -0.00792621 -0.01186614
v -0.02184462 -0.00792264 -0.01185970
v -0.02293502 -0.00611821 -0.01289021
v -0.02174834 -0.00611464 -0.01288376
v -0.02291807 -0.00576155 -0.01302538
v -0.02173137 -0.00575798 -0.01301894
v -0.02283959 -0.00411085 -0.01365100
v -0.02165290 -0.00410728 -0.01364455
v -0.02280897 -0.00343157 -0.01379543
v -0.02162229 -0.00342800 -0.01378899
v -0.02274441 -0.00199871 -0.01410010
v -0.02155772 -0.00199514 -0.01409366
v -0.02270094 -0.00100515 -0.01415569
v -0.02151425 -0.00100158 -0.01414924
v -0.02264957 0.00016906 -0.01422137
v -0.02146288 0.00017263 -0.01421493
v -0.02259529 0.00144704 -0.01409619
v -0.02140860 0.00145062 -0.01408975
v -0.02255837 0.00231619 -0.01401105
v -0.02137168 0.00231976 -0.01400461
v -0.02249308 0.00385358 -0.01361789
v -0.02130639 0.00385715 -0.01361144
v -0.02246997 0.00439770 -0.01347874
v -0.02128329 0.00440126 -0.01347230
v -0.02239137 0.00614361 -0.01273333
v -0.02120468 0.00614718 -0.01272689
v -0.02238014 0.00639302 -0.01262684
v -0.02119345 0.00639659 -0.01262040
v -0.02229187 0.00823164 -0.01148105
v -0.02110518 0.00823521 -0.01147460
v -0.02229100 0.00824839 -0.01146665
v -0.02110431 0.00825195 -0.01146021
v -0.02220724 0.00985838 -0.01008225
v -0.02102056 0.00986195 -0.01007580
v -0.02219380 0.01007713 -0.00982659
v -0.02100711 0.01008071 -0.00982015
v -0.02212080 0.01126496 -0.00843844
v -0.02093412 0.01126853 -0.00843199
v -0.02209537 0.01159812 -0.00789998
v -0.02090869 0.01160169 -0.00789354
v -0.02203363 0.01240722 -0.00659230
v -0.02084693 0.01241079 -0.00658586
v -0.02199726 0.01276715 -0.00574275
v -0.02081057 0.01277072 -0.00573631
v -0.02194878 0.01324708 -0.00460998
v -0.02076209 0.01325065 -0.00460353
v -0.02190009 0.01354912 -0.00341740
v -0.02071339 0.01355269 -0.00341095
v -0.02186356 0.01377565 -0.00252299
v -0.02067687 0.01377922 -0.00251655
v -0.02180103 0.01392108 -0.00099217
v -0.02061434 0.01392465 -0.00098572
v -0.02177528 0.01398097 -0.00036183
v -0.02058859 0.01398454 -0.00035538
v -0.02170075 0.01387325 0.00146193
v -0.02051406 0.01387683 0.00146837
v -0.02168702 0.01385342 0.00179780
v -0.02050033 0.01385699 0.00180424
v -0.02160083 0.01340705 0.00387362
v -0.02041414 0.01341062 0.00388006
v -0.02159994 0.01340241 0.00389520
v -0.02041325 0.01340598 0.00390164
v -0.02150859 0.01262972 0.00591900
v -0.02032190 0.01263329 0.00592544
v -0.02149691 0.01249533 0.00615454
v -0.02031022 0.01249890 0.00616098
v -0.02141512 0.01155459 0.00780328
v -0.02022844 0.01155816 0.00780972
v -0.02139096 0.01120512 0.00824287
v -0.02020427 0.01120869 0.00824932
v -0.02132268 0.01021770 0.00948495
v -0.02013599 0.01022127 0.00949139
v -0.02128397 0.00957663 0.01007787
v -0.02009729 0.00958020 0.01008431
v -0.02122707 0.00863400 0.01094969
v -0.02004038 0.00863757 0.01095614
v -0.02117315 0.00765874 0.01160672
v -0.01998647 0.00766231 0.01161316
v -0.02112754 0.00683352 0.01216266
v -0.01994085 0.00683709 0.01216910
v -0.02105970 0.00550780 0.01278551
v -0.01987302 0.00551137 0.01279195
v -0.02102755 0.00487931 0.01308079
v -0.01984086 0.00488288 0.01308723
v -0.02094512 0.00318613 0.01357948
v -0.01975843 0.00318970 0.01358593
v -0.02092731 0.00282028 0.01368724
v -0.01974061 0.00282386 0.01369368
v -0.02082645 0.00076107 0.01396345
v -0.01963976 0.00076464 0.01396989
v -0.02082207 0.00067154 0.01397545
v -0.01963538 0.00067511 0.01398189
v -0.02071512 -0.00149484 0.01393102
v -0.01952842 -0.00149127 0.01393746
v -0.02070520 -0.00169335 0.01389622
v -0.01951852 -0.00168978 0.01390266
v -0.02060955 -0.00360776 0.01356059
v -0.01942286 -0.00360419 0.01356704
v -0.02058349 -0.00409592 0.01339536
v -0.01939680 -0.00409235 0.01340180
v -0.02050027 -0.00565435 0.01286784
v -0.01931359 -0.00565078 0.01287429
v -0.02045830 -0.00637615 0.01249196
v -0.01927161 -0.00637258 0.01249840
v -0.02038836 -0.00757915 0.01186548
v -0.01920167 -0.00757559 0.01187193
v -0.02033172 -0.00846788 0.01121254
v -0.01914503 -0.00846432 0.01121899
v -0.02027773 -0.00931519 0.01059004
v -0.01909104 -0.00931162 0.01059648
v -0.02020526 -0.01030959 0.00959362
v -0.01901858 -0.01030602 0.00960007
v -0.02016708 -0.01083349 0.00906866
v -0.01898040 -0.01082992 0.00907510
v -0.02007690 -0.01184668 0.00768215
v -0.01889021 -0.01184311 0.00768860
v -0.02005316 -0.01211332 0.00731729
v -0.01886647 -0.01210974 0.00732373
v -0.01994814 -0.01303504 0.00553480
v -0.01876145 -0.01303147 0.00554124
v -0.01993992 -0.01310722 0.00539522
v -0.01875323 -0.01310365 0.00540167
v -0.01982974 -0.01379041 0.00336292
v -0.01864305 -0.01378684 0.00336936
v -0.01982157 -0.01381721 0.00320808
v -0.01863488 -0.01381364 0.00321452
v -0.01971723 -0.01415940 0.00123074
v -0.01853054 -0.01415583 0.00123718
v -0.01969380 -0.01416732 0.00077888
v -0.01850711 -0.01416374 0.00078533
v -0.01960477 -0.01419742 -0.00093817
v -0.01841809 -0.01419385 -0.00093173
v -0.01956734 -0.01409702 -0.00167304
v -0.01838065 -0.01409345 -0.00166659
v -0.01949627 -0.01390646 -0.00306788
v -0.01830958 -0.01390289 -0.00306143
v -0.01944363 -0.01360726 -0.00407587
v -0.01825694 -0.01360369 -0.00406943
v -0.01938842 -0.01329342 -0.00513315
v -0.01820173 -0.01328985 -0.00512671
v -0.01932058 -0.01271313 -0.00635922
v -0.01813390 -0.01270956 -0.00635277
v -0.01927987 -0.01236496 -0.00709486
v -0.01809319 -0.01236139 -0.00708842
v -0.01919960 -0.01144163 -0.00845682
v -0.01801292 -0.01143806 -0.00845037
v -0.01373404 0.01380010 -0.00247885
v -0.01367151 0.01394554 -0.00094802
v -0.01364576 0.01400542 -0.00031768
v -0.01357123 0.01389771 0.00150607
v -0.01355751 0.01387787 0.00184195
v -0.01347131 0.01343151 0.00391776
v -0.01347042 0.01342686 0.00393934
v -0.01337907 0.01265417 0.00596314
v -0.01336739 0.01251978 0.00619868
v -0.01328560 0.01157904 0.00784742
v -0.01326144 0.01122958 0.00828702
v -0.01319316 0.01024216 0.00952909
v -0.01315446 0.00960109 0.01012201
v -0.01299802 0.00685798 0.01220680
v -0.01293019 0.00553226 0.01282965
v -0.01289804 0.00490376 0.01312493
v -0.01309755 0.00865846 0.01099384
v -0.01304364 0.00768320 0.01165086
v -0.01281560 0.00321059 0.01362363
v -0.01279779 0.00284474 0.01373138
v -0.01269693 0.00078553 0.01400759
v -0.01269255 0.00069599 0.01401959
v -0.01258560 -0.00147038 0.01397517
v -0.01257568 -0.00166890 0.01394036
v -0.01248003 -0.00358330 0.01360474
v -0.01245397 -0.00407146 0.01343950
v -0.01237076 -0.00562989 0.01291199
v -0.01232878 -0.00635169 0.01253610
v -0.01225884 -0.00755470 0.01190963
v -0.01220220 -0.00844343 0.01125669
v -0.01214821 -0.00929073 0.01063418
v -0.01207574 -0.01028513 0.00963777
v -0.01203756 -0.01080904 0.00911280
v -0.01194737 -0.01182223 0.00772629
v -0.01192364 -0.01208886 0.00736143
v -0.01181862 -0.01301058 0.00557894
v -0.01181040 -0.01308277 0.00543937
v -0.01170021 -0.01376596 0.00340706
v -0.01169205 -0.01379275 0.00325222
v -0.01158771 -0.01413494 0.00127488
v -0.01156428 -0.01414286 0.00082303
v -0.01147526 -0.01417296 -0.00089402
v -0.01143781 -0.01407257 -0.00162889
v -0.01136675 -0.01388201 -0.00302373
v -0.01131411 -0.01358280 -0.00403173
v -0.01125890 -0.01326897 -0.00508901
v -0.01119106 -0.01268867 -0.00631507
v -0.01115036 -0.01234050 -0.00705072
v -0.01107008 -0.01141718 -0.00841267
v -0.01095311 -0.00980501 -0.01026341
v -0.01104494 -0.01112795 -0.00883928
v -0.01089001 -0.00880827 -0.01114396
v -0.01083697 -0.00789232 -0.01180496
v -0.01094359 -0.00966782 -0.01041108
v -0.01084122 -0.00796814 -0.01175540
v -0.02525821 0.00638436 -0.01264247
v -0.02730180 0.00613601 -0.01277682
v -0.02731207 0.00779774 -0.01180466
v -0.02516994 0.00822298 -0.01149668
v -0.02731513 0.00821806 -0.01147445
v -0.02516907 0.00823973 -0.01148228
v -0.02732309 0.00931162 -0.01061529
v -0.02508531 0.00984972 -0.01009787
v -0.02732950 0.01005491 -0.00984610
v -0.02507187 0.01006848 -0.00984222
v -0.02733464 0.01064944 -0.00923086
v -0.02499887 0.01125630 -0.00845407
v -0.02734451 0.01159697 -0.00793588
v -0.02497345 0.01158946 -0.00791561
v -0.02734649 0.01178628 -0.00767716
v -0.02491170 0.01239856 -0.00660793
v -0.02735844 0.01270097 -0.00598312
v -0.02735976 0.01277942 -0.00578415
v -0.02736733 0.01323078 -0.00463940
v -0.02727720 0.00058348 -0.01423104
v -0.02552765 0.00016040 -0.01423701
v -0.02728031 0.00143295 -0.01412899
v -0.02547336 0.00143839 -0.01411182
v -0.02728420 0.00249497 -0.01400141
v -0.02543645 0.00230753 -0.01402668
v -0.02729016 0.00384030 -0.01364906
v -0.02537115 0.00384492 -0.01363352
v -0.02729245 0.00435737 -0.01351363
v -0.02534804 0.00438904 -0.01349437
v -0.02526944 0.00613495 -0.01274896
v -0.02727158 -0.00134147 -0.01419826
v -0.02726747 -0.00324403 -0.01390367
v -0.02568705 -0.00344022 -0.01381106
v -0.02726718 -0.00344878 -0.01384252
v -0.02571766 -0.00411951 -0.01366662
v -0.02726491 -0.00508877 -0.01335276
v -0.02579614 -0.00577021 -0.01304101
v -0.02726454 -0.00577016 -0.01304289
v -0.02581310 -0.00612687 -0.01290584
v -0.02726396 -0.00684131 -0.01255579
v -0.02590938 -0.00793487 -0.01188177
v -0.02726441 -0.00792663 -0.01187022
v -0.02591357 -0.00801348 -0.01183724
v -0.02726465 -0.00846900 -0.01152761
v -0.02601594 -0.00971316 -0.01049293
v -0.02726682 -0.00985984 -0.01035619
v -0.02602546 -0.00985034 -0.01034525
v -0.02726696 -0.00994154 -0.01028738
v -0.02611728 -0.01117329 -0.00892113
v -0.02727083 -0.01123148 -0.00885819
v -0.02614244 -0.01146252 -0.00849452
v -0.02727203 -0.01147206 -0.00850476
v -0.02622270 -0.01238585 -0.00713256
v -0.02727622 -0.01231481 -0.00726667
v -0.02626341 -0.01273402 -0.00639692
v -0.02727961 -0.01274307 -0.00640457
v -0.02633125 -0.01331431 -0.00517085
v -0.02728300 -0.01317133 -0.00554248
v -0.02638646 -0.01362814 -0.00411357
v -0.02728927 -0.01364879 -0.00412294
v -0.02643909 -0.01392734 -0.00310557
v -0.02729107 -0.01378509 -0.00371771
v -0.02651017 -0.01411791 -0.00171074
v -0.02730025 -0.01414467 -0.00182637
v -0.02730082 -0.01415014 -0.00171969
v -0.02654761 -0.01421830 -0.00097587
v -0.02663663 -0.01418820 0.00074118
v -0.02731040 -0.01424336 0.00009632
v -0.02731403 -0.01418870 0.00073550
v -0.02666006 -0.01418028 0.00119303
v -0.02732131 -0.01407931 0.00201453
v -0.02676439 -0.01383809 0.00317038
v -0.02732832 -0.01382034 0.00316235
v -0.02677256 -0.01381130 0.00332521
v -0.02733278 -0.01365560 0.00389252
v -0.02688275 -0.01312810 0.00535752
v -0.02734329 -0.01305508 0.00549524
v -0.02689097 -0.01305593 0.00549710
v -0.02734459 -0.01298011 0.00569533
v -0.02699600 -0.01213420 0.00727959
v -0.02735655 -0.01206542 0.00738937
v -0.02701973 -0.01186757 0.00764445
v -0.02735853 -0.01187612 0.00764810
v -0.02710991 -0.01085437 0.00903096
v -0.02736841 -0.01092859 0.00894307
v -0.02714810 -0.01033048 0.00955592
v -0.02737354 -0.01033406 0.00955832
v -0.02722057 -0.00933607 0.01055234
v -0.02737995 -0.00959076 0.01032751
v -0.02727455 -0.00848877 0.01117484
v -0.02738790 -0.00849720 0.01118666
v -0.02739096 -0.00807689 0.01151688
v -0.02733119 -0.00760004 0.01182778
v -0.02740124 -0.00641515 0.01248903
v 0.07625636 -0.00134045 0.00287415
v 0.07625782 -0.00155746 0.00272643
v 0.07639325 0.00017251 0.00041946
v 0.07625934 -0.00176014 0.00255960
v 0.07626091 -0.00194681 0.00237503
v 0.07626250 -0.00211592 0.00217425
v 0.07626412 -0.00226607 0.00195891
v 0.07626575 -0.00239602 0.00173082
v 0.07626738 -0.00250470 0.00149185
v 0.07626899 -0.00259118 0.00124399
v 0.07627056 -0.00265477 0.00098930
v 0.07627208 -0.00269494 0.00072987
v 0.07627355 -0.00271135 0.00046787
v 0.07627496 -0.00270385 0.00020546
v 0.07627627 -0.00267254 -0.00005518
v 0.07627751 -0.00261765 -0.00031189
v 0.07627863 -0.00253965 -0.00056255
v 0.07627966 -0.00243917 -0.00080508
v 0.07628054 -0.00231706 -0.00103747
v 0.07628132 -0.00217432 -0.00125779
v 0.07628193 -0.00201214 -0.00146421
v 0.07628243 -0.00183186 -0.00165504
v 0.07628278 -0.00163497 -0.00182868
v 0.07628300 -0.00142310 -0.00198370
v 0.07628305 -0.00119802 -0.00211880
v 0.07628296 -0.00096159 -0.00223289
v 0.07628272 -0.00071577 -0.00232500
v 0.07628233 -0.00046257 -0.00239437
v 0.07628181 -0.00020413 -0.00244044
v 0.07628114 0.00005743 -0.00246281
v 0.07628033 0.00031995 -0.00246130
v 0.07627942 0.00058124 -0.00243593
v 0.07627837 0.00083913 -0.00238691
v 0.07627722 0.00109150 -0.00231463
v 0.07627597 0.00133626 -0.00221971
v 0.07627463 0.00157136 -0.00210293
v 0.07627322 0.00179488 -0.00196524
v 0.07627174 0.00200494 -0.00180781
v 0.07627018 0.00219982 -0.00163192
v 0.07626861 0.00237790 -0.00143903
v 0.07626699 0.00253769 -0.00123076
v 0.07626536 0.00267789 -0.00100882
v 0.07626374 0.00279732 -0.00077505
v 0.07626211 0.00289500 -0.00053139
v 0.07626053 0.00297012 -0.00027985
v 0.07625896 0.00302205 -0.00002252
v 0.07625747 0.00305037 0.00023846
v 0.07625604 0.00305483 0.00050094
v 0.07625467 0.00303542 0.00076274
v 0.07625339 0.00299227 0.00102168
v 0.07625221 0.00292575 0.00127563
v 0.07625114 0.00283641 0.00152248
v 0.07625019 0.00272501 0.00176018
v 0.07624935 0.00259245 0.00198678
v 0.07624866 0.00243982 0.00220037
v 0.07624809 0.00226842 0.00239920
v 0.07624767 0.00207963 0.00258162
v 0.07624739 0.00187504 0.00274612
v 0.07624726 0.00165634 0.00289133
v 0.07624728 0.00142535 0.00301606
v 0.07624745 0.00118396 0.00311926
v 0.07624776 0.00093420 0.00320009
v 0.07624821 0.00067812 0.00325787
v 0.07624880 0.00041785 0.00329212
v 0.07624955 0.00015554 0.00330257
v 0.07625040 -0.00010664 0.00328912
v 0.07625139 -0.00036650 0.00325188
v 0.07625248 -0.00062190 0.00319116
v 0.07625370 -0.00087072 0.00310748
v 0.07625499 -0.00111090 0.00300151
v 0.02648271 -0.00994256 0.02584212
v 0.02647121 -0.00756487 0.02664181
v 0.02646072 -0.00512430 0.02722198
v 0.02645132 -0.00264109 0.02757781
v 0.02644309 -0.00013580 0.02770635
v 0.02643609 0.00237081 0.02760655
v 0.02643038 0.00485795 0.02727924
v 0.02642602 0.00730503 0.02672709
v 0.02642303 0.00969177 0.02595473
v 0.02642145 0.01199839 0.02496853
v 0.02642128 0.01420576 0.02377666
v 0.02642253 0.01629562 0.02238901
v 0.02642518 0.01825063 0.02081707
v 0.02642922 0.02005461 0.01907387
v 0.02643462 0.02169258 0.01717386
v 0.02644131 0.02315100 0.01513277
v 0.02644926 0.02441777 0.01296752
v 0.02645839 0.02548239 0.01069605
v 0.02646863 0.02633605 0.00833719
v 0.02647990 0.02697166 0.00591047
v 0.02649209 0.02738397 0.00343602
v 0.02650512 0.02756955 0.00093433
v 0.02651887 0.02752688 -0.00157387
v 0.02653323 0.02725629 -0.00406780
v 0.02654807 0.02676003 -0.00652678
v 0.02656329 0.02604223 -0.00893044
v 0.02657873 0.02510882 -0.01125887
v 0.02659430 0.02396754 -0.01349276
v 0.02660984 0.02262783 -0.01561362
v 0.02662524 0.02110082 -0.01760386
v 0.02664037 0.01939915 -0.01944700
v 0.02665510 0.01753692 -0.02112776
v 0.02666931 0.01552956 -0.02263221
v 0.02668287 0.01339370 -0.02394789
v 0.02669569 0.01114705 -0.02506389
v 0.02670766 0.00880822 -0.02597098
v 0.02671866 0.00639659 -0.02666162
v 0.02672862 0.00393215 -0.02713010
v 0.02673745 0.00143530 -0.02737254
v 0.02674507 -0.00107324 -0.02738693
v 0.02675143 -0.00357271 -0.02717315
v 0.02675647 -0.00604238 -0.02673296
v 0.02676015 -0.00846179 -0.02607002
v 0.02676243 -0.01081090 -0.02518982
v 0.02676331 -0.01307025 -0.02409966
v 0.02676277 -0.01522109 -0.02280857
v 0.02676081 -0.01724562 -0.02132724
v 0.02675746 -0.01912707 -0.01966795
v 0.02675274 -0.02084983 -0.01784446
v 0.02674669 -0.02239963 -0.01587186
v 0.02673936 -0.02376364 -0.01376650
v 0.02673081 -0.02493054 -0.01154584
v 0.02672112 -0.02589067 -0.00922827
v 0.02671036 -0.02663608 -0.00683300
v 0.02669861 -0.02716058 -0.00437988
v 0.02668599 -0.02745984 -0.00188922
v 0.02667259 -0.02753137 0.00061832
v 0.02665852 -0.02737458 0.00312198
v 0.02664391 -0.02699075 0.00560100
v 0.02662886 -0.02638310 0.00803484
v 0.02661351 -0.02555663 0.01040334
v 0.02659799 -0.02451821 0.01268687
v 0.02658242 -0.02327643 0.01486650
v 0.02656693 -0.02184158 0.01692418
v 0.02655165 -0.02022557 0.01884286
v 0.02653670 -0.01844178 0.02060664
v 0.02652222 -0.01650496 0.02220089
v 0.02650831 -0.01443121 0.02361243
v 0.02649511 -0.01223768 0.02482953
v 0.02901543 -0.01517014 0.02483785
v 0.02903005 -0.01735100 0.02335341
v 0.02904528 -0.01938782 0.02167682
v 0.02906100 -0.02126375 0.01982196
v 0.02907707 -0.02296323 0.01780419
v 0.02909335 -0.02447217 0.01564024
v 0.02910974 -0.02577808 0.01334804
v 0.02912606 -0.02687014 0.01094657
v 0.02914220 -0.02773929 0.00845575
v 0.02915802 -0.02837834 0.00589620
v 0.02917339 -0.02878197 0.00328915
v 0.02918818 -0.02894687 0.00065620
v 0.02920227 -0.02887164 -0.00198085
v 0.02921555 -0.02855693 -0.00460014
v 0.02922790 -0.02800533 -0.00717996
v 0.02923922 -0.02722143 -0.00969893
v 0.02924942 -0.02621172 -0.01213620
v 0.02925841 -0.02498454 -0.01447154
v 0.02926612 -0.02355010 -0.01668563
v 0.02927248 -0.02192025 -0.01876010
v 0.02927744 -0.02010851 -0.02067778
v 0.02928097 -0.01812991 -0.02242276
v 0.02928302 -0.01600081 -0.02398059
v 0.02928359 -0.01373888 -0.02533837
v 0.02928267 -0.01136285 -0.02648483
v 0.02928026 -0.00889242 -0.02741048
v 0.02927639 -0.00634806 -0.02810766
v 0.02927110 -0.00375084 -0.02857058
v 0.02926441 -0.00112228 -0.02879541
v 0.02925639 0.00151582 -0.02878027
v 0.02924711 0.00414161 -0.02852532
v 0.02923664 0.00673333 -0.02803264
v 0.02922507 0.00926951 -0.02730633
v 0.02921248 0.01172913 -0.02635240
v 0.02919900 0.01409181 -0.02517876
v 0.02918473 0.01633797 -0.02379513
v 0.02916979 0.01844901 -0.02221298
v 0.02915430 0.02040742 -0.02044542
v 0.02913840 0.02219697 -0.01850709
v 0.02912220 0.02380284 -0.01641406
v 0.02910585 0.02521173 -0.01418366
v 0.02908949 0.02641196 -0.01183440
v 0.02907323 0.02739358 -0.00938572
v 0.02905724 0.02814846 -0.00685791
v 0.02904163 0.02867034 -0.00427194
v 0.02902653 0.02895490 -0.00164922
v 0.02901206 0.02899978 0.00098852
v 0.02899837 0.02880462 0.00361941
v 0.02898555 0.02837102 0.00622166
v 0.02897370 0.02770257 0.00877371
v 0.02896293 0.02680483 0.01125439
v 0.02895333 0.02568522 0.01364317
v 0.02894497 0.02435303 0.01592025
v 0.02893792 0.02281930 0.01806675
v 0.02893225 0.02109672 0.02006490
v 0.02892801 0.01919958 0.02189813
v 0.02892521 0.01714360 0.02355125
v 0.02892390 0.01494581 0.02501057
v 0.02892408 0.01262443 0.02626398
v 0.02892574 0.01019869 0.02730112
v 0.02892888 0.00768869 0.02811338
v 0.02893347 0.00511523 0.02869403
v 0.02893947 0.00249963 0.02903826
v 0.02894683 -0.00013643 0.02914321
v 0.02895549 -0.00277111 0.02900803
v 0.02896537 -0.00538257 0.02863381
v 0.02897641 -0.00794918 0.02802368
v 0.02898850 -0.01044967 0.02718270
v 0.02900155 -0.01286332 0.02611781
v 0.03163953 -0.01578898 0.02586953
v 0.03165475 -0.01805977 0.02432390
v 0.03167062 -0.02018058 0.02257818
v 0.03168698 -0.02213385 0.02064683
v 0.03170371 -0.02390340 0.01854587
v 0.03172067 -0.02547456 0.01629268
v 0.03173772 -0.02683432 0.01390596
v 0.03175472 -0.02797140 0.01140548
v 0.03177153 -0.02887639 0.00881196
v 0.03178800 -0.02954178 0.00614688
v 0.03180400 -0.02996207 0.00343233
v 0.03181941 -0.03013377 0.00069081
v 0.03183408 -0.03005543 -0.00205497
v 0.03184791 -0.02972775 -0.00478225
v 0.03186077 -0.02915342 -0.00746845
v 0.03187255 -0.02833719 -0.01009129
v 0.03188317 -0.02728583 -0.01262904
v 0.03189253 -0.02600806 -0.01506068
v 0.03190055 -0.02451447 -0.01736606
v 0.03190718 -0.02281742 -0.01952606
v 0.03191235 -0.02093098 -0.02152281
v 0.03191601 -0.01887079 -0.02333974
v 0.03191815 -0.01665392 -0.02496181
v 0.03191875 -0.01429872 -0.02637557
v 0.03191779 -0.01182472 -0.02756930
v 0.03191528 -0.00925243 -0.02853313
v 0.03191126 -0.00660315 -0.02925905
v 0.03190574 -0.00389884 -0.02974105
v 0.03189877 -0.00116191 -0.02997516
v 0.03189043 0.00158497 -0.02995940
v 0.03188076 0.00431903 -0.02969392
v 0.03186986 0.00701762 -0.02918093
v 0.03185781 0.00965837 -0.02842467
v 0.03184471 0.01221941 -0.02743141
v 0.03183068 0.01467951 -0.02620937
v 0.03181581 0.01701829 -0.02476870
v 0.03180026 0.01921636 -0.02312131
v 0.03178413 0.02125551 -0.02128087
v 0.03176757 0.02311886 -0.01926262
v 0.03175070 0.02479095 -0.01708328
v 0.03173367 0.02625793 -0.01476093
v 0.03171663 0.02750765 -0.01231479
v 0.03169972 0.02852974 -0.00976515
v 0.03168305 0.02931574 -0.00713312
v 0.03166680 0.02985914 -0.00444052
v 0.03165109 0.03015544 -0.00170966
v 0.03163603 0.03020217 0.00103684
v 0.03162176 0.02999895 0.00377621
v 0.03160841 0.02954748 0.00648576
v 0.03159607 0.02885147 0.00914303
v 0.03158486 0.02791671 0.01172600
v 0.03157486 0.02675094 0.01421328
v 0.03156616 0.02536382 0.01658424
v 0.03155883 0.02376685 0.01881925
v 0.03155293 0.02197325 0.02089978
v 0.03154850 0.01999788 0.02280860
v 0.03154559 0.01785713 0.02452989
v 0.03154423 0.01556872 0.02604937
v 0.03154441 0.01315162 0.02735447
v 0.03154615 0.01062586 0.02843437
v 0.03154942 0.00801237 0.02928012
v 0.03155419 0.00533280 0.02988471
v 0.03156044 0.00260935 0.03024313
v 0.03156810 -0.00013540 0.03035242
v 0.03157712 -0.00287871 0.03021165
v 0.03158741 -0.00559785 0.02982202
v 0.03159890 -0.00827029 0.02918674
v 0.03161149 -0.01087388 0.02831107
v 0.03162507 -0.01338706 0.02720227
v 0.03435995 -0.01628288 0.02669936
v 0.03437567 -0.01862568 0.02510469
v 0.03439203 -0.02081378 0.02330359
v 0.03440891 -0.02282901 0.02131097
v 0.03442618 -0.02465470 0.01914336
v 0.03444367 -0.02627570 0.01681870
v 0.03446126 -0.02767859 0.01435627
v 0.03447880 -0.02885175 0.01177647
v 0.03449614 -0.02978544 0.00910067
v 0.03451314 -0.03047194 0.00635105
v 0.03452965 -0.03090556 0.00355039
v 0.03454553 -0.03108270 0.00072190
v 0.03456068 -0.03100189 -0.00211098
v 0.03457494 -0.03066381 -0.00492478
v 0.03458821 -0.03007125 -0.00769618
v 0.03460037 -0.02922914 -0.01040223
v 0.03461132 -0.02814442 -0.01302049
v 0.03462098 -0.02682612 -0.01552927
v 0.03462926 -0.02528514 -0.01790778
v 0.03463610 -0.02353426 -0.02013630
v 0.03464143 -0.02158798 -0.02219639
v 0.03464521 -0.01946244 -0.02407096
v 0.03464742 -0.01717524 -0.02574449
v 0.03464803 -0.01474532 -0.02720310
v 0.03464704 -0.01219285 -0.02843470
v 0.03464446 -0.00953896 -0.02942909
v 0.03464030 -0.00680564 -0.03017804
v 0.03463461 -0.00401553 -0.03067534
v 0.03462743 -0.00119178 -0.03091687
v 0.03461881 0.00164223 -0.03090061
v 0.03460884 0.00446303 -0.03062672
v 0.03459759 0.00724722 -0.03009745
v 0.03458516 0.00997174 -0.02931720
v 0.03457165 0.01261403 -0.02829243
v 0.03455716 0.01515216 -0.02703163
v 0.03454183 0.01756513 -0.02554525
v 0.03452578 0.01983294 -0.02384560
v 0.03450914 0.02193678 -0.02194678
v 0.03449205 0.02385923 -0.01986451
v 0.03447466 0.02558437 -0.01761603
v 0.03445709 0.02709788 -0.01522001
v 0.03443951 0.02838724 -0.01269627
v 0.03442205 0.02944176 -0.01006575
v 0.03440487 0.03025270 -0.00735023
v 0.03438810 0.03081333 -0.00457221
v 0.03437188 0.03111903 -0.00175472
v 0.03435634 0.03116724 0.00107891
v 0.03434163 0.03095759 0.00390518
v 0.03432785 0.03049178 0.00670068
v 0.03431512 0.02977370 0.00944224
v 0.03430355 0.02880928 0.01210716
v 0.03429324 0.02760654 0.01467333
v 0.03428426 0.02617541 0.01711951
v 0.03427669 0.02452777 0.01942542
v 0.03427061 0.02267727 0.02157195
v 0.03426604 0.02063925 0.02354132
v 0.03426304 0.01843059 0.02531721
v 0.03426163 0.01606958 0.02688490
v 0.03426182 0.01357581 0.02823140
v 0.03426361 0.01096992 0.02934556
v 0.03426698 0.00827352 0.03021814
v 0.03427191 0.00550895 0.03084191
v 0.03427836 0.00269911 0.03121169
v 0.03428626 -0.00013271 0.03132445
v 0.03429557 -0.00296305 0.03117922
v 0.03430618 -0.00576845 0.03077723
v 0.03431804 -0.00852566 0.03012180
v 0.03433102 -0.01121185 0.02921835
v 0.03434504 -0.01380475 0.02807438
v 0.03715529 -0.01664791 0.02732078
v 0.03717136 -0.01904430 0.02568965
v 0.03718809 -0.02128244 0.02384735
v 0.03720535 -0.02334376 0.02180916
v 0.03722301 -0.02521120 0.01959198
v 0.03724092 -0.02686927 0.01721416
v 0.03725890 -0.02830426 0.01469541
v 0.03727685 -0.02950424 0.01205661
v 0.03729458 -0.03045929 0.00931961
v 0.03731196 -0.03116148 0.00650711
v 0.03732885 -0.03160502 0.00364240
v 0.03734511 -0.03178621 0.00074922
v 0.03736060 -0.03170355 -0.00214845
v 0.03737518 -0.03135774 -0.00502661
v 0.03738876 -0.03075163 -0.00786139
v 0.03740119 -0.02989025 -0.01062932
v 0.03741240 -0.02878073 -0.01330746
v 0.03742227 -0.02743228 -0.01587362
v 0.03743074 -0.02585606 -0.01830652
v 0.03743773 -0.02406513 -0.02058602
v 0.03744319 -0.02207435 -0.02269322
v 0.03744707 -0.01990018 -0.02461066
v 0.03744932 -0.01756068 -0.02632246
v 0.03744995 -0.01507520 -0.02781442
v 0.03744893 -0.01246435 -0.02907420
v 0.03744629 -0.00974976 -0.03009134
v 0.03744204 -0.00695393 -0.03085742
v 0.03743622 -0.00410002 -0.03136609
v 0.03742887 -0.00121168 -0.03161314
v 0.03742006 0.00168715 -0.03159651
v 0.03740986 0.00457245 -0.03131635
v 0.03739835 0.00742032 -0.03077498
v 0.03738564 0.01020715 -0.02997689
v 0.03737181 0.01290987 -0.02892868
v 0.03735700 0.01550605 -0.02763904
v 0.03734132 0.01797420 -0.02611867
v 0.03732491 0.02029387 -0.02438015
v 0.03730788 0.02244583 -0.02243790
v 0.03729040 0.02441225 -0.02030800
v 0.03727260 0.02617684 -0.01800811
v 0.03725464 0.02772497 -0.01555729
v 0.03723665 0.02904382 -0.01297584
v 0.03721879 0.03012245 -0.01028515
v 0.03720122 0.03095194 -0.00750752
v 0.03718407 0.03152540 -0.00466597
v 0.03716748 0.03183808 -0.00178404
v 0.03715159 0.03188740 0.00111438
v 0.03713654 0.03167294 0.00400530
v 0.03712244 0.03119649 0.00686473
v 0.03710942 0.03046198 0.00966900
v 0.03709759 0.02947551 0.01239485
v 0.03708704 0.02824526 0.01501972
v 0.03707785 0.02678140 0.01752185
v 0.03707011 0.02509608 0.01988049
v 0.03706389 0.02320326 0.02207612
v 0.03705922 0.02111863 0.02409052
v 0.03705615 0.01885945 0.02590702
v 0.03705470 0.01644445 0.02751057
v 0.03705490 0.01389365 0.02888786
v 0.03705673 0.01122816 0.03002750
v 0.03706018 0.00847009 0.03092003
v 0.03706522 0.00564229 0.03155807
v 0.03707181 0.00276819 0.03193632
v 0.03707990 -0.00012839 0.03205165
v 0.03708941 -0.00302346 0.03190310
v 0.03710028 -0.00589302 0.03149192
v 0.03711241 -0.00871329 0.03082149
v 0.03712569 -0.01146091 0.02989738
v 0.03714003 -0.01411311 0.02872725
v 0.04000349 -0.01688122 0.02772891
v 0.04001980 -0.01931231 0.02607416
v 0.04003678 -0.02158286 0.02420518
v 0.04005430 -0.02367404 0.02213748
v 0.04007221 -0.02556852 0.01988818
v 0.04009036 -0.02725061 0.01747593
v 0.04010862 -0.02870637 0.01492071
v 0.04012682 -0.02992374 0.01224369
v 0.04014481 -0.03089261 0.00946705
v 0.04016244 -0.03160498 0.00661382
v 0.04017958 -0.03205494 0.00370762
v 0.04019608 -0.03223875 0.00077255
v 0.04021179 -0.03215490 -0.00216709
v 0.04022658 -0.03180408 -0.00508692
v 0.04024035 -0.03118919 -0.00796276
v 0.04025296 -0.03031533 -0.01077078
v 0.04026433 -0.02918976 -0.01348770
v 0.04027436 -0.02782177 -0.01609102
v 0.04028295 -0.02622272 -0.01855916
v 0.04029004 -0.02440586 -0.02087167
v 0.04029557 -0.02238625 -0.02300938
v 0.04029950 -0.02018059 -0.02495459
v 0.04030178 -0.01780720 -0.02669118
v 0.04030243 -0.01528574 -0.02820475
v 0.04030140 -0.01263706 -0.02948277
v 0.04029872 -0.00988318 -0.03051464
v 0.04029441 -0.00704685 -0.03129181
v 0.04028850 -0.00415162 -0.03180784
v 0.04028104 -0.00122146 -0.03205847
v 0.04027210 0.00171936 -0.03204161
v 0.04026176 0.00464645 -0.03175740
v 0.04025009 0.00753555 -0.03120818
v 0.04023718 0.01036275 -0.03039853
v 0.04022316 0.01310460 -0.02933514
v 0.04020813 0.01573838 -0.02802683
v 0.04019222 0.01824229 -0.02648443
v 0.04017556 0.02059554 -0.02472074
v 0.04015830 0.02277867 -0.02275036
v 0.04014057 0.02477356 -0.02058963
v 0.04012252 0.02656371 -0.01825643
v 0.04010429 0.02813426 -0.01577011
v 0.04008604 0.02947221 -0.01315128
v 0.04006793 0.03056646 -0.01042162
v 0.04005010 0.03140796 -0.00760377
v 0.04003269 0.03198972 -0.00472107
v 0.04001587 0.03230694 -0.00179740
v 0.03999975 0.03235697 0.00114300
v 0.03998448 0.03213941 0.00407578
v 0.03997017 0.03165605 0.00697662
v 0.03995697 0.03091091 0.00982150
v 0.03994497 0.02991015 0.01258683
v 0.03993426 0.02866208 0.01524971
v 0.03992495 0.02717702 0.01778807
v 0.03991709 0.02546730 0.02018087
v 0.03991077 0.02354707 0.02240829
v 0.03990604 0.02143225 0.02445188
v 0.03990293 0.01914035 0.02629468
v 0.03990147 0.01669038 0.02792145
v 0.03990166 0.01410263 0.02931869
v 0.03990351 0.01139855 0.03047483
v 0.03990702 0.00860054 0.03138029
v 0.03991213 0.00573178 0.03202757
v 0.03991882 0.00281606 0.03241129
v 0.03992702 -0.00012248 0.03252829
v 0.03993668 -0.00305946 0.03237760
v 0.03994770 -0.00597058 0.03196045
v 0.03996000 -0.00883170 0.03128032
v 0.03997347 -0.01161911 0.03034282
v 0.03998801 -0.01430971 0.02915575
v 0.04288214 -0.01698097 0.02792054
v 0.04289854 -0.01942762 0.02625519
v 0.04291562 -0.02171269 0.02437426
v 0.04293326 -0.02381726 0.02229333
v 0.04295129 -0.02572386 0.02002964
v 0.04296956 -0.02741672 0.01760195
v 0.04298794 -0.02888179 0.01503038
v 0.04300625 -0.03010693 0.01233623
v 0.04302435 -0.03108201 0.00954183
v 0.04304211 -0.03179894 0.00667035
v 0.04305934 -0.03225177 0.00374555
v 0.04307594 -0.03243675 0.00079170
v 0.04309175 -0.03235238 -0.00216674
v 0.04310665 -0.03199930 -0.00510526
v 0.04312050 -0.03138049 -0.00799950
v 0.04313320 -0.03050104 -0.01082548
v 0.04314464 -0.02936826 -0.01355979
v 0.04315472 -0.02799153 -0.01617976
v 0.04316337 -0.02638225 -0.01866369
v 0.04317051 -0.02455376 -0.02099099
v 0.04317608 -0.02252121 -0.02314238
v 0.04318004 -0.02030146 -0.02510004
v 0.04318234 -0.01791289 -0.02684774
v 0.04318298 -0.01537528 -0.02837100
v 0.04318195 -0.01270967 -0.02965719
v 0.04317925 -0.00993814 -0.03069566
v 0.04317490 -0.00708369 -0.03147781
v 0.04316896 -0.00416992 -0.03199714
v 0.04316146 -0.00122101 -0.03224937
v 0.04315247 0.00173861 -0.03223240
v 0.04314205 0.00468443 -0.03194637
v 0.04313030 0.00759202 -0.03139364
v 0.04311732 0.01043731 -0.03057881
v 0.04310320 0.01319670 -0.02950862
v 0.04308808 0.01584734 -0.02819193
v 0.04307207 0.01836725 -0.02663967
v 0.04305532 0.02073557 -0.02486469
v 0.04303794 0.02293266 -0.02288171
v 0.04302008 0.02494033 -0.02070714
v 0.04300191 0.02674192 -0.01835902
v 0.04298357 0.02832252 -0.01585680
v 0.04296521 0.02966902 -0.01322121
v 0.04294699 0.03077028 -0.01047409
v 0.04292903 0.03161716 -0.00763821
v 0.04291151 0.03220265 -0.00473706
v 0.04289459 0.03252189 -0.00179469
v 0.04287836 0.03257224 0.00116453
v 0.04286299 0.03235329 0.00411607
v 0.04284860 0.03186684 0.00703547
v 0.04283531 0.03111693 0.00989855
v 0.04282323 0.03010978 0.01268158
v 0.04281246 0.02885372 0.01536150
v 0.04280308 0.02735916 0.01791609
v 0.04279518 0.02563849 0.02032421
v 0.04278882 0.02370598 0.02256588
v 0.04278405 0.02157762 0.02462253
v 0.04278092 0.01927107 0.02647713
v 0.04277945 0.01680542 0.02811430
v 0.04277965 0.01420111 0.02952049
v 0.04278152 0.01147973 0.03068403
v 0.04278504 0.00866382 0.03159528
v 0.04279019 0.00577671 0.03224669
v 0.04279691 0.00284233 0.03263288
v 0.04280517 -0.00011500 0.03275063
v 0.04281489 -0.00307078 0.03259896
v 0.04282598 -0.00600052 0.03217915
v 0.04283836 -0.00887994 0.03149467
v 0.04285192 -0.01168519 0.03055117
v 0.04286655 -0.01439301 0.02935650
v 0.04576855 -0.01694638 0.02789415
v 0.04578492 -0.01938931 0.02623133
v 0.04580199 -0.02167091 0.02435326
v 0.04581960 -0.02377227 0.02227548
v 0.04583760 -0.02567598 0.02001524
v 0.04585584 -0.02736625 0.01759124
v 0.04587418 -0.02882910 0.01502358
v 0.04589248 -0.03005239 0.01233352
v 0.04591055 -0.03102599 0.00954337
v 0.04592827 -0.03174182 0.00667624
v 0.04594550 -0.03219397 0.00375590
v 0.04596206 -0.03237869 0.00080653
v 0.04597784 -0.03229442 -0.00214742
v 0.04599272 -0.03194189 -0.00508147
v 0.04600655 -0.03132401 -0.00797131
v 0.04601923 -0.03044590 -0.01079300
v 0.04603066 -0.02931484 -0.01352315
v 0.04604072 -0.02794020 -0.01613914
v 0.04604935 -0.02633336 -0.01861929
v 0.04605649 -0.02450765 -0.02094306
v 0.04606204 -0.02247821 -0.02309119
v 0.04606599 -0.02026182 -0.02504586
v 0.04606829 -0.01787688 -0.02679091
v 0.04606893 -0.01534312 -0.02831185
v 0.04606790 -0.01268157 -0.02959609
v 0.04606520 -0.00991426 -0.03063298
v 0.04606088 -0.00706413 -0.03141394
v 0.04605494 -0.00415479 -0.03193249
v 0.04604745 -0.00121036 -0.03218433
v 0.04603846 0.00174476 -0.03216738
v 0.04602807 0.00468611 -0.03188179
v 0.04601634 0.00758928 -0.03132990
v 0.04600338 0.01043024 -0.03051631
v 0.04598929 0.01318544 -0.02944774
v 0.04597418 0.01583205 -0.02813305
v 0.04595820 0.01834813 -0.02658316
v 0.04594146 0.02071285 -0.02481087
v 0.04592410 0.02290661 -0.02283090
v 0.04590629 0.02491122 -0.02065964
v 0.04588814 0.02671007 -0.01831508
v 0.04586983 0.02828827 -0.01581667
v 0.04585149 0.02963273 -0.01318508
v 0.04583330 0.03073231 -0.01044214
v 0.04581538 0.03157791 -0.00761057
v 0.04579789 0.03216251 -0.00471383
v 0.04578097 0.03248126 -0.00177593
v 0.04576478 0.03253154 0.00117879
v 0.04574943 0.03231292 0.00412585
v 0.04573506 0.03182721 0.00704081
v 0.04572180 0.03107844 0.00989954
v 0.04570974 0.03007282 0.01267834
v 0.04569897 0.02881866 0.01535418
v 0.04568962 0.02732638 0.01790490
v 0.04568172 0.02560833 0.02030936
v 0.04567537 0.02367875 0.02254762
v 0.04567062 0.02155363 0.02460115
v 0.04566749 0.01925058 0.02645293
v 0.04566602 0.01678867 0.02808762
v 0.04566621 0.01418833 0.02949166
v 0.04566808 0.01147108 0.03065344
v 0.04567160 0.00865945 0.03156330
v 0.04567673 0.00577672 0.03221373
v 0.04568346 0.00284681 0.03259932
v 0.04569170 -0.00010603 0.03271689
v 0.04570140 -0.00305732 0.03256546
v 0.04571248 -0.00598262 0.03214629
v 0.04572484 -0.00885766 0.03146284
v 0.04573838 -0.01165864 0.03052079
v 0.04575299 -0.01436234 0.02932792
v 0.04863999 -0.01677770 0.02764994
v 0.04865622 -0.01919768 0.02600275
v 0.04867312 -0.02145783 0.02414234
v 0.04869056 -0.02353944 0.02208409
v 0.04870839 -0.02542525 0.01984509
v 0.04872646 -0.02709965 0.01744387
v 0.04874464 -0.02854874 0.01490034
v 0.04876275 -0.02976054 0.01223557
v 0.04878065 -0.03072499 0.00947165
v 0.04879821 -0.03143409 0.00663147
v 0.04881527 -0.03188199 0.00373857
v 0.04883169 -0.03206496 0.00081693
v 0.04884733 -0.03198149 -0.00210926
v 0.04886206 -0.03163228 -0.00501573
v 0.04887576 -0.03102021 -0.00787842
v 0.04888832 -0.03015035 -0.01067358
v 0.04889964 -0.02902992 -0.01337807
v 0.04890961 -0.02766820 -0.01596948
v 0.04891816 -0.02607647 -0.01842632
v 0.04892521 -0.02426792 -0.02072825
v 0.04893073 -0.02225754 -0.02285618
v 0.04893464 -0.02006199 -0.02479249
v 0.04893692 -0.01769946 -0.02652113
v 0.04893755 -0.01518953 -0.02802778
v 0.04893653 -0.01255298 -0.02929995
v 0.04893386 -0.00981169 -0.03032709
v 0.04892957 -0.00698834 -0.03110071
v 0.04892369 -0.00410636 -0.03161439
v 0.04891627 -0.00118959 -0.03186386
v 0.04890738 0.00173776 -0.03184707
v 0.04889707 0.00465145 -0.03156415
v 0.04888545 0.00752735 -0.03101746
v 0.04887261 0.01034160 -0.03021151
v 0.04885865 0.01307090 -0.02915299
v 0.04884370 0.01569263 -0.02785067
v 0.04882786 0.01818508 -0.02631533
v 0.04881129 0.02052757 -0.02455971
v 0.04879408 0.02270070 -0.02259834
v 0.04877643 0.02468647 -0.02044749
v 0.04875847 0.02646842 -0.01812498
v 0.04874032 0.02803179 -0.01565003
v 0.04872216 0.02936361 -0.01304318
v 0.04870413 0.03045286 -0.01032602
v 0.04868638 0.03129050 -0.00752106
v 0.04866906 0.03186961 -0.00465155
v 0.04865230 0.03218537 -0.00174126
v 0.04863626 0.03223517 0.00118569
v 0.04862106 0.03201860 0.00410504
v 0.04860683 0.03153746 0.00699261
v 0.04859368 0.03079573 0.00982447
v 0.04858173 0.02979955 0.01257715
v 0.04857107 0.02855719 0.01522784
v 0.04856180 0.02707893 0.01775458
v 0.04855398 0.02537703 0.02013644
v 0.04854769 0.02346559 0.02235367
v 0.04854298 0.02136044 0.02438790
v 0.04853988 0.01907904 0.02622228
v 0.04853842 0.01664027 0.02784159
v 0.04853863 0.01406436 0.02923245
v 0.04854047 0.01137265 0.03038330
v 0.04854396 0.00858745 0.03128460
v 0.04854904 0.00573182 0.03192892
v 0.04855570 0.00282944 0.03231089
v 0.04856386 -0.00009564 0.03242736
v 0.04857347 -0.00301920 0.03227735
v 0.04858444 -0.00591699 0.03186212
v 0.04859669 -0.00876502 0.03118509
v 0.04861011 -0.01153967 0.03025189
v 0.04862458 -0.01421796 0.02907025
v 0.05147385 -0.01647628 0.02718985
v 0.05148979 -0.01885424 0.02557127
v 0.05150640 -0.02107515 0.02374316
v 0.05152354 -0.02312061 0.02172066
v 0.05154105 -0.02497367 0.01952053
v 0.05155881 -0.02661899 0.01716101
v 0.05157667 -0.02804292 0.01466164
v 0.05159447 -0.02923367 0.01204315
v 0.05161208 -0.03018137 0.00932722
v 0.05162933 -0.03087817 0.00653636
v 0.05164608 -0.03131828 0.00369370
v 0.05166221 -0.03149808 0.00082279
v 0.05167758 -0.03141607 -0.00205258
v 0.05169206 -0.03107291 -0.00490858
v 0.05170552 -0.03047147 -0.00772155
v 0.05171787 -0.02961672 -0.01046818
v 0.05172899 -0.02851574 -0.01312570
v 0.05173879 -0.02717767 -0.01567211
v 0.05174719 -0.02561358 -0.01808629
v 0.05175412 -0.02383644 -0.02034824
v 0.05175954 -0.02186097 -0.02243922
v 0.05176339 -0.01970354 -0.02434191
v 0.05176562 -0.01738203 -0.02604053
v 0.05176624 -0.01491568 -0.02752102
v 0.05176523 -0.01232492 -0.02877109
v 0.05176261 -0.00963123 -0.02978040
v 0.05175839 -0.00685691 -0.03054059
v 0.05175262 -0.00402497 -0.03104534
v 0.05174533 -0.00115886 -0.03129049
v 0.05173659 0.00171765 -0.03127399
v 0.05172647 0.00458075 -0.03099599
v 0.05171505 0.00740670 -0.03045878
v 0.05170242 0.01017209 -0.02966683
v 0.05168871 0.01285399 -0.02862669
v 0.05167402 0.01543020 -0.02734698
v 0.05165845 0.01787936 -0.02583831
v 0.05164216 0.02018117 -0.02411317
v 0.05162527 0.02231657 -0.02218587
v 0.05160792 0.02426786 -0.02007236
v 0.05159026 0.02601887 -0.01779017
v 0.05157243 0.02755508 -0.01535821
v 0.05155459 0.02886378 -0.01279663
v 0.05153687 0.02993411 -0.01012665
v 0.05151942 0.03075721 -0.00737040
v 0.05150240 0.03132626 -0.00455072
v 0.05148595 0.03163654 -0.00169097
v 0.05147018 0.03168548 0.00118515
v 0.05145524 0.03147267 0.00405381
v 0.05144125 0.03099988 0.00689124
v 0.05142834 0.03027103 0.00967392
v 0.05141660 0.02929215 0.01237880
v 0.05140612 0.02807136 0.01498346
v 0.05139701 0.02661877 0.01746633
v 0.05138934 0.02494643 0.01980682
v 0.05138315 0.02306817 0.02198555
v 0.05137852 0.02099958 0.02398446
v 0.05137548 0.01875779 0.02578698
v 0.05137405 0.01636138 0.02737818
v 0.05137423 0.01383021 0.02874488
v 0.05137605 0.01118524 0.02987574
v 0.05137947 0.00844840 0.03076141
v 0.05138448 0.00564236 0.03139453
v 0.05139102 0.00279038 0.03176987
v 0.05139904 -0.00008391 0.03188431
v 0.05140849 -0.00295670 0.03173691
v 0.05141927 -0.00580418 0.03132889
v 0.05143130 -0.00860274 0.03066362
v 0.05144448 -0.01132921 0.02974662
v 0.05145871 -0.01396100 0.02858549
v 0.05424780 -0.01604450 0.02651750
v 0.05426333 -0.01836169 0.02494027
v 0.05427951 -0.02052586 0.02315886
v 0.05429622 -0.02251907 0.02118804
v 0.05431328 -0.02432478 0.01904413
v 0.05433059 -0.02592806 0.01674489
v 0.05434800 -0.02731561 0.01430938
v 0.05436534 -0.02847594 0.01175778
v 0.05438249 -0.02939943 0.00911125
v 0.05439930 -0.03007843 0.00639169
v 0.05441563 -0.03050729 0.00362166
v 0.05443135 -0.03068249 0.00082410
v 0.05444633 -0.03060257 -0.00197781
v 0.05446042 -0.03026819 -0.00476085
v 0.05447355 -0.02968211 -0.00750195
v 0.05448558 -0.02884919 -0.01017840
v 0.05449641 -0.02777635 -0.01276803
v 0.05450596 -0.02647247 -0.01524938
v 0.05451415 -0.02494833 -0.01760188
v 0.05452092 -0.02321660 -0.01980604
v 0.05452619 -0.02129160 -0.02184360
v 0.05452994 -0.01918929 -0.02369767
v 0.05453212 -0.01692710 -0.02535290
v 0.05453271 -0.01452376 -0.02679555
v 0.05453174 -0.01199920 -0.02801370
v 0.05452918 -0.00937432 -0.02899722
v 0.05452508 -0.00667089 -0.02973798
v 0.05451944 -0.00391130 -0.03022984
v 0.05451233 -0.00111842 -0.03046872
v 0.05450381 0.00168460 -0.03045265
v 0.05449395 0.00447454 -0.03018175
v 0.05448283 0.00722831 -0.02965827
v 0.05447053 0.00992303 -0.02888655
v 0.05445717 0.01253643 -0.02787298
v 0.05444285 0.01504681 -0.02662597
v 0.05442768 0.01743340 -0.02515584
v 0.05441181 0.01967640 -0.02347478
v 0.05439535 0.02175724 -0.02159671
v 0.05437844 0.02365867 -0.01953721
v 0.05436124 0.02536494 -0.01731333
v 0.05434386 0.02686191 -0.01494350
v 0.05432647 0.02813717 -0.01244737
v 0.05430920 0.02918016 -0.00984560
v 0.05429220 0.02998223 -0.00715977
v 0.05427562 0.03053674 -0.00441213
v 0.05425958 0.03083909 -0.00162544
v 0.05424422 0.03088678 0.00117719
v 0.05422967 0.03067941 0.00397256
v 0.05421603 0.03021870 0.00673750
v 0.05420345 0.02950847 0.00944908
v 0.05419201 0.02855460 0.01208486
v 0.05418181 0.02736500 0.01462297
v 0.05417293 0.02594952 0.01704241
v 0.05416545 0.02431990 0.01932310
v 0.05415942 0.02248964 0.02144616
v 0.05415491 0.02047390 0.02339400
v 0.05415194 0.01828939 0.02515046
v 0.05415054 0.01595420 0.02670102
v 0.05415073 0.01348769 0.02803279
v 0.05415250 0.01091030 0.02913477
v 0.05415583 0.00824339 0.02999780
v 0.05416071 0.00550904 0.03061476
v 0.05416708 0.00272992 0.03098050
v 0.05417491 -0.00007093 0.03109202
v 0.05418411 -0.00287032 0.03094839
v 0.05419462 -0.00564505 0.03055078
v 0.05420634 -0.00837211 0.02990251
v 0.05421919 -0.01102892 0.02900895
v 0.05423304 -0.01359347 0.02787749
v 0.05693998 -0.01548574 0.02563818
v 0.05695499 -0.01772393 0.02411473
v 0.05697062 -0.01981430 0.02239406
v 0.05698675 -0.02173954 0.02049043
v 0.05700324 -0.02348370 0.01841962
v 0.05701996 -0.02503230 0.01619877
v 0.05703676 -0.02637255 0.01384631
v 0.05705351 -0.02749332 0.01138171
v 0.05707008 -0.02838531 0.00882542
v 0.05708632 -0.02904116 0.00619858
v 0.05710209 -0.02945541 0.00352299
v 0.05711728 -0.02962464 0.00082082
v 0.05713174 -0.02954744 -0.00188556
v 0.05714536 -0.02922446 -0.00457370
v 0.05715803 -0.02865837 -0.00722135
v 0.05716965 -0.02785385 -0.00980654
v 0.05718011 -0.02681758 -0.01230788
v 0.05718935 -0.02555816 -0.01470462
v 0.05719726 -0.02408599 -0.01697690
v 0.05720378 -0.02241330 -0.01910592
v 0.05720887 -0.02055394 -0.02107400
v 0.05721250 -0.01852331 -0.02286486
v 0.05721460 -0.01633825 -0.02446364
v 0.05721518 -0.01401686 -0.02585712
v 0.05721425 -0.01157837 -0.02703372
v 0.05721177 -0.00904299 -0.02798371
v 0.05720781 -0.00643173 -0.02869921
v 0.05720236 -0.00376623 -0.02917430
v 0.05719550 -0.00106859 -0.02940504
v 0.05718727 0.00163888 -0.02938952
v 0.05717775 0.00433370 -0.02912785
v 0.05716699 0.00699356 -0.02862222
v 0.05715512 0.00959641 -0.02787682
v 0.05714221 0.01212069 -0.02689780
v 0.05712837 0.01454549 -0.02569331
v 0.05711374 0.01685070 -0.02427331
v 0.05709840 0.01901722 -0.02264956
v 0.05708250 0.02102712 -0.02083554
v 0.05706617 0.02286372 -0.01884625
v 0.05704956 0.02451181 -0.01669819
v 0.05703277 0.02595774 -0.01440917
v 0.05701598 0.02718952 -0.01199814
v 0.05699930 0.02819694 -0.00948509
v 0.05698287 0.02897167 -0.00689083
v 0.05696686 0.02950727 -0.00423687
v 0.05695137 0.02979931 -0.00154520
v 0.05693652 0.02984537 0.00116188
v 0.05692247 0.02964508 0.00386193
v 0.05690930 0.02920007 0.00653260
v 0.05689714 0.02851406 0.00915173
v 0.05688610 0.02759271 0.01169764
v 0.05687624 0.02644368 0.01414921
v 0.05686766 0.02507646 0.01648615
v 0.05686043 0.02350240 0.01868908
v 0.05685461 0.02173454 0.02073975
v 0.05685025 0.01978753 0.02262118
v 0.05684739 0.01767750 0.02431776
v 0.05684604 0.01542194 0.02581543
v 0.05684622 0.01303953 0.02710181
v 0.05684794 0.01055001 0.02816621
v 0.05685115 0.00797403 0.02899982
v 0.05685586 0.00533292 0.02959573
v 0.05686202 0.00264856 0.02994901
v 0.05686957 -0.00005680 0.03005674
v 0.05687846 -0.00276074 0.02991799
v 0.05688861 -0.00544086 0.02953395
v 0.05689994 -0.00807495 0.02890778
v 0.05691233 -0.01064117 0.02804468
v 0.05692573 -0.01311828 0.02695180
v 0.05952919 -0.01480441 0.02455883
v 0.05954354 -0.01694596 0.02310115
v 0.05955851 -0.01894608 0.02145478
v 0.05957394 -0.02078819 0.01963334
v 0.05958971 -0.02245704 0.01765193
v 0.05960571 -0.02393879 0.01552698
v 0.05962180 -0.02522117 0.01327608
v 0.05963783 -0.02629354 0.01091790
v 0.05965368 -0.02714702 0.00847197
v 0.05966920 -0.02777456 0.00595855
v 0.05968431 -0.02817092 0.00339849
v 0.05969884 -0.02833284 0.00081299
v 0.05971268 -0.02825898 -0.00177654
v 0.05972571 -0.02794994 -0.00434861
v 0.05973783 -0.02740829 -0.00688194
v 0.05974895 -0.02663850 -0.00935551
v 0.05975896 -0.02564698 -0.01174885
v 0.05976779 -0.02444193 -0.01404211
v 0.05977536 -0.02303333 -0.01621629
v 0.05978161 -0.02143286 -0.01825338
v 0.05978648 -0.01965378 -0.02013649
v 0.05978994 -0.01771083 -0.02185003
v 0.05979196 -0.01562011 -0.02337978
v 0.05979251 -0.01339895 -0.02471309
v 0.05979162 -0.01106573 -0.02583889
v 0.05978926 -0.00863983 -0.02674786
v 0.05978545 -0.00614132 -0.02743247
v 0.05978025 -0.00359091 -0.02788705
v 0.05977368 -0.00100973 -0.02810783
v 0.05976581 0.00158083 -0.02809297
v 0.05975669 0.00415930 -0.02784261
v 0.05974641 0.00670431 -0.02735880
v 0.05973505 0.00919479 -0.02664558
v 0.05972270 0.01161008 -0.02570884
v 0.05970946 0.01393018 -0.02455636
v 0.05969545 0.01613585 -0.02319766
v 0.05968077 0.01820884 -0.02164403
v 0.05966556 0.02013195 -0.01990832
v 0.05964994 0.02188925 -0.01800493
v 0.05963404 0.02346619 -0.01594962
v 0.05961797 0.02484968 -0.01375942
v 0.05960190 0.02602828 -0.01145249
v 0.05958595 0.02699221 -0.00904794
v 0.05957025 0.02773348 -0.00656570
v 0.05955492 0.02824596 -0.00402633
v 0.05954009 0.02852539 -0.00145088
v 0.05952589 0.02856947 0.00113932
v 0.05951244 0.02837782 0.00372280
v 0.05949984 0.02795203 0.00627815
v 0.05948821 0.02729564 0.00878420
v 0.05947763 0.02641407 0.01122018
v 0.05946821 0.02531464 0.01356591
v 0.05946000 0.02400646 0.01580195
v 0.05945308 0.02250036 0.01790977
v 0.05944752 0.02080883 0.01987190
v 0.05944334 0.01894589 0.02167208
v 0.05944061 0.01692696 0.02329542
v 0.05943932 0.01476878 0.02472843
v 0.05943949 0.01248924 0.02595926
v 0.05944112 0.01010721 0.02697770
v 0.05944420 0.00764245 0.02777532
v 0.05944871 0.00511537 0.02834550
v 0.05945460 0.00254691 0.02868353
v 0.05946182 -0.00004164 0.02878659
v 0.05947034 -0.00262883 0.02865385
v 0.05948004 -0.00519323 0.02828639
v 0.05949087 -0.00771359 0.02768725
v 0.05950275 -0.01016902 0.02686142
v 0.05951556 -0.01253917 0.02581572
v 0.06199504 -0.01400587 0.02328793
v 0.06200863 -0.01603392 0.02190752
v 0.06202281 -0.01792803 0.02034840
v 0.06203742 -0.01967251 0.01862350
v 0.06205235 -0.02125292 0.01674711
v 0.06206752 -0.02265613 0.01473478
v 0.06208275 -0.02387053 0.01260320
v 0.06209792 -0.02488607 0.01037000
v 0.06211293 -0.02569431 0.00805371
v 0.06212764 -0.02628858 0.00567351
v 0.06214193 -0.02666393 0.00324913
v 0.06215569 -0.02681728 0.00080067
v 0.06216880 -0.02674733 -0.00165161
v 0.06218114 -0.02645467 -0.00408736
v 0.06219263 -0.02594172 -0.00648642
v 0.06220315 -0.02521275 -0.00882889
v 0.06221263 -0.02427378 -0.01109538
v 0.06222100 -0.02313259 -0.01326709
v 0.06222817 -0.02179865 -0.01532603
v 0.06223408 -0.02028301 -0.01725515
v 0.06223870 -0.01859822 -0.01903845
v 0.06224197 -0.01675825 -0.02066117
v 0.06224389 -0.01477835 -0.02210985
v 0.06224441 -0.01267491 -0.02337248
v 0.06224355 -0.01046536 -0.02443861
v 0.06224132 -0.00816803 -0.02529941
v 0.06223772 -0.00580195 -0.02594773
v 0.06223279 -0.00338671 -0.02637822
v 0.06222658 -0.00094234 -0.02658729
v 0.06221912 0.00151090 -0.02657323
v 0.06221049 0.00395271 -0.02633613
v 0.06220074 0.00636284 -0.02587797
v 0.06218998 0.00872131 -0.02520255
v 0.06217829 0.01100859 -0.02431547
v 0.06216574 0.01320572 -0.02322406
v 0.06215248 0.01529449 -0.02193738
v 0.06213859 0.01725761 -0.02046609
v 0.06212419 0.01907879 -0.01882237
v 0.06210940 0.02074295 -0.01701986
v 0.06209433 0.02223631 -0.01507349
v 0.06207912 0.02354648 -0.01299938
v 0.06206390 0.02466260 -0.01081472
v 0.06204879 0.02557544 -0.00853762
v 0.06203392 0.02627743 -0.00618694
v 0.06201939 0.02676274 -0.00378216
v 0.06200536 0.02702737 -0.00134321
v 0.06199192 0.02706910 0.00110970
v 0.06197918 0.02688761 0.00355625
v 0.06196725 0.02648439 0.00597616
v 0.06195623 0.02586278 0.00834939
v 0.06194622 0.02502795 0.01065626
v 0.06193729 0.02398679 0.01287766
v 0.06192952 0.02274795 0.01499518
v 0.06192297 0.02132167 0.01699128
v 0.06191769 0.01971980 0.01884942
v 0.06191374 0.01795559 0.02055419
v 0.06191114 0.01604367 0.02209148
v 0.06190994 0.01399988 0.02344854
v 0.06191009 0.01184115 0.02461414
v 0.06191164 0.00958538 0.02557860
v 0.06191456 0.00725126 0.02633394
v 0.06191883 0.00485811 0.02687391
v 0.06192441 0.00242579 0.02719402
v 0.06193125 -0.00002556 0.02729162
v 0.06193931 -0.00247563 0.02716591
v 0.06194849 -0.00490411 0.02681793
v 0.06195875 -0.00729089 0.02625054
v 0.06197000 -0.00961617 0.02546848
v 0.06198213 -0.01186070 0.02447821
v 0.06431812 -0.01309642 0.02183550
v 0.06433085 -0.01499499 0.02054323
v 0.06434410 -0.01676818 0.01908365
v 0.06435779 -0.01840128 0.01746888
v 0.06437178 -0.01988077 0.01571229
v 0.06438596 -0.02119440 0.01382844
v 0.06440021 -0.02233127 0.01183294
v 0.06441443 -0.02328197 0.00974233
v 0.06442848 -0.02403862 0.00757392
v 0.06444225 -0.02459494 0.00534569
v 0.06445563 -0.02494634 0.00307609
v 0.06446851 -0.02508988 0.00078395
v 0.06448077 -0.02502439 -0.00151175
v 0.06449234 -0.02475042 -0.00379200
v 0.06450309 -0.02427023 -0.00603789
v 0.06451294 -0.02358780 -0.00823081
v 0.06452182 -0.02270876 -0.01035258
v 0.06452965 -0.02164044 -0.01238564
v 0.06453636 -0.02039168 -0.01431313
v 0.06454188 -0.01897280 -0.01611909
v 0.06454622 -0.01739557 -0.01778853
v 0.06454928 -0.01567308 -0.01930765
v 0.06455107 -0.01381958 -0.02066383
v 0.06455156 -0.01185044 -0.02184586
v 0.06455076 -0.00978197 -0.02284392
v 0.06454866 -0.00763131 -0.02364976
v 0.06454530 -0.00541628 -0.02425669
v 0.06454069 -0.00315525 -0.02465969
v 0.06453486 -0.00086694 -0.02485541
v 0.06452788 0.00142968 -0.02484225
v 0.06451980 0.00371559 -0.02462029
v 0.06451069 0.00597184 -0.02419138
v 0.06450061 0.00817973 -0.02355908
v 0.06448966 0.01032098 -0.02272863
v 0.06447793 0.01237783 -0.02170691
v 0.06446549 0.01433325 -0.02050237
v 0.06445250 0.01617103 -0.01912502
v 0.06443901 0.01787594 -0.01758625
v 0.06442516 0.01943385 -0.01589882
v 0.06441106 0.02083186 -0.01407672
v 0.06439683 0.02205838 -0.01213503
v 0.06438258 0.02310325 -0.01008985
v 0.06436843 0.02395781 -0.00795813
v 0.06435451 0.02461497 -0.00575753
v 0.06434091 0.02506931 -0.00350628
v 0.06432777 0.02531703 -0.00122305
v 0.06431518 0.02535610 0.00107326
v 0.06430326 0.02518620 0.00336360
v 0.06429209 0.02480873 0.00562902
v 0.06428179 0.02422681 0.00785072
v 0.06427240 0.02344527 0.01001031
v 0.06426404 0.02247058 0.01208988
v 0.06425676 0.02131083 0.01407221
v 0.06425063 0.01997563 0.01594087
v 0.06424571 0.01847602 0.01768038
v 0.06424201 0.01682445 0.01927631
v 0.06423958 0.01503460 0.02071545
v 0.06423843 0.01312129 0.02198587
v 0.06423859 0.01110039 0.02307704
v 0.06424004 0.00898864 0.02397993
v 0.06424277 0.00680353 0.02468705
v 0.06424676 0.00456318 0.02519254
v 0.06425198 0.00228615 0.02549221
v 0.06425840 -0.00000869 0.02558358
v 0.06426593 -0.00230234 0.02546590
v 0.06427454 -0.00457577 0.02514013
v 0.06428414 -0.00681016 0.02460898
v 0.06429467 -0.00898698 0.02387683
v 0.06430602 -0.01108821 0.02294979
v 0.06648012 -0.01208324 0.02021300
v 0.06649187 -0.01383736 0.01901903
v 0.06650412 -0.01547564 0.01767049
v 0.06651676 -0.01698451 0.01617857
v 0.06652968 -0.01835145 0.01455562
v 0.06654279 -0.01956514 0.01281509
v 0.06655595 -0.02061552 0.01097140
v 0.06656908 -0.02149390 0.00903983
v 0.06658206 -0.02219299 0.00703638
v 0.06659479 -0.02270698 0.00497767
v 0.06660715 -0.02303164 0.00288074
v 0.06661905 -0.02316426 0.00076297
v 0.06663039 -0.02310376 -0.00135809
v 0.06664106 -0.02285063 -0.00346485
v 0.06665099 -0.02240697 -0.00553989
v 0.06666011 -0.02177645 -0.00756597
v 0.06666831 -0.02096431 -0.00952633
v 0.06667554 -0.01997725 -0.01140472
v 0.06668174 -0.01882348 -0.01318558
v 0.06668685 -0.01751255 -0.01485414
v 0.06669084 -0.01605532 -0.01639658
v 0.06669369 -0.01446387 -0.01780012
v 0.06669533 -0.01275137 -0.01905314
v 0.06669579 -0.01093203 -0.02014523
v 0.06669505 -0.00902092 -0.02106737
v 0.06669311 -0.00703388 -0.02181191
v 0.06669001 -0.00498737 -0.02237267
v 0.06668574 -0.00289835 -0.02274500
v 0.06668035 -0.00078412 -0.02292584
v 0.06667391 0.00133778 -0.02291367
v 0.06666645 0.00344978 -0.02270859
v 0.06665802 0.00553439 -0.02231232
v 0.06664871 0.00757432 -0.02172813
v 0.06663860 0.00955266 -0.02096085
v 0.06662775 0.01145304 -0.02001685
v 0.06661628 0.01325969 -0.01890396
v 0.06660426 0.01495765 -0.01763139
v 0.06659181 0.01653286 -0.01620969
v 0.06657901 0.01797225 -0.01465063
v 0.06656598 0.01926391 -0.01296715
v 0.06655283 0.02039712 -0.01117317
v 0.06653966 0.02136250 -0.00928359
v 0.06652658 0.02215205 -0.00731404
v 0.06651372 0.02275922 -0.00528086
v 0.06650117 0.02317898 -0.00320087
v 0.06648903 0.02340787 -0.00109134
v 0.06647740 0.02344396 0.00103027
v 0.06646638 0.02328699 0.00314638
v 0.06645605 0.02293822 0.00523944
v 0.06644654 0.02240058 0.00729213
v 0.06643786 0.02167849 0.00928742
v 0.06643014 0.02077796 0.01120879
v 0.06642342 0.01970644 0.01304031
v 0.06641776 0.01847281 0.01476681
v 0.06641320 0.01708729 0.01637397
v 0.06640978 0.01556137 0.01784850
v 0.06640753 0.01390768 0.01917815
v 0.06640649 0.01213993 0.02035192
v 0.06640662 0.01027277 0.02136008
v 0.06640796 0.00832168 0.02219429
v 0.06641050 0.00630281 0.02284761
v 0.06641418 0.00423290 0.02331464
v 0.06641901 0.00212909 0.02359152
v 0.06642493 0.00000883 0.02367594
v 0.06643190 -0.00211032 0.02356720
v 0.06643984 -0.00421080 0.02326621
v 0.06644872 -0.00627520 0.02277547
v 0.06645844 -0.00828642 0.02209904
v 0.06646893 -0.01022779 0.02124251
v 0.06846398 -0.01097427 0.01843319
v 0.06847467 -0.01257014 0.01734693
v 0.06848582 -0.01406063 0.01612007
v 0.06849732 -0.01543337 0.01476273
v 0.06850907 -0.01667699 0.01328620
v 0.06852100 -0.01778118 0.01170270
v 0.06853298 -0.01873680 0.01002534
v 0.06854493 -0.01953593 0.00826803
v 0.06855674 -0.02017194 0.00644533
v 0.06856832 -0.02063957 0.00457235
v 0.06857956 -0.02093494 0.00266460
v 0.06859039 -0.02105560 0.00073789
v 0.06860070 -0.02100055 -0.00119181
v 0.06861041 -0.02077026 -0.00310851
v 0.06861945 -0.02036662 -0.00499632
v 0.06862773 -0.01979299 -0.00683963
v 0.06863520 -0.01905410 -0.00862313
v 0.06864178 -0.01815612 -0.01033206
v 0.06864742 -0.01710643 -0.01195224
v 0.06865207 -0.01591376 -0.01347027
v 0.06865570 -0.01458800 -0.01487357
v 0.06865828 -0.01314012 -0.01615048
v 0.06865979 -0.01158213 -0.01729045
v 0.06866020 -0.00992693 -0.01828402
v 0.06865952 -0.00818824 -0.01912297
v 0.06865777 -0.00638046 -0.01980032
v 0.06865493 -0.00451858 -0.02031050
v 0.06865107 -0.00261802 -0.02064925
v 0.06864617 -0.00069454 -0.02081376
v 0.06864030 0.00123593 -0.02080269
v 0.06863350 0.00315739 -0.02061613
v 0.06862585 0.00505393 -0.02025560
v 0.06861737 0.00690982 -0.01972411
v 0.06860817 0.00870968 -0.01902606
v 0.06859830 0.01043861 -0.01816722
v 0.06858786 0.01208228 -0.01715473
v 0.06857693 0.01362705 -0.01599697
v 0.06856560 0.01506015 -0.01470353
v 0.06855395 0.01636968 -0.01328513
v 0.06854211 0.01754481 -0.01175352
v 0.06853014 0.01857578 -0.01012140
v 0.06851816 0.01945406 -0.00840229
v 0.06850626 0.02017238 -0.00661043
v 0.06849456 0.02072477 -0.00476067
v 0.06848314 0.02110667 -0.00286834
v 0.06847209 0.02131490 -0.00094913
v 0.06846152 0.02134774 0.00098108
v 0.06845149 0.02120493 0.00290628
v 0.06844211 0.02088763 0.00481051
v 0.06843344 0.02039849 0.00667801
v 0.06842555 0.01974155 0.00849329
v 0.06841853 0.01892226 0.01024132
v 0.06841242 0.01794741 0.01190760
v 0.06840725 0.01682508 0.01347834
v 0.06840311 0.01556456 0.01494051
v 0.06840000 0.01417630 0.01628200
v 0.06839795 0.01267180 0.01749170
v 0.06839700 0.01106354 0.01855958
v 0.06839713 0.00936483 0.01947679
v 0.06839835 0.00758975 0.02023572
v 0.06840064 0.00575302 0.02083011
v 0.06840400 0.00386986 0.02125501
v 0.06840838 0.00195585 0.02150690
v 0.06841377 0.00002687 0.02158370
v 0.06842010 -0.00190109 0.02148478
v 0.06842735 -0.00381207 0.02121095
v 0.06843543 -0.00569022 0.02076448
v 0.06844427 -0.00752000 0.02014907
v 0.06845382 -0.00928623 0.01936982
v 0.07025411 -0.00977827 0.01651009
v 0.07026366 -0.01120332 0.01554012
v 0.07027361 -0.01253427 0.01444456
v 0.07028389 -0.01376006 0.01323253
v 0.07029439 -0.01487056 0.01191405
v 0.07030503 -0.01585656 0.01050004
v 0.07031573 -0.01670989 0.00900223
v 0.07032640 -0.01742348 0.00743302
v 0.07033694 -0.01799141 0.00580544
v 0.07034728 -0.01840899 0.00413293
v 0.07035732 -0.01867274 0.00242939
v 0.07036699 -0.01878049 0.00070892
v 0.07037620 -0.01873133 -0.00101422
v 0.07038487 -0.01852569 -0.00272576
v 0.07039294 -0.01816526 -0.00441151
v 0.07040034 -0.01765302 -0.00605750
v 0.07040700 -0.01699323 -0.00765009
v 0.07041287 -0.01619137 -0.00917609
v 0.07041790 -0.01525404 -0.01062285
v 0.07042207 -0.01418904 -0.01197839
v 0.07042531 -0.01300519 -0.01323146
v 0.07042761 -0.01171228 -0.01437170
v 0.07042897 -0.01032107 -0.01538965
v 0.07042933 -0.00884305 -0.01627687
v 0.07042873 -0.00729046 -0.01702601
v 0.07042716 -0.00567618 -0.01763086
v 0.07042462 -0.00401361 -0.01808643
v 0.07042117 -0.00231649 -0.01838891
v 0.07041680 -0.00059890 -0.01853582
v 0.07041156 0.00112493 -0.01852594
v 0.07040549 0.00284072 -0.01835934
v 0.07039865 0.00453425 -0.01803740
v 0.07039109 0.00619148 -0.01756281
v 0.07038287 0.00779869 -0.01693947
v 0.07037406 0.00934255 -0.01617257
v 0.07036474 0.01081027 -0.01526846
v 0.07035497 0.01218970 -0.01423463
v 0.07034486 0.01346939 -0.01307963
v 0.07033446 0.01463875 -0.01181306
v 0.07032387 0.01568809 -0.01044540
v 0.07031319 0.01660871 -0.00898798
v 0.07030249 0.01739298 -0.00745288
v 0.07029188 0.01803440 -0.00585283
v 0.07028142 0.01852767 -0.00420107
v 0.07027122 0.01886868 -0.00251130
v 0.07026136 0.01905463 -0.00079752
v 0.07025190 0.01908396 0.00092608
v 0.07024295 0.01895643 0.00264520
v 0.07023457 0.01867310 0.00434560
v 0.07022683 0.01823631 0.00601320
v 0.07021979 0.01764969 0.00763417
v 0.07021353 0.01691811 0.00919509
v 0.07020807 0.01604760 0.01068301
v 0.07020346 0.01504540 0.01208561
v 0.07019974 0.01391981 0.01339127
v 0.07019698 0.01268015 0.01458917
v 0.07019515 0.01133670 0.01566938
v 0.07019430 0.00990058 0.01662295
v 0.07019440 0.00838371 0.01744198
v 0.07019550 0.00679864 0.01811968
v 0.07019756 0.00515851 0.01865044
v 0.07020055 0.00347692 0.01902986
v 0.07020447 0.00176780 0.01925479
v 0.07020928 0.00004530 0.01932337
v 0.07021493 -0.00167630 0.01923504
v 0.07022139 -0.00338272 0.01899052
v 0.07022861 -0.00505984 0.01859184
v 0.07023651 -0.00669375 0.01804230
v 0.07024503 -0.00827092 0.01734647
v 0.07183640 -0.00850467 0.01445885
v 0.07184473 -0.00974766 0.01361279
v 0.07185341 -0.01090858 0.01265720
v 0.07186237 -0.01197779 0.01160000
v 0.07187152 -0.01294642 0.01044995
v 0.07188081 -0.01380646 0.00921658
v 0.07189014 -0.01455077 0.00791012
v 0.07189944 -0.01517321 0.00654137
v 0.07190865 -0.01566859 0.00512171
v 0.07191767 -0.01603281 0.00366287
v 0.07192642 -0.01626287 0.00217696
v 0.07193486 -0.01635685 0.00067627
v 0.07194289 -0.01631398 -0.00082674
v 0.07195046 -0.01613461 -0.00231963
v 0.07195749 -0.01582023 -0.00379002
v 0.07196394 -0.01537342 -0.00522574
v 0.07196976 -0.01479793 -0.00661488
v 0.07197487 -0.01409849 -0.00794593
v 0.07197928 -0.01328091 -0.00920787
v 0.07198290 -0.01235196 -0.01039024
v 0.07198574 -0.01131935 -0.01148324
v 0.07198773 -0.01019162 -0.01247781
v 0.07198891 -0.00897812 -0.01336571
v 0.07198924 -0.00768891 -0.01413959
v 0.07198871 -0.00633467 -0.01479303
v 0.07198733 -0.00492663 -0.01532062
v 0.07198513 -0.00347643 -0.01571798
v 0.07198212 -0.00199612 -0.01598182
v 0.07197830 -0.00049795 -0.01610997
v 0.07197373 0.00100566 -0.01610134
v 0.07196844 0.00250225 -0.01595603
v 0.07196248 0.00397944 -0.01567522
v 0.07195587 0.00542496 -0.01526125
v 0.07194870 0.00682684 -0.01471755
v 0.07194103 0.00817348 -0.01404862
v 0.07193288 0.00945370 -0.01326001
v 0.07192437 0.01065690 -0.01235824
v 0.07191554 0.01177312 -0.01135080
v 0.07190648 0.01279310 -0.01024603
v 0.07189725 0.01370838 -0.00905309
v 0.07188793 0.01451139 -0.00778185
v 0.07187860 0.01519547 -0.00644286
v 0.07186934 0.01575495 -0.00504722
v 0.07186022 0.01618521 -0.00360647
v 0.07185131 0.01648266 -0.00213256
v 0.07184272 0.01664485 -0.00063772
v 0.07183447 0.01667043 0.00086569
v 0.07182667 0.01655919 0.00236519
v 0.07181936 0.01631206 0.00384837
v 0.07181261 0.01593107 0.00530293
v 0.07180647 0.01541939 0.00671683
v 0.07180100 0.01478126 0.00807834
v 0.07179622 0.01402197 0.00937618
v 0.07179221 0.01314780 0.01059960
v 0.07178900 0.01216600 0.01173847
v 0.07178657 0.01108471 0.01278333
v 0.07178497 0.00991288 0.01372554
v 0.07178422 0.00866023 0.01455730
v 0.07178432 0.00733713 0.01527169
v 0.07178528 0.00595456 0.01586282
v 0.07178707 0.00452395 0.01632577
v 0.07178968 0.00305718 0.01665672
v 0.07179309 0.00156640 0.01685292
v 0.07179729 0.00006395 0.01691274
v 0.07180222 -0.00143772 0.01683569
v 0.07180787 -0.00292614 0.01662241
v 0.07181415 -0.00438902 0.01627466
v 0.07182105 -0.00581419 0.01579533
v 0.07182848 -0.00718988 0.01518838
v 0.07319838 -0.00716348 0.01229564
v 0.07320543 -0.00821464 0.01158016
v 0.07321276 -0.00919639 0.01077204
v 0.07322034 -0.01010057 0.00987801
v 0.07322808 -0.01091971 0.00890546
v 0.07323594 -0.01164701 0.00786245
v 0.07324382 -0.01227646 0.00675761
v 0.07325169 -0.01280282 0.00560012
v 0.07325948 -0.01322175 0.00439955
v 0.07326710 -0.01352976 0.00316587
v 0.07327452 -0.01372431 0.00190929
v 0.07328164 -0.01380378 0.00064022
v 0.07328843 -0.01376754 -0.00063083
v 0.07329483 -0.01361584 -0.00189330
v 0.07330078 -0.01334999 -0.00313677
v 0.07330624 -0.01297214 -0.00435090
v 0.07331116 -0.01248546 -0.00552565
v 0.07331549 -0.01189397 -0.00665127
v 0.07331920 -0.01120258 -0.00771845
v 0.07332227 -0.01041700 -0.00871833
v 0.07332466 -0.00954375 -0.00964264
v 0.07332636 -0.00859007 -0.01048371
v 0.07332735 -0.00756387 -0.01123458
v 0.07332762 -0.00647363 -0.01188902
v 0.07332718 -0.00532840 -0.01244161
v 0.07332602 -0.00413766 -0.01288777
v 0.07332415 -0.00291129 -0.01322380
v 0.07332160 -0.00165944 -0.01344693
v 0.07331837 -0.00039249 -0.01355529
v 0.07331451 0.00087906 -0.01354800
v 0.07331004 0.00214468 -0.01342511
v 0.07330500 0.00339387 -0.01318765
v 0.07329942 0.00461629 -0.01283757
v 0.07329335 0.00580181 -0.01237778
v 0.07328685 0.00694062 -0.01181209
v 0.07327998 0.00802325 -0.01114519
v 0.07327277 0.00904076 -0.01038260
v 0.07326531 0.00998471 -0.00953064
v 0.07325764 0.01084726 -0.00859638
v 0.07324984 0.01162129 -0.00758755
v 0.07324196 0.01230036 -0.00651251
v 0.07323407 0.01287886 -0.00538018
v 0.07322623 0.01335200 -0.00419993
v 0.07321852 0.01371584 -0.00298154
v 0.07321100 0.01396739 -0.00173512
v 0.07320371 0.01410455 -0.00047098
v 0.07319675 0.01412618 0.00080039
v 0.07319015 0.01403211 0.00206847
v 0.07318397 0.01382312 0.00332274
v 0.07317825 0.01350093 0.00455281
v 0.07317305 0.01306822 0.00574849
v 0.07316843 0.01252858 0.00689987
v 0.07316440 0.01188647 0.00799740
v 0.07316102 0.01114722 0.00903201
v 0.07315828 0.01031694 0.00999510
v 0.07315625 0.00940253 0.01087871
v 0.07315489 0.00841156 0.01167550
v 0.07315426 0.00735224 0.01237889
v 0.07315434 0.00623335 0.01298303
v 0.07315513 0.00506415 0.01348292
v 0.07315666 0.00385434 0.01387443
v 0.07315887 0.00261395 0.01415430
v 0.07316176 0.00135325 0.01432022
v 0.07316530 0.00008268 0.01437080
v 0.07316948 -0.00118722 0.01430564
v 0.07317425 -0.00244593 0.01412528
v 0.07317957 -0.00368302 0.01383120
v 0.07318540 -0.00488825 0.01342585
v 0.07319169 -0.00605161 0.01291258
v 0.07432931 -0.00576528 0.01003749
v 0.07433502 -0.00661632 0.00945822
v 0.07434096 -0.00741116 0.00880395
v 0.07434710 -0.00814320 0.00808012
v 0.07435337 -0.00880639 0.00729273
v 0.07435971 -0.00939523 0.00644828
v 0.07436611 -0.00990484 0.00555379
v 0.07437248 -0.01033099 0.00461666
v 0.07437878 -0.01067017 0.00364466
v 0.07438496 -0.01091954 0.00264585
v 0.07439096 -0.01107705 0.00162850
v 0.07439673 -0.01114140 0.00060103
v 0.07440223 -0.01111205 -0.00042803
v 0.07440741 -0.01098924 -0.00145017
v 0.07441223 -0.01077399 -0.00245689
v 0.07441664 -0.01046808 -0.00343988
v 0.07442063 -0.01007405 -0.00439097
v 0.07442413 -0.00959517 -0.00530230
v 0.07442714 -0.00903540 -0.00616631
v 0.07442962 -0.00839939 -0.00697584
v 0.07443156 -0.00769239 -0.00772417
v 0.07443293 -0.00692027 -0.00840512
v 0.07443374 -0.00608943 -0.00901304
v 0.07443395 -0.00520676 -0.00954289
v 0.07443359 -0.00427955 -0.00999028
v 0.07443266 -0.00331551 -0.01035149
v 0.07443115 -0.00232262 -0.01062356
v 0.07442908 -0.00130910 -0.01080420
v 0.07442647 -0.00028336 -0.01089194
v 0.07442335 0.00074612 -0.01088603
v 0.07441971 0.00177079 -0.01078654
v 0.07441563 0.00278216 -0.01059428
v 0.07441112 0.00377186 -0.01031085
v 0.07440621 0.00473168 -0.00993859
v 0.07440095 0.00565368 -0.00948060
v 0.07439537 0.00653020 -0.00894066
v 0.07438955 0.00735400 -0.00832326
v 0.07438351 0.00811822 -0.00763350
v 0.07437729 0.00881657 -0.00687710
v 0.07437099 0.00944323 -0.00606034
v 0.07436459 0.00999303 -0.00518996
v 0.07435821 0.01046139 -0.00427320
v 0.07435187 0.01084446 -0.00331765
v 0.07434562 0.01113903 -0.00233122
v 0.07433955 0.01134269 -0.00132209
v 0.07433364 0.01145373 -0.00029862
v 0.07432800 0.01147125 0.00073071
v 0.07432265 0.01139508 0.00175737
v 0.07431765 0.01122588 0.00277285
v 0.07431302 0.01096503 0.00376874
v 0.07430881 0.01061470 0.00473679
v 0.07430507 0.01017779 0.00566896
v 0.07430182 0.00965794 0.00655756
v 0.07429906 0.00905942 0.00739519
v 0.07429685 0.00838722 0.00817493
v 0.07429519 0.00764689 0.00889031
v 0.07429411 0.00684458 0.00953541
v 0.07429358 0.00598693 0.01010489
v 0.07429366 0.00508105 0.01059401
v 0.07429431 0.00413445 0.01099873
v 0.07429554 0.00315497 0.01131570
v 0.07429733 0.00215072 0.01154229
v 0.07429967 0.00113003 0.01167662
v 0.07430254 0.00010136 0.01171758
v 0.07430593 -0.00092678 0.01166482
v 0.07430977 -0.00194586 0.01151879
v 0.07431410 -0.00294743 0.01128070
v 0.07431881 -0.00392320 0.01095252
v 0.07432389 -0.00486508 0.01053697
v 0.07522030 -0.00432108 0.00770218
v 0.07522464 -0.00496529 0.00726368
v 0.07522913 -0.00556697 0.00676842
v 0.07523377 -0.00612111 0.00622051
v 0.07523852 -0.00662313 0.00562447
v 0.07524333 -0.00706887 0.00498524
v 0.07524817 -0.00745462 0.00430813
v 0.07525297 -0.00777721 0.00359875
v 0.07525777 -0.00803395 0.00286297
v 0.07526243 -0.00822273 0.00210689
v 0.07526697 -0.00834196 0.00133678
v 0.07527133 -0.00839067 0.00055902
v 0.07527550 -0.00836845 -0.00021996
v 0.07527941 -0.00827548 -0.00099368
v 0.07528307 -0.00811255 -0.00175575
v 0.07528641 -0.00788098 -0.00249985
v 0.07528943 -0.00758271 -0.00321980
v 0.07529210 -0.00722021 -0.00390966
v 0.07529435 -0.00679648 -0.00456369
v 0.07529625 -0.00631503 -0.00517648
v 0.07529770 -0.00577985 -0.00574295
v 0.07529875 -0.00519539 -0.00625842
v 0.07529935 -0.00456645 -0.00671859
v 0.07529952 -0.00389830 -0.00711967
v 0.07529926 -0.00319642 -0.00745833
v 0.07529854 -0.00246667 -0.00773177
v 0.07529740 -0.00171507 -0.00793771
v 0.07529583 -0.00094786 -0.00807446
v 0.07529387 -0.00017141 -0.00814087
v 0.07529148 0.00060789 -0.00813640
v 0.07528874 0.00138353 -0.00806109
v 0.07528565 0.00214912 -0.00791555
v 0.07528224 0.00289830 -0.00770100
v 0.07527851 0.00362486 -0.00741922
v 0.07527454 0.00432278 -0.00707253
v 0.07527031 0.00498629 -0.00666381
v 0.07526591 0.00560988 -0.00619645
v 0.07526133 0.00618839 -0.00567432
v 0.07525664 0.00671701 -0.00510174
v 0.07525184 0.00719138 -0.00448347
v 0.07524701 0.00760757 -0.00382462
v 0.07524218 0.00796211 -0.00313065
v 0.07523739 0.00825207 -0.00240733
v 0.07523267 0.00847506 -0.00166062
v 0.07522804 0.00862922 -0.00089674
v 0.07522359 0.00871328 -0.00012200
v 0.07521933 0.00872654 0.00065718
v 0.07521527 0.00866889 0.00143434
v 0.07521147 0.00854080 0.00220303
v 0.07520799 0.00834335 0.00295689
v 0.07520480 0.00807816 0.00368968
v 0.07520197 0.00774743 0.00439532
v 0.07519950 0.00735391 0.00506796
v 0.07519741 0.00690085 0.00570202
v 0.07519574 0.00639201 0.00629227
v 0.07519448 0.00583160 0.00683380
v 0.07519367 0.00522427 0.00732212
v 0.07519327 0.00457505 0.00775320
v 0.07519332 0.00388932 0.00812345
v 0.07519381 0.00317277 0.00842982
v 0.07519475 0.00243133 0.00866976
v 0.07519609 0.00167114 0.00884127
v 0.07519787 0.00089850 0.00894296
v 0.07520004 0.00011982 0.00897397
v 0.07520261 -0.00065845 0.00893403
v 0.07520551 -0.00142987 0.00882349
v 0.07520878 -0.00218804 0.00864326
v 0.07521235 -0.00292667 0.00839484
v 0.07521620 -0.00363966 0.00808027
v 0.07586434 -0.00284225 0.00530811
v 0.07586724 -0.00327457 0.00501385
v 0.07587027 -0.00367834 0.00468149
v 0.07587337 -0.00405020 0.00431380
v 0.07587656 -0.00438710 0.00391381
v 0.07587980 -0.00468622 0.00348484
v 0.07588305 -0.00494509 0.00303045
v 0.07588629 -0.00516157 0.00255440
v 0.07588948 -0.00533387 0.00206064
v 0.07589261 -0.00546056 0.00155325
v 0.07589566 -0.00554057 0.00103645
v 0.07589860 -0.00557325 0.00051451
v 0.07590138 -0.00555834 -0.00000824
v 0.07590402 -0.00549596 -0.00052747
v 0.07590646 -0.00538661 -0.00103887
v 0.07590872 -0.00523122 -0.00153822
v 0.07591074 -0.00503105 -0.00202136
v 0.07591252 -0.00478780 -0.00248430
v 0.07591405 -0.00450343 -0.00292321
v 0.07591531 -0.00418035 -0.00333444
v 0.07591628 -0.00382120 -0.00371458
v 0.07591699 -0.00342897 -0.00406050
v 0.07591739 -0.00300692 -0.00436931
v 0.07591750 -0.00255853 -0.00463847
v 0.07591733 -0.00208752 -0.00486573
v 0.07591684 -0.00159781 -0.00504923
v 0.07591608 -0.00109342 -0.00518743
v 0.07591504 -0.00057857 -0.00527920
v 0.07591370 -0.00005750 -0.00532376
v 0.07591212 0.00046545 -0.00532077
v 0.07591029 0.00098597 -0.00527023
v 0.07590820 0.00149973 -0.00517256
v 0.07590591 0.00200249 -0.00502858
v 0.07590342 0.00249006 -0.00483948
v 0.07590074 0.00295843 -0.00460682
v 0.07589792 0.00340369 -0.00433255
v 0.07589495 0.00382217 -0.00401891
v 0.07589187 0.00421039 -0.00366852
v 0.07588872 0.00456514 -0.00328428
v 0.07588552 0.00488348 -0.00286937
v 0.07588228 0.00516276 -0.00242724
v 0.07587903 0.00540069 -0.00196153
v 0.07587580 0.00559528 -0.00147612
v 0.07587264 0.00574492 -0.00097503
v 0.07586954 0.00584838 -0.00046240
v 0.07586655 0.00590478 0.00005750
v 0.07586369 0.00591368 0.00058039
v 0.07586098 0.00587499 0.00110192
v 0.07585842 0.00578904 0.00161777
v 0.07585607 0.00565653 0.00212367
v 0.07585394 0.00547857 0.00261543
v 0.07585204 0.00525663 0.00308896
v 0.07585038 0.00499254 0.00354035
v 0.07584899 0.00468851 0.00396586
v 0.07584786 0.00434703 0.00436195
v 0.07584702 0.00397096 0.00472536
v 0.07584647 0.00356339 0.00505306
v 0.07584621 0.00312772 0.00534235
v 0.07584625 0.00266755 0.00559082
v 0.07584658 0.00218669 0.00579642
v 0.07584718 0.00168912 0.00595743
v 0.07584810 0.00117898 0.00607253
v 0.07584929 0.00066048 0.00614077
v 0.07585076 0.00013792 0.00616158
v 0.07585247 -0.00038436 0.00613478
v 0.07585442 -0.00090204 0.00606060
v 0.07585662 -0.00141082 0.00593965
v 0.07585901 -0.00190650 0.00577294
v 0.07586160 -0.00238497 0.00556184
v -0.03278329 -0.00868126 -0.00268465
v -0.03278442 -0.00876728 -0.00242892
v -0.03346797 -0.00869692 -0.00269294
v -0.03276913 -0.00629018 -0.00661826
v -0.03276920 -0.00634174 -0.00657483
v -0.03345383 -0.00629504 -0.00662530
v -0.03287753 0.00475813 0.00722651
v -0.03287739 0.00510041 0.00701030
v -0.03356238 0.00476592 0.00723839
v -0.03286130 -0.00266760 0.00834908
v -0.03354611 -0.00267387 0.00836147
v -0.03285985 -0.00299390 0.00826362
v -0.03353870 -0.00411840 0.00779492
v -0.03286506 -0.00181860 0.00857143
v -0.03355235 -0.00115290 0.00866858
v -0.03286752 -0.00114840 0.00865195
v -0.03287561 0.00180310 0.00850975
v -0.03287581 0.00193231 0.00847117
v -0.03356059 0.00193259 0.00847530
v -0.03287302 0.00060245 0.00869566
v -0.03355722 0.00039830 0.00870691
v -0.03287243 0.00040017 0.00869910
v -0.03286947 -0.00061233 0.00871635
v -0.03287723 0.00296725 0.00816209
v -0.03356232 0.00340336 0.00798078
v -0.03287747 0.00339726 0.00796655
v -0.03287784 0.00407322 0.00765915
v -0.03287602 0.00597812 0.00627105
v -0.03356078 0.00597887 0.00627067
v -0.03287594 0.00602968 0.00622763
v -0.03355756 0.00700534 0.00510703
v -0.03287350 0.00684372 0.00532572
v -0.03286796 0.00779763 0.00377731
v -0.03286581 0.00806790 0.00323327
v -0.03355280 0.00781416 0.00378283
v -0.03287010 0.00752737 0.00432136
v -0.03287274 0.00699554 0.00510267
v -0.03286186 0.00836921 0.00233744
v -0.03354666 0.00838074 0.00233830
v -0.03286073 0.00845522 0.00208172
v -0.03353932 0.00868788 0.00081734
v -0.03285493 0.00868214 0.00088815
v -0.03284852 0.00874441 -0.00032519
v -0.03353101 0.00872624 -0.00073385
v -0.03285457 0.00868559 0.00082083
v -0.03283722 0.00847747 -0.00226006
v -0.03283440 0.00837350 -0.00272085
v -0.03352198 0.00849465 -0.00226812
v -0.03284164 0.00864089 -0.00153571
v -0.03284623 0.00870992 -0.00072855
v -0.03282777 0.00799454 -0.00373227
v -0.03351251 0.00800015 -0.00373887
v -0.03282694 0.00794723 -0.00385855
v -0.03350288 0.00725777 -0.00510140
v -0.03281940 0.00736999 -0.00492760
v -0.03280868 0.00627738 -0.00629636
v -0.03280462 0.00580832 -0.00678176
v -0.03349338 0.00629007 -0.00631431
v -0.03281192 0.00665257 -0.00590809
v -0.03281815 0.00725053 -0.00509087
v -0.03279961 0.00511820 -0.00732395
v -0.03348431 0.00512643 -0.00734076
v -0.03279768 0.00485296 -0.00753234
v -0.03347594 0.00380223 -0.00814955
v -0.03279119 0.00380429 -0.00814583
v -0.03278530 0.00268185 -0.00861082
v -0.03346851 0.00235770 -0.00871610
v -0.03278385 0.00235554 -0.00869628
v -0.03278010 0.00150655 -0.00891863
v -0.03346227 0.00083672 -0.00902321
v -0.03277764 0.00083634 -0.00899915
v -0.03276953 -0.00211515 -0.00885695
v -0.03276934 -0.00224437 -0.00881837
v -0.03345405 -0.00224877 -0.00882994
v -0.03277212 -0.00091451 -0.00904286
v -0.03345739 -0.00071448 -0.00906155
v -0.03277272 -0.00071222 -0.00904630
v -0.03277568 0.00030027 -0.00906355
v -0.03276791 -0.00327931 -0.00850929
v -0.03345230 -0.00371954 -0.00833542
v -0.03276768 -0.00370932 -0.00831375
v -0.03345223 -0.00508209 -0.00759302
v -0.03276775 -0.00541246 -0.00735750
v -0.03276762 -0.00507019 -0.00757371
v -0.03276732 -0.00438528 -0.00800635
v -0.03277165 -0.00715578 -0.00567292
v -0.03345707 -0.00732152 -0.00546166
v -0.03277241 -0.00730760 -0.00544988
v -0.03277506 -0.00783943 -0.00466856
v -0.03346182 -0.00813033 -0.00413746
v -0.03277720 -0.00810969 -0.00412452
v -0.03277934 -0.00837995 -0.00358047
v -0.03279021 -0.00899420 -0.00123535
v -0.03347530 -0.00900406 -0.00117198
v -0.03279058 -0.00899765 -0.00116804
v -0.03279662 -0.00905647 -0.00002201
v -0.03348361 -0.00904241 0.00037921
v -0.03279892 -0.00902198 0.00038136
v -0.03280351 -0.00895295 0.00118851
v -0.03349264 -0.00881083 0.00191349
v -0.03280793 -0.00878953 0.00191286
v -0.03282575 -0.00768206 0.00458040
v -0.03282700 -0.00756258 0.00474367
v -0.03351174 -0.00757395 0.00474676
v -0.03281821 -0.00825928 0.00351135
v -0.03350211 -0.00831633 0.00338423
v -0.03281739 -0.00830660 0.00338507
v -0.03281075 -0.00868556 0.00237366
v -0.03283323 -0.00696463 0.00556089
v -0.03352124 -0.00660624 0.00595968
v -0.03283647 -0.00658944 0.00594915
v -0.03285395 -0.00411635 0.00779863
v -0.03284746 -0.00516501 0.00718514
v -0.03353032 -0.00544261 0.00698613
v -0.03284554 -0.00543026 0.00697675
v -0.03284051 -0.00612037 0.00643456
v -0.02828954 -0.01087168 0.00888781
v -0.02824270 -0.01400498 0.00199758
v -0.02818567 -0.00680701 -0.01249214
v -0.02820580 0.00247763 -0.01392976
v -0.02826774 0.01171755 -0.00764049
v -0.03266291 -0.00990347 -0.00134396
v -0.03265651 -0.00965320 -0.00266037
v -0.03238341 -0.01077863 -0.00144770
v -0.03273319 -0.00452358 0.00861983
v -0.03272604 -0.00568018 0.00794319
v -0.03265091 -0.00922601 -0.00393044
v -0.03264243 -0.00787584 -0.00623825
v -0.03263813 -0.00595310 -0.00809622
v -0.03263765 -0.00482019 -0.00881185
v -0.03263830 -0.00360039 -0.00936655
v -0.03264009 -0.00231642 -0.00975000
v -0.03264686 0.00034760 -0.00997786
v -0.03265747 0.00297430 -0.00947853
v -0.03267880 0.00642255 -0.00746122
v -0.03268683 0.00735371 -0.00649763
v -0.03269508 0.00814497 -0.00541623
v -0.03271163 0.00925176 -0.00298235
v -0.03272721 0.00966085 -0.00034012
v -0.03273427 0.00959216 0.00099811
v -0.02828847 0.01315405 -0.00461954
v -0.02870867 0.01379359 -0.00038855
v -0.02870899 0.01379363 -0.00039668
v -0.02920795 0.01364894 -0.00038869
v -0.02796754 0.00479646 0.01303164
v -0.02797003 0.00484636 0.01301167
v -0.02835888 0.00477948 0.01298691
v -0.02744303 -0.00567014 0.01281863
v -0.02832220 -0.00638321 0.01241415
v -0.02746501 -0.00527832 0.01299199
v -0.02833149 -0.00461441 0.01314690
v -0.02749955 -0.00463217 0.01321182
v -0.02759534 -0.00277234 0.01370175
v -0.02833970 -0.00276231 0.01363198
v -0.02755229 -0.00362697 0.01351554
v -0.02754500 -0.00377167 0.01348401
v -0.02752779 -0.00410380 0.01339159
v -0.02766761 -0.00131930 0.01390570
v -0.02769019 -0.00086262 0.01392272
v -0.02834665 -0.00086140 0.01386034
v -0.02765794 -0.00151432 0.01388106
v -0.02760655 -0.00254987 0.01375023
v -0.02776478 0.00064978 0.01392041
v -0.02777820 0.00092254 0.01390872
v -0.02835224 0.00105291 0.01382773
v -0.02772873 -0.00008254 0.01395179
v -0.02786976 0.00279292 0.01361925
v -0.02787777 0.00295702 0.01358390
v -0.02835634 0.00294495 0.01353478
v -0.02783901 0.00216302 0.01375495
v -0.02778492 0.00105962 0.01389173
v -0.02796307 0.00470634 0.01306771
v -0.02795561 0.00455640 0.01312772
v -0.02789817 0.00337500 0.01349386
v -0.02835982 0.00652232 0.01219435
v -0.02806966 0.00679061 0.01208663
v -0.02811699 0.00766649 0.01154917
v -0.02835913 0.00814102 0.01117186
v -0.02805992 0.00661036 0.01219723
v -0.02805640 0.00654229 0.01223107
v -0.02800211 0.00549177 0.01275336
v -0.02816877 0.00858031 0.01087036
v -0.02817322 0.00865904 0.01081188
v -0.02814453 0.00815257 0.01118810
v -0.02821818 0.00941640 0.01014883
v -0.02835684 0.00960541 0.00993849
v -0.02823044 0.00961275 0.00994681
v -0.02827246 0.01028572 0.00925437
v -0.02835299 0.01088822 0.00851720
v -0.02826369 0.01014512 0.00939903
v -0.02832537 0.01106568 0.00829423
v -0.02835064 0.01139477 0.00780648
v -0.02831318 0.01088602 0.00851539
v -0.02924665 0.01070323 0.00836912
v -0.02835544 0.01145729 0.00771382
v -0.02837838 0.01175602 0.00727108
v -0.02924140 0.01176275 0.00681256
v -0.02839538 0.01195064 0.00692575
v -0.02844770 0.01250861 0.00583406
v -0.02847434 0.01277161 0.00526430
v -0.02923476 0.01260046 0.00512624
v -0.02842143 0.01224928 0.00639589
v -0.02853757 0.01326029 0.00382193
v -0.02855570 0.01337286 0.00338977
v -0.02922687 0.01320074 0.00334156
v -0.02852589 0.01318775 0.00410042
v -0.02847681 0.01279149 0.00520868
v -0.02862304 0.01368926 0.00174084
v -0.02863218 0.01371064 0.00151406
v -0.02921788 0.01355242 0.00149176
v -0.02861560 0.01367182 0.00192589
v -0.02857595 0.01349852 0.00290733
v -0.02866546 0.01378859 0.00068732
v -0.02878450 0.01360654 -0.00228050
v -0.02879439 0.01356548 -0.00252786
v -0.02919728 0.01348850 -0.00226476
v -0.02876421 0.01369071 -0.00177346
v -0.02871503 0.01379432 -0.00054659
v -0.02885830 0.01317151 -0.00412845
v -0.02918606 0.01307410 -0.00410151
v -0.02885130 0.01322846 -0.00395261
v -0.02880347 0.01352785 -0.00275452
v -0.02887629 0.01302529 -0.00458003
v -0.02917450 0.01241344 -0.00586471
v -0.03273971 -0.00328561 0.00913267
v -0.03274545 -0.00198935 0.00947217
v -0.03275032 -0.00065891 0.00963200
v -0.03275422 0.00068089 0.00960918
v -0.03275710 0.00200511 0.00940414
v -0.03275888 0.00328908 0.00902070
v -0.03275952 0.00450888 0.00846599
v -0.03275906 0.00564179 0.00775036
v -0.03275745 0.00666670 0.00688714
v -0.03275476 0.00756453 0.00589239
v -0.03275101 0.00831854 0.00478467
v -0.03274629 0.00891470 0.00358459
v -0.03266998 -0.00997216 -0.00000574
v -0.03268556 -0.00956307 0.00263650
v -0.03270210 -0.00845628 0.00507037
v -0.03271035 -0.00766502 0.00615178
v -0.03271838 -0.00673387 0.00711537
v -0.03246002 -0.00491527 0.00941150
v -0.03246711 -0.00356606 0.00997043
v -0.03247336 -0.00215330 0.01034043
v -0.03247867 -0.00070331 0.01051463
v -0.03248294 0.00075690 0.01048976
v -0.03248606 0.00220012 0.01026629
v -0.03248799 0.00359947 0.00984839
v -0.03248872 0.00492889 0.00924383
v -0.03248819 0.00616361 0.00846389
v -0.03248644 0.00728063 0.00752309
v -0.03248350 0.00825914 0.00643896
v -0.03247941 0.00908091 0.00523168
v -0.03247427 0.00973064 0.00392376
v -0.03246816 0.01019622 0.00253955
v -0.03196798 -0.01167537 0.00002709
v -0.03239109 -0.01085349 0.00001079
v -0.03204219 -0.00528027 0.01015108
v -0.03204983 -0.00382725 0.01075301
v -0.03205656 -0.00230579 0.01115149
v -0.03206228 -0.00074424 0.01133908
v -0.03206687 0.00082831 0.01131230
v -0.03207024 0.00238257 0.01107164
v -0.03207232 0.00388959 0.01062158
v -0.03207310 0.00532129 0.00997052
v -0.03207254 0.00665101 0.00913057
v -0.03207065 0.00785397 0.00811738
v -0.03206748 0.00890776 0.00694983
v -0.03206309 0.00979276 0.00564968
v -0.03205755 0.01049248 0.00424112
v -0.03205095 0.01099388 0.00275041
v -0.03204345 0.01128763 0.00120532
v -0.03142211 -0.01227175 0.00171049
v -0.03197689 -0.01154136 0.00159413
v -0.03239938 -0.01072906 0.00146588
v -0.03267757 -0.00985798 0.00132937
v -0.03149161 -0.00560818 0.01081751
v -0.03149974 -0.00406175 0.01145814
v -0.03150691 -0.00244248 0.01188223
v -0.03151299 -0.00078055 0.01208188
v -0.03151787 0.00089309 0.01205338
v -0.03152145 0.00254727 0.01179725
v -0.03152369 0.00415117 0.01131826
v -0.03152450 0.00567490 0.01062534
v -0.03152391 0.00709010 0.00973140
v -0.03152191 0.00837039 0.00865308
v -0.03151853 0.00949193 0.00741048
v -0.03151385 0.01043382 0.00602674
v -0.03150795 0.01117852 0.00452764
v -0.03150094 0.01171216 0.00294110
v -0.03149295 0.01202479 0.00129668
v -0.03148413 0.01211059 -0.00037499
v -0.03076136 -0.01251190 0.00352929
v -0.03143208 -0.01190336 0.00334331
v -0.03198625 -0.01119522 0.00312833
v -0.03240807 -0.01040764 0.00289047
v -0.03082397 -0.00588965 0.01139181
v -0.03083253 -0.00426287 0.01206572
v -0.03084007 -0.00255948 0.01251185
v -0.03084647 -0.00081120 0.01272188
v -0.03085160 0.00094940 0.01269189
v -0.03085537 0.00268952 0.01242245
v -0.03085772 0.00437675 0.01191858
v -0.03085858 0.00597966 0.01118966
v -0.03085796 0.00746838 0.01024927
v -0.03085584 0.00881519 0.00911493
v -0.03085229 0.00999500 0.00780776
v -0.03084737 0.01098582 0.00635213
v -0.03084116 0.01176921 0.00477515
v -0.03083379 0.01233057 0.00310618
v -0.03082539 0.01265945 0.00137632
v -0.03081611 0.01274971 -0.00038220
v -0.03080613 0.01259967 -0.00213663
v -0.03000441 -0.01236100 0.00539572
v -0.03077217 -0.01189408 0.00517817
v -0.03144237 -0.01131606 0.00491076
v -0.03199591 -0.01064339 0.00460110
v -0.03241704 -0.00989524 0.00425802
v -0.03269377 -0.00909292 0.00389129
v -0.03005829 -0.00611666 0.01185762
v -0.03006718 -0.00442489 0.01255846
v -0.03007503 -0.00265345 0.01302241
v -0.03008169 -0.00083531 0.01324082
v -0.03008702 0.00099563 0.01320964
v -0.03009094 0.00280527 0.01292944
v -0.03009338 0.00455991 0.01240543
v -0.03009428 0.00622686 0.01164739
v -0.03009362 0.00777507 0.01066943
v -0.03009142 0.00917568 0.00948976
v -0.03008774 0.01040263 0.00813038
v -0.03008261 0.01143305 0.00661658
v -0.03007616 0.01224774 0.00497659
v -0.03006849 0.01283153 0.00324094
v -0.03005975 0.01317354 0.00144197
v -0.03005011 0.01326741 -0.00038681
v -0.03003973 0.01311138 -0.00221134
v -0.03002881 0.01270836 -0.00399762
v -0.02917265 -0.01180892 0.00721403
v -0.03001578 -0.01149099 0.00700702
v -0.03078310 -0.01105749 0.00672757
v -0.03145275 -0.01052079 0.00638363
v -0.03200568 -0.00989615 0.00598501
v -0.03242612 -0.00920139 0.00554306
v -0.02921637 -0.00628276 0.01220167
v -0.02922552 -0.00454319 0.01292230
v -0.02923358 -0.00272170 0.01339937
v -0.02924043 -0.00085220 0.01362395
v -0.02924591 0.00103046 0.01359189
v -0.02924995 0.00289123 0.01330376
v -0.02925245 0.00469544 0.01276496
v -0.02925338 0.00640948 0.01198550
v -0.02925270 0.00800143 0.01097990
v -0.02925044 0.00944162 0.00976692
v -0.02918427 -0.01069705 0.00873361
v -0.03002706 -0.01040967 0.00848484
v -0.03079394 -0.01001772 0.00814862
v -0.03146306 -0.00953236 0.00773449
v -0.03201537 -0.00896743 0.00725428
v -0.03243510 -0.00833901 0.00672165
v -0.02827963 0.01262718 -0.00595582
v -0.03274067 0.00934189 0.00231451
v -0.03246118 0.01046898 0.00110484
v -0.03245348 0.01054384 -0.00035364
v -0.03203516 0.01136825 -0.00036538
v -0.03202625 0.01123424 -0.00193242
v -0.03147464 0.01196797 -0.00204277
v -0.03146467 0.01159957 -0.00367559
v -0.03079564 0.01221214 -0.00385429
v -0.03078482 0.01159432 -0.00550317
v -0.03001757 0.01206586 -0.00571238
v -0.03000621 0.01119584 -0.00732368
v -0.02916281 0.01151885 -0.00752154
v -0.02915123 0.01040699 -0.00904111
v -0.02825595 0.01058699 -0.00918560
v -0.02824447 0.00925658 -0.01056238
v -0.03244521 0.01041941 -0.00180873
v -0.03201688 0.01088810 -0.00346662
v -0.03145438 0.01101227 -0.00524303
v -0.03077389 0.01075773 -0.00705257
v -0.02999493 0.01011452 -0.00880151
v -0.02913993 0.00909855 -0.01039513
v -0.02823352 0.00775107 -0.01174517
v -0.03271961 0.00954667 -0.00167523
v -0.03243650 0.01009799 -0.00323332
v -0.03242754 0.00958559 -0.00460087
v -0.03200722 0.01033627 -0.00493938
v -0.03199746 0.00958904 -0.00632329
v -0.03144400 0.01021700 -0.00671591
v -0.03143370 0.00922857 -0.00806677
v -0.03076305 0.00971796 -0.00847361
v -0.03075249 0.00849436 -0.00973984
v -0.02998395 0.00884204 -0.01011833
v -0.02997348 0.00740210 -0.01124961
v -0.02912916 0.00761793 -0.01155838
v -0.02911911 0.00599269 -0.01250917
v -0.02822330 0.00609853 -0.01271194
v -0.02821401 0.00432973 -0.01344469
v -0.03240948 0.00802937 -0.00706450
v -0.03240073 0.00701454 -0.00811469
v -0.03197835 0.00756741 -0.00872355
v -0.03196935 0.00633068 -0.00969518
v -0.03141409 0.00674918 -0.01030456
v -0.03140516 0.00530439 -0.01114979
v -0.03073302 0.00558989 -0.01171681
v -0.03072446 0.00396311 -0.01239072
v -0.02995481 0.00412975 -0.01287513
v -0.02994695 0.00235830 -0.01333907
v -0.02910190 0.00243163 -0.01370687
v -0.02909506 0.00056214 -0.01393146
v -0.02819884 0.00057671 -0.01415813
v -0.02819326 -0.00133760 -0.01412552
v -0.03239238 0.00586616 -0.00901691
v -0.03196096 0.00497316 -0.01048936
v -0.03139701 0.00375796 -0.01179042
v -0.03071691 0.00225972 -0.01283685
v -0.02994030 0.00054017 -0.01355749
v -0.02908956 -0.00132053 -0.01389939
v -0.02818915 -0.00322963 -0.01383256
v -0.03267115 0.00536887 -0.00828905
v -0.03266398 0.00421227 -0.00896569
v -0.03238458 0.00460563 -0.00975435
v -0.03237748 0.00325641 -0.01031328
v -0.03195332 0.00352013 -0.01109130
v -0.03194657 0.00199867 -0.01148977
v -0.03138985 0.00213870 -0.01221451
v -0.03138375 0.00047676 -0.01241416
v -0.03071053 0.00051144 -0.01304687
v -0.03070539 -0.00124916 -0.01301689
v -0.02993497 -0.00129077 -0.01352631
v -0.02993104 -0.00310042 -0.01324611
v -0.02908553 -0.00318130 -0.01361127
v -0.02908304 -0.00498551 -0.01307246
v -0.02818662 -0.00506416 -0.01328470
v -0.03265174 0.00167803 -0.00981802
v -0.03237123 0.00184365 -0.01068329
v -0.03236591 0.00039366 -0.01085748
v -0.03194086 0.00043713 -0.01167736
v -0.03193627 -0.00113543 -0.01165058
v -0.03137888 -0.00119688 -0.01238566
v -0.03137530 -0.00285106 -0.01212953
v -0.03070162 -0.00298928 -0.01274745
v -0.03069927 -0.00467650 -0.01224358
v -0.02992860 -0.00485505 -0.01272210
v -0.02992771 -0.00652200 -0.01196405
v -0.02908210 -0.00669955 -0.01229300
v -0.02908277 -0.00829150 -0.01128741
v -0.02818636 -0.00842570 -0.01146965
v -0.02818866 -0.00989009 -0.01023628
v -0.03236166 -0.00106654 -0.01083261
v -0.03193290 -0.00268969 -0.01140992
v -0.03137307 -0.00445495 -0.01165053
v -0.03069841 -0.00627941 -0.01151466
v -0.02992837 -0.00807021 -0.01098609
v -0.02908503 -0.00973169 -0.01007442
v -0.02819250 -0.01117290 -0.00881500
v -0.03264295 -0.00099220 -0.00995504
v -0.03235853 -0.00250977 -0.01060914
v -0.03235659 -0.00390912 -0.01019124
v -0.03193081 -0.00419671 -0.01095987
v -0.03193004 -0.00562841 -0.01030880
v -0.03137224 -0.00597869 -0.01095762
v -0.03137285 -0.00739388 -0.01006367
v -0.03069904 -0.00776814 -0.01057427
v -0.03070115 -0.00911494 -0.00943993
v -0.02993056 -0.00947083 -0.00980643
v -0.02993424 -0.01069777 -0.00844704
v -0.02908883 -0.01099329 -0.00867663
v -0.02909409 -0.01205282 -0.00712007
v -0.02819787 -0.01225023 -0.00723228
v -0.02820461 -0.01310201 -0.00551761
v -0.03235588 -0.00523854 -0.00958669
v -0.03193061 -0.00695812 -0.00946885
v -0.03137485 -0.00867418 -0.00898536
v -0.03070469 -0.01029475 -0.00813276
v -0.02993936 -0.01172819 -0.00693325
v -0.02910073 -0.01289053 -0.00543375
v -0.02821262 -0.01371239 -0.00370294
v -0.03235640 -0.00647326 -0.00880674
v -0.03193250 -0.00816109 -0.00845567
v -0.03137823 -0.00979572 -0.00774276
v -0.03070961 -0.01128558 -0.00667713
v -0.02994582 -0.01254288 -0.00529326
v -0.02910862 -0.01349081 -0.00364906
v -0.02822177 -0.01406997 -0.00182206
v -0.03263973 -0.00697801 -0.00723299
v -0.03235814 -0.00759028 -0.00786594
v -0.03236109 -0.00856879 -0.00678181
v -0.03193565 -0.00921488 -0.00728812
v -0.03194005 -0.01009988 -0.00598796
v -0.03138290 -0.01073761 -0.00635902
v -0.03138881 -0.01148231 -0.00485992
v -0.03071583 -0.01206897 -0.00510014
v -0.03072320 -0.01263033 -0.00343118
v -0.02995350 -0.01312667 -0.00355760
v -0.02996223 -0.01346868 -0.00175864
v -0.02911760 -0.01384249 -0.00179927
v -0.02912752 -0.01393900 0.00008118
v -0.02823186 -0.01416812 0.00008999
v -0.03264618 -0.00862985 -0.00513052
v -0.03236517 -0.00939056 -0.00557454
v -0.03237031 -0.01004029 -0.00426661
v -0.03194559 -0.01079960 -0.00457941
v -0.03195218 -0.01130100 -0.00308870
v -0.03139582 -0.01201595 -0.00327338
v -0.03140380 -0.01232858 -0.00162896
v -0.03073161 -0.01295920 -0.00170132
v -0.03074088 -0.01304947 0.00005720
v -0.02997188 -0.01356255 0.00007014
v -0.02998226 -0.01340652 0.00189467
v -0.02913819 -0.01377856 0.00195725
v -0.02914941 -0.01336417 0.00379400
v -0.02825411 -0.01358362 0.00386520
v -0.02826587 -0.01291186 0.00565804
v -0.03237644 -0.01050587 -0.00288241
v -0.03195969 -0.01159475 -0.00154361
v -0.03141262 -0.01241437 0.00004271
v -0.03075086 -0.01289943 0.00181163
v -0.02999316 -0.01300350 0.00368095
v -0.02916097 -0.01270351 0.00555720
v -0.02827775 -0.01200224 0.00734270
v -0.02910997 0.00425313 -0.01322981
v -0.02996370 0.00582152 -0.01217429
v -0.03074242 0.00710974 -0.01082767
v -0.03142366 0.00806541 -0.00927046
v -0.03198777 0.00866032 -0.00759256
v -0.03241847 0.00889174 -0.00588591
v -0.03270341 0.00878161 -0.00423714
v -0.03244387 -0.00732419 0.00777184
v -0.03202480 -0.00787453 0.00838527
v -0.03147310 -0.00836920 0.00893818
v -0.03080450 -0.00879412 0.00941484
v -0.03003803 -0.00913719 0.00980166
v -0.02919555 -0.00938862 0.01008763
v -0.02830102 -0.00954126 0.01026459
v -0.02831198 -0.00803575 0.01144738
v -0.03245221 -0.00617582 0.00867405
v -0.03203379 -0.00663780 0.00935690
v -0.03148267 -0.00705297 0.00997228
v -0.03081457 -0.00740950 0.01050266
v -0.03004851 -0.00769724 0.01093295
v -0.02920632 -0.00790800 0.01125086
v -0.03759486 0.00118421 -0.00479744
v -0.03759149 0.00036522 -0.00496281
v -0.03758886 -0.00047004 -0.00498344
v -0.03758706 -0.00129620 -0.00485873
v -0.03758612 -0.00208815 -0.00459245
v -0.03758609 -0.00282183 -0.00419270
v -0.03758696 -0.00347496 -0.00367162
v -0.03758869 -0.00402768 -0.00304505
v -0.03759125 -0.00446319 -0.00233202
v -0.03759456 -0.00476828 -0.00155420
v -0.03759851 -0.00493366 -0.00073522
v -0.03760298 -0.00495431 0.00010004
v -0.03760785 -0.00482961 0.00092619
v -0.03761294 -0.00456335 0.00171813
v -0.03761814 -0.00416360 0.00245180
v -0.03762324 -0.00364253 0.00310491
v -0.03762813 -0.00301596 0.00365761
v -0.03763264 -0.00230293 0.00409311
v -0.03763664 -0.00152511 0.00439818
v -0.03764000 -0.00070611 0.00456355
v -0.03764263 0.00012915 0.00458419
v -0.03764443 0.00095530 0.00445947
v -0.03764538 0.00174726 0.00419320
v -0.03764540 0.00248094 0.00379344
v -0.03764454 0.00313407 0.00327236
v -0.03764280 0.00368678 0.00264579
v -0.03764024 0.00412230 0.00193276
v -0.03763693 0.00442739 0.00115494
v -0.03763298 0.00459277 0.00033596
v -0.03762851 0.00461342 -0.00049930
v -0.03762365 0.00448872 -0.00132545
v -0.03761855 0.00422245 -0.00211739
v -0.03761336 0.00382270 -0.00285106
v -0.03760825 0.00330164 -0.00350417
v -0.03760336 0.00267506 -0.00405687
v -0.03759886 0.00196203 -0.00449237
v -0.03930670 0.00117906 -0.00480673
v -0.03931070 0.00195688 -0.00450166
v -0.03931520 0.00266991 -0.00406616
v -0.03932009 0.00329649 -0.00351346
v -0.03932520 0.00381756 -0.00286035
v -0.03933039 0.00421730 -0.00212668
v -0.03933549 0.00448357 -0.00133474
v -0.03934035 0.00460827 -0.00050859
v -0.03934483 0.00458762 0.00032666
v -0.03934878 0.00442224 0.00114564
v -0.03935208 0.00411715 0.00192346
v -0.03935464 0.00368164 0.00263649
v -0.03935639 0.00312892 0.00326307
v -0.03935724 0.00247579 0.00378415
v -0.03935721 0.00174211 0.00418390
v -0.03935628 0.00095016 0.00445018
v -0.03935447 0.00012399 0.00457489
v -0.03935184 -0.00071126 0.00455425
v -0.03934849 -0.00153025 0.00438889
v -0.03934448 -0.00230807 0.00408382
v -0.03933998 -0.00302110 0.00364832
v -0.03933509 -0.00364768 0.00309561
v -0.03932998 -0.00416875 0.00244251
v -0.03932478 -0.00456850 0.00170883
v -0.03931969 -0.00483476 0.00091690
v -0.03931483 -0.00495946 0.00009075
v -0.03931036 -0.00493881 -0.00074451
v -0.03930640 -0.00477343 -0.00156349
v -0.03930309 -0.00446834 -0.00234131
v -0.03930053 -0.00403283 -0.00305434
v -0.03929880 -0.00348011 -0.00368092
v -0.03929793 -0.00282698 -0.00420199
v -0.03929797 -0.00209330 -0.00460175
v -0.03929890 -0.00130135 -0.00486803
v -0.03930071 -0.00047519 -0.00499274
v -0.03930333 0.00036008 -0.00497210
v -0.03933644 -0.00220811 0.00254625
v -0.03933294 -0.00265566 0.00215146
v -0.03932929 -0.00302785 0.00168496
v -0.03932559 -0.00331338 0.00116090
v -0.03932194 -0.00350357 0.00059523
v -0.03931847 -0.00359265 0.00000512
v -0.03931528 -0.00357789 -0.00059148
v -0.03931246 -0.00345976 -0.00117647
v -0.03931009 -0.00324185 -0.00173206
v -0.03930826 -0.00293076 -0.00224136
v -0.03930702 -0.00253596 -0.00268892
v -0.03930640 -0.00206945 -0.00306112
v -0.03930642 -0.00154539 -0.00334665
v -0.03930710 -0.00097970 -0.00353685
v -0.03930838 -0.00038959 -0.00362593
v -0.03931026 0.00020702 -0.00361119
v -0.03931267 0.00079201 -0.00349308
v -0.03931552 0.00134760 -0.00327517
v -0.03931874 0.00185691 -0.00296410
v -0.03932223 0.00230446 -0.00256931
v -0.03932589 0.00267666 -0.00210280
v -0.03932958 0.00296219 -0.00157875
v -0.03933323 0.00315238 -0.00101308
v -0.03933670 0.00324145 -0.00042297
v -0.03933989 0.00322670 0.00017364
v -0.03934272 0.00310857 0.00075862
v -0.03934509 0.00289065 0.00131421
v -0.03934690 0.00257957 0.00182352
v -0.03934816 0.00218477 0.00227107
v -0.03934877 0.00171825 0.00264327
v -0.03934874 0.00119419 0.00292881
v -0.03934807 0.00062851 0.00311901
v -0.03934678 0.00003840 0.00320809
v -0.03934491 -0.00055822 0.00319334
v -0.03934252 -0.00114321 0.00307523
v -0.03933966 -0.00169880 0.00285732
v -0.00975628 0.01335139 -0.00456651
v -0.01263074 0.01334691 -0.00458352
v -0.01154216 0.01462914 -0.00500762
v -0.01174433 0.01456423 -0.00498710
v -0.01133640 0.01466411 -0.00501806
v -0.01067738 0.01457963 -0.00498541
v -0.01047747 0.01448808 -0.00495334
v -0.01110514 0.01466880 -0.00501815
v -0.01088798 0.01464010 -0.00500710
v -0.01028110 0.01435745 -0.00490815
v -0.01011890 0.01420715 -0.00485657
v -0.00998203 0.01403285 -0.00479709
v -0.01228733 0.01418180 -0.00486202
v -0.01242252 0.01400116 -0.00480215
v -0.00986544 0.01381784 -0.00472405
v -0.00978967 0.01358794 -0.00464626
v -0.01212743 0.01433658 -0.00491303
v -0.01193775 0.01446926 -0.00495642
v -0.01259849 0.01357788 -0.00466097
v -0.01252780 0.01379826 -0.00473461
v -0.02816845 0.00866014 0.01097140
v -0.02806892 0.00684999 0.01219087
v -0.02813742 0.00881142 0.01116256
v -0.02566671 0.01345859 0.00389339
v -0.02488893 0.00066331 0.01402461
v -0.02478195 -0.00151403 0.01397995
v -0.02400633 -0.01318515 0.00540096
v -0.02389609 -0.01387181 0.00335837
v -0.02313914 -0.00975295 -0.01052969
v -0.02303675 -0.00804467 -0.01188081
v -0.02082416 0.00067554 0.01404668
v -0.02071719 -0.00150180 0.01400202
v -0.01994157 -0.01317293 0.00542303
v -0.01983132 -0.01385957 0.00338044
v -0.01907438 -0.00974072 -0.01050762
v -0.01897199 -0.00803244 -0.01185874
v -0.01675940 0.00068776 0.01406875
v -0.01665243 -0.00148957 0.01402410
v -0.01587681 -0.01316070 0.00544510
v -0.01576656 -0.01384735 0.00340251
v -0.01500962 -0.00972850 -0.01048554
v -0.01490723 -0.00802022 -0.01183666
v -0.01269465 0.00069999 0.01409082
v -0.01258767 -0.00147735 0.01404617
v -0.01181205 -0.01314847 0.00546717
v -0.01170181 -0.01383512 0.00342458
v -0.01009911 0.00831058 -0.01147232
v -0.02889136 0.01320225 -0.00463963
v -0.02880613 0.01372987 -0.00255637
v -0.02871783 0.01393482 -0.00039908
v -0.02862955 0.01380750 0.00175668
v -0.02854245 0.01335730 0.00385032
v -0.02845108 0.01258599 0.00587050
v -0.02835760 0.01151279 0.00775140
v -0.02826515 0.01017830 0.00943006
v -0.02821804 0.00941828 0.01018914
v -0.02806955 0.00679880 0.01210099
v -0.02812004 0.00772223 0.01153214
v -0.02816868 0.00859547 0.01088955
v -0.02801984 0.00583962 0.01259990
v -0.02796995 0.00484904 0.01301873
v -0.02796893 0.00488528 0.01311393
v -0.02786867 0.00281520 0.01372364
v -0.02776340 0.00065491 0.01401339
v -0.02765642 -0.00152310 0.01396873
v -0.02755080 -0.00364737 0.01359630
v -0.02744147 -0.00570496 0.01289983
v -0.02732950 -0.00764010 0.01189208
v -0.02721880 -0.00938546 0.01060979
v -0.02710809 -0.01091192 0.00908023
v -0.02699410 -0.01219862 0.00731945
v -0.02677052 -0.01388472 0.00334384
v -0.02688078 -0.01319785 0.00538706
v -0.02665795 -0.01425568 0.00120021
v -0.02654544 -0.01429392 -0.00098035
v -0.02643687 -0.01400140 -0.00312150
v -0.02632898 -0.01338507 -0.00519787
v -0.02622038 -0.01245162 -0.00717011
v -0.02611494 -0.01123256 -0.00896829
v -0.02601357 -0.00976459 -0.01054853
v -0.02591118 -0.00805578 -0.01190007
v -0.02571528 -0.00414090 -0.01373927
v -0.02581071 -0.00615904 -0.01297440
v -0.02562013 -0.00201742 -0.01419080
v -0.02552531 0.00016199 -0.01431273
v -0.02543416 0.00232065 -0.01410127
v -0.02534581 0.00441333 -0.01356611
v -0.02516783 0.00826786 -0.01155770
v -0.02525603 0.00641937 -0.01270965
v -0.02508327 0.00990333 -0.01015139
v -0.02499690 0.01131747 -0.00849875
v -0.02490980 0.01246586 -0.00664270
v -0.02482502 0.01331023 -0.00464974
v -0.02473987 0.01384163 -0.00255154
v -0.02465165 0.01404805 -0.00037878
v -0.02456346 0.01391982 0.00179245
v -0.02438513 0.01268955 0.00593577
v -0.02447643 0.01346639 0.00390110
v -0.02429170 0.01160864 0.00783016
v -0.02419928 0.01026457 0.00952086
v -0.02410370 0.00867237 0.01099347
v -0.02400416 0.00686222 0.01221294
v -0.02390417 0.00489751 0.01313600
v -0.02380391 0.00282743 0.01374570
v -0.02359166 -0.00151087 0.01399080
v -0.02369865 0.00066714 0.01403547
v -0.02348605 -0.00363515 0.01361837
v -0.02337672 -0.00569273 0.01292190
v -0.02326474 -0.00762787 0.01191416
v -0.02315405 -0.00937323 0.01063186
v -0.02304334 -0.01089969 0.00910231
v -0.02292934 -0.01218638 0.00734152
v -0.02281603 -0.01318563 0.00540913
v -0.02270577 -0.01387249 0.00336591
v -0.02248068 -0.01428169 -0.00095828
v -0.02259320 -0.01424346 0.00122228
v -0.02237212 -0.01398917 -0.00309942
v -0.02226421 -0.01337284 -0.00517579
v -0.02215563 -0.01243939 -0.00714804
v -0.02205017 -0.01122033 -0.00894622
v -0.02184642 -0.00804355 -0.01187800
v -0.02194881 -0.00975236 -0.01052646
v -0.02174595 -0.00614682 -0.01295233
v -0.02165052 -0.00412867 -0.01371721
v -0.02155537 -0.00200519 -0.01416872
v -0.02146056 0.00017422 -0.01429066
v -0.02136941 0.00233287 -0.01407920
v -0.02128105 0.00442556 -0.01354404
v -0.02119127 0.00643160 -0.01268757
v -0.02110307 0.00828009 -0.01153562
v -0.02101851 0.00991556 -0.01012931
v -0.02093214 0.01132970 -0.00847668
v -0.02084504 0.01247809 -0.00662063
v -0.02076026 0.01332245 -0.00462767
v -0.02067511 0.01385386 -0.00252947
v -0.02058689 0.01406028 -0.00035671
v -0.02049870 0.01393205 0.00181452
v -0.02041168 0.01347862 0.00392317
v -0.02032037 0.01270177 0.00595784
v -0.02022694 0.01162087 0.00785224
v -0.02013452 0.01027680 0.00954293
v -0.02003893 0.00868459 0.01101554
v -0.01993940 0.00687444 0.01223502
v -0.01983941 0.00490973 0.01315807
v -0.01973915 0.00283965 0.01376778
v -0.01963388 0.00067936 0.01405754
v -0.01952690 -0.00149865 0.01401287
v -0.01931196 -0.00568051 0.01294397
v -0.01942129 -0.00362292 0.01364044
v -0.01919998 -0.00761565 0.01193623
v -0.01908929 -0.00936100 0.01065393
v -0.01897858 -0.01088746 0.00912438
v -0.01886459 -0.01217416 0.00736359
v -0.01864101 -0.01386026 0.00338798
v -0.01875126 -0.01317340 0.00543120
v -0.01852843 -0.01423123 0.00124435
v -0.01841592 -0.01426946 -0.00093620
v -0.01830735 -0.01397694 -0.00307735
v -0.01819946 -0.01336061 -0.00515372
v -0.01809087 -0.01242717 -0.00712597
v -0.01798542 -0.01120811 -0.00892414
v -0.01788405 -0.00974014 -0.01050439
v -0.01778166 -0.00803132 -0.01185593
v -0.01758576 -0.00411644 -0.01369513
v -0.01768119 -0.00613459 -0.01293026
v -0.01749061 -0.00199296 -0.01414665
v -0.01739579 0.00018644 -0.01426858
v -0.01730464 0.00234510 -0.01405713
v -0.01721629 0.00443778 -0.01352197
v -0.01703831 0.00829232 -0.01151355
v -0.01712651 0.00644383 -0.01266550
v -0.01695375 0.00992779 -0.01010724
v -0.01686739 0.01134192 -0.00845461
v -0.01678028 0.01249032 -0.00659856
v -0.01669550 0.01333468 -0.00460559
v -0.01661035 0.01386609 -0.00250740
v -0.01652213 0.01407251 -0.00033464
v -0.01643394 0.01394427 0.00183659
v -0.01625561 0.01271400 0.00597991
v -0.01634691 0.01349084 0.00394525
v -0.01616218 0.01163310 0.00787431
v -0.01606975 0.01028903 0.00956501
v -0.01597417 0.00869682 0.01103762
v -0.01587464 0.00688667 0.01225709
v -0.01577465 0.00492196 0.01318014
v -0.01567439 0.00285188 0.01378985
v -0.01546215 -0.00148642 0.01403494
v -0.01556913 0.00069159 0.01407961
v -0.01535652 -0.00361069 0.01366252
v -0.01524720 -0.00566827 0.01296605
v -0.01513522 -0.00760342 0.01195830
v -0.01502453 -0.00934878 0.01067600
v -0.01491381 -0.01087523 0.00914645
v -0.01479982 -0.01216193 0.00738566
v -0.01468650 -0.01316117 0.00545328
v -0.01457625 -0.01384803 0.00341006
v -0.01435116 -0.01425723 -0.00091413
v -0.01446369 -0.01421900 0.00126643
v -0.01424260 -0.01396472 -0.00305528
v -0.01413470 -0.01334839 -0.00513165
v -0.01402611 -0.01241494 -0.00710390
v -0.01392066 -0.01119588 -0.00890207
v -0.01371690 -0.00801909 -0.01183385
v -0.01381929 -0.00972791 -0.01048232
v -0.01361643 -0.00612236 -0.01290818
v -0.01352100 -0.00410422 -0.01367306
v -0.01342585 -0.00198074 -0.01412458
v -0.01333104 0.00019867 -0.01424651
v -0.01323988 0.00235733 -0.01403506
v -0.01315153 0.00445001 -0.01349990
v -0.01306175 0.00645606 -0.01264343
v -0.01297355 0.00830455 -0.01149148
v -0.01288899 0.00994002 -0.01008517
v -0.01280262 0.01135415 -0.00843253
v -0.01271552 0.01250254 -0.00657649
v -0.00984106 0.01250728 -0.00655886
v -0.00992817 0.01135924 -0.00841433
v -0.01001455 0.00994555 -0.01006645
v -0.01018731 0.00646267 -0.01262392
v -0.01027709 0.00445725 -0.01348012
v -0.01036545 0.00236522 -0.01401512
v -0.01045660 0.00020723 -0.01422650
v -0.01055143 -0.00197151 -0.01410461
v -0.01064657 -0.00409433 -0.01365323
v -0.01074201 -0.00611184 -0.01288859
v -0.01084247 -0.00800799 -0.01181459
v -0.01094487 -0.00971627 -0.01046348
v -0.01115168 -0.01240247 -0.00708611
v -0.01104623 -0.01118379 -0.00888372
v -0.01126027 -0.01333563 -0.00511447
v -0.01136816 -0.01395177 -0.00303874
v -0.01147672 -0.01424419 -0.00089826
v -0.01158923 -0.01420598 0.00128162
v -0.01203936 -0.01086324 0.00915920
v -0.01192537 -0.01214954 0.00739896
v -0.01215007 -0.00933726 0.01068827
v -0.01226075 -0.00759245 0.01197018
v -0.01237273 -0.00565790 0.01297761
v -0.01248205 -0.00360096 0.01367386
v -0.01290018 0.00492905 0.01319164
v -0.01279991 0.00285961 0.01380116
v -0.01300016 0.00689315 0.01226887
v -0.01309969 0.00870274 0.01104977
v -0.01319528 0.01029445 0.00957762
v -0.01328770 0.01163810 0.00788745
v -0.01338113 0.01271867 0.00599364
v -0.01355947 0.01394856 0.00185160
v -0.01347244 0.01349527 0.00395961
v -0.01364767 0.01407675 -0.00031895
v -0.01373589 0.01387040 -0.00249104
v -0.01382104 0.01333916 -0.00458858
v -0.01390583 0.01249506 -0.00658093
v -0.01399293 0.01134702 -0.00843640
v -0.01407931 0.00993332 -0.01008852
v -0.01416387 0.00829836 -0.01149440
v -0.01434185 0.00444502 -0.01350219
v -0.01425207 0.00645044 -0.01264599
v -0.01443022 0.00235299 -0.01403719
v -0.01452137 0.00019500 -0.01424858
v -0.01461619 -0.00198373 -0.01412668
v -0.01471133 -0.00410656 -0.01367531
v -0.01480676 -0.00612407 -0.01291066
v -0.01521644 -0.01241470 -0.00710818
v -0.01511099 -0.01119601 -0.00890579
v -0.01532502 -0.01334786 -0.00513654
v -0.01543292 -0.01396399 -0.00306081
v -0.01554148 -0.01425642 -0.00092033
v -0.01565399 -0.01421820 0.00125954
v -0.01610412 -0.01087547 0.00913712
v -0.01599013 -0.01216177 0.00737689
v -0.01621483 -0.00934949 0.01066620
v -0.01632551 -0.00760467 0.01194810
v -0.01643749 -0.00567012 0.01295554
v -0.01654681 -0.00361319 0.01365179
v -0.01696494 0.00491682 0.01316957
v -0.01686467 0.00284738 0.01377908
v -0.01706492 0.00688092 0.01224680
v -0.01716445 0.00869051 0.01102770
v -0.01726003 0.01028222 0.00955555
v -0.01735246 0.01162587 0.00786537
v -0.01744589 0.01270644 0.00597157
v -0.01762423 0.01393633 0.00182953
v -0.01753719 0.01348304 0.00393754
v -0.01771243 0.01406453 -0.00034102
v -0.01780065 0.01385817 -0.00251311
v -0.01788581 0.01332693 -0.00461066
v -0.01797058 0.01248283 -0.00660300
v -0.01805769 0.01133479 -0.00845847
v -0.01814407 0.00992109 -0.01011059
v -0.01822863 0.00828613 -0.01151647
v -0.01840662 0.00443279 -0.01352426
v -0.01831684 0.00643821 -0.01266806
v -0.01849497 0.00234076 -0.01405926
v -0.01858612 0.00018277 -0.01427065
v -0.01868094 -0.00199596 -0.01414875
v -0.01877609 -0.00411879 -0.01369738
v -0.01887153 -0.00613630 -0.01293274
v -0.01928120 -0.01242692 -0.00713025
v -0.01917575 -0.01120824 -0.00892786
v -0.01938978 -0.01336008 -0.00515861
v -0.01949768 -0.01397622 -0.00308289
v -0.01960624 -0.01426865 -0.00094241
v -0.01971876 -0.01423043 0.00123747
v -0.02016887 -0.01088770 0.00911505
v -0.02005488 -0.01217400 0.00735482
v -0.02027958 -0.00936171 0.01064413
v -0.02039027 -0.00761690 0.01192603
v -0.02050225 -0.00568235 0.01293346
v -0.02061157 -0.00362541 0.01362971
v -0.02102969 0.00490459 0.01314750
v -0.02092943 0.00283515 0.01375701
v -0.02112967 0.00686869 0.01222473
v -0.02122921 0.00867828 0.01100563
v -0.02132480 0.01027000 0.00953348
v -0.02141721 0.01161364 0.00784330
v -0.02151064 0.01269422 0.00594950
v -0.02168899 0.01392411 0.00180746
v -0.02160196 0.01347081 0.00391546
v -0.02177719 0.01405230 -0.00036309
v -0.02186541 0.01384594 -0.00253519
v -0.02195056 0.01331471 -0.00463273
v -0.02203534 0.01247060 -0.00662508
v -0.02212244 0.01132256 -0.00848055
v -0.02220882 0.00990887 -0.01013266
v -0.02229339 0.00827390 -0.01153854
v -0.02247137 0.00442057 -0.01354633
v -0.02238159 0.00642599 -0.01269013
v -0.02255973 0.00232853 -0.01408133
v -0.02265088 0.00017055 -0.01429272
v -0.02274570 -0.00200819 -0.01417082
v -0.02284086 -0.00413101 -0.01371945
v -0.02293629 -0.00614853 -0.01295481
v -0.02334596 -0.01243915 -0.00715233
v -0.02324051 -0.01122047 -0.00894994
v -0.02345454 -0.01337231 -0.00518069
v -0.02356244 -0.01398845 -0.00310496
v -0.02367100 -0.01428087 -0.00096448
v -0.02378350 -0.01424266 0.00121540
v -0.02423363 -0.01089992 0.00909298
v -0.02411964 -0.01218622 0.00733274
v -0.02434435 -0.00937394 0.01062206
v -0.02445504 -0.00762913 0.01190396
v -0.02456700 -0.00569458 0.01291139
v -0.02467632 -0.00363764 0.01360764
v -0.02509446 0.00489237 0.01312543
v -0.02499419 0.00282293 0.01373494
v -0.02519443 0.00685646 0.01220265
v -0.02529397 0.00866606 0.01098356
v -0.02538956 0.01025777 0.00951140
v -0.02548197 0.01160141 0.00782123
v -0.02557541 0.01268199 0.00592743
v -0.02575375 0.01391188 0.00178538
v -0.02584195 0.01404007 -0.00038516
v -0.02593017 0.01383371 -0.00255726
v -0.02601532 0.01330248 -0.00465480
v -0.01262205 -0.00150179 0.01429447
v -0.01251629 -0.00366281 0.01391559
v -0.01240679 -0.00575598 0.01320707
v -0.01229462 -0.00772460 0.01218189
v -0.01218371 -0.00950015 0.01087740
v -0.01207277 -0.01105301 0.00932138
v -0.01195855 -0.01236197 0.00753014
v -0.01184499 -0.01337850 0.00556432
v -0.01173452 -0.01407725 0.00348575
v -0.01162172 -0.01445463 0.00130504
v -0.01150900 -0.01449352 -0.00091324
v -0.01140025 -0.01419596 -0.00309143
v -0.01129219 -0.01356897 -0.00520372
v -0.01118346 -0.01261939 -0.00721009
v -0.01107791 -0.01137925 -0.00903937
v -0.01097647 -0.00988589 -0.01064695
v -0.01087404 -0.00814753 -0.01202188
v -0.01077357 -0.00621800 -0.01311480
v -0.01067817 -0.00416496 -0.01389291
v -0.01058309 -0.00200475 -0.01435225
v -0.01048838 0.00021234 -0.01447630
v -0.01039736 0.00240833 -0.01426120
v -0.01030916 0.00453720 -0.01371679
v -0.01021957 0.00657793 -0.01284552
v -0.01013157 0.00845839 -0.01167366
v -0.01004723 0.01012214 -0.01024303
v -0.00996109 0.01156073 -0.00856183
v -0.00987422 0.01272898 -0.00667369
v -0.02532861 0.00882092 0.01117914
v -0.02522911 0.00697946 0.01241970
v -0.02512910 0.00498076 0.01335870
v -0.02502878 0.00287487 0.01397895
v -0.02492343 0.00067722 0.01427371
v -0.02481632 -0.00153847 0.01422825
v -0.02471057 -0.00369949 0.01384938
v -0.02460108 -0.00579266 0.01314086
v -0.02448889 -0.00776128 0.01211567
v -0.02437799 -0.00953683 0.01081118
v -0.02426705 -0.01108969 0.00925517
v -0.02415282 -0.01239865 0.00746392
v -0.02403927 -0.01341518 0.00549811
v -0.02392880 -0.01411393 0.00341954
v -0.02381601 -0.01449131 0.00123882
v -0.02370328 -0.01453021 -0.00097945
v -0.02359453 -0.01423264 -0.00315764
v -0.02348646 -0.01360565 -0.00526993
v -0.02337775 -0.01265607 -0.00727630
v -0.02327219 -0.01141593 -0.00910559
v -0.02317074 -0.00992257 -0.01071317
v -0.02306831 -0.00818421 -0.01208809
v -0.02296785 -0.00625468 -0.01318101
v -0.02287245 -0.00420164 -0.01395913
v -0.02277737 -0.00204143 -0.01441847
v -0.02268266 0.00017566 -0.01454252
v -0.02259163 0.00237165 -0.01432742
v -0.02250344 0.00450052 -0.01378301
v -0.02241384 0.00654125 -0.01291173
v -0.02232585 0.00842171 -0.01173987
v -0.02224150 0.01008546 -0.01030925
v -0.02215536 0.01152405 -0.00862804
v -0.02206849 0.01269230 -0.00673991
v -0.02198396 0.01355126 -0.00471248
v -0.02189902 0.01409185 -0.00257801
v -0.02181102 0.01430184 -0.00036767
v -0.02172303 0.01417138 0.00184110
v -0.02163617 0.01371010 0.00398622
v -0.02154502 0.01291982 0.00605606
v -0.02145171 0.01182021 0.00798321
v -0.02135938 0.01045289 0.00970314
v -0.02126385 0.00883314 0.01120121
v -0.02116434 0.00699168 0.01244177
v -0.02106434 0.00499299 0.01338078
v -0.02096402 0.00288710 0.01400102
v -0.02085867 0.00068945 0.01429578
v -0.02075158 -0.00152624 0.01425033
v -0.02064581 -0.00368726 0.01387145
v -0.02053631 -0.00578044 0.01316293
v -0.02042414 -0.00774905 0.01213774
v -0.02031323 -0.00952461 0.01083326
v -0.02020230 -0.01107746 0.00927724
v -0.02008807 -0.01238642 0.00748600
v -0.01997452 -0.01340295 0.00552018
v -0.01986405 -0.01410170 0.00344161
v -0.01975125 -0.01447909 0.00126089
v -0.01963852 -0.01451798 -0.00095738
v -0.01952977 -0.01422041 -0.00313557
v -0.01942171 -0.01359342 -0.00524786
v -0.01931298 -0.01264384 -0.00725423
v -0.01920743 -0.01140370 -0.00908352
v -0.01910599 -0.00991034 -0.01069110
v -0.01900356 -0.00817199 -0.01206602
v -0.01890310 -0.00624245 -0.01315895
v -0.01880770 -0.00418941 -0.01393706
v -0.01871261 -0.00202920 -0.01439639
v -0.01861789 0.00018789 -0.01452045
v -0.01852687 0.00238387 -0.01430534
v -0.01843868 0.00451275 -0.01376094
v -0.01834909 0.00655348 -0.01288966
v -0.01826109 0.00843394 -0.01171780
v -0.01817675 0.01009769 -0.01028718
v -0.01809060 0.01153628 -0.00860597
v -0.01800374 0.01270453 -0.00671783
v -0.01791919 0.01356349 -0.00469041
v -0.01783427 0.01410408 -0.00255593
v -0.01774627 0.01431406 -0.00034560
v -0.01765827 0.01418361 0.00186317
v -0.01757141 0.01372233 0.00400829
v -0.01748026 0.01293204 0.00607814
v -0.01738695 0.01183244 0.00800528
v -0.01729462 0.01046512 0.00972522
v -0.01719909 0.00884537 0.01122328
v -0.01709958 0.00700391 0.01246384
v -0.01699959 0.00500521 0.01340285
v -0.01689926 0.00289932 0.01402309
v -0.01679392 0.00070167 0.01431785
v -0.01668681 -0.00151402 0.01427240
v -0.01658105 -0.00367503 0.01389352
v -0.01647155 -0.00576821 0.01318500
v -0.01635938 -0.00773682 0.01215982
v -0.01624848 -0.00951238 0.01085533
v -0.01613753 -0.01106523 0.00929931
v -0.01602331 -0.01237419 0.00750807
v -0.01590976 -0.01339073 0.00554225
v -0.01579928 -0.01408947 0.00346368
v -0.01568649 -0.01446686 0.00128297
v -0.01557376 -0.01450575 -0.00093531
v -0.01546501 -0.01420819 -0.00311350
v -0.01535695 -0.01358119 -0.00522579
v -0.01524823 -0.01263162 -0.00723216
v -0.01514267 -0.01139147 -0.00906144
v -0.01504123 -0.00989812 -0.01066903
v -0.01493880 -0.00815976 -0.01204395
v -0.01483833 -0.00623022 -0.01313687
v -0.01474293 -0.00417718 -0.01391498
v -0.01464785 -0.00201698 -0.01437432
v -0.01455314 0.00020012 -0.01449838
v -0.01446212 0.00239610 -0.01428327
v -0.01437392 0.00452498 -0.01373886
v -0.01428433 0.00656571 -0.01286759
v -0.01419633 0.00844617 -0.01169573
v -0.01411199 0.01010991 -0.01026511
v -0.01402585 0.01154850 -0.00858390
v -0.01393898 0.01271675 -0.00669576
v -0.01385443 0.01357572 -0.00466833
v -0.01376951 0.01411631 -0.00253386
v -0.01368151 0.01432629 -0.00032353
v -0.01359351 0.01419584 0.00188524
v -0.01350666 0.01373456 0.00403036
v -0.01341550 0.01294427 0.00610021
v -0.01332219 0.01184467 0.00802736
v -0.01322986 0.01047735 0.00974729
v -0.01313433 0.00885760 0.01124535
v -0.01303482 0.00701614 0.01248591
v -0.01293482 0.00501744 0.01342492
v -0.01283450 0.00291155 0.01404516
v -0.01272916 0.00071390 0.01433992
v -0.01269878 -0.00152569 0.01453569
v -0.01259288 -0.00372308 0.01415043
v -0.01248321 -0.00585148 0.01342997
v -0.01237085 -0.00785324 0.01238753
v -0.01225973 -0.00965867 0.01106108
v -0.01214858 -0.01123767 0.00947887
v -0.01203412 -0.01256866 0.00765747
v -0.01192033 -0.01360230 0.00565856
v -0.01180964 -0.01431281 0.00354500
v -0.01169661 -0.01469656 0.00132757
v -0.01158369 -0.01473611 -0.00092804
v -0.01147476 -0.01443354 -0.00314289
v -0.01136653 -0.01379601 -0.00529074
v -0.01125767 -0.01283045 -0.00733088
v -0.01115201 -0.01156945 -0.00919096
v -0.01105050 -0.01005096 -0.01082560
v -0.01094804 -0.00828335 -0.01222368
v -0.01084756 -0.00632135 -0.01333500
v -0.01075220 -0.00423377 -0.01412622
v -0.01065718 -0.00203721 -0.01459329
v -0.01056257 0.00021719 -0.01471944
v -0.01047168 0.00245013 -0.01450073
v -0.01038365 0.00461482 -0.01394717
v -0.01029423 0.00668989 -0.01306124
v -0.01020644 0.00860199 -0.01186966
v -0.01012231 0.01029373 -0.01041498
v -0.01003639 0.01175652 -0.00870549
v -0.00994975 0.01294443 -0.00678558
v -0.02540560 0.00897138 0.01136909
v -0.02530610 0.00709892 0.01263051
v -0.02520608 0.00506658 0.01358532
v -0.02510572 0.00292525 0.01421599
v -0.02500029 0.00069061 0.01451570
v -0.02489307 -0.00156237 0.01446947
v -0.02478716 -0.00375977 0.01408421
v -0.02467749 -0.00588816 0.01336375
v -0.02456513 -0.00788992 0.01232131
v -0.02445401 -0.00969535 0.01099486
v -0.02434286 -0.01127435 0.00941265
v -0.02422839 -0.01260534 0.00759125
v -0.02411462 -0.01363898 0.00559234
v -0.02400391 -0.01434949 0.00347878
v -0.02389089 -0.01473324 0.00126136
v -0.02377797 -0.01477280 -0.00099426
v -0.02366904 -0.01447022 -0.00320911
v -0.02356081 -0.01383269 -0.00535696
v -0.02345194 -0.01286713 -0.00739710
v -0.02334629 -0.01160613 -0.00925718
v -0.02324478 -0.01008764 -0.01089182
v -0.02314231 -0.00832003 -0.01228989
v -0.02304184 -0.00635803 -0.01340122
v -0.02294648 -0.00427045 -0.01419244
v -0.02285146 -0.00207389 -0.01465951
v -0.02275684 0.00018050 -0.01478566
v -0.02266596 0.00241345 -0.01456694
v -0.02257792 0.00457814 -0.01401338
v -0.02248851 0.00665321 -0.01312746
v -0.02240071 0.00856530 -0.01193588
v -0.02231658 0.01025705 -0.01048119
v -0.02223066 0.01171984 -0.00877171
v -0.02214403 0.01290774 -0.00685180
v -0.02205971 0.01378116 -0.00479026
v -0.02197501 0.01433084 -0.00261988
v -0.02188723 0.01454436 -0.00037236
v -0.02179943 0.01441170 0.00187357
v -0.02171274 0.01394266 0.00405478
v -0.02162174 0.01313906 0.00615945
v -0.02152855 0.01202095 0.00811902
v -0.02143631 0.01063062 0.00986789
v -0.02134083 0.00898360 0.01139116
v -0.02124134 0.00711115 0.01265258
v -0.02114132 0.00507881 0.01360739
v -0.02104096 0.00293748 0.01423806
v -0.02093553 0.00070283 0.01453777
v -0.02082831 -0.00155015 0.01449154
v -0.02072240 -0.00374754 0.01410628
v -0.02061274 -0.00587593 0.01338583
v -0.02050036 -0.00787769 0.01234338
v -0.02038925 -0.00968312 0.01101693
v -0.02027809 -0.01126212 0.00943472
v -0.02016364 -0.01259312 0.00761333
v -0.02004986 -0.01362676 0.00561442
v -0.01993915 -0.01433727 0.00350085
v -0.01982613 -0.01472101 0.00128343
v -0.01971321 -0.01476057 -0.00097219
v -0.01960428 -0.01445799 -0.00318704
v -0.01949605 -0.01382046 -0.00533488
v -0.01938719 -0.01285490 -0.00737503
v -0.01928153 -0.01159390 -0.00923510
v -0.01918002 -0.01007541 -0.01086975
v -0.01907756 -0.00830781 -0.01226782
v -0.01897708 -0.00634581 -0.01337914
v -0.01888172 -0.00425822 -0.01417036
v -0.01878670 -0.00206167 -0.01463744
v -0.01869209 0.00019273 -0.01476359
v -0.01860120 0.00242568 -0.01454487
v -0.01851316 0.00459036 -0.01399131
v -0.01842375 0.00666543 -0.01310539
v -0.01833596 0.00857753 -0.01191381
v -0.01825183 0.01026928 -0.01045912
v -0.01816591 0.01173207 -0.00874963
v -0.01807927 0.01291997 -0.00682973
v -0.01799495 0.01379339 -0.00476819
v -0.01791026 0.01434307 -0.00259781
v -0.01782246 0.01455659 -0.00035028
v -0.01773467 0.01442393 0.00189564
v -0.01764798 0.01395488 0.00407685
v -0.01755697 0.01315129 0.00618153
v -0.01746379 0.01203318 0.00814110
v -0.01737155 0.01064285 0.00988996
v -0.01727607 0.00899583 0.01141323
v -0.01717659 0.00712337 0.01267465
v -0.01707656 0.00509104 0.01362946
v -0.01697619 0.00294970 0.01426013
v -0.01687077 0.00071506 0.01455984
v -0.01676354 -0.00153792 0.01451361
v -0.01665765 -0.00373531 0.01412836
v -0.01654797 -0.00586371 0.01340790
v -0.01643560 -0.00786546 0.01236546
v -0.01632450 -0.00967090 0.01103901
v -0.01621333 -0.01124990 0.00945679
v -0.01609888 -0.01258089 0.00763540
v -0.01598509 -0.01361453 0.00563649
v -0.01587440 -0.01432504 0.00352293
v -0.01576137 -0.01470879 0.00130550
v -0.01564845 -0.01474834 -0.00095012
v -0.01553951 -0.01444576 -0.00316497
v -0.01543129 -0.01380824 -0.00531281
v -0.01532243 -0.01284267 -0.00735296
v -0.01521677 -0.01158168 -0.00921303
v -0.01511526 -0.01006319 -0.01084768
v -0.01501279 -0.00829558 -0.01224575
v -0.01491232 -0.00633358 -0.01335707
v -0.01481696 -0.00424599 -0.01414829
v -0.01472194 -0.00204944 -0.01461537
v -0.01462733 0.00020496 -0.01474151
v -0.01453643 0.00243790 -0.01452280
v -0.01444840 0.00460259 -0.01396924
v -0.01435899 0.00667766 -0.01308331
v -0.01427120 0.00858976 -0.01189174
v -0.01418707 0.01028150 -0.01043705
v -0.01410115 0.01174430 -0.00872756
v -0.01401452 0.01293220 -0.00680766
v -0.01393020 0.01380561 -0.00474612
v -0.01384550 0.01435530 -0.00257573
v -0.01375771 0.01456881 -0.00032821
v -0.01366990 0.01443615 0.00191772
v -0.01358322 0.01396711 0.00409893
v -0.01349222 0.01316352 0.00620360
v -0.01339903 0.01204540 0.00816317
v -0.01330679 0.01065507 0.00991203
v -0.01321132 0.00900806 0.01143531
v -0.01311182 0.00713560 0.01269673
v -0.01301181 0.00510326 0.01365153
v -0.01291144 0.00296193 0.01428220
v -0.01280601 0.00072729 0.01458192
v -0.01281629 -0.00154820 0.01476118
v -0.01271025 -0.00377962 0.01436994
v -0.01260042 -0.00594100 0.01363832
v -0.01248787 -0.00797376 0.01257971
v -0.01237657 -0.00980716 0.01123272
v -0.01226520 -0.01141062 0.00962599
v -0.01215053 -0.01276223 0.00777637
v -0.01203653 -0.01381189 0.00574650
v -0.01192562 -0.01453341 0.00360020
v -0.01181240 -0.01492310 0.00134842
v -0.01169928 -0.01496327 -0.00094214
v -0.01159017 -0.01465601 -0.00319130
v -0.01148180 -0.01400861 -0.00537242
v -0.01137281 -0.01302811 -0.00744418
v -0.01126705 -0.01174757 -0.00933307
v -0.01116547 -0.01020558 -0.01099304
v -0.01106297 -0.00841059 -0.01241277
v -0.01096250 -0.00641821 -0.01354132
v -0.01086717 -0.00429830 -0.01434480
v -0.01077221 -0.00206773 -0.01481912
v -0.01067769 0.00022158 -0.01494723
v -0.01058693 0.00248911 -0.01472513
v -0.01049904 0.00468731 -0.01416300
v -0.01040979 0.00679452 -0.01326337
v -0.01032219 0.00873623 -0.01205335
v -0.01023826 0.01045417 -0.01057614
v -0.01015256 0.01193962 -0.00884018
v -0.01006614 0.01314591 -0.00689055
v -0.02552333 0.00911204 0.01154660
v -0.02542385 0.00721058 0.01282755
v -0.02532383 0.00514676 0.01379714
v -0.02522341 0.00297226 0.01443757
v -0.02511790 0.00070300 0.01474191
v -0.02501058 -0.00158488 0.01469496
v -0.02490452 -0.00381631 0.01430372
v -0.02479470 -0.00597768 0.01357210
v -0.02468215 -0.00801044 0.01251350
v -0.02457085 -0.00984384 0.01116650
v -0.02445948 -0.01144730 0.00955978
v -0.02434481 -0.01279891 0.00771016
v -0.02423081 -0.01384857 0.00568028
v -0.02411990 -0.01457009 0.00353398
v -0.02400668 -0.01495978 0.00128221
v -0.02389356 -0.01499995 -0.00100836
v -0.02378445 -0.01469269 -0.00325752
v -0.02367607 -0.01404529 -0.00543864
v -0.02356709 -0.01306479 -0.00751039
v -0.02346133 -0.01178425 -0.00939928
v -0.02335975 -0.01024226 -0.01105926
v -0.02325725 -0.00844728 -0.01247899
v -0.02315678 -0.00645490 -0.01360754
v -0.02306144 -0.00433498 -0.01441101
v -0.02296649 -0.00210441 -0.01488533
v -0.02287198 0.00018490 -0.01501345
v -0.02278120 0.00245242 -0.01479135
v -0.02269331 0.00465063 -0.01422922
v -0.02260408 0.00675784 -0.01332959
v -0.02251647 0.00869955 -0.01211956
v -0.02243254 0.01041749 -0.01064235
v -0.02234684 0.01190293 -0.00890639
v -0.02226042 0.01310923 -0.00695676
v -0.02217631 0.01399617 -0.00486330
v -0.02209182 0.01455436 -0.00265931
v -0.02200423 0.01477118 -0.00037699
v -0.02191660 0.01463646 0.00190371
v -0.02183009 0.01416015 0.00411870
v -0.02173923 0.01334410 0.00625596
v -0.02164615 0.01220867 0.00824587
v -0.02155399 0.01079680 0.01002182
v -0.02145856 0.00912427 0.01156867
v -0.02135909 0.00722281 0.01284962
v -0.02125907 0.00515899 0.01381921
v -0.02115865 0.00298449 0.01445964
v -0.02105314 0.00071523 0.01476398
v -0.02094581 -0.00157265 0.01471703
v -0.02083977 -0.00380408 0.01432579
v -0.02072994 -0.00596545 0.01359418
v -0.02061739 -0.00799822 0.01253557
v -0.02050608 -0.00983161 0.01118857
v -0.02039471 -0.01143507 0.00958185
v -0.02028005 -0.01278668 0.00773223
v -0.02016605 -0.01383634 0.00570236
v -0.02005513 -0.01455786 0.00355605
v -0.01994191 -0.01494755 0.00130428
v -0.01982880 -0.01498772 -0.00098629
v -0.01971968 -0.01468047 -0.00323545
v -0.01961131 -0.01403306 -0.00541657
v -0.01950232 -0.01305256 -0.00748832
v -0.01939657 -0.01177203 -0.00937721
v -0.01929499 -0.01023003 -0.01103718
v -0.01919249 -0.00843505 -0.01245692
v -0.01909201 -0.00644267 -0.01358547
v -0.01899668 -0.00432275 -0.01438894
v -0.01890173 -0.00209218 -0.01486326
v -0.01880721 0.00019713 -0.01499137
v -0.01871644 0.00246465 -0.01476928
v -0.01862855 0.00466286 -0.01420715
v -0.01853932 0.00677007 -0.01330751
v -0.01845171 0.00871178 -0.01209749
v -0.01836778 0.01042972 -0.01062028
v -0.01828208 0.01191516 -0.00888432
v -0.01819566 0.01312146 -0.00693469
v -0.01811155 0.01400840 -0.00484123
v -0.01802706 0.01456659 -0.00263724
v -0.01793947 0.01478340 -0.00035492
v -0.01785185 0.01464869 0.00192578
v -0.01776533 0.01417237 0.00414077
v -0.01767447 0.01335633 0.00627803
v -0.01758139 0.01222089 0.00826794
v -0.01748923 0.01080903 0.01004389
v -0.01739381 0.00913650 0.01159074
v -0.01729433 0.00723503 0.01287170
v -0.01719430 0.00517122 0.01384128
v -0.01709388 0.00299672 0.01448171
v -0.01698838 0.00072746 0.01478605
v -0.01688105 -0.00156042 0.01473910
v -0.01677501 -0.00379185 0.01434787
v -0.01666518 -0.00595322 0.01361625
v -0.01655263 -0.00798598 0.01255764
v -0.01644132 -0.00981939 0.01121065
v -0.01632996 -0.01142284 0.00960392
v -0.01621528 -0.01277446 0.00775430
v -0.01610128 -0.01382411 0.00572443
v -0.01599038 -0.01454563 0.00357813
v -0.01587716 -0.01493532 0.00132635
v -0.01576404 -0.01497550 -0.00096421
v -0.01565493 -0.01466824 -0.00321338
v -0.01554655 -0.01402084 -0.00539449
v -0.01543757 -0.01304033 -0.00746625
v -0.01533181 -0.01175980 -0.00935514
v -0.01523023 -0.01021780 -0.01101511
v -0.01512773 -0.00842282 -0.01243484
v -0.01502726 -0.00643044 -0.01356339
v -0.01493192 -0.00431052 -0.01436687
v -0.01483697 -0.00207995 -0.01484119
v -0.01474245 0.00020936 -0.01496930
v -0.01465168 0.00247688 -0.01474721
v -0.01456380 0.00467509 -0.01418508
v -0.01447455 0.00678229 -0.01328544
v -0.01438695 0.00872400 -0.01207542
v -0.01430302 0.01044195 -0.01059820
v -0.01421732 0.01192739 -0.00886225
v -0.01413089 0.01313369 -0.00691262
v -0.01404679 0.01402062 -0.00481916
v -0.01396230 0.01457882 -0.00261517
v -0.01387472 0.01479563 -0.00033285
v -0.01378710 0.01466091 0.00194786
v -0.01370057 0.01418460 0.00416284
v -0.01360971 0.01336856 0.00630010
v -0.01351663 0.01223312 0.00829001
v -0.01342447 0.01082125 0.01006596
v -0.01332905 0.00914873 0.01161282
v -0.01322957 0.00724726 0.01289377
v -0.01312954 0.00518345 0.01386335
v -0.01302913 0.00300894 0.01450378
v -0.01292362 0.00073968 0.01480813
v -0.01295389 -0.00156658 0.01494388
v -0.01284774 -0.00382562 0.01454780
v -0.01273779 -0.00601374 0.01380711
v -0.01262509 -0.00807166 0.01273541
v -0.01251362 -0.00992775 0.01137174
v -0.01240209 -0.01155105 0.00974512
v -0.01228725 -0.01291939 0.00787261
v -0.01217307 -0.01398204 0.00581761
v -0.01206198 -0.01471249 0.00364475
v -0.01194860 -0.01510700 0.00136511
v -0.01183532 -0.01514768 -0.00095381
v -0.01172608 -0.01483663 -0.00323081
v -0.01161758 -0.01418122 -0.00543892
v -0.01150849 -0.01318858 -0.00753632
v -0.01140265 -0.01189221 -0.00944859
v -0.01130102 -0.01033114 -0.01112911
v -0.01119849 -0.00851395 -0.01256641
v -0.01109802 -0.00649692 -0.01370892
v -0.01100271 -0.00435078 -0.01452236
v -0.01090780 -0.00209261 -0.01500255
v -0.01081336 0.00022502 -0.01513225
v -0.01072269 0.00252060 -0.01490741
v -0.01063493 0.00474601 -0.01433834
v -0.01054583 0.00687928 -0.01342758
v -0.01045837 0.00884501 -0.01220259
v -0.01037461 0.01058421 -0.01070711
v -0.01028907 0.01208802 -0.00894968
v -0.01020284 0.01330925 -0.00697593
v -0.02566111 0.00922603 0.01169038
v -0.02556165 0.00730104 0.01298717
v -0.02546162 0.00521168 0.01396875
v -0.02536116 0.00301027 0.01461709
v -0.02525559 0.00071293 0.01492520
v -0.02514818 -0.00160326 0.01487766
v -0.02504202 -0.00386230 0.01448158
v -0.02493206 -0.00605042 0.01374090
v -0.02481937 -0.00810834 0.01266919
v -0.02470790 -0.00996443 0.01130552
v -0.02459637 -0.01158773 0.00967890
v -0.02448152 -0.01295607 0.00780639
v -0.02436735 -0.01401872 0.00575139
v -0.02425627 -0.01474917 0.00357853
v -0.02414288 -0.01514369 0.00129889
v -0.02402960 -0.01518436 -0.00102002
v -0.02392035 -0.01487331 -0.00329703
v -0.02381186 -0.01421790 -0.00550514
v -0.02370277 -0.01322527 -0.00760253
v -0.02359693 -0.01192889 -0.00951480
v -0.02349530 -0.01036782 -0.01119532
v -0.02339278 -0.00855063 -0.01263263
v -0.02329230 -0.00653360 -0.01377514
v -0.02319699 -0.00438746 -0.01458857
v -0.02310209 -0.00212929 -0.01506876
v -0.02300764 0.00018834 -0.01519847
v -0.02291697 0.00248392 -0.01497363
v -0.02282920 0.00470933 -0.01440455
v -0.02274010 0.00684260 -0.01349379
v -0.02265265 0.00880833 -0.01226881
v -0.02256889 0.01054752 -0.01077332
v -0.02248336 0.01205134 -0.00901590
v -0.02239711 0.01327256 -0.00704214
v -0.02231319 0.01417047 -0.00492279
v -0.02222885 0.01473557 -0.00269154
v -0.02214142 0.01495506 -0.00038098
v -0.02205396 0.01481868 0.00192794
v -0.02196757 0.01433646 0.00417033
v -0.02187681 0.01351032 0.00633402
v -0.02178383 0.01236083 0.00834855
v -0.02169173 0.01093149 0.01014646
v -0.02159635 0.00923826 0.01171245
v -0.02149690 0.00731327 0.01300925
v -0.02139685 0.00522391 0.01399082
v -0.02129640 0.00302250 0.01463916
v -0.02119082 0.00072515 0.01494727
v -0.02108341 -0.00159103 0.01489973
v -0.02097726 -0.00385008 0.01450365
v -0.02086730 -0.00603819 0.01376297
v -0.02075461 -0.00809611 0.01269126
v -0.02064314 -0.00995220 0.01132759
v -0.02053161 -0.01157550 0.00970098
v -0.02041677 -0.01294384 0.00782847
v -0.02030259 -0.01400649 0.00577347
v -0.02019151 -0.01473694 0.00360060
v -0.02007812 -0.01513146 0.00132096
v -0.01996485 -0.01517213 -0.00099795
v -0.01985559 -0.01486108 -0.00327495
v -0.01974710 -0.01420567 -0.00548306
v -0.01963801 -0.01321304 -0.00758046
v -0.01953217 -0.01191667 -0.00949273
v -0.01943053 -0.01035559 -0.01117325
v -0.01932801 -0.00853840 -0.01261055
v -0.01922754 -0.00652137 -0.01375307
v -0.01913222 -0.00437524 -0.01456650
v -0.01903732 -0.00211706 -0.01504669
v -0.01894288 0.00020057 -0.01517639
v -0.01885221 0.00249614 -0.01495156
v -0.01876444 0.00472155 -0.01438248
v -0.01867534 0.00685483 -0.01347172
v -0.01858789 0.00882056 -0.01224674
v -0.01850413 0.01055975 -0.01075125
v -0.01841859 0.01206357 -0.00899383
v -0.01833235 0.01328479 -0.00702007
v -0.01824841 0.01418270 -0.00490072
v -0.01816410 0.01474779 -0.00266946
v -0.01807667 0.01496729 -0.00035890
v -0.01798920 0.01483090 0.00195001
v -0.01790280 0.01434869 0.00419240
v -0.01781205 0.01352255 0.00635610
v -0.01771907 0.01237306 0.00837062
v -0.01762698 0.01094371 0.01016853
v -0.01753160 0.00925049 0.01173452
v -0.01743214 0.00732550 0.01303132
v -0.01733210 0.00523614 0.01401289
v -0.01723165 0.00303472 0.01466124
v -0.01712607 0.00073738 0.01496935
v -0.01701865 -0.00157881 0.01492181
v -0.01691250 -0.00383785 0.01452572
v -0.01680255 -0.00602597 0.01378504
v -0.01668985 -0.00808388 0.01271333
v -0.01657838 -0.00993998 0.01134966
v -0.01646685 -0.01156328 0.00972305
v -0.01635200 -0.01293161 0.00785054
v -0.01623783 -0.01399427 0.00579554
v -0.01612674 -0.01472472 0.00362268
v -0.01601336 -0.01511923 0.00134303
v -0.01590008 -0.01515990 -0.00097588
v -0.01579084 -0.01484885 -0.00325288
v -0.01568234 -0.01419344 -0.00546099
v -0.01557325 -0.01320081 -0.00755839
v -0.01546741 -0.01190444 -0.00947066
v -0.01536578 -0.01034336 -0.01115118
v -0.01526325 -0.00852618 -0.01258848
v -0.01516278 -0.00650914 -0.01373099
v -0.01506746 -0.00436301 -0.01454443
v -0.01497257 -0.00210484 -0.01502462
v -0.01487812 0.00021280 -0.01515432
v -0.01478746 0.00250837 -0.01492949
v -0.01469969 0.00473378 -0.01436041
v -0.01461058 0.00686705 -0.01344965
v -0.01452314 0.00883278 -0.01222466
v -0.01443936 0.01057198 -0.01072918
v -0.01435383 0.01207579 -0.00897175
v -0.01426760 0.01329702 -0.00699800
v -0.01418366 0.01419493 -0.00487865
v -0.01409934 0.01476002 -0.00264739
v -0.01401191 0.01497952 -0.00033683
v -0.01392444 0.01484313 0.00197208
v -0.01383805 0.01436092 0.00421447
v -0.01374729 0.01353478 0.00637817
v -0.01365431 0.01238529 0.00839269
v -0.01356223 0.01095594 0.01019061
v -0.01346683 0.00926272 0.01175659
v -0.01336738 0.00733772 0.01305339
v -0.01326734 0.00524836 0.01403497
v -0.01316688 0.00304695 0.01468331
v -0.01306131 0.00074961 0.01499142
v -0.01311672 -0.00158258 0.01510131
v -0.01301047 -0.00386545 0.01470105
v -0.01290041 -0.00607665 0.01395255
v -0.01278759 -0.00815628 0.01286953
v -0.01267598 -0.01003195 0.01149147
v -0.01256430 -0.01167238 0.00984769
v -0.01244931 -0.01305515 0.00795543
v -0.01233498 -0.01412901 0.00587875
v -0.01222375 -0.01486717 0.00368295
v -0.01211022 -0.01526585 0.00137926
v -0.01199681 -0.01530695 -0.00096412
v -0.01188744 -0.01499263 -0.00326514
v -0.01177884 -0.01433031 -0.00549655
v -0.01166967 -0.01332720 -0.00761607
v -0.01156376 -0.01201717 -0.00954852
v -0.01146208 -0.01043963 -0.01124677
v -0.01135952 -0.00860328 -0.01269924
v -0.01125905 -0.00656498 -0.01385381
v -0.01116376 -0.00439620 -0.01467583
v -0.01106890 -0.00211422 -0.01516109
v -0.01097452 0.00022786 -0.01529217
v -0.01088394 0.00254764 -0.01506497
v -0.01079627 0.00479652 -0.01448989
v -0.01070729 0.00695230 -0.01356953
v -0.01061997 0.00893875 -0.01233162
v -0.01053635 0.01069630 -0.01082037
v -0.01045096 0.01221597 -0.00904441
v -0.01036488 0.01345007 -0.00704985
v -0.02582410 0.00932428 0.01181422
v -0.02572466 0.00737898 0.01312469
v -0.02562460 0.00526757 0.01411661
v -0.02552413 0.00304294 0.01477179
v -0.02541848 0.00072136 0.01508314
v -0.02531100 -0.00161926 0.01503509
v -0.02520476 -0.00390214 0.01463483
v -0.02509468 -0.00611334 0.01388633
v -0.02498187 -0.00819296 0.01280331
v -0.02487026 -0.01006863 0.01142525
v -0.02475859 -0.01170906 0.00978147
v -0.02464358 -0.01309184 0.00788921
v -0.02452925 -0.01416569 0.00581253
v -0.02441803 -0.01490386 0.00361674
v -0.02430450 -0.01530254 0.00131304
v -0.02419109 -0.01534364 -0.00103033
v -0.02408173 -0.01502931 -0.00333136
v -0.02397313 -0.01436699 -0.00556277
v -0.02386394 -0.01336389 -0.00768229
v -0.02375804 -0.01205385 -0.00961473
v -0.02365636 -0.01047631 -0.01131298
v -0.02355380 -0.00863996 -0.01276545
v -0.02345333 -0.00660166 -0.01392003
v -0.02335803 -0.00443288 -0.01474204
v -0.02326318 -0.00215089 -0.01522731
v -0.02316881 0.00019118 -0.01535838
v -0.02307822 0.00251096 -0.01513118
v -0.02299055 0.00475984 -0.01455611
v -0.02290157 0.00691561 -0.01363575
v -0.02281425 0.00890207 -0.01239784
v -0.02273064 0.01065961 -0.01088659
v -0.02264525 0.01217929 -0.00911063
v -0.02255916 0.01341339 -0.00711607
v -0.02247538 0.01432076 -0.00497437
v -0.02239119 0.01489182 -0.00271958
v -0.02230391 0.01511362 -0.00038466
v -0.02221656 0.01497579 0.00194860
v -0.02213028 0.01448849 0.00421464
v -0.02203963 0.01365363 0.00640115
v -0.02194673 0.01249201 0.00843692
v -0.02185469 0.01104760 0.01025380
v -0.02175935 0.00933650 0.01183629
v -0.02165990 0.00739121 0.01314676
v -0.02155985 0.00527980 0.01413868
v -0.02145936 0.00305517 0.01479387
v -0.02135373 0.00073359 0.01510521
v -0.02124624 -0.00160703 0.01505716
v -0.02113999 -0.00388991 0.01465690
v -0.02102992 -0.00610111 0.01390840
v -0.02091710 -0.00818073 0.01282538
v -0.02080550 -0.01005640 0.01144732
v -0.02069382 -0.01169683 0.00980355
v -0.02057883 -0.01307961 0.00791128
v -0.02046450 -0.01415347 0.00583460
v -0.02035327 -0.01489162 0.00363881
v -0.02023974 -0.01529031 0.00133511
v -0.02012633 -0.01533141 -0.00100826
v -0.02001696 -0.01501708 -0.00330929
v -0.01990836 -0.01435476 -0.00554069
v -0.01979919 -0.01335166 -0.00766021
v -0.01969328 -0.01204162 -0.00959266
v -0.01959160 -0.01046408 -0.01129091
v -0.01948904 -0.00862773 -0.01274338
v -0.01938857 -0.00658943 -0.01389796
v -0.01929328 -0.00442065 -0.01471997
v -0.01919842 -0.00213867 -0.01520524
v -0.01910404 0.00020341 -0.01533631
v -0.01901346 0.00252319 -0.01510911
v -0.01892580 0.00477207 -0.01453404
v -0.01883682 0.00692784 -0.01361368
v -0.01874950 0.00891430 -0.01237577
v -0.01866587 0.01067184 -0.01086452
v -0.01858048 0.01219152 -0.00908856
v -0.01849440 0.01342562 -0.00709400
v -0.01841062 0.01433299 -0.00495229
v -0.01832644 0.01490404 -0.00269751
v -0.01823915 0.01512585 -0.00036259
v -0.01815180 0.01498802 0.00197068
v -0.01806553 0.01450072 0.00423671
v -0.01797487 0.01366586 0.00642323
v -0.01788197 0.01250424 0.00845899
v -0.01778994 0.01105982 0.01027587
v -0.01769458 0.00934873 0.01185836
v -0.01759514 0.00740343 0.01316883
v -0.01749509 0.00529203 0.01416076
v -0.01739460 0.00306740 0.01481594
v -0.01728898 0.00074582 0.01512728
v -0.01718148 -0.00159481 0.01507924
v -0.01707524 -0.00387768 0.01467898
v -0.01696516 -0.00608888 0.01393047
v -0.01685235 -0.00816851 0.01284746
v -0.01674074 -0.01004417 0.01146940
v -0.01662906 -0.01168461 0.00982562
v -0.01651407 -0.01306738 0.00793335
v -0.01639974 -0.01414124 0.00585668
v -0.01628851 -0.01487940 0.00366088
v -0.01617497 -0.01527808 0.00135719
v -0.01606157 -0.01531918 -0.00098619
v -0.01595220 -0.01500485 -0.00328721
v -0.01584360 -0.01434254 -0.00551862
v -0.01573442 -0.01333944 -0.00763814
v -0.01562851 -0.01202940 -0.00957059
v -0.01552683 -0.01045185 -0.01126884
v -0.01542428 -0.00861550 -0.01272131
v -0.01532380 -0.00657720 -0.01387589
v -0.01522852 -0.00440843 -0.01469790
v -0.01513366 -0.00212644 -0.01518316
v -0.01503929 0.00021564 -0.01531424
v -0.01494870 0.00253542 -0.01508704
v -0.01486103 0.00478429 -0.01451196
v -0.01477206 0.00694007 -0.01359160
v -0.01468473 0.00892653 -0.01235370
v -0.01460111 0.01068406 -0.01084245
v -0.01451573 0.01220374 -0.00906649
v -0.01442964 0.01343784 -0.00707193
v -0.01434585 0.01434522 -0.00493022
v -0.01426168 0.01491627 -0.00267544
v -0.01417439 0.01513808 -0.00034051
v -0.01408704 0.01500025 0.00199275
v -0.01400077 0.01451295 0.00425878
v -0.01391011 0.01367809 0.00644530
v -0.01381721 0.01251647 0.00848107
v -0.01372517 0.01107205 0.01029794
v -0.01362983 0.00936096 0.01188044
v -0.01353038 0.00741566 0.01319091
v -0.01343033 0.00530426 0.01418283
v -0.01332984 0.00307962 0.01483801
v -0.01322421 0.00075805 0.01514936
v -0.01331365 -0.00159667 0.01523803
v -0.01320733 -0.00390028 0.01483412
v -0.01309716 -0.00613157 0.01407882
v -0.01298423 -0.00823009 0.01298596
v -0.01287250 -0.01012281 0.01159537
v -0.01276070 -0.01177814 0.00993666
v -0.01264557 -0.01317348 0.00802720
v -0.01253111 -0.01425709 0.00593165
v -0.01241975 -0.01500197 0.00371591
v -0.01230610 -0.01540427 0.00139128
v -0.01219258 -0.01544575 -0.00097338
v -0.01208310 -0.01512856 -0.00329532
v -0.01197440 -0.01446023 -0.00554700
v -0.01186516 -0.01344802 -0.00768578
v -0.01175919 -0.01212608 -0.00963579
v -0.01165747 -0.01053421 -0.01134947
v -0.01155489 -0.00868118 -0.01281514
v -0.01145441 -0.00662437 -0.01398021
v -0.01135914 -0.00443590 -0.01480969
v -0.01126432 -0.00213319 -0.01529937
v -0.01117000 0.00023016 -0.01543165
v -0.01107949 0.00257102 -0.01520239
v -0.01099192 0.00484032 -0.01462209
v -0.01090305 0.00701567 -0.01369337
v -0.01081584 0.00902018 -0.01244423
v -0.01073234 0.01079368 -0.01091926
v -0.01064709 0.01232716 -0.00912716
v -0.01056112 0.01357247 -0.00711449
v -0.02602118 0.00940961 0.01192171
v -0.02592175 0.00744664 0.01324407
v -0.02582168 0.00531605 0.01424500
v -0.02572116 0.00307121 0.01490613
v -0.02561549 0.00072854 0.01522030
v -0.02550794 -0.00163335 0.01517181
v -0.02540161 -0.00393696 0.01476791
v -0.02529144 -0.00616825 0.01401260
v -0.02517851 -0.00826677 0.01291974
v -0.02506678 -0.01015949 0.01152916
v -0.02495498 -0.01181482 0.00987044
v -0.02483985 -0.01321016 0.00796098
v -0.02472539 -0.01429378 0.00586543
v -0.02461403 -0.01503865 0.00364969
v -0.02450036 -0.01544095 0.00132506
v -0.02438685 -0.01548243 -0.00103960
v -0.02427738 -0.01516525 -0.00336153
v -0.02416869 -0.01449692 -0.00561322
v -0.02405944 -0.01348470 -0.00775200
v -0.02395347 -0.01216276 -0.00970201
v -0.02385174 -0.01057089 -0.01141569
v -0.02374916 -0.00871786 -0.01288136
v -0.02364869 -0.00666105 -0.01404643
v -0.02355342 -0.00447258 -0.01487591
v -0.02345859 -0.00216987 -0.01536559
v -0.02336429 0.00019348 -0.01549786
v -0.02327377 0.00253434 -0.01526860
v -0.02318620 0.00480364 -0.01468831
v -0.02309733 0.00697899 -0.01375959
v -0.02301012 0.00898349 -0.01251045
v -0.02292662 0.01075699 -0.01098547
v -0.02284137 0.01229048 -0.00919338
v -0.02275540 0.01353578 -0.00718071
v -0.02267175 0.01445140 -0.00501955
v -0.02258770 0.01502764 -0.00274429
v -0.02250053 0.01525146 -0.00038816
v -0.02241330 0.01511237 0.00196629
v -0.02232712 0.01462064 0.00425291
v -0.02223655 0.01377819 0.00645928
v -0.02214372 0.01260602 0.00851353
v -0.02205173 0.01114848 0.01034691
v -0.02195642 0.00942184 0.01194378
v -0.02185699 0.00745887 0.01326615
v -0.02175693 0.00532828 0.01426708
v -0.02165641 0.00308343 0.01492820
v -0.02155073 0.00074077 0.01524237
v -0.02144317 -0.00162112 0.01519388
v -0.02133685 -0.00392474 0.01478998
v -0.02122668 -0.00615603 0.01403468
v -0.02111375 -0.00825455 0.01294181
v -0.02100203 -0.01014726 0.01155123
v -0.02089022 -0.01180259 0.00989251
v -0.02077510 -0.01319793 0.00798306
v -0.02066064 -0.01428155 0.00588751
v -0.02054927 -0.01502642 0.00367176
v -0.02043562 -0.01542872 0.00134714
v -0.02032209 -0.01547020 -0.00101753
v -0.02021263 -0.01515302 -0.00333946
v -0.02010393 -0.01448469 -0.00559115
v -0.01999467 -0.01347247 -0.00772993
v -0.01988870 -0.01215054 -0.00967994
v -0.01978698 -0.01055866 -0.01139362
v -0.01968441 -0.00870564 -0.01285929
v -0.01958393 -0.00664882 -0.01402435
v -0.01948866 -0.00446035 -0.01485384
v -0.01939384 -0.00215764 -0.01534352
v -0.01929953 0.00020571 -0.01547579
v -0.01920901 0.00254656 -0.01524653
v -0.01912144 0.00481587 -0.01466624
v -0.01903257 0.00699122 -0.01373752
v -0.01894536 0.00899572 -0.01248838
v -0.01886187 0.01076922 -0.01096340
v -0.01877660 0.01230271 -0.00917131
v -0.01869064 0.01354801 -0.00715864
v -0.01860700 0.01446362 -0.00499748
v -0.01852294 0.01503986 -0.00272222
v -0.01843577 0.01526368 -0.00036609
v -0.01834854 0.01512460 0.00198836
v -0.01826236 0.01463287 0.00427498
v -0.01817179 0.01379042 0.00648135
v -0.01807896 0.01261825 0.00853560
v -0.01798698 0.01116070 0.01036898
v -0.01789166 0.00943407 0.01196585
v -0.01779222 0.00747109 0.01328822
v -0.01769216 0.00534051 0.01428915
v -0.01759165 0.00309566 0.01495027
v -0.01748597 0.00075300 0.01526444
v -0.01737841 -0.00160889 0.01521595
v -0.01727208 -0.00391251 0.01481205
v -0.01716192 -0.00614380 0.01405675
v -0.01704899 -0.00824232 0.01296389
v -0.01693726 -0.01013503 0.01157330
v -0.01682546 -0.01179037 0.00991459
v -0.01671033 -0.01318571 0.00800513
v -0.01659587 -0.01426932 0.00590958
v -0.01648451 -0.01501419 0.00369384
v -0.01637086 -0.01541650 0.00136921
v -0.01625733 -0.01545798 -0.00099546
v -0.01614786 -0.01514079 -0.00331739
v -0.01603916 -0.01447246 -0.00556908
v -0.01592991 -0.01346025 -0.00770786
v -0.01582395 -0.01213831 -0.00965786
v -0.01572223 -0.01054644 -0.01137154
v -0.01561966 -0.00869341 -0.01283722
v -0.01551917 -0.00663660 -0.01400228
v -0.01542390 -0.00444813 -0.01483177
v -0.01532908 -0.00214542 -0.01532145
v -0.01523476 0.00021793 -0.01545372
v -0.01514426 0.00255879 -0.01522446
v -0.01505668 0.00482809 -0.01464416
v -0.01496780 0.00700345 -0.01371545
v -0.01488060 0.00900795 -0.01246630
v -0.01479710 0.01078145 -0.01094133
v -0.01471184 0.01231493 -0.00914924
v -0.01462589 0.01356024 -0.00713657
v -0.01454224 0.01447585 -0.00497541
v -0.01445818 0.01505209 -0.00270015
v -0.01437101 0.01527591 -0.00034402
v -0.01428378 0.01513683 0.00201044
v -0.01419760 0.01464509 0.00429705
v -0.01410703 0.01380265 0.00650342
v -0.01401420 0.01263048 0.00855768
v -0.01392222 0.01117293 0.01039105
v -0.01382690 0.00944629 0.01198793
v -0.01372747 0.00748332 0.01331029
v -0.01362741 0.00535273 0.01431122
v -0.01352689 0.00310789 0.01497235
v -0.01342121 0.00076522 0.01528651
v -0.01351395 -0.00160675 0.01533370
v -0.01340756 -0.00392493 0.01492724
v -0.01329733 -0.00617033 0.01416716
v -0.01318432 -0.00828212 0.01306739
v -0.01307251 -0.01018680 0.01166800
v -0.01296062 -0.01185260 0.00999880
v -0.01284540 -0.01325676 0.00807727
v -0.01273085 -0.01434723 0.00596847
v -0.01261940 -0.01509681 0.00373871
v -0.01250565 -0.01550166 0.00139938
v -0.01239205 -0.01554340 -0.00098024
v -0.01228250 -0.01522421 -0.00331685
v -0.01217375 -0.01455166 -0.00558278
v -0.01206444 -0.01353305 -0.00773508
v -0.01195843 -0.01220276 -0.00969741
v -0.01185668 -0.01060083 -0.01142194
v -0.01175409 -0.00873608 -0.01289688
v -0.01165362 -0.00666627 -0.01406931
v -0.01155835 -0.00446397 -0.01490404
v -0.01146356 -0.00214670 -0.01539682
v -0.01136928 0.00023159 -0.01552993
v -0.01127883 0.00258724 -0.01529923
v -0.01119131 0.00487089 -0.01471527
v -0.01110251 0.00706000 -0.01378068
v -0.01101539 0.00907717 -0.01252364
v -0.01093197 0.01086188 -0.01098903
v -0.01084681 0.01240505 -0.00918561
v -0.01076094 0.01365823 -0.00716022
v -0.02622157 0.00946935 0.01199685
v -0.02612215 0.00749397 0.01332758
v -0.02602209 0.00534991 0.01433483
v -0.02592154 0.00309087 0.01500013
v -0.02581584 0.00073339 0.01531629
v -0.02570823 -0.00164343 0.01526748
v -0.02560184 -0.00396161 0.01486102
v -0.02549160 -0.00620701 0.01410094
v -0.02537859 -0.00831879 0.01300117
v -0.02526679 -0.01022348 0.01160179
v -0.02515490 -0.01188928 0.00993259
v -0.02503968 -0.01329344 0.00801105
v -0.02492513 -0.01438391 0.00590225
v -0.02481368 -0.01513349 0.00367250
v -0.02469994 -0.01553834 0.00133317
v -0.02458633 -0.01558008 -0.00104645
v -0.02447678 -0.01526090 -0.00338307
v -0.02436802 -0.01458834 -0.00564899
v -0.02425871 -0.01356973 -0.00780129
v -0.02415271 -0.01223944 -0.00976363
v -0.02405096 -0.01063751 -0.01148815
v -0.02394837 -0.00877276 -0.01296309
v -0.02384789 -0.00670295 -0.01413553
v -0.02375263 -0.00450065 -0.01497026
v -0.02365783 -0.00218338 -0.01546304
v -0.02356357 0.00019491 -0.01559615
v -0.02347310 0.00255056 -0.01536544
v -0.02338560 0.00483421 -0.01478149
v -0.02329679 0.00702331 -0.01384690
v -0.02320967 0.00904049 -0.01258986
v -0.02312625 0.01082520 -0.01105525
v -0.02304108 0.01236837 -0.00925183
v -0.02295522 0.01362155 -0.00722644
v -0.02287166 0.01454295 -0.00505162
v -0.02278770 0.01512283 -0.00276198
v -0.02270062 0.01534806 -0.00039096
v -0.02261346 0.01520810 0.00197838
v -0.02252736 0.01471326 0.00427944
v -0.02243684 0.01386548 0.00649976
v -0.02234405 0.01268590 0.00856700
v -0.02225211 0.01121913 0.01041196
v -0.02215681 0.00948158 0.01201892
v -0.02205739 0.00750619 0.01334965
v -0.02195732 0.00536214 0.01435690
v -0.02185679 0.00310310 0.01502220
v -0.02175107 0.00074562 0.01533836
v -0.02164347 -0.00163120 0.01528956
v -0.02153708 -0.00394938 0.01488310
v -0.02142685 -0.00619478 0.01412301
v -0.02131384 -0.00830657 0.01302324
v -0.02120203 -0.01021125 0.01162386
v -0.02109014 -0.01187705 0.00995466
v -0.02097492 -0.01328121 0.00803312
v -0.02086037 -0.01437169 0.00592432
v -0.02074892 -0.01512127 0.00369457
v -0.02063517 -0.01552611 0.00135524
v -0.02052157 -0.01556786 -0.00102438
v -0.02041202 -0.01524867 -0.00336099
v -0.02030326 -0.01457612 -0.00562692
v -0.02019396 -0.01355750 -0.00777922
v -0.02008794 -0.01222721 -0.00974156
v -0.01998620 -0.01062528 -0.01146608
v -0.01988361 -0.00876054 -0.01294102
v -0.01978313 -0.00669072 -0.01411345
v -0.01968787 -0.00448842 -0.01494819
v -0.01959307 -0.00217115 -0.01544096
v -0.01949880 0.00020714 -0.01557408
v -0.01940835 0.00256279 -0.01534337
v -0.01932083 0.00484644 -0.01475941
v -0.01923203 0.00703554 -0.01382483
v -0.01914491 0.00905272 -0.01256779
v -0.01906149 0.01083742 -0.01103318
v -0.01897633 0.01238060 -0.00922976
v -0.01889046 0.01363378 -0.00720437
v -0.01880690 0.01455518 -0.00502955
v -0.01872293 0.01513506 -0.00273991
v -0.01863585 0.01536029 -0.00036889
v -0.01854871 0.01522032 0.00200045
v -0.01846259 0.01472548 0.00430151
v -0.01837208 0.01387771 0.00652183
v -0.01827929 0.01269812 0.00858907
v -0.01818735 0.01123136 0.01043403
v -0.01809205 0.00949381 0.01204099
v -0.01799262 0.00751842 0.01337172
v -0.01789256 0.00537437 0.01437897
v -0.01779203 0.00311533 0.01504427
v -0.01768631 0.00075785 0.01536043
v -0.01757871 -0.00161898 0.01531163
v -0.01747232 -0.00393716 0.01490517
v -0.01736209 -0.00618255 0.01414508
v -0.01724907 -0.00829434 0.01304532
v -0.01713727 -0.01019902 0.01164593
v -0.01702538 -0.01186483 0.00997673
v -0.01691016 -0.01326899 0.00805520
v -0.01679561 -0.01435946 0.00594639
v -0.01668415 -0.01510904 0.00371664
v -0.01657042 -0.01551389 0.00137731
v -0.01645681 -0.01555563 -0.00100231
v -0.01634726 -0.01523644 -0.00333892
v -0.01623850 -0.01456389 -0.00560485
v -0.01612920 -0.01354528 -0.00775715
v -0.01602319 -0.01221499 -0.00971949
v -0.01592144 -0.01061305 -0.01144401
v -0.01581884 -0.00874831 -0.01291895
v -0.01571837 -0.00667850 -0.01409138
v -0.01562311 -0.00447619 -0.01492611
v -0.01552832 -0.00215893 -0.01541890
v -0.01543404 0.00021936 -0.01555200
v -0.01534359 0.00257501 -0.01532130
v -0.01525608 0.00485866 -0.01473734
v -0.01516727 0.00704777 -0.01380275
v -0.01508014 0.00906495 -0.01254572
v -0.01499674 0.01084965 -0.01101111
v -0.01491157 0.01239283 -0.00920769
v -0.01482570 0.01364601 -0.00718229
v -0.01474214 0.01456741 -0.00500748
v -0.01465818 0.01514729 -0.00271784
v -0.01457109 0.01537252 -0.00034682
v -0.01448394 0.01523255 0.00202252
v -0.01439784 0.01473771 0.00432359
v -0.01430732 0.01388994 0.00654391
v -0.01421454 0.01271035 0.00861114
v -0.01412259 0.01124359 0.01045610
v -0.01402729 0.00950604 0.01206307
v -0.01392786 0.00753065 0.01339379
v -0.01382780 0.00538659 0.01440104
v -0.01372727 0.00312756 0.01506635
v -0.01362156 0.00077007 0.01538250
v -0.01372481 -0.00161367 0.01539672
v -0.01361838 -0.00394151 0.01498856
v -0.01350809 -0.00619626 0.01422531
v -0.01339504 -0.00831685 0.01312096
v -0.01328318 -0.01022946 0.01171574
v -0.01317122 -0.01190221 0.01003958
v -0.01305594 -0.01331221 0.00811004
v -0.01294133 -0.01440723 0.00599246
v -0.01282982 -0.01515993 0.00375341
v -0.01271602 -0.01556647 0.00140434
v -0.01260236 -0.01560839 -0.00098520
v -0.01249277 -0.01528787 -0.00333155
v -0.01238396 -0.01461252 -0.00560691
v -0.01227462 -0.01358967 -0.00776819
v -0.01216858 -0.01225383 -0.00973870
v -0.01206682 -0.01064523 -0.01147041
v -0.01196421 -0.00877272 -0.01295149
v -0.01186373 -0.00669429 -0.01412881
v -0.01176849 -0.00448280 -0.01496703
v -0.01167372 -0.00215588 -0.01546186
v -0.01157946 0.00023231 -0.01559553
v -0.01148904 0.00259777 -0.01536387
v -0.01140157 0.00489093 -0.01477748
v -0.01131282 0.00708915 -0.01383900
v -0.01122575 0.00911472 -0.01257673
v -0.01114239 0.01090687 -0.01103572
v -0.01105728 0.01245647 -0.00922480
v -0.01097147 0.01371487 -0.00719097
v -0.02643249 0.00950873 0.01204626
v -0.02633307 0.00752512 0.01338252
v -0.02623300 0.00537213 0.01439396
v -0.02613246 0.00310368 0.01506204
v -0.02602671 0.00073638 0.01537951
v -0.02591908 -0.00165035 0.01533050
v -0.02581266 -0.00397819 0.01492235
v -0.02570238 -0.00623294 0.01415910
v -0.02558932 -0.00835353 0.01305474
v -0.02547745 -0.01026614 0.01164953
v -0.02536550 -0.01193889 0.00997337
v -0.02525022 -0.01334889 0.00804382
v -0.02513561 -0.01444391 0.00592624
v -0.02502411 -0.01519661 0.00368720
v -0.02491031 -0.01560315 0.00133812
v -0.02479663 -0.01564507 -0.00105141
v -0.02468704 -0.01532456 -0.00339777
v -0.02457824 -0.01464920 -0.00567313
v -0.02446890 -0.01362635 -0.00783440
v -0.02436286 -0.01229051 -0.00980492
v -0.02426109 -0.01068191 -0.01153662
v -0.02415850 -0.00880941 -0.01301771
v -0.02405801 -0.00673097 -0.01419503
v -0.02396277 -0.00451949 -0.01503325
v -0.02386799 -0.00219257 -0.01552808
v -0.02377374 0.00019562 -0.01566174
v -0.02368332 0.00256109 -0.01543008
v -0.02359585 0.00485425 -0.01484369
v -0.02350708 0.00705247 -0.01390522
v -0.02342002 0.00907804 -0.01264294
v -0.02333667 0.01087019 -0.01110194
v -0.02325156 0.01241979 -0.00929101
v -0.02316575 0.01367819 -0.00725718
v -0.02308226 0.01460342 -0.00507331
v -0.02299835 0.01518572 -0.00277414
v -0.02291133 0.01541189 -0.00039324
v -0.02282423 0.01527134 0.00198597
v -0.02273816 0.01477443 0.00429661
v -0.02264769 0.01392313 0.00652618
v -0.02255494 0.01273863 0.00860203
v -0.02246301 0.01126576 0.01045467
v -0.02236773 0.00952096 0.01206833
v -0.02226831 0.00753734 0.01340459
v -0.02216824 0.00538436 0.01441604
v -0.02206769 0.00311590 0.01508411
v -0.02196196 0.00074860 0.01540158
v -0.02185432 -0.00163812 0.01535257
v -0.02174790 -0.00396596 0.01494442
v -0.02163762 -0.00622071 0.01418117
v -0.02152456 -0.00834130 0.01307681
v -0.02141269 -0.01025391 0.01167160
v -0.02130075 -0.01192666 0.00999544
v -0.02118547 -0.01333667 0.00806590
v -0.02107085 -0.01443169 0.00594831
v -0.02095935 -0.01518438 0.00370927
v -0.02084555 -0.01559092 0.00136019
v -0.02073188 -0.01563285 -0.00102934
v -0.02062229 -0.01531233 -0.00337570
v -0.02051349 -0.01463697 -0.00565106
v -0.02040414 -0.01361412 -0.00781233
v -0.02029810 -0.01227829 -0.00978284
v -0.02019633 -0.01066969 -0.01151455
v -0.02009373 -0.00879718 -0.01299564
v -0.01999325 -0.00671874 -0.01417296
v -0.01989801 -0.00450726 -0.01501118
v -0.01980324 -0.00218034 -0.01550600
v -0.01970898 0.00020785 -0.01563967
v -0.01961856 0.00257332 -0.01540801
v -0.01953108 0.00486648 -0.01482162
v -0.01944233 0.00706469 -0.01388314
v -0.01935527 0.00909027 -0.01262087
v -0.01927191 0.01088241 -0.01107987
v -0.01918680 0.01243201 -0.00926895
v -0.01910100 0.01369041 -0.00723511
v -0.01901750 0.01461565 -0.00505124
v -0.01893359 0.01519795 -0.00275206
v -0.01884657 0.01542412 -0.00037117
v -0.01875947 0.01528356 0.00200804
v -0.01867340 0.01478666 0.00431869
v -0.01858293 0.01393535 0.00654825
v -0.01849017 0.01275085 0.00862410
v -0.01839825 0.01127798 0.01047674
v -0.01830297 0.00953319 0.01209040
v -0.01820356 0.00754957 0.01342666
v -0.01810348 0.00539658 0.01443811
v -0.01800294 0.00312813 0.01510619
v -0.01789720 0.00076083 0.01542366
v -0.01778956 -0.00162589 0.01537465
v -0.01768314 -0.00395373 0.01496649
v -0.01757287 -0.00620849 0.01420324
v -0.01745980 -0.00832908 0.01309888
v -0.01734793 -0.01024169 0.01169367
v -0.01723599 -0.01191443 0.01001751
v -0.01712070 -0.01332444 0.00808797
v -0.01700610 -0.01441945 0.00597038
v -0.01689458 -0.01517216 0.00373134
v -0.01678078 -0.01557869 0.00138227
v -0.01666712 -0.01562062 -0.00100727
v -0.01655752 -0.01530010 -0.00335362
v -0.01644872 -0.01462475 -0.00562899
v -0.01633938 -0.01360189 -0.00779026
v -0.01623335 -0.01226606 -0.00976077
v -0.01613157 -0.01065746 -0.01149248
v -0.01602898 -0.00878495 -0.01297357
v -0.01592849 -0.00670652 -0.01415089
v -0.01583325 -0.00449503 -0.01498910
v -0.01573847 -0.00216811 -0.01548393
v -0.01564422 0.00022008 -0.01561760
v -0.01555380 0.00258554 -0.01538594
v -0.01546633 0.00487870 -0.01479955
v -0.01537758 0.00707692 -0.01386107
v -0.01529051 0.00910250 -0.01259880
v -0.01520715 0.01089464 -0.01105780
v -0.01512204 0.01244424 -0.00924687
v -0.01503624 0.01370264 -0.00721304
v -0.01495274 0.01462788 -0.00502917
v -0.01486884 0.01521017 -0.00272999
v -0.01478182 0.01543634 -0.00034909
v -0.01469471 0.01529579 0.00203011
v -0.01460864 0.01479889 0.00434076
v -0.01451817 0.01394758 0.00657033
v -0.01442542 0.01276308 0.00864617
v -0.01433349 0.01129021 0.01049881
v -0.01423821 0.00954541 0.01211247
v -0.01413879 0.00756180 0.01344874
v -0.01403872 0.00540881 0.01446018
v -0.01393818 0.00314036 0.01512826
v -0.01383244 0.00077306 0.01544573
v -0.01394209 -0.00161734 0.01542635
v -0.01383564 -0.00394982 0.01501739
v -0.01372534 -0.00620906 0.01425261
v -0.01361225 -0.00833388 0.01314606
v -0.01350036 -0.01025030 0.01173804
v -0.01338839 -0.01192638 0.01005854
v -0.01327308 -0.01333920 0.00812516
v -0.01315843 -0.01443639 0.00600335
v -0.01304690 -0.01519060 0.00375984
v -0.01293307 -0.01559795 0.00140608
v -0.01281938 -0.01563996 -0.00098821
v -0.01270976 -0.01531880 -0.00333924
v -0.01260094 -0.01464210 -0.00561914
v -0.01249158 -0.01361721 -0.00778472
v -0.01238553 -0.01227871 -0.00975916
v -0.01228376 -0.01066691 -0.01149432
v -0.01218115 -0.00879067 -0.01297836
v -0.01208067 -0.00670809 -0.01415802
v -0.01198542 -0.00449221 -0.01499791
v -0.01189066 -0.00216065 -0.01549373
v -0.01179642 0.00023230 -0.01562767
v -0.01170602 0.00260247 -0.01539554
v -0.01161856 0.00490021 -0.01480798
v -0.01152983 0.00710280 -0.01386764
v -0.01144279 0.00913241 -0.01260285
v -0.01135946 0.01092813 -0.01105878
v -0.01127438 0.01248082 -0.00924424
v -0.01118861 0.01374172 -0.00720637
v -0.02664981 0.00952730 0.01206935
v -0.02655040 0.00753973 0.01340828
v -0.02645031 0.00538245 0.01442174
v -0.02634977 0.00310948 0.01509114
v -0.02624401 0.00073746 0.01540925
v -0.02613636 -0.00165402 0.01536014
v -0.02602992 -0.00398650 0.01495117
v -0.02591963 -0.00624575 0.01418640
v -0.02580653 -0.00837056 0.01307984
v -0.02569464 -0.01028698 0.01167183
v -0.02558267 -0.01196306 0.00999233
v -0.02546736 -0.01337589 0.00805894
v -0.02535271 -0.01447308 0.00593713
v -0.02524118 -0.01522728 0.00369362
v -0.02512736 -0.01563463 0.00133987
v -0.02501366 -0.01567664 -0.00105443
v -0.02490405 -0.01535548 -0.00340546
v -0.02479522 -0.01467878 -0.00568536
v -0.02468585 -0.01365389 -0.00785094
v -0.02457981 -0.01231540 -0.00982538
v -0.02447804 -0.01070359 -0.01156053
v -0.02437543 -0.00882735 -0.01304458
v -0.02427494 -0.00674477 -0.01422424
v -0.02417970 -0.00452889 -0.01506413
v -0.02408494 -0.00219734 -0.01555995
v -0.02399070 0.00019562 -0.01569388
v -0.02390030 0.00256579 -0.01546176
v -0.02381284 0.00486352 -0.01487420
v -0.02372411 0.00706612 -0.01393386
v -0.02363707 0.00909573 -0.01266907
v -0.02355374 0.01089145 -0.01112500
v -0.02346866 0.01244413 -0.00931046
v -0.02338289 0.01370504 -0.00727258
v -0.02329942 0.01463212 -0.00508436
v -0.02321554 0.01521557 -0.00278060
v -0.02312854 0.01544220 -0.00039496
v -0.02304147 0.01530136 0.00198898
v -0.02295543 0.01480347 0.00430423
v -0.02286497 0.01395047 0.00653824
v -0.02277223 0.01276361 0.00861822
v -0.02268032 0.01128779 0.01047456
v -0.02258505 0.00953953 0.01209142
v -0.02248562 0.00755196 0.01343035
v -0.02238555 0.00539468 0.01444381
v -0.02228500 0.00312171 0.01511321
v -0.02217926 0.00074969 0.01543132
v -0.02207161 -0.00164180 0.01538221
v -0.02196516 -0.00397427 0.01497324
v -0.02185486 -0.00623352 0.01420847
v -0.02174178 -0.00835833 0.01310191
v -0.02162988 -0.01027476 0.01169390
v -0.02151791 -0.01195084 0.01001440
v -0.02140260 -0.01336365 0.00808101
v -0.02128796 -0.01446085 0.00595920
v -0.02117641 -0.01521505 0.00371570
v -0.02106259 -0.01562241 0.00136194
v -0.02094890 -0.01566441 -0.00103236
v -0.02083929 -0.01534326 -0.00338339
v -0.02073046 -0.01466655 -0.00566328
v -0.02062110 -0.01364166 -0.00782886
v -0.02051505 -0.01230317 -0.00980331
v -0.02041326 -0.01069136 -0.01153846
v -0.02031066 -0.00881512 -0.01302250
v -0.02021019 -0.00673254 -0.01420217
v -0.02011494 -0.00451666 -0.01504206
v -0.02002018 -0.00218511 -0.01553787
v -0.01992594 0.00020784 -0.01567181
v -0.01983554 0.00257802 -0.01543968
v -0.01974808 0.00487575 -0.01485213
v -0.01965935 0.00707835 -0.01391178
v -0.01957231 0.00910796 -0.01264700
v -0.01948897 0.01090367 -0.01110293
v -0.01940390 0.01245636 -0.00928839
v -0.01931812 0.01371727 -0.00725051
v -0.01923466 0.01464435 -0.00506229
v -0.01915078 0.01522780 -0.00275853
v -0.01906378 0.01545442 -0.00037289
v -0.01897671 0.01531359 0.00201105
v -0.01889067 0.01481570 0.00432630
v -0.01880020 0.01396269 0.00656031
v -0.01870747 0.01277583 0.00864029
v -0.01861556 0.01130002 0.01049663
v -0.01852028 0.00955175 0.01211350
v -0.01842087 0.00756418 0.01345242
v -0.01832079 0.00540690 0.01446589
v -0.01822024 0.00313394 0.01513529
v -0.01811450 0.00076191 0.01545339
v -0.01800685 -0.00162957 0.01540428
v -0.01790040 -0.00396204 0.01499531
v -0.01779010 -0.00622129 0.01423054
v -0.01767701 -0.00834610 0.01312398
v -0.01756513 -0.01026253 0.01171597
v -0.01745315 -0.01193861 0.01003647
v -0.01733783 -0.01335143 0.00810308
v -0.01722320 -0.01444862 0.00598127
v -0.01711165 -0.01520282 0.00373777
v -0.01699783 -0.01561018 0.00138401
v -0.01688414 -0.01565218 -0.00101028
v -0.01677452 -0.01533103 -0.00336131
v -0.01666570 -0.01465432 -0.00564121
v -0.01655634 -0.01362944 -0.00780679
v -0.01645029 -0.01229094 -0.00978124
v -0.01634851 -0.01067913 -0.01151639
v -0.01624591 -0.00880290 -0.01300043
v -0.01614543 -0.00672031 -0.01418010
v -0.01605018 -0.00450443 -0.01501998
v -0.01595542 -0.00217288 -0.01551580
v -0.01586117 0.00022007 -0.01564974
v -0.01577078 0.00259025 -0.01541761
v -0.01568332 0.00488798 -0.01483005
v -0.01559459 0.00709058 -0.01388971
v -0.01550756 0.00912019 -0.01262493
v -0.01542422 0.01091590 -0.01108085
v -0.01533914 0.01246859 -0.00926632
v -0.01525337 0.01372949 -0.00722844
v -0.01516989 0.01465658 -0.00504022
v -0.01508602 0.01524003 -0.00273646
v -0.01499902 0.01546665 -0.00035082
v -0.01491194 0.01532582 0.00203312
v -0.01482590 0.01482793 0.00434838
v -0.01473545 0.01397492 0.00658239
v -0.01464271 0.01278806 0.00866237
v -0.01455080 0.01131225 0.01051870
v -0.01445553 0.00956398 0.01213557
v -0.01435610 0.00757641 0.01347450
v -0.01425603 0.00541913 0.01448796
v -0.01415548 0.00314616 0.01515736
v -0.01404973 0.00077414 0.01547546
v -0.01417333 -0.00161762 0.01542091
v -0.01406689 -0.00394947 0.01501205
v -0.01395659 -0.00620811 0.01424748
v -0.01384351 -0.00833235 0.01314123
v -0.01373162 -0.01024825 0.01173359
v -0.01361965 -0.01192387 0.01005455
v -0.01350434 -0.01333632 0.00812169
v -0.01338970 -0.01443322 0.00600045
v -0.01327817 -0.01518721 0.00375755
v -0.01316435 -0.01559445 0.00140443
v -0.01305066 -0.01563645 -0.00098922
v -0.01294105 -0.01531538 -0.00333961
v -0.01283223 -0.01463886 -0.00561889
v -0.01272287 -0.01361425 -0.00778388
v -0.01261682 -0.01227612 -0.00975780
v -0.01251504 -0.01066475 -0.01149249
v -0.01241244 -0.00878901 -0.01297612
v -0.01231196 -0.00670700 -0.01415547
v -0.01221672 -0.00449171 -0.01499513
v -0.01212195 -0.00216079 -0.01549081
v -0.01202771 0.00023152 -0.01562471
v -0.01193731 0.00260105 -0.01539265
v -0.01184985 0.00489816 -0.01480525
v -0.01176111 0.00710016 -0.01386516
v -0.01167407 0.00912923 -0.01260072
v -0.01159073 0.01092445 -0.01105706
v -0.01150565 0.01247672 -0.00924302
v -0.01141987 0.01373729 -0.00720569
v -0.02688105 0.00952399 0.01206479
v -0.02678162 0.00753696 0.01340336
v -0.02668156 0.00538026 0.01441655
v -0.02658101 0.00310791 0.01508577
v -0.02647526 0.00073653 0.01540378
v -0.02636761 -0.00165431 0.01535469
v -0.02626117 -0.00398615 0.01494583
v -0.02615087 -0.00624479 0.01418126
v -0.02603779 -0.00836903 0.01307501
v -0.02592591 -0.01028494 0.01166738
v -0.02581392 -0.01196056 0.00998833
v -0.02569862 -0.01337300 0.00805547
v -0.02558398 -0.01446990 0.00593423
v -0.02547245 -0.01522390 0.00369134
v -0.02535862 -0.01563113 0.00133821
v -0.02524494 -0.01567313 -0.00105544
v -0.02513533 -0.01535206 -0.00340583
v -0.02502651 -0.01467554 -0.00568511
v -0.02491714 -0.01365093 -0.00785010
v -0.02481109 -0.01231280 -0.00982401
v -0.02470932 -0.01070143 -0.01155870
v -0.02460672 -0.00882569 -0.01304233
v -0.02450624 -0.00674368 -0.01422169
v -0.02441099 -0.00452839 -0.01506134
v -0.02431622 -0.00219747 -0.01555703
v -0.02422199 0.00019483 -0.01569093
v -0.02413159 0.00256437 -0.01545887
v -0.02404413 0.00486148 -0.01487147
v -0.02395540 0.00706348 -0.01393137
v -0.02386835 0.00909255 -0.01266693
v -0.02378502 0.01088777 -0.01112328
v -0.02369993 0.01244004 -0.00930923
v -0.02361416 0.01370060 -0.00727190
v -0.02353068 0.01462743 -0.00508428
v -0.02344680 0.01521073 -0.00278114
v -0.02335980 0.01543729 -0.00039615
v -0.02327272 0.01529649 0.00198715
v -0.02318668 0.01479874 0.00430178
v -0.02309622 0.01394596 0.00653518
v -0.02300347 0.01275942 0.00861460
v -0.02291156 0.01128402 0.01047044
v -0.02281629 0.00953621 0.01208686
v -0.02271687 0.00754919 0.01342543
v -0.02261679 0.00539249 0.01443862
v -0.02251624 0.00312013 0.01510784
v -0.02241050 0.00074875 0.01542585
v -0.02230285 -0.00164208 0.01537677
v -0.02219640 -0.00397393 0.01496790
v -0.02208611 -0.00623256 0.01420334
v -0.02197303 -0.00835680 0.01309708
v -0.02186115 -0.01027271 0.01168945
v -0.02174916 -0.01194833 0.01001041
v -0.02163386 -0.01336077 0.00807754
v -0.02151922 -0.01445767 0.00595630
v -0.02140769 -0.01521167 0.00371341
v -0.02129387 -0.01561891 0.00136028
v -0.02118018 -0.01566090 -0.00103336
v -0.02107057 -0.01533984 -0.00338375
v -0.02096175 -0.01466332 -0.00566304
v -0.02085239 -0.01363870 -0.00782803
v -0.02074634 -0.01230057 -0.00980194
v -0.02064456 -0.01068920 -0.01153663
v -0.02054196 -0.00881347 -0.01302026
v -0.02044147 -0.00673145 -0.01419962
v -0.02034623 -0.00451617 -0.01503927
v -0.02025147 -0.00218524 -0.01553496
v -0.02015723 0.00020706 -0.01566885
v -0.02006683 0.00257660 -0.01543679
v -0.01997937 0.00487370 -0.01484939
v -0.01989064 0.00707571 -0.01390930
v -0.01980359 0.00910478 -0.01264486
v -0.01972025 0.01090000 -0.01110120
v -0.01963517 0.01245227 -0.00928716
v -0.01954939 0.01371283 -0.00724983
v -0.01946592 0.01463966 -0.00506220
v -0.01938204 0.01522296 -0.00275907
v -0.01929503 0.01544951 -0.00037407
v -0.01920796 0.01530872 0.00200923
v -0.01912191 0.01481096 0.00432385
v -0.01903145 0.01395819 0.00655725
v -0.01893871 0.01277165 0.00863668
v -0.01884679 0.01129624 0.01049251
v -0.01875152 0.00954844 0.01210894
v -0.01865211 0.00756141 0.01344750
v -0.01855204 0.00540472 0.01446069
v -0.01845148 0.00313236 0.01512991
v -0.01834574 0.00076098 0.01544793
v -0.01823810 -0.00162985 0.01539884
v -0.01813165 -0.00396170 0.01498998
v -0.01802135 -0.00622033 0.01422541
v -0.01790826 -0.00834457 0.01311915
v -0.01779638 -0.01026048 0.01171152
v -0.01768441 -0.01193610 0.01003248
v -0.01756911 -0.01334854 0.00809961
v -0.01745446 -0.01444544 0.00597838
v -0.01734293 -0.01519944 0.00373548
v -0.01722910 -0.01560668 0.00138236
v -0.01711542 -0.01564867 -0.00101129
v -0.01700581 -0.01532761 -0.00336168
v -0.01689699 -0.01465109 -0.00564097
v -0.01678762 -0.01362648 -0.00780596
v -0.01668158 -0.01228834 -0.00977987
v -0.01657980 -0.01067697 -0.01151456
v -0.01647720 -0.00880124 -0.01299819
v -0.01637672 -0.00671923 -0.01417754
v -0.01628147 -0.00450394 -0.01501720
v -0.01618670 -0.00217301 -0.01551288
v -0.01609247 0.00021929 -0.01564678
v -0.01600206 0.00258882 -0.01541472
v -0.01591460 0.00488593 -0.01482732
v -0.01582587 0.00708794 -0.01388723
v -0.01573882 0.00911700 -0.01262279
v -0.01565550 0.01091223 -0.01107913
v -0.01557041 0.01246450 -0.00926509
v -0.01548464 0.01372506 -0.00722776
v -0.01540116 0.01465189 -0.00504013
v -0.01531729 0.01523519 -0.00273699
v -0.01523028 0.01546174 -0.00035200
v -0.01514320 0.01532095 0.00203130
v -0.01505715 0.01482319 0.00434592
v -0.01496669 0.01397042 0.00657933
v -0.01487395 0.01278388 0.00865875
v -0.01478204 0.01130847 0.01051458
v -0.01468677 0.00956067 0.01213101
v -0.01458735 0.00757364 0.01346958
v -0.01448728 0.00541695 0.01448276
v -0.01438673 0.00314459 0.01515199
v -0.01428098 0.00077321 0.01547000
v -0.01437896 -0.00161471 0.01538371
v -0.01427254 -0.00394112 0.01497581
v -0.01416226 -0.00619450 0.01421302
v -0.01404921 -0.00831379 0.01310934
v -0.01393735 -0.01022524 0.01170499
v -0.01382541 -0.01189696 0.01002985
v -0.01371014 -0.01330611 0.00810149
v -0.01359553 -0.01440045 0.00598520
v -0.01348403 -0.01515269 0.00374752
v -0.01337024 -0.01555898 0.00139989
v -0.01325659 -0.01560088 -0.00098819
v -0.01314700 -0.01528056 -0.00333310
v -0.01303820 -0.01460562 -0.00560708
v -0.01292886 -0.01358339 -0.00776703
v -0.01282283 -0.01224837 -0.00973634
v -0.01272107 -0.01064075 -0.01146699
v -0.01261847 -0.00876939 -0.01294717
v -0.01251800 -0.00669222 -0.01412377
v -0.01242275 -0.00448209 -0.01496147
v -0.01232796 -0.00215659 -0.01545599
v -0.01223371 0.00023014 -0.01558959
v -0.01214328 0.00259415 -0.01535807
v -0.01205580 0.00488591 -0.01477203
v -0.01196704 0.00708279 -0.01383413
v -0.01187997 0.00910713 -0.01257263
v -0.01179660 0.01089818 -0.01103256
v -0.01171149 0.01244683 -0.00922275
v -0.01162567 0.01370446 -0.00719016
v -0.02708663 0.00950087 0.01203526
v -0.02698721 0.00751847 0.01337070
v -0.02688714 0.00536680 0.01438153
v -0.02678660 0.00309973 0.01504919
v -0.02668086 0.00073387 0.01536647
v -0.02657324 -0.00165139 0.01531750
v -0.02646682 -0.00397781 0.01490959
v -0.02635654 -0.00623118 0.01414680
v -0.02624349 -0.00835047 0.01304313
v -0.02613163 -0.01026192 0.01163877
v -0.02601968 -0.01193364 0.00996364
v -0.02590442 -0.01334279 0.00803528
v -0.02578981 -0.01443713 0.00591899
v -0.02567831 -0.01518938 0.00368131
v -0.02556452 -0.01559567 0.00133367
v -0.02545086 -0.01563756 -0.00105440
v -0.02534128 -0.01531724 -0.00339932
v -0.02523248 -0.01464230 -0.00567330
v -0.02512315 -0.01362007 -0.00783325
v -0.02501712 -0.01228505 -0.00980256
v -0.02491534 -0.01067744 -0.01153320
v -0.02481274 -0.00880607 -0.01301338
v -0.02471228 -0.00672890 -0.01418998
v -0.02461701 -0.00451877 -0.01502769
v -0.02452225 -0.00219327 -0.01552221
v -0.02442799 0.00019346 -0.01565580
v -0.02433756 0.00255747 -0.01542428
v -0.02425009 0.00484924 -0.01483825
v -0.02416133 0.00704611 -0.01390035
v -0.02407425 0.00907045 -0.01263884
v -0.02399088 0.01086150 -0.01109878
v -0.02390577 0.01241015 -0.00928896
v -0.02381995 0.01366778 -0.00725637
v -0.02373644 0.01459245 -0.00507384
v -0.02365254 0.01517439 -0.00277606
v -0.02356549 0.01540043 -0.00039662
v -0.02347839 0.01525996 0.00198113
v -0.02339232 0.01476336 0.00429037
v -0.02330184 0.01391258 0.00651857
v -0.02320908 0.01272880 0.00859315
v -0.02311715 0.01125682 0.01044466
v -0.02302186 0.00951310 0.01205733
v -0.02292245 0.00753070 0.01339277
v -0.02282238 0.00537902 0.01440360
v -0.02272184 0.00311196 0.01507127
v -0.02261611 0.00074610 0.01538855
v -0.02250847 -0.00163916 0.01533957
v -0.02240205 -0.00396558 0.01493167
v -0.02229178 -0.00621895 0.01416887
v -0.02217873 -0.00833825 0.01306520
v -0.02206687 -0.01024969 0.01166084
v -0.02195493 -0.01192142 0.00998571
v -0.02183966 -0.01333056 0.00805735
v -0.02172506 -0.01442491 0.00594106
v -0.02161356 -0.01517715 0.00370338
v -0.02149976 -0.01558344 0.00135574
v -0.02138611 -0.01562534 -0.00103233
v -0.02127652 -0.01530502 -0.00337725
v -0.02116772 -0.01463007 -0.00565122
v -0.02105839 -0.01360784 -0.00781117
v -0.02095236 -0.01227283 -0.00978049
v -0.02085059 -0.01066521 -0.01151113
v -0.02074798 -0.00879384 -0.01299131
v -0.02064752 -0.00671667 -0.01416792
v -0.02055226 -0.00450655 -0.01500562
v -0.02045749 -0.00218105 -0.01550014
v -0.02036323 0.00020568 -0.01563373
v -0.02027281 0.00256970 -0.01540221
v -0.02018533 0.00486146 -0.01481618
v -0.02009656 0.00705834 -0.01387827
v -0.02000949 0.00908268 -0.01261677
v -0.01992612 0.01087372 -0.01107671
v -0.01984101 0.01242238 -0.00926689
v -0.01975519 0.01368001 -0.00723430
v -0.01967168 0.01460468 -0.00505177
v -0.01958778 0.01518662 -0.00275399
v -0.01950074 0.01541265 -0.00037455
v -0.01941362 0.01527219 0.00200320
v -0.01932756 0.01477559 0.00431244
v -0.01923708 0.01392480 0.00654064
v -0.01914432 0.01274102 0.00861522
v -0.01905239 0.01126905 0.01046673
v -0.01895711 0.00952532 0.01207940
v -0.01885769 0.00754292 0.01341484
v -0.01875762 0.00539125 0.01442568
v -0.01865708 0.00312418 0.01509334
v -0.01855134 0.00075833 0.01541062
v -0.01844371 -0.00162693 0.01536164
v -0.01833729 -0.00395335 0.01495374
v -0.01822702 -0.00620673 0.01419095
v -0.01811397 -0.00832602 0.01308727
v -0.01800211 -0.01023747 0.01168292
v -0.01789017 -0.01190919 0.01000778
v -0.01777489 -0.01331834 0.00807942
v -0.01766029 -0.01441268 0.00596313
v -0.01754879 -0.01516492 0.00372545
v -0.01743500 -0.01557121 0.00137781
v -0.01732135 -0.01561311 -0.00101026
v -0.01721176 -0.01529279 -0.00335518
v -0.01710297 -0.01461784 -0.00562915
v -0.01699363 -0.01359562 -0.00778910
v -0.01688760 -0.01226060 -0.00975842
v -0.01678583 -0.01065298 -0.01148906
v -0.01668323 -0.00878161 -0.01296924
v -0.01658275 -0.00670445 -0.01414584
v -0.01648750 -0.00449432 -0.01498354
v -0.01639272 -0.00216882 -0.01547807
v -0.01629847 0.00021791 -0.01561166
v -0.01620805 0.00258193 -0.01538013
v -0.01612057 0.00487369 -0.01479410
v -0.01603180 0.00707057 -0.01385620
v -0.01594472 0.00909491 -0.01259470
v -0.01586136 0.01088595 -0.01105464
v -0.01577624 0.01243461 -0.00924482
v -0.01569043 0.01369223 -0.00721223
v -0.01560692 0.01461691 -0.00502970
v -0.01552301 0.01519885 -0.00273192
v -0.01543597 0.01542488 -0.00035248
v -0.01534887 0.01528441 0.00202527
v -0.01526280 0.01478782 0.00433451
v -0.01517232 0.01393703 0.00656271
v -0.01507957 0.01275325 0.00863729
v -0.01498763 0.01128128 0.01048880
v -0.01489235 0.00953755 0.01210148
v -0.01479293 0.00755515 0.01343692
v -0.01469286 0.00540348 0.01444775
v -0.01459232 0.00313641 0.01511541
v -0.01448659 0.00077056 0.01543269
v -0.01458085 -0.00160870 0.01531510
v -0.01447446 -0.00392496 0.01490898
v -0.01436424 -0.00616849 0.01414953
v -0.01425124 -0.00827852 0.01305068
v -0.01413945 -0.01018162 0.01165245
v -0.01402756 -0.01184603 0.00998464
v -0.01391236 -0.01324903 0.00806470
v -0.01379781 -0.01433859 0.00595766
v -0.01368638 -0.01508754 0.00372976
v -0.01357265 -0.01549206 0.00139238
v -0.01345905 -0.01553377 -0.00098526
v -0.01334952 -0.01521484 -0.00331994
v -0.01324076 -0.01454285 -0.00558398
v -0.01313147 -0.01352508 -0.00773449
v -0.01302546 -0.01219590 -0.00969520
v -0.01292372 -0.01059530 -0.01141828
v -0.01282113 -0.00873211 -0.01289199
v -0.01272065 -0.00666401 -0.01406345
v -0.01262539 -0.00446354 -0.01489750
v -0.01253060 -0.00214820 -0.01538986
v -0.01243631 0.00022812 -0.01552286
v -0.01234585 0.00258181 -0.01529235
v -0.01225832 0.00486356 -0.01470887
v -0.01216951 0.00705084 -0.01377506
v -0.01208238 0.00906634 -0.01251908
v -0.01199896 0.01084957 -0.01098573
v -0.01191378 0.01239145 -0.00918382
v -0.01182790 0.01364359 -0.00716011
v -0.02728846 0.00945816 0.01198097
v -0.02718903 0.00748442 0.01331059
v -0.02708896 0.00534214 0.01431700
v -0.02698843 0.00308498 0.01498175
v -0.02688272 0.00072946 0.01529764
v -0.02677512 -0.00164538 0.01524889
v -0.02666874 -0.00396164 0.01484277
v -0.02655852 -0.00620517 0.01408331
v -0.02644552 -0.00831521 0.01298446
v -0.02633372 -0.01021830 0.01158624
v -0.02622185 -0.01188272 0.00991842
v -0.02610663 -0.01328571 0.00799849
v -0.02599209 -0.01437527 0.00589144
v -0.02588066 -0.01512423 0.00366354
v -0.02576693 -0.01552874 0.00132616
v -0.02565333 -0.01557045 -0.00105148
v -0.02554380 -0.01525153 -0.00338615
v -0.02543505 -0.01457954 -0.00565019
v -0.02532574 -0.01356177 -0.00780071
v -0.02521974 -0.01223258 -0.00976142
v -0.02511800 -0.01063198 -0.01148450
v -0.02501541 -0.00876879 -0.01295821
v -0.02491493 -0.00670069 -0.01412967
v -0.02481967 -0.00450022 -0.01496371
v -0.02472488 -0.00218488 -0.01545608
v -0.02463059 0.00019143 -0.01558908
v -0.02454013 0.00254513 -0.01535857
v -0.02445260 0.00482687 -0.01477509
v -0.02436379 0.00701416 -0.01384128
v -0.02427667 0.00902966 -0.01258529
v -0.02419323 0.01081288 -0.01105195
v -0.02410807 0.01235477 -0.00925004
v -0.02402218 0.01360691 -0.00722632
v -0.02393861 0.01452755 -0.00505332
v -0.02385463 0.01510695 -0.00276558
v -0.02376754 0.01533199 -0.00039653
v -0.02368038 0.01519214 0.00197084
v -0.02359426 0.01469771 0.00427000
v -0.02350374 0.01385064 0.00648846
v -0.02341095 0.01267204 0.00855399
v -0.02331899 0.01120650 0.01039741
v -0.02322369 0.00947039 0.01200304
v -0.02312426 0.00749664 0.01333266
v -0.02302420 0.00535437 0.01433907
v -0.02292367 0.00309721 0.01500383
v -0.02281796 0.00074169 0.01531972
v -0.02271036 -0.00163316 0.01527096
v -0.02260399 -0.00394941 0.01486484
v -0.02249376 -0.00619294 0.01410538
v -0.02238076 -0.00830298 0.01300653
v -0.02226896 -0.01020607 0.01160831
v -0.02215708 -0.01187049 0.00994050
v -0.02204187 -0.01327348 0.00802056
v -0.02192733 -0.01436305 0.00591351
v -0.02181591 -0.01511200 0.00368561
v -0.02170217 -0.01551652 0.00134823
v -0.02158857 -0.01555823 -0.00102941
v -0.02147904 -0.01523930 -0.00336408
v -0.02137029 -0.01456731 -0.00562812
v -0.02126099 -0.01354954 -0.00777864
v -0.02115498 -0.01222035 -0.00973934
v -0.02105323 -0.01061976 -0.01146243
v -0.02095065 -0.00875656 -0.01293614
v -0.02085017 -0.00668847 -0.01410760
v -0.02075491 -0.00448799 -0.01494164
v -0.02066011 -0.00217265 -0.01543401
v -0.02056583 0.00020366 -0.01556701
v -0.02047537 0.00255735 -0.01533650
v -0.02038785 0.00483910 -0.01475302
v -0.02029903 0.00702639 -0.01381921
v -0.02021190 0.00904188 -0.01256322
v -0.02012847 0.01082511 -0.01102988
v -0.02004329 0.01236700 -0.00922796
v -0.01995742 0.01361914 -0.00720425
v -0.01987385 0.01453977 -0.00503125
v -0.01978988 0.01511917 -0.00274351
v -0.01970278 0.01534422 -0.00037446
v -0.01961561 0.01520437 0.00199291
v -0.01952950 0.01470994 0.00429207
v -0.01943897 0.01386287 0.00651054
v -0.01934618 0.01268426 0.00857606
v -0.01925424 0.01121872 0.01041949
v -0.01915893 0.00948262 0.01202511
v -0.01905951 0.00750887 0.01335473
v -0.01895944 0.00536660 0.01436115
v -0.01885891 0.00310944 0.01502590
v -0.01875321 0.00075392 0.01534179
v -0.01864561 -0.00162093 0.01529303
v -0.01853923 -0.00393718 0.01488691
v -0.01842900 -0.00618071 0.01412746
v -0.01831600 -0.00829075 0.01302860
v -0.01820421 -0.01019384 0.01163038
v -0.01809232 -0.01185826 0.00996257
v -0.01797712 -0.01326125 0.00804263
v -0.01786258 -0.01435082 0.00593559
v -0.01775114 -0.01509978 0.00370769
v -0.01763741 -0.01550429 0.00137031
v -0.01752381 -0.01554600 -0.00100734
v -0.01741427 -0.01522707 -0.00334201
v -0.01730552 -0.01455508 -0.00560605
v -0.01719623 -0.01353731 -0.00775656
v -0.01709021 -0.01220813 -0.00971727
v -0.01698847 -0.01060753 -0.01144035
v -0.01688589 -0.00874433 -0.01291407
v -0.01678541 -0.00667624 -0.01408553
v -0.01669014 -0.00447576 -0.01491957
v -0.01659535 -0.00216043 -0.01541194
v -0.01650107 0.00021589 -0.01554494
v -0.01641061 0.00256958 -0.01531442
v -0.01632308 0.00485133 -0.01473095
v -0.01623427 0.00703862 -0.01379714
v -0.01614715 0.00905411 -0.01254115
v -0.01606372 0.01083734 -0.01100781
v -0.01597854 0.01237923 -0.00920589
v -0.01589267 0.01363137 -0.00718218
v -0.01580909 0.01455200 -0.00500917
v -0.01572511 0.01513140 -0.00272143
v -0.01563801 0.01535645 -0.00035238
v -0.01555086 0.01521660 0.00201498
v -0.01546473 0.01472217 0.00431414
v -0.01537422 0.01387510 0.00653261
v -0.01528143 0.01269649 0.00859813
v -0.01518947 0.01123095 0.01044156
v -0.01509418 0.00949484 0.01204718
v -0.01499475 0.00752110 0.01337680
v -0.01489468 0.00537883 0.01438322
v -0.01479415 0.00312166 0.01504797
v -0.01468845 0.00076614 0.01536386
v -0.01477387 -0.00159957 0.01521496
v -0.01466755 -0.00390091 0.01481145
v -0.01455739 -0.00613000 0.01405689
v -0.01444447 -0.00822644 0.01296512
v -0.01433276 -0.01011728 0.01157591
v -0.01422097 -0.01177098 0.00991884
v -0.01410586 -0.01316492 0.00801127
v -0.01399142 -0.01424747 0.00591779
v -0.01388008 -0.01499161 0.00370424
v -0.01376643 -0.01539352 0.00138191
v -0.01365292 -0.01543496 -0.00098041
v -0.01354346 -0.01511808 -0.00330005
v -0.01343477 -0.01445042 -0.00554951
v -0.01332553 -0.01343920 -0.00768617
v -0.01321957 -0.01211857 -0.00963425
v -0.01311785 -0.01052828 -0.01134623
v -0.01301528 -0.00867708 -0.01281045
v -0.01291480 -0.00662230 -0.01397436
v -0.01281953 -0.00443599 -0.01480303
v -0.01272471 -0.00213556 -0.01529222
v -0.01263038 0.00022545 -0.01542437
v -0.01253986 0.00256399 -0.01519533
v -0.01245228 0.00483105 -0.01461561
v -0.01236339 0.00700425 -0.01368781
v -0.01227618 0.00900677 -0.01243991
v -0.01219266 0.01077852 -0.01091643
v -0.01210739 0.01231048 -0.00912612
v -0.01202141 0.01355456 -0.00711543
v -0.02748138 0.00939578 0.01190185
v -0.02738194 0.00743475 0.01322291
v -0.02728188 0.00530627 0.01422285
v -0.02718137 0.00306364 0.01488332
v -0.02707569 0.00072329 0.01519718
v -0.02696815 -0.00163626 0.01514874
v -0.02686183 -0.00393760 0.01474524
v -0.02675168 -0.00616668 0.01399068
v -0.02663875 -0.00826312 0.01289890
v -0.02652704 -0.01015396 0.01150969
v -0.02641526 -0.01180766 0.00985262
v -0.02630014 -0.01320161 0.00794505
v -0.02618569 -0.01428416 0.00585157
v -0.02607436 -0.01502829 0.00363802
v -0.02596072 -0.01543020 0.00131569
v -0.02584719 -0.01547164 -0.00104663
v -0.02573774 -0.01515476 -0.00336626
v -0.02562905 -0.01448710 -0.00561572
v -0.02551981 -0.01347588 -0.00775239
v -0.02541384 -0.01215526 -0.00970046
v -0.02531213 -0.01056496 -0.01141245
v -0.02520956 -0.00871376 -0.01287667
v -0.02510908 -0.00665898 -0.01404058
v -0.02501381 -0.00447267 -0.01486925
v -0.02491899 -0.00217224 -0.01535844
v -0.02482466 0.00018877 -0.01549058
v -0.02473414 0.00252731 -0.01526155
v -0.02464655 0.00479437 -0.01468183
v -0.02455767 0.00696757 -0.01375403
v -0.02447045 0.00897009 -0.01250612
v -0.02438694 0.01074184 -0.01098265
v -0.02430167 0.01227380 -0.00919234
v -0.02421569 0.01351788 -0.00718165
v -0.02413204 0.01443258 -0.00502263
v -0.02404797 0.01500825 -0.00274963
v -0.02396077 0.01523185 -0.00039582
v -0.02387354 0.01509291 0.00195630
v -0.02378734 0.01460167 0.00424066
v -0.02369677 0.01376005 0.00644484
v -0.02360393 0.01258904 0.00849707
v -0.02351194 0.01113293 0.01032863
v -0.02341662 0.00940801 0.01192392
v -0.02331718 0.00744697 0.01324498
v -0.02321712 0.00531850 0.01424492
v -0.02311661 0.00307587 0.01490539
v -0.02301094 0.00073552 0.01521925
v -0.02290338 -0.00162403 0.01517081
v -0.02279707 -0.00392537 0.01476731
v -0.02268691 -0.00615445 0.01401275
v -0.02257399 -0.00825089 0.01292098
v -0.02246228 -0.01014173 0.01153176
v -0.02235050 -0.01179543 0.00987469
v -0.02223537 -0.01318938 0.00796712
v -0.02212094 -0.01427193 0.00587365
v -0.02200959 -0.01501606 0.00366010
v -0.02189595 -0.01541797 0.00133777
v -0.02178244 -0.01545941 -0.00102456
v -0.02167298 -0.01514254 -0.00334419
v -0.02156429 -0.01447487 -0.00559365
v -0.02145506 -0.01346366 -0.00773032
v -0.02134908 -0.01214303 -0.00967839
v -0.02124737 -0.01055273 -0.01139038
v -0.02114481 -0.00870154 -0.01285460
v -0.02104432 -0.00664675 -0.01401851
v -0.02094905 -0.00446045 -0.01484718
v -0.02085423 -0.00216001 -0.01533637
v -0.02075990 0.00020100 -0.01546851
v -0.02066938 0.00253954 -0.01523948
v -0.02058180 0.00480660 -0.01465976
v -0.02049291 0.00697980 -0.01373196
v -0.02040569 0.00898232 -0.01248405
v -0.02032218 0.01075407 -0.01096058
v -0.02023691 0.01228603 -0.00917027
v -0.02015094 0.01353010 -0.00715958
v -0.02006727 0.01444481 -0.00500056
v -0.01998320 0.01502048 -0.00272755
v -0.01989602 0.01524408 -0.00037375
v -0.01980878 0.01510513 0.00197837
v -0.01972259 0.01461389 0.00426273
v -0.01963201 0.01377228 0.00646692
v -0.01953917 0.01260126 0.00851914
v -0.01944718 0.01114516 0.01035070
v -0.01935186 0.00942023 0.01194599
v -0.01925243 0.00745920 0.01326705
v -0.01915236 0.00533072 0.01426699
v -0.01905186 0.00308810 0.01492746
v -0.01894618 0.00074775 0.01524132
v -0.01883863 -0.00161180 0.01519289
v -0.01873231 -0.00391314 0.01478938
v -0.01862215 -0.00614222 0.01403482
v -0.01850924 -0.00823867 0.01294305
v -0.01839753 -0.01012950 0.01155384
v -0.01828573 -0.01178320 0.00989676
v -0.01817062 -0.01317715 0.00798920
v -0.01805618 -0.01425971 0.00589572
v -0.01794484 -0.01500383 0.00368217
v -0.01783119 -0.01540574 0.00135984
v -0.01771768 -0.01544719 -0.00100249
v -0.01760821 -0.01513031 -0.00332212
v -0.01749953 -0.01446264 -0.00557158
v -0.01739029 -0.01345143 -0.00770824
v -0.01728432 -0.01213080 -0.00965632
v -0.01718261 -0.01054051 -0.01136830
v -0.01708004 -0.00868931 -0.01283253
v -0.01697956 -0.00663453 -0.01399644
v -0.01688428 -0.00444822 -0.01482511
v -0.01678946 -0.00214779 -0.01531430
v -0.01669514 0.00021323 -0.01544644
v -0.01660462 0.00255176 -0.01521740
v -0.01651703 0.00481882 -0.01463768
v -0.01642815 0.00699202 -0.01370989
v -0.01634094 0.00899455 -0.01246198
v -0.01625742 0.01076629 -0.01093851
v -0.01617215 0.01229825 -0.00914819
v -0.01608617 0.01354233 -0.00713751
v -0.01600251 0.01445704 -0.00497849
v -0.01591845 0.01503271 -0.00270548
v -0.01583126 0.01525631 -0.00035168
v -0.01574402 0.01511736 0.00200044
v -0.01565783 0.01462612 0.00428480
v -0.01556725 0.01378450 0.00648899
v -0.01547441 0.01261349 0.00854121
v -0.01538242 0.01115739 0.01037277
v -0.01528710 0.00943246 0.01196807
v -0.01518766 0.00747143 0.01328912
v -0.01508761 0.00534295 0.01428906
v -0.01498709 0.00310033 0.01494953
v -0.01488142 0.00075997 0.01526340
v -0.01496299 -0.00158656 0.01507521
v -0.01485675 -0.00386701 0.01467537
v -0.01474670 -0.00607587 0.01392766
v -0.01463388 -0.00815329 0.01284579
v -0.01452229 -0.01002697 0.01146919
v -0.01441063 -0.01166566 0.00982716
v -0.01429565 -0.01304697 0.00793690
v -0.01418134 -0.01411970 0.00586242
v -0.01407013 -0.01485707 0.00366896
v -0.01395661 -0.01525532 0.00136771
v -0.01384321 -0.01529639 -0.00097318
v -0.01373386 -0.01498239 -0.00327177
v -0.01362527 -0.01432077 -0.00550081
v -0.01351610 -0.01331873 -0.00761809
v -0.01341021 -0.01201007 -0.00954848
v -0.01330853 -0.01043421 -0.01124493
v -0.01320597 -0.00859981 -0.01269587
v -0.01310549 -0.00656367 -0.01384922
v -0.01301020 -0.00439719 -0.01467036
v -0.01291534 -0.00211763 -0.01515511
v -0.01282096 0.00022197 -0.01528604
v -0.01273037 0.00253929 -0.01505908
v -0.01264269 0.00478579 -0.01448462
v -0.01255370 0.00693928 -0.01356523
v -0.01246637 0.00892363 -0.01232864
v -0.01238273 0.01067931 -0.01081899
v -0.01229733 0.01219737 -0.00904491
v -0.01221122 0.01343017 -0.00705246
v -0.02767036 0.00930870 0.01179153
v -0.02757091 0.00736546 0.01310061
v -0.02747086 0.00525630 0.01409149
v -0.02737038 0.00303402 0.01474597
v -0.02726475 0.00071491 0.01505699
v -0.02715726 -0.00162324 0.01500899
v -0.02705103 -0.00390369 0.01460915
v -0.02694098 -0.00611255 0.01386145
v -0.02682816 -0.00818997 0.01277958
v -0.02671657 -0.01006365 0.01140298
v -0.02660491 -0.01170235 0.00976094
v -0.02648992 -0.01308366 0.00787068
v -0.02637561 -0.01415638 0.00579620
v -0.02626441 -0.01489375 0.00360274
v -0.02615089 -0.01529201 0.00130149
v -0.02603749 -0.01533307 -0.00103940
v -0.02592814 -0.01501907 -0.00333798
v -0.02581955 -0.01435745 -0.00556703
v -0.02571038 -0.01335542 -0.00768430
v -0.02560447 -0.01204676 -0.00961470
v -0.02550280 -0.01047090 -0.01131115
v -0.02540026 -0.00863649 -0.01276208
v -0.02529978 -0.00660035 -0.01391543
v -0.02520449 -0.00443387 -0.01473658
v -0.02510962 -0.00215431 -0.01522133
v -0.02501523 0.00018529 -0.01535226
v -0.02492465 0.00250261 -0.01512530
v -0.02483696 0.00474910 -0.01455084
v -0.02474797 0.00690259 -0.01363145
v -0.02466065 0.00888695 -0.01239486
v -0.02457700 0.01064263 -0.01088521
v -0.02449161 0.01216069 -0.00911113
v -0.02440550 0.01339348 -0.00711868
v -0.02432171 0.01429990 -0.00497925
v -0.02423751 0.01487035 -0.00272685
v -0.02415021 0.01509192 -0.00039440
v -0.02406285 0.01495424 0.00193639
v -0.02397656 0.01446745 0.00420002
v -0.02388590 0.01363348 0.00638422
v -0.02379298 0.01247309 0.00841783
v -0.02370095 0.01103020 0.01023278
v -0.02360560 0.00932092 0.01181360
v -0.02350615 0.00737769 0.01312268
v -0.02340610 0.00526852 0.01411356
v -0.02330562 0.00304624 0.01476804
v -0.02320000 0.00072713 0.01507906
v -0.02309250 -0.00161101 0.01503107
v -0.02298628 -0.00389147 0.01463122
v -0.02287621 -0.00610032 0.01388352
v -0.02276341 -0.00817775 0.01280165
v -0.02265182 -0.01005143 0.01142505
v -0.02254016 -0.01169012 0.00978302
v -0.02242517 -0.01307142 0.00789275
v -0.02231086 -0.01414415 0.00581828
v -0.02219965 -0.01488152 0.00362481
v -0.02208614 -0.01527978 0.00132356
v -0.02197273 -0.01532084 -0.00101733
v -0.02186338 -0.01500684 -0.00331591
v -0.02175479 -0.01434522 -0.00554496
v -0.02164561 -0.01334319 -0.00766223
v -0.02153972 -0.01203453 -0.00959263
v -0.02143804 -0.01045867 -0.01128908
v -0.02133549 -0.00862426 -0.01274001
v -0.02123501 -0.00658812 -0.01389336
v -0.02113972 -0.00442165 -0.01471450
v -0.02104486 -0.00214208 -0.01519925
v -0.02095048 0.00019751 -0.01533019
v -0.02085989 0.00251484 -0.01510323
v -0.02077221 0.00476133 -0.01452876
v -0.02068322 0.00691482 -0.01360937
v -0.02059588 0.00889918 -0.01237278
v -0.02051225 0.01065485 -0.01086313
v -0.02042685 0.01217292 -0.00908906
v -0.02034074 0.01340571 -0.00709661
v -0.02025695 0.01431213 -0.00495717
v -0.02017275 0.01488257 -0.00270478
v -0.02008544 0.01510415 -0.00037233
v -0.01999809 0.01496646 0.00195846
v -0.01991181 0.01447968 0.00422209
v -0.01982114 0.01364570 0.00640629
v -0.01972823 0.01248532 0.00843991
v -0.01963619 0.01104242 0.01025485
v -0.01954084 0.00933315 0.01183567
v -0.01944138 0.00738991 0.01314476
v -0.01934134 0.00528075 0.01413563
v -0.01924086 0.00305847 0.01479011
v -0.01913523 0.00073936 0.01510113
v -0.01902775 -0.00159878 0.01505314
v -0.01892151 -0.00387924 0.01465330
v -0.01881145 -0.00608809 0.01390559
v -0.01869865 -0.00816552 0.01282372
v -0.01858706 -0.01003920 0.01144712
v -0.01847539 -0.01167789 0.00980509
v -0.01836041 -0.01305920 0.00791483
v -0.01824610 -0.01413193 0.00584035
v -0.01813488 -0.01486929 0.00364689
v -0.01802137 -0.01526755 0.00134564
v -0.01790797 -0.01530862 -0.00099526
v -0.01779862 -0.01499461 -0.00329384
v -0.01769003 -0.01433300 -0.00552289
v -0.01758086 -0.01333096 -0.00764016
v -0.01747496 -0.01202231 -0.00957056
v -0.01737328 -0.01044644 -0.01126701
v -0.01727073 -0.00861203 -0.01271794
v -0.01717026 -0.00657590 -0.01387129
v -0.01707496 -0.00440942 -0.01469243
v -0.01698011 -0.00212985 -0.01517718
v -0.01688572 0.00020974 -0.01530812
v -0.01679513 0.00252706 -0.01508116
v -0.01670745 0.00477356 -0.01450669
v -0.01661847 0.00692705 -0.01358731
v -0.01653113 0.00891141 -0.01235071
v -0.01644749 0.01066708 -0.01084106
v -0.01636210 0.01218515 -0.00906698
v -0.01627598 0.01341794 -0.00707453
v -0.01619218 0.01432435 -0.00493510
v -0.01610800 0.01489480 -0.00268271
v -0.01602069 0.01511637 -0.00035026
v -0.01593333 0.01497869 0.00198054
v -0.01584704 0.01449191 0.00424417
v -0.01575638 0.01365793 0.00642837
v -0.01566347 0.01249754 0.00846198
v -0.01557143 0.01105465 0.01027693
v -0.01547608 0.00934538 0.01185775
v -0.01537663 0.00740214 0.01316683
v -0.01527658 0.00529298 0.01415770
v -0.01517610 0.00307070 0.01481219
v -0.01507047 0.00075159 0.01512320
v -0.01512224 -0.00157117 0.01491233
v -0.01501610 -0.00382723 0.01451677
v -0.01490615 -0.00601246 0.01377706
v -0.01479348 -0.00806767 0.01270677
v -0.01468202 -0.00992132 0.01134489
v -0.01457051 -0.01154248 0.00972042
v -0.01445569 -0.01290901 0.00785039
v -0.01434153 -0.01397026 0.00579809
v -0.01423046 -0.01469975 0.00362809
v -0.01411709 -0.01509375 0.00135145
v -0.01400383 -0.01513437 -0.00096440
v -0.01389460 -0.01482372 -0.00323841
v -0.01378612 -0.01416918 -0.00544361
v -0.01367704 -0.01317784 -0.00753824
v -0.01357122 -0.01188318 -0.00944799
v -0.01346959 -0.01032417 -0.01112629
v -0.01336706 -0.00850938 -0.01256170
v -0.01326659 -0.00649500 -0.01370271
v -0.01317127 -0.00435169 -0.01451507
v -0.01307637 -0.00209649 -0.01499463
v -0.01298192 0.00021809 -0.01512416
v -0.01289124 0.00251064 -0.01489962
v -0.01280345 0.00473312 -0.01433129
v -0.01271434 0.00686357 -0.01342173
v -0.01262687 0.00882672 -0.01219836
v -0.01254308 0.01056362 -0.01070485
v -0.01245754 0.01206546 -0.00894973
v -0.01237127 0.01328507 -0.00697858
v -0.02782944 0.00920718 0.01166302
v -0.02772998 0.00728472 0.01295811
v -0.02762993 0.00519812 0.01393839
v -0.02752950 0.00299960 0.01458589
v -0.02742392 0.00070529 0.01489359
v -0.02731651 -0.00160785 0.01484611
v -0.02721038 -0.00386391 0.01445055
v -0.02710043 -0.00604914 0.01371084
v -0.02698776 -0.00810435 0.01264055
v -0.02687629 -0.00995800 0.01127868
v -0.02676479 -0.01157916 0.00965421
v -0.02664997 -0.01294569 0.00778417
v -0.02653580 -0.01400694 0.00573188
v -0.02642475 -0.01473644 0.00356187
v -0.02631138 -0.01513043 0.00128523
v -0.02619811 -0.01517105 -0.00103062
v -0.02608888 -0.01486040 -0.00330462
v -0.02598040 -0.01420586 -0.00550983
v -0.02587132 -0.01321453 -0.00760445
v -0.02576550 -0.01191987 -0.00951420
v -0.02566387 -0.01036085 -0.01119251
v -0.02556135 -0.00854606 -0.01262792
v -0.02546087 -0.00653168 -0.01376893
v -0.02536556 -0.00438837 -0.01458129
v -0.02527064 -0.00213317 -0.01506085
v -0.02517619 0.00018141 -0.01519038
v -0.02508551 0.00247395 -0.01496584
v -0.02499773 0.00469643 -0.01439751
v -0.02490862 0.00682689 -0.01348795
v -0.02482116 0.00879004 -0.01226457
v -0.02473736 0.01052694 -0.01077106
v -0.02465182 0.01202878 -0.00901594
v -0.02456555 0.01324839 -0.00704479
v -0.02448161 0.01414511 -0.00492823
v -0.02439726 0.01470947 -0.00269992
v -0.02430981 0.01492867 -0.00039240
v -0.02422233 0.01479246 0.00191347
v -0.02413592 0.01431089 0.00415290
v -0.02404515 0.01348583 0.00631375
v -0.02395216 0.01233786 0.00832562
v -0.02386007 0.01091040 0.01012117
v -0.02376468 0.00921941 0.01168510
v -0.02366522 0.00729695 0.01298018
v -0.02356518 0.00521034 0.01396047
v -0.02346473 0.00301183 0.01460796
v -0.02335917 0.00071752 0.01491566
v -0.02325176 -0.00159562 0.01486818
v -0.02314562 -0.00385168 0.01447262
v -0.02303567 -0.00603692 0.01373291
v -0.02292300 -0.00809213 0.01266262
v -0.02281155 -0.00994577 0.01130075
v -0.02270003 -0.01156694 0.00967628
v -0.02258520 -0.01293347 0.00780624
v -0.02247105 -0.01399471 0.00575395
v -0.02235998 -0.01472421 0.00358395
v -0.02224662 -0.01511820 0.00130730
v -0.02213336 -0.01515883 -0.00100855
v -0.02202412 -0.01484818 -0.00328255
v -0.02191565 -0.01419363 -0.00548775
v -0.02180657 -0.01320230 -0.00758238
v -0.02170073 -0.01190764 -0.00949213
v -0.02159910 -0.01034862 -0.01117044
v -0.02149658 -0.00853383 -0.01260585
v -0.02139610 -0.00651945 -0.01374686
v -0.02130079 -0.00437615 -0.01455921
v -0.02120588 -0.00212095 -0.01503878
v -0.02111143 0.00019363 -0.01516831
v -0.02102076 0.00248618 -0.01494376
v -0.02093297 0.00470866 -0.01437544
v -0.02084386 0.00683912 -0.01346588
v -0.02075639 0.00880226 -0.01224250
v -0.02067260 0.01053916 -0.01074899
v -0.02058706 0.01204101 -0.00899387
v -0.02050079 0.01326062 -0.00702272
v -0.02041684 0.01415734 -0.00490616
v -0.02033250 0.01472169 -0.00267785
v -0.02024505 0.01494090 -0.00037033
v -0.02015757 0.01480469 0.00193555
v -0.02007116 0.01432312 0.00417498
v -0.01998040 0.01349806 0.00633583
v -0.01988741 0.01235009 0.00834770
v -0.01979531 0.01092263 0.01014324
v -0.01969992 0.00923163 0.01170717
v -0.01960046 0.00730918 0.01300225
v -0.01950042 0.00522257 0.01398254
v -0.01939997 0.00302406 0.01463003
v -0.01929441 0.00072975 0.01493773
v -0.01918700 -0.00158339 0.01489025
v -0.01908086 -0.00383946 0.01449469
v -0.01897091 -0.00602469 0.01375499
v -0.01885824 -0.00807990 0.01268470
v -0.01874679 -0.00993354 0.01132282
v -0.01863527 -0.01155471 0.00969835
v -0.01852045 -0.01292124 0.00782831
v -0.01840629 -0.01398249 0.00577602
v -0.01829522 -0.01471198 0.00360602
v -0.01818185 -0.01510598 0.00132938
v -0.01806860 -0.01514660 -0.00098648
v -0.01795936 -0.01483595 -0.00326048
v -0.01785088 -0.01418140 -0.00546568
v -0.01774180 -0.01319007 -0.00756031
v -0.01763598 -0.01189541 -0.00947006
v -0.01753434 -0.01033640 -0.01114837
v -0.01743181 -0.00852160 -0.01258378
v -0.01733135 -0.00650723 -0.01372479
v -0.01723603 -0.00436392 -0.01453714
v -0.01714113 -0.00210872 -0.01501670
v -0.01704667 0.00020586 -0.01514624
v -0.01695599 0.00249841 -0.01492169
v -0.01686821 0.00472089 -0.01435336
v -0.01677910 0.00685135 -0.01344380
v -0.01669163 0.00881449 -0.01222043
v -0.01660785 0.01055139 -0.01072692
v -0.01652229 0.01205323 -0.00897180
v -0.01643603 0.01327285 -0.00700065
v -0.01635209 0.01416957 -0.00488409
v -0.01626774 0.01473392 -0.00265577
v -0.01618030 0.01495313 -0.00034826
v -0.01609281 0.01481692 0.00195762
v -0.01600640 0.01433534 0.00419705
v -0.01591563 0.01351029 0.00635790
v -0.01582265 0.01236232 0.00836977
v -0.01573055 0.01093485 0.01016532
v -0.01563516 0.00924386 0.01172924
v -0.01553570 0.00732141 0.01302433
v -0.01543566 0.00523480 0.01400461
v -0.01533521 0.00303628 0.01465211
v -0.01522964 0.00074197 0.01495981
v -0.01525667 -0.00155303 0.01472235
v -0.01515064 -0.00378061 0.01433180
v -0.01504083 -0.00593825 0.01360144
v -0.01492831 -0.00796751 0.01254466
v -0.01481702 -0.00979775 0.01119999
v -0.01470568 -0.01139845 0.00959603
v -0.01459103 -0.01274772 0.00774960
v -0.01447705 -0.01379556 0.00572323
v -0.01436617 -0.01451584 0.00358063
v -0.01425297 -0.01490486 0.00133274
v -0.01413987 -0.01494496 -0.00095387
v -0.01403079 -0.01463824 -0.00319915
v -0.01392242 -0.01399195 -0.00537651
v -0.01381345 -0.01301313 -0.00744469
v -0.01370770 -0.01173481 -0.00933032
v -0.01360613 -0.01019547 -0.01098743
v -0.01350364 -0.00840359 -0.01240472
v -0.01340317 -0.00641464 -0.01353131
v -0.01330783 -0.00429839 -0.01433341
v -0.01321287 -0.00207166 -0.01480691
v -0.01311834 0.00021371 -0.01493479
v -0.01302755 0.00247732 -0.01471308
v -0.01293965 0.00467174 -0.01415192
v -0.01285039 0.00677531 -0.01325384
v -0.01276277 0.00871367 -0.01204590
v -0.01267882 0.01042865 -0.01057123
v -0.01259309 0.01191153 -0.00883827
v -0.01250664 0.01311575 -0.00689200
v -0.02796368 0.00908876 0.01151320
v -0.02786419 0.00719058 0.01279195
v -0.02776418 0.00513032 0.01375986
v -0.02766376 0.00295956 0.01439919
v -0.02755827 0.00069422 0.01470301
v -0.02745095 -0.00158971 0.01465614
v -0.02734493 -0.00381729 0.01426558
v -0.02723511 -0.00597493 0.01353522
v -0.02712259 -0.00800419 0.01247845
v -0.02701130 -0.00983443 0.01113377
v -0.02689995 -0.01143513 0.00952982
v -0.02678532 -0.01278440 0.00768339
v -0.02667133 -0.01383225 0.00565702
v -0.02656044 -0.01455252 0.00351442
v -0.02644725 -0.01494155 0.00126652
v -0.02633415 -0.01498165 -0.00102008
v -0.02622507 -0.01467492 -0.00326537
v -0.02611671 -0.01402863 -0.00544273
v -0.02600773 -0.01304982 -0.00751091
v -0.02590198 -0.01177150 -0.00939654
v -0.02580041 -0.01023215 -0.01105365
v -0.02569792 -0.00844027 -0.01247093
v -0.02559744 -0.00645132 -0.01359753
v -0.02550211 -0.00433506 -0.01439962
v -0.02540714 -0.00210834 -0.01487312
v -0.02531262 0.00017703 -0.01500101
v -0.02522184 0.00244063 -0.01477930
v -0.02513392 0.00463505 -0.01421814
v -0.02504467 0.00673863 -0.01332005
v -0.02495705 0.00867699 -0.01211212
v -0.02487310 0.01039197 -0.01063745
v -0.02478737 0.01187485 -0.00890449
v -0.02470092 0.01307907 -0.00695822
v -0.02461679 0.01396448 -0.00486837
v -0.02453228 0.01452171 -0.00266818
v -0.02444467 0.01473815 -0.00038979
v -0.02435702 0.01460367 0.00188698
v -0.02427049 0.01412817 0.00409815
v -0.02417960 0.01331354 0.00623172
v -0.02408651 0.01218006 0.00821820
v -0.02399435 0.01077063 0.00999109
v -0.02389892 0.00910098 0.01153527
v -0.02379945 0.00720280 0.01281402
v -0.02369942 0.00514254 0.01378193
v -0.02359900 0.00297179 0.01442126
v -0.02349351 0.00070645 0.01472508
v -0.02338619 -0.00157748 0.01467821
v -0.02328016 -0.00380507 0.01428765
v -0.02317035 -0.00596271 0.01355729
v -0.02305782 -0.00799196 0.01250052
v -0.02294654 -0.00982220 0.01115584
v -0.02283519 -0.01142290 0.00955189
v -0.02272055 -0.01277218 0.00770546
v -0.02260658 -0.01382002 0.00567909
v -0.02249569 -0.01454030 0.00353649
v -0.02238248 -0.01492931 0.00128860
v -0.02226939 -0.01496942 -0.00099801
v -0.02216030 -0.01466269 -0.00324330
v -0.02205195 -0.01401640 -0.00542066
v -0.02194297 -0.01303759 -0.00748883
v -0.02183723 -0.01175927 -0.00937447
v -0.02173566 -0.01021993 -0.01103158
v -0.02163316 -0.00842804 -0.01244886
v -0.02153269 -0.00643910 -0.01357546
v -0.02143734 -0.00432284 -0.01437755
v -0.02134239 -0.00209611 -0.01485105
v -0.02124786 0.00018925 -0.01497894
v -0.02115708 0.00245286 -0.01475723
v -0.02106917 0.00464728 -0.01419607
v -0.02097992 0.00675085 -0.01329798
v -0.02089229 0.00868922 -0.01209005
v -0.02080834 0.01040420 -0.01061538
v -0.02072261 0.01188708 -0.00888242
v -0.02063616 0.01309130 -0.00693615
v -0.02055203 0.01397670 -0.00484630
v -0.02046753 0.01453393 -0.00264611
v -0.02037990 0.01475038 -0.00036772
v -0.02029227 0.01461589 0.00190905
v -0.02020572 0.01414040 0.00412022
v -0.02011484 0.01332576 0.00625380
v -0.02002176 0.01219229 0.00824027
v -0.01992959 0.01078285 0.01001316
v -0.01983416 0.00911321 0.01155735
v -0.01973469 0.00721503 0.01283609
v -0.01963465 0.00515477 0.01380401
v -0.01953424 0.00298402 0.01444333
v -0.01942874 0.00071867 0.01474715
v -0.01932143 -0.00156526 0.01470028
v -0.01921540 -0.00379284 0.01430972
v -0.01910559 -0.00595048 0.01357936
v -0.01899306 -0.00797974 0.01252259
v -0.01888178 -0.00980997 0.01117791
v -0.01877044 -0.01141067 0.00957396
v -0.01865579 -0.01275995 0.00772753
v -0.01854181 -0.01380779 0.00570116
v -0.01843093 -0.01452807 0.00355856
v -0.01831773 -0.01491709 0.00131067
v -0.01820464 -0.01495719 -0.00097594
v -0.01809555 -0.01465047 -0.00322123
v -0.01798718 -0.01400418 -0.00539858
v -0.01787821 -0.01302536 -0.00746676
v -0.01777246 -0.01174704 -0.00935240
v -0.01767089 -0.01020770 -0.01100950
v -0.01756840 -0.00841581 -0.01242679
v -0.01746793 -0.00642687 -0.01355338
v -0.01737258 -0.00431061 -0.01435548
v -0.01727763 -0.00208388 -0.01482898
v -0.01718310 0.00020148 -0.01495687
v -0.01709232 0.00246509 -0.01473516
v -0.01700441 0.00465951 -0.01417400
v -0.01691515 0.00676308 -0.01327591
v -0.01682753 0.00870144 -0.01206797
v -0.01674358 0.01041642 -0.01059331
v -0.01665785 0.01189931 -0.00886034
v -0.01657140 0.01310352 -0.00691407
v -0.01648728 0.01398893 -0.00482423
v -0.01640276 0.01454616 -0.00262404
v -0.01631515 0.01476260 -0.00034564
v -0.01622751 0.01462812 0.00193113
v -0.01614097 0.01415263 0.00414229
v -0.01605009 0.01333799 0.00627587
v -0.01595700 0.01220451 0.00826235
v -0.01586483 0.01079508 0.01003523
v -0.01576940 0.00912544 0.01157942
v -0.01566993 0.00722726 0.01285817
v -0.01556990 0.00516700 0.01382608
v -0.01546949 0.00299624 0.01446540
v -0.01536398 0.00073090 0.01476923
v -0.01536109 -0.00153251 0.01450908
v -0.01525520 -0.00372807 0.01412415
v -0.01514554 -0.00585470 0.01340429
v -0.01503317 -0.00785479 0.01236271
v -0.01492208 -0.00965872 0.01103737
v -0.01481093 -0.01123641 0.00945648
v -0.01469649 -0.01256629 0.00763659
v -0.01458271 -0.01359908 0.00563934
v -0.01447202 -0.01430899 0.00352754
v -0.01435902 -0.01469242 0.00131197
v -0.01424610 -0.01473194 -0.00094178
v -0.01413717 -0.01442962 -0.00315478
v -0.01402896 -0.01379262 -0.00530084
v -0.01392010 -0.01282786 -0.00733929
v -0.01381445 -0.01156791 -0.00919782
v -0.01371294 -0.01005068 -0.01083110
v -0.01361048 -0.00828454 -0.01222801
v -0.01351001 -0.00632418 -0.01333841
v -0.01341463 -0.00423833 -0.01412897
v -0.01331962 -0.00204360 -0.01459565
v -0.01322500 0.00020893 -0.01472170
v -0.01313411 0.00244001 -0.01450317
v -0.01304607 0.00460290 -0.01395006
v -0.01295664 0.00667624 -0.01306488
v -0.01286884 0.00858675 -0.01187429
v -0.01278469 0.01027708 -0.01042081
v -0.01269877 0.01173866 -0.00871274
v -0.01261212 0.01292558 -0.00679444
v -0.02806789 0.00895579 0.01134506
v -0.02796839 0.00708490 0.01260543
v -0.02786837 0.00505425 0.01355945
v -0.02776802 0.00291469 0.01418959
v -0.02766258 0.00068191 0.01448905
v -0.02755537 -0.00156919 0.01444287
v -0.02744947 -0.00376475 0.01405793
v -0.02733981 -0.00589138 0.01333807
v -0.02722746 -0.00789147 0.01229649
v -0.02711636 -0.00969540 0.01097115
v -0.02700520 -0.01127309 0.00939026
v -0.02689077 -0.01260298 0.00757037
v -0.02677699 -0.01363576 0.00557313
v -0.02666631 -0.01434567 0.00346133
v -0.02655330 -0.01472910 0.00124575
v -0.02644038 -0.01476862 -0.00100799
v -0.02633146 -0.01446630 -0.00322100
v -0.02622324 -0.01382930 -0.00536706
v -0.02611438 -0.01286454 -0.00740550
v -0.02600873 -0.01160459 -0.00926403
v -0.02590722 -0.01008736 -0.01089732
v -0.02580476 -0.00832122 -0.01229423
v -0.02570429 -0.00636086 -0.01340462
v -0.02560892 -0.00427502 -0.01419519
v -0.02551390 -0.00208028 -0.01466187
v -0.02541928 0.00017225 -0.01478791
v -0.02532838 0.00240332 -0.01456939
v -0.02524034 0.00456621 -0.01401628
v -0.02515092 0.00663956 -0.01313109
v -0.02506312 0.00855007 -0.01194050
v -0.02497898 0.01024040 -0.01048703
v -0.02489305 0.01170198 -0.00877896
v -0.02480640 0.01288890 -0.00686065
v -0.02472208 0.01376158 -0.00480083
v -0.02463736 0.01431081 -0.00263225
v -0.02454956 0.01452415 -0.00038660
v -0.02446175 0.01439160 0.00185746
v -0.02437505 0.01392295 0.00403686
v -0.02428404 0.01312002 0.00613978
v -0.02419085 0.01200284 0.00809772
v -0.02409861 0.01061366 0.00984513
v -0.02400313 0.00896802 0.01136713
v -0.02390363 0.00709712 0.01262751
v -0.02380362 0.00506648 0.01358152
v -0.02370326 0.00292692 0.01421166
v -0.02359782 0.00069414 0.01451113
v -0.02349061 -0.00155696 0.01446494
v -0.02338472 -0.00375253 0.01408000
v -0.02327506 -0.00587915 0.01336014
v -0.02316270 -0.00787925 0.01231856
v -0.02305159 -0.00968318 0.01099322
v -0.02294044 -0.01126086 0.00941233
v -0.02282600 -0.01259074 0.00759245
v -0.02271223 -0.01362352 0.00559520
v -0.02260154 -0.01433345 0.00348340
v -0.02248854 -0.01471688 0.00126782
v -0.02237561 -0.01475640 -0.00098592
v -0.02226670 -0.01445407 -0.00319893
v -0.02215847 -0.01381707 -0.00534498
v -0.02204963 -0.01285231 -0.00738343
v -0.02194397 -0.01159236 -0.00924196
v -0.02184246 -0.01007514 -0.01087525
v -0.02174000 -0.00830900 -0.01227215
v -0.02163953 -0.00634863 -0.01338255
v -0.02154416 -0.00426279 -0.01417311
v -0.02144913 -0.00206805 -0.01463980
v -0.02135452 0.00018447 -0.01476584
v -0.02126363 0.00241555 -0.01454731
v -0.02117558 0.00457844 -0.01399421
v -0.02108616 0.00665179 -0.01310902
v -0.02099836 0.00856229 -0.01191843
v -0.02091421 0.01025263 -0.01046496
v -0.02082829 0.01171421 -0.00875689
v -0.02074164 0.01290112 -0.00683858
v -0.02065732 0.01377381 -0.00477876
v -0.02057260 0.01432304 -0.00261018
v -0.02048480 0.01453637 -0.00036453
v -0.02039699 0.01440383 0.00187953
v -0.02031029 0.01393517 0.00405893
v -0.02021928 0.01313225 0.00616185
v -0.02012610 0.01201507 0.00811979
v -0.02003385 0.01062589 0.00986720
v -0.01993837 0.00898025 0.01138920
v -0.01983888 0.00710935 0.01264958
v -0.01973886 0.00507870 0.01360359
v -0.01963849 0.00293915 0.01423374
v -0.01953307 0.00070637 0.01453320
v -0.01942585 -0.00154473 0.01448701
v -0.01931995 -0.00374030 0.01410207
v -0.01921029 -0.00586693 0.01338221
v -0.01909794 -0.00786702 0.01234064
v -0.01898684 -0.00967095 0.01101529
v -0.01887569 -0.01124863 0.00943440
v -0.01876125 -0.01257852 0.00761452
v -0.01864747 -0.01361130 0.00561727
v -0.01853677 -0.01432122 0.00350547
v -0.01842377 -0.01470465 0.00128989
v -0.01831087 -0.01474417 -0.00096385
v -0.01820193 -0.01444184 -0.00317685
v -0.01809372 -0.01380484 -0.00532291
v -0.01798487 -0.01284008 -0.00736136
v -0.01787920 -0.01158014 -0.00921989
v -0.01777770 -0.01006291 -0.01085318
v -0.01767524 -0.00829677 -0.01225008
v -0.01757477 -0.00633640 -0.01336048
v -0.01747940 -0.00425056 -0.01415104
v -0.01738439 -0.00205582 -0.01461772
v -0.01728977 0.00019670 -0.01474377
v -0.01719887 0.00242778 -0.01452524
v -0.01711082 0.00459067 -0.01397213
v -0.01702140 0.00666401 -0.01308695
v -0.01693360 0.00857452 -0.01189636
v -0.01684946 0.01026486 -0.01044288
v -0.01676354 0.01172643 -0.00873481
v -0.01667688 0.01291335 -0.00681651
v -0.01659255 0.01378604 -0.00475669
v -0.01650784 0.01433526 -0.00258811
v -0.01642004 0.01454860 -0.00034246
v -0.01633224 0.01441605 0.00190161
v -0.01624554 0.01394740 0.00408100
v -0.01615453 0.01314448 0.00618392
v -0.01606133 0.01202729 0.00814186
v -0.01596908 0.01063812 0.00988927
v -0.01587361 0.00899247 0.01141127
v -0.01577411 0.00712158 0.01267165
v -0.01567410 0.00509093 0.01362567
v -0.01557374 0.00295137 0.01425581
v -0.01546830 0.00071859 0.01455527
v -0.02522268 0.00653202 -0.01292548
v -0.02531227 0.00449153 -0.01379665
v -0.02540046 0.00236290 -0.01434100
v -0.02549148 0.00016718 -0.01455608
v -0.02558620 -0.00204966 -0.01443204
v -0.02568128 -0.00420961 -0.01397276
v -0.02577669 -0.00626241 -0.01319473
v -0.02587715 -0.00819172 -0.01210194
v -0.02597957 -0.00992987 -0.01072718
v -0.02608102 -0.01142305 -0.00911978
v -0.02618657 -0.01266305 -0.00729072
v -0.02629529 -0.01361252 -0.00528458
v -0.02640335 -0.01423943 -0.00317254
v -0.02651211 -0.01453697 -0.00099461
v -0.02662482 -0.01449808 0.00122341
v -0.02673761 -0.01412073 0.00340387
v -0.02684811 -0.01342206 0.00548219
v -0.02696165 -0.01240565 0.00744778
v -0.02707587 -0.01109685 0.00923882
v -0.02718681 -0.00954417 0.01079465
v -0.02729771 -0.00776883 0.01209898
v -0.02740989 -0.00580045 0.01312405
v -0.02751939 -0.00370752 0.01383248
v -0.02762514 -0.00154675 0.01421131
v -0.02773224 0.00066867 0.01425676
v -0.02783758 0.00286607 0.01396204
v -0.02793790 0.00497171 0.01334187
v -0.02803791 0.00697017 0.01240297
v -0.01268304 0.01271902 -0.00668816
v -0.01276991 0.01155091 -0.00857608
v -0.01285605 0.01011250 -0.01025709
v -0.01294039 0.00844894 -0.01168754
v -0.01302839 0.00656870 -0.01285927
v -0.01311799 0.00452821 -0.01373043
v -0.01320618 0.00239959 -0.01427478
v -0.01329721 0.00020386 -0.01448986
v -0.01339192 -0.00201298 -0.01436582
v -0.01348700 -0.00417293 -0.01390654
v -0.01358240 -0.00622573 -0.01312852
v -0.01368287 -0.00815504 -0.01203572
v -0.01378530 -0.00989319 -0.01066096
v -0.01388674 -0.01138637 -0.00905356
v -0.01399229 -0.01262637 -0.00722450
v -0.01410102 -0.01357584 -0.00521836
v -0.01420908 -0.01420275 -0.00310632
v -0.01431782 -0.01450028 -0.00092839
v -0.01443054 -0.01446139 0.00128962
v -0.01454335 -0.01408405 0.00347008
v -0.01465382 -0.01338538 0.00554841
v -0.01476737 -0.01236898 0.00751400
v -0.01488159 -0.01106017 0.00930503
v -0.01499253 -0.00950749 0.01086086
v -0.01510343 -0.00773215 0.01216520
v -0.01521561 -0.00576376 0.01319026
v -0.01532510 -0.00367084 0.01389870
v -0.01543087 -0.00151007 0.01427753
v -0.01553796 0.00070535 0.01432298
v -0.01564331 0.00290275 0.01402825
v -0.01574363 0.00500839 0.01340808
v -0.01584362 0.00700685 0.01246919
v -0.01594314 0.00884809 0.01122877
v -0.01603867 0.01046765 0.00973088
v -0.01613100 0.01183481 0.00801115
v -0.01622431 0.01293429 0.00608423
v -0.01631546 0.01372448 0.00401463
v -0.01640232 0.01418571 0.00186976
v -0.01649032 0.01431615 -0.00033875
v -0.01657833 0.01410619 -0.00254882
v -0.01666325 0.01356566 -0.00468305
v -0.01674779 0.01270679 -0.00671023
v -0.01683467 0.01153868 -0.00859815
v -0.01692081 0.01010027 -0.01027916
v -0.01700515 0.00843671 -0.01170962
v -0.01709315 0.00655647 -0.01288134
v -0.01718275 0.00451598 -0.01375251
v -0.01727094 0.00238736 -0.01429685
v -0.01736196 0.00019163 -0.01451193
v -0.01745668 -0.00202521 -0.01438790
v -0.01755176 -0.00418515 -0.01392861
v -0.01764716 -0.00623796 -0.01315059
v -0.01774764 -0.00816726 -0.01205780
v -0.01785006 -0.00990542 -0.01068303
v -0.01795151 -0.01139860 -0.00907564
v -0.01805706 -0.01263859 -0.00724658
v -0.01816578 -0.01358806 -0.00524043
v -0.01827384 -0.01421497 -0.00312840
v -0.01838258 -0.01451251 -0.00095046
v -0.01849531 -0.01447362 0.00126755
v -0.01860811 -0.01409628 0.00344801
v -0.01871858 -0.01339761 0.00552634
v -0.01883213 -0.01238120 0.00749192
v -0.01894635 -0.01107240 0.00928296
v -0.01905729 -0.00951972 0.01083879
v -0.01916819 -0.00774438 0.01214312
v -0.01928036 -0.00577599 0.01316819
v -0.01938986 -0.00368307 0.01387663
v -0.01949562 -0.00152229 0.01425546
v -0.01960273 0.00069312 0.01430091
v -0.01970807 0.00289052 0.01400618
v -0.01980839 0.00499616 0.01338601
v -0.01990839 0.00699462 0.01244711
v -0.02000790 0.00883587 0.01120670
v -0.02010343 0.01045543 0.00970881
v -0.02019576 0.01182259 0.00798908
v -0.02028907 0.01292206 0.00606216
v -0.02038023 0.01371226 0.00399256
v -0.02046709 0.01417348 0.00184769
v -0.02055508 0.01430392 -0.00036082
v -0.02064308 0.01409396 -0.00257090
v -0.02072802 0.01355343 -0.00470512
v -0.02081255 0.01269457 -0.00673231
v -0.02089942 0.01152646 -0.00862022
v -0.02098558 0.01008804 -0.01030123
v -0.02106991 0.00842448 -0.01173169
v -0.02115791 0.00654424 -0.01290341
v -0.02124750 0.00450375 -0.01377458
v -0.02133571 0.00237514 -0.01431892
v -0.02142672 0.00017940 -0.01453400
v -0.02152144 -0.00203743 -0.01440997
v -0.02161652 -0.00419738 -0.01395069
v -0.02171192 -0.00625018 -0.01317266
v -0.02181238 -0.00817949 -0.01207987
v -0.02191482 -0.00991764 -0.01070511
v -0.02201626 -0.01141083 -0.00909771
v -0.02212181 -0.01265082 -0.00726865
v -0.02223053 -0.01360029 -0.00526251
v -0.02233859 -0.01422721 -0.00315047
v -0.02244735 -0.01452474 -0.00097254
v -0.02256007 -0.01448585 0.00124548
v -0.02267286 -0.01410851 0.00342594
v -0.02278334 -0.01340984 0.00550426
v -0.02289689 -0.01239343 0.00746985
v -0.02301112 -0.01108462 0.00926089
v -0.02312206 -0.00953195 0.01081672
v -0.02323295 -0.00775661 0.01212105
v -0.02334513 -0.00578822 0.01314612
v -0.02345462 -0.00369529 0.01385455
v -0.02356038 -0.00153453 0.01423338
v -0.02366749 0.00068090 0.01427883
v -0.02377283 0.00287829 0.01398411
v -0.02387314 0.00498394 0.01336394
v -0.02397315 0.00698240 0.01242504
v -0.02407266 0.00882364 0.01118463
v -0.02416820 0.01044320 0.00968673
v -0.02426053 0.01181036 0.00796700
v -0.02435383 0.01290984 0.00604009
v -0.02444498 0.01370003 0.00397049
v -0.02453184 0.01416125 0.00182561
v -0.02461984 0.01429169 -0.00038289
v -0.02470784 0.01408173 -0.00259297
v -0.02479276 0.01354120 -0.00472719
v -0.02487731 0.01268234 -0.00675438
v -0.02496419 0.01151423 -0.00864229
v -0.02505033 0.01007581 -0.01032330
v -0.02513467 0.00841225 -0.01175376
v -0.02799487 0.00534766 0.01281951
v -0.02542415 0.01044067 0.00968107
v -0.02550107 0.01061839 0.00984582
v -0.02561875 0.01078457 0.00999975
v -0.02575650 0.01091926 0.01012439
v -0.02591945 0.01103537 0.01023172
v -0.02611649 0.01113625 0.01032483
v -0.02631686 0.01120690 0.01038989
v -0.02652778 0.01125353 0.01043260
v -0.02674508 0.01127557 0.01045248
v -0.02697632 0.01127179 0.01044837
v -0.02718192 0.01124460 0.01042259
v -0.02738376 0.01119427 0.01037534
v -0.02757671 0.01112070 0.01030656
v -0.02776571 0.01101797 0.01021071
v -0.02792483 0.01089817 0.01009910
v -0.02805910 0.01075840 0.00996902
v -0.02816337 0.01060144 0.00982306
v -0.02823295 0.01043097 0.00966466
v -0.02826405 0.01025234 0.00949879
v -0.02551648 0.01180798 0.00796114
v -0.02559331 0.01200872 0.00809695
v -0.02571091 0.01219644 0.00822380
v -0.02584860 0.01234860 0.00832648
v -0.02601150 0.01247979 0.00841485
v -0.02620849 0.01259379 0.00849146
v -0.02640881 0.01267367 0.00854493
v -0.02661970 0.01272640 0.00857996
v -0.02683700 0.01275138 0.00859615
v -0.02706823 0.01274719 0.00859253
v -0.02727384 0.01271657 0.00857108
v -0.02747571 0.01265981 0.00853192
v -0.02766868 0.01257681 0.00847500
v -0.02785775 0.01246086 0.00839576
v -0.02801693 0.01232563 0.00830355
v -0.02815128 0.01216783 0.00819613
v -0.02825561 0.01199061 0.00807565
v -0.02832527 0.01179813 0.00794493
v -0.02835646 0.01159641 0.00780809
v -0.02560977 0.01290759 0.00603399
v -0.02568649 0.01312684 0.00613738
v -0.02580398 0.01333188 0.00623389
v -0.02594157 0.01349809 0.00631195
v -0.02610440 0.01364140 0.00637908
v -0.02630131 0.01376597 0.00643721
v -0.02650160 0.01385325 0.00647769
v -0.02671246 0.01391090 0.00650411
v -0.02692973 0.01393824 0.00651617
v -0.02716098 0.01393373 0.00651311
v -0.02736660 0.01390035 0.00649650
v -0.02756850 0.01383842 0.00646639
v -0.02776153 0.01374782 0.00642277
v -0.02795065 0.01362125 0.00636215
v -0.02810992 0.01347361 0.00629168
v -0.02824436 0.01330131 0.00620965
v -0.02834881 0.01310779 0.00611771
v -0.02841858 0.01289761 0.00601801
v -0.02844989 0.01267732 0.00591370
v -0.02570093 0.01369788 0.00396414
v -0.02577751 0.01393043 0.00403271
v -0.02589485 0.01414792 0.00409663
v -0.02603232 0.01432424 0.00414825
v -0.02619504 0.01447626 0.00419257
v -0.02639188 0.01460841 0.00423083
v -0.02659210 0.01470103 0.00425737
v -0.02680293 0.01476221 0.00427454
v -0.02702018 0.01479124 0.00428216
v -0.02725143 0.01478651 0.00427971
v -0.02745707 0.01475113 0.00426829
v -0.02765901 0.01468548 0.00424792
v -0.02785210 0.01458944 0.00421858
v -0.02804133 0.01445523 0.00417795
v -0.02820068 0.01429866 0.00413083
v -0.02833525 0.01411595 0.00407608
v -0.02843982 0.01391072 0.00401478
v -0.02850975 0.01368780 0.00394841
v -0.02854119 0.01345416 0.00387903
v -0.02578779 0.01415915 0.00181903
v -0.02586418 0.01439947 0.00185150
v -0.02598137 0.01462423 0.00188164
v -0.02611872 0.01480645 0.00190587
v -0.02628133 0.01496357 0.00192653
v -0.02647806 0.01510014 0.00194422
v -0.02667822 0.01519587 0.00195631
v -0.02688899 0.01525911 0.00196390
v -0.02710623 0.01528913 0.00196691
v -0.02733748 0.01528427 0.00196508
v -0.02754314 0.01524773 0.00195905
v -0.02774514 0.01517991 0.00194877
v -0.02793830 0.01508068 0.00193423
v -0.02812761 0.01494201 0.00191432
v -0.02828709 0.01478024 0.00189140
v -0.02842178 0.01459143 0.00186491
v -0.02852651 0.01437937 0.00183539
v -0.02859660 0.01414902 0.00180354
v -0.02862822 0.01390759 0.00177037
v -0.02587579 0.01428961 -0.00038974
v -0.02595198 0.01453213 -0.00039443
v -0.02606899 0.01475895 -0.00039906
v -0.02620619 0.01494284 -0.00040305
v -0.02636866 0.01510140 -0.00040673
v -0.02656529 0.01523923 -0.00041024
v -0.02676537 0.01533584 -0.00041303
v -0.02697609 0.01539966 -0.00041531
v -0.02719330 0.01542997 -0.00041704
v -0.02742456 0.01542506 -0.00041822
v -0.02763026 0.01538820 -0.00041870
v -0.02783229 0.01531976 -0.00041860
v -0.02802554 0.01521963 -0.00041790
v -0.02821497 0.01507969 -0.00041647
v -0.02837458 0.01491644 -0.00041448
v -0.02850942 0.01472593 -0.00041186
v -0.02861432 0.01451192 -0.00040867
v -0.02868460 0.01427947 -0.00040497
v -0.02871642 0.01403583 -0.00040085
v -0.02596379 0.01407963 -0.00260008
v -0.02603978 0.01431862 -0.00264195
v -0.02615658 0.01454214 -0.00268138
v -0.02629362 0.01472334 -0.00271361
v -0.02645596 0.01487959 -0.00274165
v -0.02665246 0.01501541 -0.00276636
v -0.02685246 0.01511060 -0.00278406
v -0.02706312 0.01517349 -0.00279621
v -0.02728030 0.01520335 -0.00280267
v -0.02751156 0.01519850 -0.00280321
v -0.02771729 0.01516216 -0.00279814
v -0.02791940 0.01509472 -0.00278765
v -0.02811273 0.01499603 -0.00277170
v -0.02830228 0.01485812 -0.00274892
v -0.02846203 0.01469724 -0.00272199
v -0.02859704 0.01450948 -0.00269025
v -0.02870212 0.01429858 -0.00265432
v -0.02877260 0.01406950 -0.00261504
v -0.02880462 0.01382940 -0.00257362
v -0.02604871 0.01353903 -0.00473455
v -0.02612447 0.01376893 -0.00481234
v -0.02624108 0.01398394 -0.00488538
v -0.02637795 0.01415825 -0.00494486
v -0.02654013 0.01430853 -0.00499644
v -0.02673652 0.01443917 -0.00504163
v -0.02693642 0.01453073 -0.00507370
v -0.02714702 0.01459120 -0.00509539
v -0.02736417 0.01461990 -0.00510643
v -0.02759544 0.01461520 -0.00510635
v -0.02780121 0.01458023 -0.00509591
v -0.02800337 0.01451532 -0.00507539
v -0.02819679 0.01442035 -0.00504471
v -0.02838646 0.01428767 -0.00500132
v -0.02854636 0.01413289 -0.00495031
v -0.02868156 0.01395225 -0.00489044
v -0.02878683 0.01374935 -0.00482290
v -0.02885753 0.01352897 -0.00474926
v -0.02888978 0.01329800 -0.00467181
v -0.02565214 0.00262076 0.00189788
v -0.02357566 -0.00012821 -0.00012339
v -0.02565338 0.00222596 0.00234544
v -0.02565031 0.00293185 0.00138857
v -0.02565397 0.00123539 0.00300317
v -0.02565330 0.00066971 0.00319337
v -0.02565400 0.00175945 0.00271763
v -0.02565014 -0.00051702 0.00326771
v -0.02564774 -0.00110201 0.00314959
v -0.02565202 0.00007960 0.00328245
v -0.02564166 -0.00216691 0.00262061
v -0.02563817 -0.00261446 0.00222582
v -0.02564489 -0.00165760 0.00293168
v -0.02563081 -0.00327219 0.00123527
v -0.02562718 -0.00346238 0.00066960
v -0.02563452 -0.00298665 0.00175932
v -0.02562050 -0.00353670 -0.00051712
v -0.02561768 -0.00341857 -0.00110210
v -0.02562370 -0.00355145 0.00007949
v -0.02561349 -0.00288957 -0.00216700
v -0.02561225 -0.00249477 -0.00261455
v -0.02561532 -0.00320065 -0.00165769
v -0.02561166 -0.00150419 -0.00327229
v -0.02561232 -0.00093851 -0.00346249
v -0.02561163 -0.00202825 -0.00298676
v -0.02561549 0.00024822 -0.00353683
v -0.02561790 0.00083321 -0.00341871
v -0.02561362 -0.00034840 -0.00355157
v -0.02562397 0.00189811 -0.00288973
v -0.02562746 0.00234565 -0.00249494
v -0.02562075 0.00138880 -0.00320080
v -0.02563482 0.00300338 -0.00150439
v -0.02563846 0.00319358 -0.00093871
v -0.02563111 0.00271785 -0.00202844
v -0.02564512 0.00326789 0.00024800
v -0.02564795 0.00314977 0.00083299
v -0.02564193 0.00328265 -0.00034861
f 1 2 3
f 4 5 6
f 7 8 9
f 10 11 12
f 13 14 15
f 16 17 18
f 19 20 21
f 22 23 24
f 25 26 27
f 28 29 30
f 31 32 33
f 34 35 36
f 37 38 39
f 40 41 42
f 43 44 45
f 46 47 48
f 49 50 51
f 52 53 54
f 55 56 57
f 58 59 60
f 61 62 63
f 64 65 66
f 67 68 69
f 70 71 72
f 73 74 75
f 76 77 78
f 79 80 81
f 82 83 84
f 85 86 87
f 88 89 90
f 91 92 93
f 94 95 96
f 97 98 99
f 100 101 102
f 103 104 105
f 106 107 108
f 109 110 111
f 112 113 114
f 115 116 117
f 118 119 120
f 121 122 123
f 124 125 126
f 127 128 129
f 130 131 132
f 133 134 135
f 136 137 138
f 139 140 141
f 142 143 144
f 145 146 147
f 148 149 150
f 151 152 153
f 154 155 156
f 157 158 159
f 160 161 162
f 163 164 165
f 166 167 168
f 169 170 171
f 172 173 174
f 175 176 177
f 178 179 180
f 181 182 183
f 184 185 186
f 187 188 189
f 190 191 192
f 193 194 195
f 196 197 198
f 199 200 201
f 202 203 204
f 205 206 207
f 208 209 210
f 211 212 213
f 214 215 216
f 217 218 219
f 220 221 222
f 223 224 225
f 226 227 228
f 229 230 231
f 232 233 234
f 235 236 237
f 238 239 240
f 241 242 243
f 244 245 246
f 247 248 249
f 250 251 252
f 253 254 255
f 256 257 258
f 259 260 261
f 262 263 264
f 262 264 265
f 266 267 268
f 266 268 269
f 269 268 270
f 271 272 273
f 261 260 274
f 275 276 277
f 275 277 278
f 279 280 281
f 279 281 282
f 282 281 283
f 284 285 286
f 284 286 287
f 288 289 290
f 258 257 291
f 292 293 294
f 292 294 295
f 295 294 296
f 252 251 297
f 298 299 300
f 301 302 303
f 301 303 304
f 305 306 307
f 305 307 308
f 167 163 165
f 167 165 168
f 168 165 309
f 168 309 310
f 310 309 311
f 310 311 312
f 312 311 313
f 312 313 314
f 314 313 315
f 314 315 316
f 316 315 317
f 316 317 318
f 318 317 319
f 318 319 320
f 320 319 321
f 320 321 322
f 322 321 180
f 322 180 323
f 323 180 179
f 323 179 324
f 164 160 162
f 164 162 165
f 165 162 325
f 165 325 309
f 309 325 326
f 309 326 311
f 311 326 327
f 311 327 313
f 313 327 328
f 313 328 315
f 315 328 329
f 315 329 317
f 317 329 330
f 317 330 319
f 319 330 331
f 319 331 321
f 321 331 177
f 321 177 180
f 180 177 176
f 180 176 178
f 161 157 159
f 161 159 162
f 162 159 332
f 162 332 325
f 325 332 333
f 325 333 326
f 326 333 334
f 326 334 327
f 327 334 335
f 327 335 328
f 328 335 336
f 328 336 329
f 329 336 337
f 329 337 330
f 330 337 338
f 330 338 331
f 331 338 339
f 331 339 177
f 177 339 340
f 177 340 175
f 158 154 156
f 158 156 159
f 159 156 341
f 159 341 332
f 332 341 342
f 332 342 333
f 333 342 343
f 333 343 334
f 334 343 344
f 334 344 335
f 335 344 345
f 335 345 336
f 336 345 346
f 336 346 337
f 337 346 347
f 337 347 338
f 338 347 174
f 338 174 339
f 339 174 173
f 339 173 340
f 155 151 153
f 155 153 156
f 156 153 348
f 156 348 341
f 341 348 349
f 341 349 342
f 342 349 350
f 342 350 343
f 343 350 351
f 343 351 344
f 344 351 352
f 344 352 345
f 345 352 353
f 345 353 346
f 346 353 354
f 346 354 347
f 347 354 355
f 347 355 174
f 174 355 356
f 174 356 172
f 152 148 150
f 152 150 153
f 153 150 357
f 153 357 348
f 348 357 358
f 348 358 349
f 349 358 359
f 349 359 350
f 350 359 360
f 350 360 351
f 351 360 361
f 351 361 352
f 352 361 362
f 352 362 353
f 353 362 363
f 353 363 354
f 354 363 171
f 354 171 355
f 355 171 170
f 355 170 356
f 149 145 147
f 149 147 150
f 150 147 364
f 150 364 357
f 357 364 365
f 357 365 358
f 358 365 366
f 358 366 359
f 359 366 367
f 359 367 360
f 360 367 368
f 360 368 361
f 361 368 369
f 361 369 362
f 362 369 370
f 362 370 363
f 363 370 371
f 363 371 171
f 171 371 372
f 171 372 169
f 146 142 144
f 146 144 147
f 147 144 373
f 147 373 364
f 364 373 374
f 364 374 365
f 365 374 375
f 365 375 366
f 366 375 376
f 366 376 367
f 367 376 377
f 367 377 368
f 368 377 378
f 368 378 369
f 369 378 379
f 369 379 370
f 370 379 380
f 370 380 371
f 371 380 381
f 371 381 372
f 382 383 384
f 382 384 385
f 143 385 384
f 143 384 144
f 144 384 386
f 144 386 373
f 373 386 387
f 373 387 374
f 374 387 388
f 374 388 375
f 375 388 389
f 375 389 376
f 376 389 390
f 376 390 377
f 377 390 391
f 377 391 378
f 378 391 392
f 378 392 379
f 379 392 243
f 379 243 380
f 380 243 242
f 380 242 381
f 383 139 141
f 383 141 384
f 384 141 393
f 384 393 386
f 386 393 394
f 386 394 387
f 387 394 395
f 387 395 388
f 388 395 396
f 388 396 389
f 389 396 397
f 389 397 390
f 390 397 398
f 390 398 391
f 391 398 399
f 391 399 392
f 392 399 400
f 392 400 243
f 243 400 401
f 243 401 241
f 140 136 138
f 140 138 141
f 141 138 402
f 141 402 393
f 393 402 403
f 393 403 394
f 394 403 404
f 394 404 395
f 395 404 405
f 395 405 396
f 396 405 406
f 396 406 397
f 397 406 407
f 397 407 398
f 398 407 408
f 398 408 399
f 399 408 240
f 399 240 400
f 400 240 239
f 400 239 401
f 137 133 135
f 137 135 138
f 138 135 409
f 138 409 402
f 402 409 410
f 402 410 403
f 403 410 411
f 403 411 404
f 404 411 412
f 404 412 405
f 405 412 413
f 405 413 406
f 406 413 414
f 406 414 407
f 407 414 415
f 407 415 408
f 408 415 416
f 408 416 240
f 240 416 417
f 240 417 238
f 134 130 132
f 134 132 135
f 135 132 418
f 135 418 409
f 409 418 419
f 409 419 410
f 410 419 420
f 410 420 411
f 411 420 421
f 411 421 412
f 412 421 422
f 412 422 413
f 413 422 423
f 413 423 414
f 414 423 424
f 414 424 415
f 415 424 237
f 415 237 416
f 416 237 236
f 416 236 417
f 131 127 129
f 131 129 132
f 132 129 425
f 132 425 418
f 418 425 426
f 418 426 419
f 419 426 427
f 419 427 420
f 420 427 428
f 420 428 421
f 421 428 429
f 421 429 422
f 422 429 430
f 422 430 423
f 423 430 431
f 423 431 424
f 424 431 234
f 424 234 237
f 237 234 233
f 237 233 235
f 128 124 126
f 128 126 129
f 129 126 432
f 129 432 425
f 425 432 433
f 425 433 426
f 426 433 434
f 426 434 427
f 427 434 435
f 427 435 428
f 428 435 436
f 428 436 429
f 429 436 437
f 429 437 430
f 430 437 438
f 430 438 431
f 431 438 439
f 431 439 234
f 234 439 440
f 234 440 232
f 125 121 123
f 125 123 126
f 126 123 441
f 126 441 432
f 432 441 442
f 432 442 433
f 433 442 443
f 433 443 434
f 434 443 444
f 434 444 435
f 435 444 445
f 435 445 436
f 436 445 446
f 436 446 437
f 437 446 447
f 437 447 438
f 438 447 231
f 438 231 439
f 439 231 230
f 439 230 440
f 122 118 120
f 122 120 123
f 123 120 448
f 123 448 441
f 441 448 449
f 441 449 442
f 442 449 450
f 442 450 443
f 443 450 451
f 443 451 444
f 444 451 452
f 444 452 445
f 445 452 453
f 445 453 446
f 446 453 454
f 446 454 447
f 447 454 455
f 447 455 231
f 231 455 456
f 231 456 229
f 457 458 459
f 457 459 460
f 119 460 459
f 119 459 120
f 120 459 461
f 120 461 448
f 448 461 462
f 448 462 449
f 449 462 463
f 449 463 450
f 450 463 464
f 450 464 451
f 451 464 465
f 451 465 452
f 452 465 466
f 452 466 453
f 453 466 467
f 453 467 454
f 454 467 228
f 454 228 455
f 455 228 227
f 455 227 456
f 458 115 117
f 458 117 459
f 459 117 468
f 459 468 461
f 461 468 469
f 461 469 462
f 462 469 470
f 462 470 463
f 463 470 471
f 463 471 464
f 464 471 472
f 464 472 465
f 465 472 473
f 465 473 466
f 466 473 474
f 466 474 467
f 467 474 475
f 467 475 228
f 228 475 476
f 228 476 226
f 116 112 114
f 116 114 117
f 117 114 477
f 117 477 468
f 468 477 478
f 468 478 469
f 469 478 479
f 469 479 470
f 470 479 480
f 470 480 471
f 471 480 481
f 471 481 472
f 472 481 482
f 472 482 473
f 473 482 483
f 473 483 474
f 474 483 225
f 474 225 475
f 475 225 224
f 475 224 476
f 113 109 111
f 113 111 114
f 114 111 484
f 114 484 477
f 477 484 485
f 477 485 478
f 478 485 486
f 478 486 479
f 479 486 487
f 479 487 480
f 480 487 488
f 480 488 481
f 481 488 489
f 481 489 482
f 482 489 490
f 482 490 483
f 483 490 222
f 483 222 225
f 225 222 221
f 225 221 223
f 110 106 108
f 110 108 111
f 111 108 491
f 111 491 484
f 484 491 492
f 484 492 485
f 485 492 493
f 485 493 486
f 486 493 494
f 486 494 487
f 487 494 495
f 487 495 488
f 488 495 496
f 488 496 489
f 489 496 497
f 489 497 490
f 490 497 498
f 490 498 222
f 222 498 499
f 222 499 220
f 107 103 105
f 107 105 108
f 108 105 500
f 108 500 491
f 491 500 501
f 491 501 492
f 492 501 502
f 492 502 493
f 493 502 503
f 493 503 494
f 494 503 504
f 494 504 495
f 495 504 505
f 495 505 496
f 496 505 506
f 496 506 497
f 497 506 219
f 497 219 498
f 498 219 218
f 498 218 499
f 104 100 102
f 104 102 105
f 105 102 507
f 105 507 500
f 500 507 508
f 500 508 501
f 501 508 509
f 501 509 502
f 502 509 510
f 502 510 503
f 503 510 511
f 503 511 504
f 504 511 512
f 504 512 505
f 505 512 513
f 505 513 506
f 506 513 514
f 506 514 219
f 219 514 515
f 219 515 217
f 101 97 99
f 101 99 102
f 102 99 516
f 102 516 507
f 507 516 517
f 507 517 508
f 508 517 518
f 508 518 509
f 509 518 519
f 509 519 510
f 510 519 520
f 510 520 511
f 511 520 521
f 511 521 512
f 512 521 522
f 512 522 513
f 513 522 216
f 513 216 514
f 514 216 215
f 514 215 515
f 98 94 96
f 98 96 99
f 99 96 523
f 99 523 516
f 516 523 524
f 516 524 517
f 517 524 525
f 517 525 518
f 518 525 526
f 518 526 519
f 519 526 527
f 519 527 520
f 520 527 528
f 520 528 521
f 521 528 529
f 521 529 522
f 522 529 213
f 522 213 216
f 216 213 212
f 216 212 214
f 530 531 532
f 530 532 533
f 95 533 532
f 95 532 96
f 96 532 534
f 96 534 523
f 523 534 535
f 523 535 524
f 524 535 536
f 524 536 525
f 525 536 537
f 525 537 526
f 526 537 538
f 526 538 527
f 527 538 539
f 527 539 528
f 528 539 540
f 528 540 529
f 529 540 541
f 529 541 213
f 213 541 542
f 213 542 211
f 531 91 93
f 531 93 532
f 532 93 543
f 532 543 534
f 534 543 544
f 534 544 535
f 535 544 545
f 535 545 536
f 536 545 546
f 536 546 537
f 537 546 547
f 537 547 538
f 538 547 548
f 538 548 539
f 539 548 549
f 539 549 540
f 540 549 210
f 540 210 541
f 541 210 209
f 541 209 542
f 92 88 90
f 92 90 93
f 93 90 550
f 93 550 543
f 543 550 551
f 543 551 544
f 544 551 552
f 544 552 545
f 545 552 553
f 545 553 546
f 546 553 554
f 546 554 547
f 547 554 555
f 547 555 548
f 548 555 556
f 548 556 549
f 549 556 557
f 549 557 210
f 210 557 558
f 210 558 208
f 89 85 87
f 89 87 90
f 90 87 559
f 90 559 550
f 550 559 560
f 550 560 551
f 551 560 561
f 551 561 552
f 552 561 562
f 552 562 553
f 553 562 563
f 553 563 554
f 554 563 564
f 554 564 555
f 555 564 565
f 555 565 556
f 556 565 207
f 556 207 557
f 557 207 206
f 557 206 558
f 86 82 84
f 86 84 87
f 87 84 566
f 87 566 559
f 559 566 567
f 559 567 560
f 560 567 568
f 560 568 561
f 561 568 569
f 561 569 562
f 562 569 570
f 562 570 563
f 563 570 571
f 563 571 564
f 564 571 572
f 564 572 565
f 565 572 204
f 565 204 207
f 207 204 203
f 207 203 205
f 83 79 81
f 83 81 84
f 84 81 573
f 84 573 566
f 566 573 574
f 566 574 567
f 567 574 575
f 567 575 568
f 568 575 576
f 568 576 569
f 569 576 577
f 569 577 570
f 570 577 578
f 570 578 571
f 571 578 579
f 571 579 572
f 572 579 307
f 572 307 204
f 204 307 306
f 204 306 202
f 202 306 580
f 80 76 78
f 80 78 81
f 81 78 581
f 81 581 573
f 573 581 582
f 573 582 574
f 574 582 583
f 574 583 575
f 575 583 584
f 575 584 576
f 576 584 585
f 576 585 577
f 577 585 586
f 577 586 578
f 578 586 587
f 578 587 579
f 579 587 246
f 579 246 307
f 307 246 245
f 307 245 308
f 77 73 75
f 77 75 78
f 78 75 588
f 78 588 581
f 581 588 589
f 581 589 582
f 582 589 590
f 582 590 583
f 583 590 591
f 583 591 584
f 584 591 592
f 584 592 585
f 585 592 593
f 585 593 586
f 586 593 594
f 586 594 587
f 587 594 303
f 587 303 246
f 246 303 302
f 246 302 244
f 248 304 303
f 248 303 249
f 249 303 594
f 249 594 595
f 595 594 593
f 595 593 596
f 596 593 592
f 596 592 597
f 597 592 591
f 597 591 598
f 598 591 590
f 598 590 599
f 599 590 589
f 599 589 600
f 600 589 588
f 600 588 601
f 601 588 75
f 601 75 602
f 602 75 74
f 603 604 602
f 603 602 605
f 605 602 74
f 604 70 72
f 604 72 602
f 602 72 606
f 602 606 601
f 601 606 607
f 601 607 600
f 600 607 608
f 600 608 599
f 599 608 609
f 599 609 598
f 598 609 610
f 598 610 597
f 597 610 611
f 597 611 596
f 596 611 612
f 596 612 595
f 595 612 300
f 595 300 249
f 249 300 299
f 249 299 247
f 71 67 69
f 71 69 72
f 72 69 613
f 72 613 606
f 606 613 614
f 606 614 607
f 607 614 615
f 607 615 608
f 608 615 616
f 608 616 609
f 609 616 617
f 609 617 610
f 610 617 618
f 610 618 611
f 611 618 619
f 611 619 612
f 612 619 252
f 612 252 300
f 300 252 297
f 300 297 298
f 68 64 66
f 68 66 69
f 69 66 620
f 69 620 613
f 613 620 621
f 613 621 614
f 614 621 622
f 614 622 615
f 615 622 623
f 615 623 616
f 616 623 624
f 616 624 617
f 617 624 625
f 617 625 618
f 618 625 626
f 618 626 619
f 619 626 294
f 619 294 252
f 252 294 293
f 252 293 250
f 65 61 63
f 65 63 66
f 66 63 627
f 66 627 620
f 620 627 628
f 620 628 621
f 621 628 629
f 621 629 622
f 622 629 630
f 622 630 623
f 623 630 631
f 623 631 624
f 624 631 632
f 624 632 625
f 625 632 633
f 625 633 626
f 626 633 255
f 626 255 294
f 294 255 254
f 294 254 296
f 62 58 60
f 62 60 63
f 63 60 634
f 63 634 627
f 627 634 635
f 627 635 628
f 628 635 636
f 628 636 629
f 629 636 637
f 629 637 630
f 630 637 638
f 630 638 631
f 631 638 639
f 631 639 632
f 632 639 640
f 632 640 633
f 633 640 258
f 633 258 255
f 255 258 291
f 255 291 253
f 59 55 57
f 59 57 60
f 60 57 641
f 60 641 634
f 634 641 642
f 634 642 635
f 635 642 643
f 635 643 636
f 636 643 644
f 636 644 637
f 637 644 645
f 637 645 638
f 638 645 646
f 638 646 639
f 639 646 647
f 639 647 640
f 640 647 290
f 640 290 258
f 258 290 289
f 258 289 256
f 56 52 54
f 56 54 57
f 57 54 648
f 57 648 641
f 641 648 649
f 641 649 642
f 642 649 650
f 642 650 643
f 643 650 651
f 643 651 644
f 644 651 652
f 644 652 645
f 645 652 653
f 645 653 646
f 646 653 654
f 646 654 647
f 647 654 286
f 647 286 290
f 290 286 285
f 290 285 288
f 53 49 51
f 53 51 54
f 54 51 655
f 54 655 648
f 648 655 656
f 648 656 649
f 649 656 657
f 649 657 650
f 650 657 658
f 650 658 651
f 651 658 659
f 651 659 652
f 652 659 660
f 652 660 653
f 653 660 661
f 653 661 654
f 654 661 281
f 654 281 286
f 286 281 280
f 286 280 287
f 276 283 281
f 276 281 277
f 277 281 661
f 277 661 662
f 662 661 660
f 662 660 663
f 663 660 659
f 663 659 664
f 664 659 658
f 664 658 665
f 665 658 657
f 665 657 666
f 666 657 656
f 666 656 667
f 667 656 655
f 667 655 668
f 668 655 51
f 668 51 669
f 669 51 50
f 670 671 669
f 670 669 672
f 672 669 50
f 671 46 48
f 671 48 669
f 669 48 673
f 669 673 668
f 668 673 674
f 668 674 667
f 667 674 675
f 667 675 666
f 666 675 676
f 666 676 665
f 665 676 677
f 665 677 664
f 664 677 678
f 664 678 663
f 663 678 679
f 663 679 662
f 662 679 680
f 662 680 277
f 277 680 681
f 277 681 278
f 47 43 45
f 47 45 48
f 48 45 682
f 48 682 673
f 673 682 683
f 673 683 674
f 674 683 684
f 674 684 675
f 675 684 685
f 675 685 676
f 676 685 686
f 676 686 677
f 677 686 687
f 677 687 678
f 678 687 688
f 678 688 679
f 679 688 261
f 679 261 680
f 680 261 274
f 680 274 681
f 44 40 42
f 44 42 45
f 45 42 689
f 45 689 682
f 682 689 690
f 682 690 683
f 683 690 691
f 683 691 684
f 684 691 692
f 684 692 685
f 685 692 693
f 685 693 686
f 686 693 694
f 686 694 687
f 687 694 695
f 687 695 688
f 688 695 273
f 688 273 261
f 261 273 272
f 261 272 259
f 41 37 39
f 41 39 42
f 42 39 696
f 42 696 689
f 689 696 697
f 689 697 690
f 690 697 698
f 690 698 691
f 691 698 699
f 691 699 692
f 692 699 700
f 692 700 693
f 693 700 701
f 693 701 694
f 694 701 702
f 694 702 695
f 695 702 268
f 695 268 273
f 273 268 267
f 273 267 271
f 38 34 36
f 38 36 39
f 39 36 703
f 39 703 696
f 696 703 704
f 696 704 697
f 697 704 705
f 697 705 698
f 698 705 706
f 698 706 699
f 699 706 707
f 699 707 700
f 700 707 708
f 700 708 701
f 701 708 709
f 701 709 702
f 702 709 264
f 702 264 268
f 268 264 263
f 268 263 270
f 35 31 33
f 35 33 36
f 36 33 710
f 36 710 703
f 703 710 711
f 703 711 704
f 704 711 712
f 704 712 705
f 705 712 713
f 705 713 706
f 706 713 714
f 706 714 707
f 707 714 715
f 707 715 708
f 708 715 716
f 708 716 709
f 709 716 717
f 709 717 264
f 264 717 718
f 264 718 265
f 32 28 30
f 32 30 33
f 33 30 719
f 33 719 710
f 710 719 720
f 710 720 711
f 711 720 721
f 711 721 712
f 712 721 722
f 712 722 713
f 713 722 723
f 713 723 714
f 714 723 724
f 714 724 715
f 715 724 725
f 715 725 716
f 716 725 201
f 716 201 717
f 717 201 200
f 717 200 718
f 29 25 27
f 29 27 30
f 30 27 726
f 30 726 719
f 719 726 727
f 719 727 720
f 720 727 728
f 720 728 721
f 721 728 729
f 721 729 722
f 722 729 730
f 722 730 723
f 723 730 731
f 723 731 724
f 724 731 732
f 724 732 725
f 725 732 198
f 725 198 201
f 201 198 197
f 201 197 199
f 733 196 198
f 733 198 734
f 734 198 732
f 734 732 735
f 735 732 731
f 735 731 736
f 736 731 730
f 736 730 737
f 737 730 729
f 737 729 738
f 738 729 728
f 738 728 739
f 739 728 727
f 739 727 740
f 740 727 726
f 740 726 741
f 741 726 27
f 741 27 742
f 742 27 26
f 743 744 742
f 743 742 745
f 745 742 26
f 744 22 24
f 744 24 742
f 742 24 746
f 742 746 741
f 741 746 747
f 741 747 740
f 740 747 748
f 740 748 739
f 739 748 749
f 739 749 738
f 738 749 750
f 738 750 737
f 737 750 751
f 737 751 736
f 736 751 752
f 736 752 735
f 735 752 195
f 735 195 734
f 734 195 194
f 734 194 733
f 23 19 21
f 23 21 24
f 24 21 753
f 24 753 746
f 746 753 754
f 746 754 747
f 747 754 755
f 747 755 748
f 748 755 756
f 748 756 749
f 749 756 757
f 749 757 750
f 750 757 758
f 750 758 751
f 751 758 759
f 751 759 752
f 752 759 760
f 752 760 195
f 195 760 761
f 195 761 193
f 20 16 18
f 20 18 21
f 21 18 762
f 21 762 753
f 753 762 763
f 753 763 754
f 754 763 764
f 754 764 755
f 755 764 765
f 755 765 756
f 756 765 766
f 756 766 757
f 757 766 767
f 757 767 758
f 758 767 768
f 758 768 759
f 759 768 192
f 759 192 760
f 760 192 191
f 760 191 761
f 17 13 15
f 17 15 18
f 18 15 769
f 18 769 762
f 762 769 770
f 762 770 763
f 763 770 771
f 763 771 764
f 764 771 772
f 764 772 765
f 765 772 773
f 765 773 766
f 766 773 774
f 766 774 767
f 767 774 775
f 767 775 768
f 768 775 189
f 768 189 192
f 192 189 188
f 192 188 190
f 14 10 12
f 14 12 15
f 15 12 776
f 15 776 769
f 769 776 777
f 769 777 770
f 770 777 778
f 770 778 771
f 771 778 779
f 771 779 772
f 772 779 780
f 772 780 773
f 773 780 781
f 773 781 774
f 774 781 782
f 774 782 775
f 775 782 783
f 775 783 189
f 189 783 784
f 189 784 187
f 11 7 9
f 11 9 12
f 12 9 785
f 12 785 776
f 776 785 786
f 776 786 777
f 777 786 787
f 777 787 778
f 778 787 788
f 778 788 779
f 779 788 789
f 779 789 780
f 780 789 790
f 780 790 781
f 781 790 791
f 781 791 782
f 782 791 186
f 782 186 783
f 783 186 185
f 783 185 784
f 8 4 6
f 8 6 9
f 9 6 792
f 9 792 785
f 785 792 793
f 785 793 786
f 786 793 794
f 786 794 787
f 787 794 795
f 787 795 788
f 788 795 796
f 788 796 789
f 789 796 797
f 789 797 790
f 790 797 798
f 790 798 791
f 791 798 799
f 791 799 186
f 186 799 800
f 186 800 184
f 5 1 3
f 5 3 6
f 6 3 801
f 6 801 792
f 792 801 802
f 792 802 793
f 793 802 803
f 793 803 794
f 794 803 804
f 794 804 795
f 795 804 805
f 795 805 796
f 796 805 806
f 796 806 797
f 797 806 807
f 797 807 798
f 798 807 183
f 798 183 799
f 799 183 182
f 799 182 800
f 2 166 168
f 2 168 3
f 3 168 310
f 3 310 801
f 801 310 312
f 801 312 802
f 802 312 314
f 802 314 803
f 803 314 316
f 803 316 804
f 804 316 318
f 804 318 805
f 805 318 320
f 805 320 806
f 806 320 322
f 806 322 807
f 807 322 323
f 807 323 183
f 183 323 324
f 183 324 181
f 808 809 810
f 811 812 813
f 814 815 816
f 814 816 817
f 817 816 818
f 817 818 819
f 819 818 820
f 819 820 821
f 821 820 822
f 821 822 823
f 823 822 824
f 823 824 825
f 825 824 826
f 825 826 827
f 827 826 828
f 827 828 829
f 829 828 830
f 829 830 831
f 831 830 832
f 831 832 833
f 833 832 834
f 833 834 835
f 835 834 836
f 835 836 837
f 837 836 838
f 837 838 839
f 839 838 840
f 839 840 841
f 841 840 842
f 841 842 843
f 843 842 844
f 843 844 845
f 845 844 846
f 845 846 847
f 847 846 848
f 847 848 849
f 849 848 850
f 849 850 851
f 851 850 852
f 851 852 853
f 853 852 854
f 853 854 855
f 855 854 856
f 855 856 857
f 857 856 858
f 857 858 859
f 859 858 860
f 859 860 861
f 861 860 862
f 861 862 863
f 863 862 864
f 863 864 865
f 865 864 866
f 865 866 867
f 867 866 868
f 867 868 869
f 869 868 870
f 869 870 871
f 871 870 872
f 871 872 873
f 873 872 874
f 873 874 875
f 875 874 876
f 875 876 877
f 877 876 878
f 877 878 879
f 879 878 880
f 879 880 881
f 881 880 882
f 881 882 883
f 883 882 884
f 883 884 885
f 885 884 886
f 885 886 887
f 887 886 888
f 887 888 889
f 889 888 890
f 889 890 891
f 891 890 892
f 891 892 893
f 893 892 894
f 893 894 895
f 895 894 896
f 895 896 897
f 897 896 898
f 897 898 899
f 899 898 900
f 899 900 901
f 901 900 902
f 901 902 903
f 903 902 904
f 903 904 905
f 905 904 906
f 905 906 907
f 907 906 908
f 907 908 909
f 909 908 910
f 909 910 911
f 911 910 912
f 911 912 913
f 913 912 914
f 913 914 915
f 915 914 916
f 915 916 917
f 917 916 918
f 917 918 919
f 919 918 920
f 919 920 921
f 921 920 922
f 921 922 923
f 923 922 924
f 923 924 925
f 925 924 926
f 925 926 927
f 927 926 928
f 927 928 929
f 929 928 930
f 929 930 931
f 931 930 932
f 931 932 933
f 933 932 934
f 933 934 935
f 935 934 936
f 935 936 937
f 937 936 938
f 937 938 939
f 939 938 940
f 939 940 941
f 941 940 942
f 941 942 943
f 943 942 944
f 943 944 945
f 945 944 946
f 945 946 947
f 947 946 948
f 947 948 949
f 949 948 950
f 949 950 951
f 951 950 952
f 951 952 953
f 953 952 954
f 953 954 955
f 955 954 956
f 955 956 957
f 957 956 958
f 957 958 959
f 959 958 960
f 959 960 961
f 961 960 962
f 961 962 963
f 963 962 964
f 963 964 965
f 965 964 966
f 965 966 967
f 967 966 968
f 967 968 969
f 969 968 970
f 969 970 971
f 971 970 972
f 971 972 973
f 973 972 974
f 973 974 975
f 975 974 976
f 975 976 977
f 977 976 978
f 977 978 979
f 979 978 980
f 979 980 981
f 981 980 982
f 981 982 983
f 983 982 984
f 983 984 985
f 985 984 986
f 985 986 987
f 987 986 988
f 987 988 989
f 989 988 990
f 989 990 991
f 991 990 992
f 991 992 993
f 993 992 994
f 993 994 995
f 995 994 996
f 995 996 997
f 997 996 998
f 997 998 999
f 999 998 1000
f 999 1000 1001
f 1001 1000 1002
f 1001 1002 1003
f 1003 1002 1004
f 1003 1004 1005
f 1005 1004 1006
f 1005 1006 1007
f 1007 1006 1008
f 1007 1008 1009
f 1009 1008 1010
f 1009 1010 1011
f 1011 1010 1012
f 1011 1012 1013
f 1013 1012 1014
f 1013 1014 1015
f 1015 1014 1016
f 1015 1016 1017
f 1017 1016 1018
f 1017 1018 1019
f 1019 1018 1020
f 1019 1020 1021
f 1021 1020 1022
f 813 812 1023
f 813 1023 1024
f 1024 1023 1025
f 1024 1025 1026
f 1026 1025 1027
f 1026 1027 1028
f 1028 1027 1029
f 1028 1029 1030
f 1030 1029 1031
f 1030 1031 1032
f 1032 1031 1033
f 1032 1033 1034
f 1034 1033 1035
f 1034 1035 1036
f 1036 1035 1037
f 1036 1037 1038
f 1038 1037 1039
f 1038 1039 1040
f 1040 1039 1041
f 1040 1041 1042
f 1042 1041 1043
f 1042 1043 1044
f 1044 1043 1045
f 1044 1045 1046
f 1046 1045 1047
f 1046 1047 1048
f 1048 1047 1049
f 1048 1049 1050
f 1050 1049 1051
f 1050 1051 1052
f 1052 1051 1053
f 1052 1053 1054
f 1054 1053 1055
f 1054 1055 1056
f 1056 1055 1057
f 1056 1057 1058
f 1058 1057 1059
f 1058 1059 1060
f 1060 1059 1061
f 1060 1061 1062
f 1062 1061 1063
f 1062 1063 1064
f 1064 1063 1065
f 1064 1065 1066
f 1066 1065 1067
f 1066 1067 1068
f 1068 1067 1069
f 1068 1069 1070
f 1070 1069 1071
f 1070 1071 1072
f 1072 1071 1073
f 1072 1073 1074
f 1074 1073 1075
f 1074 1075 1076
f 1076 1075 1077
f 1076 1077 1078
f 1078 1077 1079
f 1078 1079 1080
f 1080 1079 1081
f 1080 1081 1082
f 1082 1081 1083
f 1082 1083 1084
f 1084 1083 1085
f 1084 1085 1086
f 1086 1085 1087
f 1086 1087 1088
f 1088 1087 1089
f 1088 1089 1090
f 1090 1089 1091
f 1090 1091 1092
f 1092 1091 1093
f 1092 1093 1094
f 1094 1093 1095
f 1094 1095 1096
f 1096 1095 1097
f 1096 1097 1098
f 1098 1097 1099
f 1098 1099 1100
f 1100 1099 1101
f 1100 1101 1102
f 1102 1101 1103
f 1102 1103 1104
f 1104 1103 1105
f 1104 1105 1106
f 1106 1105 1107
f 1106 1107 1108
f 1108 1107 1109
f 1108 1109 1110
f 1110 1109 1111
f 1110 1111 1112
f 1112 1111 1113
f 1112 1113 1114
f 1114 1113 1115
f 1114 1115 1116
f 1116 1115 1117
f 1116 1117 1118
f 1118 1117 1119
f 1118 1119 1120
f 1120 1119 1121
f 1120 1121 1122
f 1122 1121 1123
f 1122 1123 1124
f 1124 1123 1125
f 1124 1125 1126
f 1126 1125 1127
f 1126 1127 1128
f 1128 1127 1129
f 1128 1129 1130
f 1130 1129 1131
f 1130 1131 1132
f 1132 1131 1133
f 1132 1133 1134
f 1134 1133 1135
f 1134 1135 1136
f 1136 1135 1137
f 1136 1137 1138
f 1138 1137 1139
f 1138 1139 1140
f 1140 1139 1141
f 1140 1141 1142
f 1142 1141 1143
f 1142 1143 1144
f 1144 1143 1145
f 1144 1145 1146
f 1146 1145 1147
f 1146 1147 1148
f 1148 1147 1149
f 1148 1149 1150
f 1150 1149 1151
f 1150 1151 1152
f 1152 1151 1153
f 1152 1153 1154
f 1154 1153 1155
f 1154 1155 1156
f 1156 1155 1157
f 1156 1157 1158
f 1158 1157 1159
f 1158 1159 1160
f 1160 1159 1161
f 1160 1161 1162
f 1162 1161 1163
f 1162 1163 1164
f 1164 1163 1165
f 1164 1165 1166
f 1166 1165 1167
f 1166 1167 1168
f 1168 1167 1169
f 1168 1169 1170
f 1170 1169 1171
f 1170 1171 1172
f 1172 1171 1173
f 1172 1173 1174
f 1174 1173 1175
f 1174 1175 1176
f 1176 1175 1177
f 1176 1177 1178
f 1178 1177 1179
f 1178 1179 1180
f 1180 1179 1181
f 1180 1181 1182
f 1182 1181 1183
f 1182 1183 1184
f 1184 1183 1185
f 1184 1185 1186
f 1186 1185 1187
f 1186 1187 1188
f 1188 1187 1189
f 1188 1189 1190
f 1190 1189 1191
f 1190 1191 1192
f 1192 1191 1193
f 1192 1193 1194
f 1194 1193 1195
f 1194 1195 1196
f 1196 1195 1197
f 1196 1197 1198
f 1198 1197 1199
f 1198 1199 1200
f 1200 1199 1201
f 1200 1201 1202
f 1202 1201 1203
f 1202 1203 1204
f 1204 1203 1205
f 1204 1205 1206
f 1206 1205 1207
f 1206 1207 1208
f 1208 1207 1209
f 1208 1209 1210
f 1210 1209 1211
f 1210 1211 1212
f 1212 1211 1213
f 1212 1213 1214
f 1214 1213 1215
f 1214 1215 1216
f 1216 1215 1217
f 1216 1217 1218
f 1218 1217 1219
f 1218 1219 1220
f 1220 1219 1221
f 1220 1221 1222
f 1222 1221 1223
f 1222 1223 1224
f 1224 1223 1225
f 1224 1225 1226
f 1226 1225 1227
f 1226 1227 1228
f 1228 1227 1229
f 1228 1229 1230
f 1230 1229 1231
f 1230 1231 1232
f 1232 1231 1233
f 1232 1233 1234
f 1234 1233 1235
f 1234 1235 1236
f 1236 1235 1237
f 1236 1237 1238
f 1238 1237 1239
f 1238 1239 1240
f 1240 1239 1241
f 1240 1241 1242
f 1242 1241 1243
f 1242 1243 1244
f 1244 1243 1245
f 1244 1245 1246
f 1246 1245 1247
f 1246 1247 1248
f 1248 1247 1249
f 1248 1249 1250
f 1250 1249 1251
f 1250 1251 1252
f 1252 1251 1253
f 1252 1253 1254
f 1254 1253 1255
f 1254 1255 1256
f 1256 1255 1257
f 1256 1257 1258
f 1258 1257 1259
f 1258 1259 1260
f 1260 1259 1261
f 1260 1261 1262
f 1262 1261 1263
f 1262 1263 1264
f 1264 1263 1265
f 1264 1265 1266
f 1266 1265 1267
f 1266 1267 1268
f 1268 1267 1269
f 1268 1269 1270
f 1270 1269 1271
f 1270 1271 1272
f 1272 1271 1273
f 1272 1273 1274
f 1274 1273 1275
f 1274 1275 1276
f 1276 1275 815
f 1276 815 814
f 580 1021 202
f 202 1021 1022
f 202 1022 203
f 203 1022 1277
f 205 203 1277
f 205 1277 206
f 206 1277 1278
f 206 1278 558
f 558 1278 1279
f 208 558 1279
f 208 1279 209
f 209 1279 1280
f 209 1280 542
f 542 1280 1281
f 542 1281 211
f 211 1281 1282
f 211 1282 212
f 212 1282 1283
f 212 1283 214
f 214 1283 1284
f 214 1284 215
f 215 1284 1285
f 515 215 1285
f 515 1285 217
f 217 1285 1286
f 217 1286 218
f 218 1286 1287
f 218 1287 499
f 499 1287 1288
f 499 1288 220
f 220 1288 1289
f 227 1290 1291
f 227 1291 456
f 456 1291 1292
f 221 220 1289
f 221 1289 223
f 223 1289 1293
f 223 1293 224
f 224 1293 1294
f 224 1294 476
f 476 1294 1290
f 476 1290 226
f 226 1290 227
f 229 456 1292
f 229 1292 230
f 230 1292 1295
f 230 1295 440
f 440 1295 1296
f 440 1296 232
f 232 1296 1297
f 232 1297 233
f 233 1297 1298
f 235 233 1298
f 235 1298 236
f 236 1298 1299
f 236 1299 417
f 417 1299 1300
f 417 1300 238
f 238 1300 1301
f 238 1301 239
f 239 1301 1302
f 239 1302 401
f 401 1302 1303
f 401 1303 241
f 241 1303 1304
f 241 1304 242
f 242 1304 1305
f 242 1305 381
f 381 1305 1306
f 381 1306 372
f 372 1306 1307
f 169 372 1307
f 169 1307 170
f 170 1307 1308
f 170 1308 356
f 356 1308 1309
f 172 356 1309
f 172 1309 173
f 173 1309 1310
f 173 1310 340
f 340 1310 1311
f 340 1311 175
f 175 1311 1312
f 175 1312 176
f 176 1312 1313
f 176 1313 178
f 178 1313 1314
f 178 1314 179
f 179 1314 1315
f 324 179 1315
f 324 1315 181
f 181 1315 1316
f 181 1316 182
f 182 1316 1317
f 182 1317 800
f 800 1317 1318
f 800 1318 184
f 184 1318 1319
f 185 184 1319
f 185 1319 784
f 784 1319 1320
f 784 1320 187
f 187 1320 1321
f 188 187 1321
f 188 1321 190
f 190 1321 1322
f 190 1322 191
f 191 1322 1323
f 191 1323 761
f 761 1323 1324
f 761 1324 193
f 193 1324 1325
f 1326 197 196
f 1326 196 1327
f 1327 196 733
f 1327 733 1325
f 1325 733 194
f 1325 194 193
f 200 1328 1329
f 200 1329 718
f 718 1329 265
f 199 197 1326
f 199 1326 200
f 200 1326 1330
f 200 1330 1328
f 1328 1330 1331
f 1328 1331 1329
f 1332 1333 1334
f 1332 1334 1335
f 1335 1334 1336
f 1335 1336 1337
f 1337 1336 1338
f 1337 1338 1339
f 1339 1338 1340
f 1339 1340 1341
f 1341 1340 1342
f 1341 1342 1343
f 1343 1342 1344
f 1343 1344 1345
f 1345 1344 1346
f 1345 1346 1347
f 1347 1346 1348
f 1347 1348 811
f 811 1348 1349
f 811 1349 812
f 812 1349 1350
f 808 810 1351
f 808 1351 1352
f 1352 1351 1353
f 1352 1353 1354
f 1354 1353 1355
f 1354 1355 1356
f 1356 1355 1357
f 1356 1357 1358
f 1358 1357 1359
f 1358 1359 1360
f 1360 1359 1333
f 1360 1333 1361
f 1361 1333 1332
f 1362 810 809
f 1362 809 1363
f 1363 809 1364
f 1363 1364 1365
f 1365 1364 1366
f 1365 1366 1367
f 1367 1366 1368
f 1367 1368 1369
f 1369 1368 1370
f 1369 1370 1371
f 1371 1370 1372
f 1371 1372 1373
f 1373 1372 1374
f 1373 1374 1375
f 1375 1374 1376
f 1375 1376 1377
f 1377 1376 1378
f 1377 1378 1379
f 1379 1378 1380
f 1379 1380 1381
f 1381 1380 1382
f 1381 1382 1383
f 1383 1382 1384
f 1383 1384 1385
f 1385 1384 1386
f 1385 1386 1387
f 1387 1386 1388
f 1387 1388 1389
f 1389 1388 1390
f 1389 1390 1391
f 1391 1390 1392
f 1391 1392 1393
f 1393 1392 1394
f 1395 1393 1394
f 1395 1394 1396
f 1396 1394 1397
f 1396 1397 1398
f 1399 1396 1398
f 1399 1398 1400
f 1400 1398 1401
f 1400 1401 1402
f 1402 1401 1403
f 1402 1403 1404
f 1404 1403 1405
f 1404 1405 1406
f 1406 1405 1407
f 1406 1407 1408
f 1408 1407 1409
f 1408 1409 1410
f 1410 1409 1411
f 1410 1411 1412
f 1412 1411 1413
f 1412 1413 1414
f 1414 1413 1415
f 1414 1415 1416
f 1416 1415 1417
f 1416 1417 1418
f 1418 1417 1419
f 1418 1419 1420
f 1420 1419 1421
f 1422 1420 1421
f 1422 1421 1423
f 1423 1421 1424
f 1423 1424 1425
f 1426 1427 1428
f 1428 1427 1429
f 1429 1430 1428
f 1430 1431 1428
f 1431 1432 1428
f 1432 1433 1428
f 1433 1434 1428
f 1434 1435 1428
f 1435 1436 1428
f 1436 1437 1428
f 1437 1438 1428
f 1438 1439 1428
f 1439 1440 1428
f 1440 1441 1428
f 1441 1442 1428
f 1442 1443 1428
f 1443 1444 1428
f 1444 1445 1428
f 1445 1446 1428
f 1446 1447 1428
f 1447 1448 1428
f 1448 1449 1428
f 1449 1450 1428
f 1450 1451 1428
f 1451 1452 1428
f 1452 1453 1428
f 1453 1454 1428
f 1454 1455 1428
f 1455 1456 1428
f 1456 1457 1428
f 1457 1458 1428
f 1458 1459 1428
f 1459 1460 1428
f 1460 1461 1428
f 1461 1462 1428
f 1462 1463 1428
f 1463 1464 1428
f 1464 1465 1428
f 1465 1466 1428
f 1466 1467 1428
f 1467 1468 1428
f 1468 1469 1428
f 1469 1470 1428
f 1470 1471 1428
f 1471 1472 1428
f 1472 1473 1428
f 1473 1474 1428
f 1474 1475 1428
f 1475 1476 1428
f 1476 1477 1428
f 1477 1478 1428
f 1478 1479 1428
f 1479 1480 1428
f 1480 1481 1428
f 1481 1482 1428
f 1482 1483 1428
f 1483 1484 1428
f 1484 1485 1428
f 1485 1486 1428
f 1486 1487 1428
f 1487 1488 1428
f 1488 1489 1428
f 1489 1490 1428
f 1490 1491 1428
f 1491 1492 1428
f 1492 1493 1428
f 1493 1494 1428
f 1494 1495 1428
f 1495 1426 1428
f 1496 1497 163
f 164 163 1497
f 164 1497 160
f 160 1497 1498
f 161 160 1498
f 161 1498 157
f 157 1498 1499
f 158 157 1499
f 158 1499 154
f 154 1499 1500
f 154 1500 155
f 155 1500 1501
f 151 155 1501
f 151 1501 152
f 152 1501 1502
f 148 152 1502
f 148 1502 149
f 149 1502 1503
f 145 149 1503
f 145 1503 146
f 146 1503 1504
f 142 146 1504
f 142 1504 143
f 143 1504 1505
f 385 143 1505
f 385 1505 382
f 382 1505 1506
f 383 382 1506
f 383 1506 139
f 139 1506 1507
f 140 139 1507
f 140 1507 136
f 136 1507 1508
f 137 136 1508
f 137 1508 133
f 133 1508 1509
f 134 133 1509
f 134 1509 130
f 130 1509 1510
f 130 1510 131
f 131 1510 1511
f 127 131 1511
f 127 1511 128
f 128 1511 1512
f 124 128 1512
f 124 1512 125
f 125 1512 1513
f 121 125 1513
f 121 1513 122
f 122 1513 1514
f 118 122 1514
f 118 1514 119
f 119 1514 1515
f 460 119 1515
f 460 1515 457
f 457 1515 1516
f 458 457 1516
f 458 1516 115
f 115 1516 1517
f 116 115 1517
f 116 1517 112
f 112 1517 1518
f 113 112 1518
f 113 1518 109
f 109 1518 1519
f 110 109 1519
f 110 1519 106
f 106 1519 1520
f 106 1520 107
f 107 1520 1521
f 103 107 1521
f 103 1521 104
f 104 1521 1522
f 100 104 1522
f 100 1522 101
f 101 1522 1523
f 97 101 1523
f 97 1523 98
f 98 1523 1524
f 94 98 1524
f 94 1524 95
f 95 1524 1525
f 533 95 1525
f 533 1525 530
f 530 1525 1526
f 531 530 1526
f 531 1526 91
f 91 1526 1527
f 92 91 1527
f 92 1527 88
f 88 1527 1528
f 89 88 1528
f 89 1528 85
f 85 1528 1529
f 86 85 1529
f 86 1529 82
f 82 1529 1530
f 82 1530 83
f 83 1530 1531
f 79 83 1531
f 79 1531 80
f 80 1531 1532
f 76 80 1532
f 76 1532 77
f 77 1532 1533
f 73 77 1533
f 73 1533 74
f 74 1533 1534
f 605 74 1534
f 605 1534 603
f 603 1534 1535
f 604 603 1535
f 604 1535 70
f 70 1535 1536
f 71 70 1536
f 71 1536 67
f 67 1536 1537
f 68 67 1537
f 68 1537 64
f 64 1537 1538
f 65 64 1538
f 65 1538 61
f 61 1538 1539
f 61 1539 62
f 62 1539 1540
f 58 62 1540
f 58 1540 59
f 59 1540 1541
f 55 59 1541
f 55 1541 56
f 56 1541 1542
f 52 56 1542
f 52 1542 53
f 53 1542 1543
f 49 53 1543
f 49 1543 50
f 50 1543 1544
f 672 50 1544
f 672 1544 670
f 670 1544 1545
f 671 670 1545
f 671 1545 46
f 46 1545 1546
f 47 46 1546
f 47 1546 43
f 43 1546 1547
f 44 43 1547
f 44 1547 40
f 40 1547 1548
f 41 40 1548
f 41 1548 37
f 37 1548 1549
f 37 1549 38
f 38 1549 1550
f 34 38 1550
f 34 1550 35
f 35 1550 1551
f 31 35 1551
f 31 1551 32
f 32 1551 1552
f 28 32 1552
f 28 1552 29
f 29 1552 1553
f 25 29 1553
f 25 1553 26
f 26 1553 1554
f 745 26 1554
f 745 1554 743
f 743 1554 1555
f 744 743 1555
f 744 1555 22
f 22 1555 1556
f 23 22 1556
f 23 1556 19
f 19 1556 1557
f 20 19 1557
f 20 1557 16
f 16 1557 1558
f 17 16 1558
f 17 1558 13
f 13 1558 1559
f 13 1559 14
f 14 1559 1560
f 10 14 1560
f 10 1560 11
f 11 1560 1561
f 7 11 1561
f 7 1561 8
f 8 1561 1562
f 4 8 1562
f 4 1562 5
f 5 1562 1563
f 1 5 1563
f 1 1563 2
f 2 1563 1564
f 2 1564 166
f 166 1564 1496
f 166 1496 167
f 167 1496 163
f 1565 1563 1562
f 1565 1562 1566
f 1566 1562 1561
f 1566 1561 1567
f 1567 1561 1560
f 1567 1560 1568
f 1568 1560 1559
f 1568 1559 1569
f 1569 1559 1558
f 1569 1558 1570
f 1570 1558 1557
f 1570 1557 1571
f 1571 1557 1556
f 1571 1556 1572
f 1572 1556 1555
f 1572 1555 1573
f 1573 1555 1554
f 1573 1554 1574
f 1574 1554 1553
f 1574 1553 1575
f 1575 1553 1552
f 1575 1552 1576
f 1576 1552 1551
f 1576 1551 1577
f 1577 1551 1550
f 1577 1550 1578
f 1578 1550 1549
f 1578 1549 1579
f 1579 1549 1548
f 1579 1548 1580
f 1580 1548 1547
f 1580 1547 1581
f 1581 1547 1546
f 1581 1546 1582
f 1582 1546 1545
f 1582 1545 1583
f 1583 1545 1544
f 1583 1544 1584
f 1584 1544 1543
f 1584 1543 1585
f 1585 1543 1542
f 1585 1542 1586
f 1586 1542 1541
f 1586 1541 1587
f 1587 1541 1540
f 1587 1540 1588
f 1588 1540 1539
f 1588 1539 1589
f 1589 1539 1538
f 1589 1538 1590
f 1590 1538 1537
f 1590 1537 1591
f 1591 1537 1536
f 1591 1536 1592
f 1592 1536 1535
f 1592 1535 1593
f 1593 1535 1534
f 1593 1534 1594
f 1594 1534 1533
f 1594 1533 1595
f 1595 1533 1532
f 1595 1532 1596
f 1596 1532 1531
f 1596 1531 1597
f 1597 1531 1530
f 1597 1530 1598
f 1598 1530 1529
f 1598 1529 1599
f 1599 1529 1528
f 1599 1528 1600
f 1600 1528 1527
f 1600 1527 1601
f 1601 1527 1526
f 1601 1526 1602
f 1602 1526 1525
f 1602 1525 1603
f 1603 1525 1524
f 1603 1524 1604
f 1604 1524 1523
f 1604 1523 1605
f 1605 1523 1522
f 1605 1522 1606
f 1606 1522 1521
f 1606 1521 1607
f 1607 1521 1520
f 1607 1520 1608
f 1608 1520 1519
f 1608 1519 1609
f 1609 1519 1518
f 1609 1518 1610
f 1610 1518 1517
f 1610 1517 1611
f 1611 1517 1516
f 1611 1516 1612
f 1612 1516 1515
f 1612 1515 1613
f 1613 1515 1514
f 1613 1514 1614
f 1614 1514 1513
f 1614 1513 1615
f 1615 1513 1512
f 1615 1512 1616
f 1616 1512 1511
f 1616 1511 1617
f 1617 1511 1510
f 1617 1510 1618
f 1618 1510 1509
f 1618 1509 1619
f 1619 1509 1508
f 1619 1508 1620
f 1620 1508 1507
f 1620 1507 1621
f 1621 1507 1506
f 1621 1506 1622
f 1622 1506 1505
f 1622 1505 1623
f 1623 1505 1504
f 1623 1504 1624
f 1624 1504 1503
f 1624 1503 1625
f 1625 1503 1502
f 1625 1502 1626
f 1626 1502 1501
f 1626 1501 1627
f 1627 1501 1500
f 1627 1500 1628
f 1628 1500 1499
f 1628 1499 1629
f 1629 1499 1498
f 1629 1498 1630
f 1630 1498 1497
f 1630 1497 1631
f 1631 1497 1496
f 1631 1496 1632
f 1632 1496 1564
f 1632 1564 1633
f 1633 1564 1563
f 1633 1563 1565
f 1634 1565 1566
f 1634 1566 1635
f 1635 1566 1567
f 1635 1567 1636
f 1636 1567 1568
f 1636 1568 1637
f 1637 1568 1569
f 1637 1569 1638
f 1638 1569 1570
f 1638 1570 1639
f 1639 1570 1571
f 1639 1571 1640
f 1640 1571 1572
f 1640 1572 1641
f 1641 1572 1573
f 1641 1573 1642
f 1642 1573 1574
f 1642 1574 1643
f 1643 1574 1575
f 1643 1575 1644
f 1644 1575 1576
f 1644 1576 1645
f 1645 1576 1577
f 1645 1577 1646
f 1646 1577 1578
f 1646 1578 1647
f 1647 1578 1579
f 1647 1579 1648
f 1648 1579 1580
f 1648 1580 1649
f 1649 1580 1581
f 1649 1581 1650
f 1650 1581 1582
f 1650 1582 1651
f 1651 1582 1583
f 1651 1583 1652
f 1652 1583 1584
f 1652 1584 1653
f 1653 1584 1585
f 1653 1585 1654
f 1654 1585 1586
f 1654 1586 1655
f 1655 1586 1587
f 1655 1587 1656
f 1656 1587 1588
f 1656 1588 1657
f 1657 1588 1589
f 1657 1589 1658
f 1658 1589 1590
f 1658 1590 1659
f 1659 1590 1591
f 1659 1591 1660
f 1660 1591 1592
f 1660 1592 1661
f 1661 1592 1593
f 1661 1593 1662
f 1662 1593 1594
f 1662 1594 1663
f 1663 1594 1595
f 1663 1595 1664
f 1664 1595 1596
f 1664 1596 1665
f 1665 1596 1597
f 1665 1597 1666
f 1666 1597 1598
f 1666 1598 1667
f 1667 1598 1599
f 1667 1599 1668
f 1668 1599 1600
f 1668 1600 1669
f 1669 1600 1601
f 1669 1601 1670
f 1670 1601 1602
f 1670 1602 1671
f 1671 1602 1603
f 1671 1603 1672
f 1672 1603 1604
f 1672 1604 1673
f 1673 1604 1605
f 1673 1605 1674
f 1674 1605 1606
f 1674 1606 1675
f 1675 1606 1607
f 1675 1607 1676
f 1676 1607 1608
f 1676 1608 1677
f 1677 1608 1609
f 1677 1609 1678
f 1678 1609 1610
f 1678 1610 1679
f 1679 1610 1611
f 1679 1611 1680
f 1680 1611 1612
f 1680 1612 1681
f 1681 1612 1613
f 1681 1613 1682
f 1682 1613 1614
f 1682 1614 1683
f 1683 1614 1615
f 1683 1615 1684
f 1684 1615 1616
f 1684 1616 1685
f 1685 1616 1617
f 1685 1617 1686
f 1686 1617 1618
f 1686 1618 1687
f 1687 1618 1619
f 1687 1619 1688
f 1688 1619 1620
f 1688 1620 1689
f 1689 1620 1621
f 1689 1621 1690
f 1690 1621 1622
f 1690 1622 1691
f 1691 1622 1623
f 1691 1623 1692
f 1692 1623 1624
f 1692 1624 1693
f 1693 1624 1625
f 1693 1625 1694
f 1694 1625 1626
f 1694 1626 1695
f 1695 1626 1627
f 1695 1627 1696
f 1696 1627 1628
f 1696 1628 1697
f 1697 1628 1629
f 1697 1629 1698
f 1698 1629 1630
f 1698 1630 1699
f 1699 1630 1631
f 1699 1631 1700
f 1700 1631 1632
f 1700 1632 1701
f 1701 1632 1633
f 1701 1633 1702
f 1702 1633 1565
f 1702 1565 1634
f 1703 1634 1635
f 1703 1635 1704
f 1704 1635 1636
f 1704 1636 1705
f 1705 1636 1637
f 1705 1637 1706
f 1706 1637 1638
f 1706 1638 1707
f 1707 1638 1639
f 1707 1639 1708
f 1708 1639 1640
f 1708 1640 1709
f 1709 1640 1641
f 1709 1641 1710
f 1710 1641 1642
f 1710 1642 1711
f 1711 1642 1643
f 1711 1643 1712
f 1712 1643 1644
f 1712 1644 1713
f 1713 1644 1645
f 1713 1645 1714
f 1714 1645 1646
f 1714 1646 1715
f 1715 1646 1647
f 1715 1647 1716
f 1716 1647 1648
f 1716 1648 1717
f 1717 1648 1649
f 1717 1649 1718
f 1718 1649 1650
f 1718 1650 1719
f 1719 1650 1651
f 1719 1651 1720
f 1720 1651 1652
f 1720 1652 1721
f 1721 1652 1653
f 1721 1653 1722
f 1722 1653 1654
f 1722 1654 1723
f 1723 1654 1655
f 1723 1655 1724
f 1724 1655 1656
f 1724 1656 1725
f 1725 1656 1657
f 1725 1657 1726
f 1726 1657 1658
f 1726 1658 1727
f 1727 1658 1659
f 1727 1659 1728
f 1728 1659 1660
f 1728 1660 1729
f 1729 1660 1661
f 1729 1661 1730
f 1730 1661 1662
f 1730 1662 1731
f 1731 1662 1663
f 1731 1663 1732
f 1732 1663 1664
f 1732 1664 1733
f 1733 1664 1665
f 1733 1665 1734
f 1734 1665 1666
f 1734 1666 1735
f 1735 1666 1667
f 1735 1667 1736
f 1736 1667 1668
f 1736 1668 1737
f 1737 1668 1669
f 1737 1669 1738
f 1738 1669 1670
f 1738 1670 1739
f 1739 1670 1671
f 1739 1671 1740
f 1740 1671 1672
f 1740 1672 1741
f 1741 1672 1673
f 1741 1673 1742
f 1742 1673 1674
f 1742 1674 1743
f 1743 1674 1675
f 1743 1675 1744
f 1744 1675 1676
f 1744 1676 1745
f 1745 1676 1677
f 1745 1677 1746
f 1746 1677 1678
f 1746 1678 1747
f 1747 1678 1679
f 1747 1679 1748
f 1748 1679 1680
f 1748 1680 1749
f 1749 1680 1681
f 1749 1681 1750
f 1750 1681 1682
f 1750 1682 1751
f 1751 1682 1683
f 1751 1683 1752
f 1752 1683 1684
f 1752 1684 1753
f 1753 1684 1685
f 1753 1685 1754
f 1754 1685 1686
f 1754 1686 1755
f 1755 1686 1687
f 1755 1687 1756
f 1756 1687 1688
f 1756 1688 1757
f 1757 1688 1689
f 1757 1689 1758
f 1758 1689 1690
f 1758 1690 1759
f 1759 1690 1691
f 1759 1691 1760
f 1760 1691 1692
f 1760 1692 1761
f 1761 1692 1693
f 1761 1693 1762
f 1762 1693 1694
f 1762 1694 1763
f 1763 1694 1695
f 1763 1695 1764
f 1764 1695 1696
f 1764 1696 1765
f 1765 1696 1697
f 1765 1697 1766
f 1766 1697 1698
f 1766 1698 1767
f 1767 1698 1699
f 1767 1699 1768
f 1768 1699 1700
f 1768 1700 1769
f 1769 1700 1701
f 1769 1701 1770
f 1770 1701 1702
f 1770 1702 1771
f 1771 1702 1634
f 1771 1634 1703
f 1772 1703 1704
f 1772 1704 1773
f 1773 1704 1705
f 1773 1705 1774
f 1774 1705 1706
f 1774 1706 1775
f 1775 1706 1707
f 1775 1707 1776
f 1776 1707 1708
f 1776 1708 1777
f 1777 1708 1709
f 1777 1709 1778
f 1778 1709 1710
f 1778 1710 1779
f 1779 1710 1711
f 1779 1711 1780
f 1780 1711 1712
f 1780 1712 1781
f 1781 1712 1713
f 1781 1713 1782
f 1782 1713 1714
f 1782 1714 1783
f 1783 1714 1715
f 1783 1715 1784
f 1784 1715 1716
f 1784 1716 1785
f 1785 1716 1717
f 1785 1717 1786
f 1786 1717 1718
f 1786 1718 1787
f 1787 1718 1719
f 1787 1719 1788
f 1788 1719 1720
f 1788 1720 1789
f 1789 1720 1721
f 1789 1721 1790
f 1790 1721 1722
f 1790 1722 1791
f 1791 1722 1723
f 1791 1723 1792
f 1792 1723 1724
f 1792 1724 1793
f 1793 1724 1725
f 1793 1725 1794
f 1794 1725 1726
f 1794 1726 1795
f 1795 1726 1727
f 1795 1727 1796
f 1796 1727 1728
f 1796 1728 1797
f 1797 1728 1729
f 1797 1729 1798
f 1798 1729 1730
f 1798 1730 1799
f 1799 1730 1731
f 1799 1731 1800
f 1800 1731 1732
f 1800 1732 1801
f 1801 1732 1733
f 1801 1733 1802
f 1802 1733 1734
f 1802 1734 1803
f 1803 1734 1735
f 1803 1735 1804
f 1804 1735 1736
f 1804 1736 1805
f 1805 1736 1737
f 1805 1737 1806
f 1806 1737 1738
f 1806 1738 1807
f 1807 1738 1739
f 1807 1739 1808
f 1808 1739 1740
f 1808 1740 1809
f 1809 1740 1741
f 1809 1741 1810
f 1810 1741 1742
f 1810 1742 1811
f 1811 1742 1743
f 1811 1743 1812
f 1812 1743 1744
f 1812 1744 1813
f 1813 1744 1745
f 1813 1745 1814
f 1814 1745 1746
f 1814 1746 1815
f 1815 1746 1747
f 1815 1747 1816
f 1816 1747 1748
f 1816 1748 1817
f 1817 1748 1749
f 1817 1749 1818
f 1818 1749 1750
f 1818 1750 1819
f 1819 1750 1751
f 1819 1751 1820
f 1820 1751 1752
f 1820 1752 1821
f 1821 1752 1753
f 1821 1753 1822
f 1822 1753 1754
f 1822 1754 1823
f 1823 1754 1755
f 1823 1755 1824
f 1824 1755 1756
f 1824 1756 1825
f 1825 1756 1757
f 1825 1757 1826
f 1826 1757 1758
f 1826 1758 1827
f 1827 1758 1759
f 1827 1759 1828
f 1828 1759 1760
f 1828 1760 1829
f 1829 1760 1761
f 1829 1761 1830
f 1830 1761 1762
f 1830 1762 1831
f 1831 1762 1763
f 1831 1763 1832
f 1832 1763 1764
f 1832 1764 1833
f 1833 1764 1765
f 1833 1765 1834
f 1834 1765 1766
f 1834 1766 1835
f 1835 1766 1767
f 1835 1767 1836
f 1836 1767 1768
f 1836 1768 1837
f 1837 1768 1769
f 1837 1769 1838
f 1838 1769 1770
f 1838 1770 1839
f 1839 1770 1771
f 1839 1771 1840
f 1840 1771 1703
f 1840 1703 1772
f 1841 1772 1773
f 1841 1773 1842
f 1842 1773 1774
f 1842 1774 1843
f 1843 1774 1775
f 1843 1775 1844
f 1844 1775 1776
f 1844 1776 1845
f 1845 1776 1777
f 1845 1777 1846
f 1846 1777 1778
f 1846 1778 1847
f 1847 1778 1779
f 1847 1779 1848
f 1848 1779 1780
f 1848 1780 1849
f 1849 1780 1781
f 1849 1781 1850
f 1850 1781 1782
f 1850 1782 1851
f 1851 1782 1783
f 1851 1783 1852
f 1852 1783 1784
f 1852 1784 1853
f 1853 1784 1785
f 1853 1785 1854
f 1854 1785 1786
f 1854 1786 1855
f 1855 1786 1787
f 1855 1787 1856
f 1856 1787 1788
f 1856 1788 1857
f 1857 1788 1789
f 1857 1789 1858
f 1858 1789 1790
f 1858 1790 1859
f 1859 1790 1791
f 1859 1791 1860
f 1860 1791 1792
f 1860 1792 1861
f 1861 1792 1793
f 1861 1793 1862
f 1862 1793 1794
f 1862 1794 1863
f 1863 1794 1795
f 1863 1795 1864
f 1864 1795 1796
f 1864 1796 1865
f 1865 1796 1797
f 1865 1797 1866
f 1866 1797 1798
f 1866 1798 1867
f 1867 1798 1799
f 1867 1799 1868
f 1868 1799 1800
f 1868 1800 1869
f 1869 1800 1801
f 1869 1801 1870
f 1870 1801 1802
f 1870 1802 1871
f 1871 1802 1803
f 1871 1803 1872
f 1872 1803 1804
f 1872 1804 1873
f 1873 1804 1805
f 1873 1805 1874
f 1874 1805 1806
f 1874 1806 1875
f 1875 1806 1807
f 1875 1807 1876
f 1876 1807 1808
f 1876 1808 1877
f 1877 1808 1809
f 1877 1809 1878
f 1878 1809 1810
f 1878 1810 1879
f 1879 1810 1811
f 1879 1811 1880
f 1880 1811 1812
f 1880 1812 1881
f 1881 1812 1813
f 1881 1813 1882
f 1882 1813 1814
f 1882 1814 1883
f 1883 1814 1815
f 1883 1815 1884
f 1884 1815 1816
f 1884 1816 1885
f 1885 1816 1817
f 1885 1817 1886
f 1886 1817 1818
f 1886 1818 1887
f 1887 1818 1819
f 1887 1819 1888
f 1888 1819 1820
f 1888 1820 1889
f 1889 1820 1821
f 1889 1821 1890
f 1890 1821 1822
f 1890 1822 1891
f 1891 1822 1823
f 1891 1823 1892
f 1892 1823 1824
f 1892 1824 1893
f 1893 1824 1825
f 1893 1825 1894
f 1894 1825 1826
f 1894 1826 1895
f 1895 1826 1827
f 1895 1827 1896
f 1896 1827 1828
f 1896 1828 1897
f 1897 1828 1829
f 1897 1829 1898
f 1898 1829 1830
f 1898 1830 1899
f 1899 1830 1831
f 1899 1831 1900
f 1900 1831 1832
f 1900 1832 1901
f 1901 1832 1833
f 1901 1833 1902
f 1902 1833 1834
f 1902 1834 1903
f 1903 1834 1835
f 1903 1835 1904
f 1904 1835 1836
f 1904 1836 1905
f 1905 1836 1837
f 1905 1837 1906
f 1906 1837 1838
f 1906 1838 1907
f 1907 1838 1839
f 1907 1839 1908
f 1908 1839 1840
f 1908 1840 1909
f 1909 1840 1772
f 1909 1772 1841
f 1910 1841 1842
f 1910 1842 1911
f 1911 1842 1843
f 1911 1843 1912
f 1912 1843 1844
f 1912 1844 1913
f 1913 1844 1845
f 1913 1845 1914
f 1914 1845 1846
f 1914 1846 1915
f 1915 1846 1847
f 1915 1847 1916
f 1916 1847 1848
f 1916 1848 1917
f 1917 1848 1849
f 1917 1849 1918
f 1918 1849 1850
f 1918 1850 1919
f 1919 1850 1851
f 1919 1851 1920
f 1920 1851 1852
f 1920 1852 1921
f 1921 1852 1853
f 1921 1853 1922
f 1922 1853 1854
f 1922 1854 1923
f 1923 1854 1855
f 1923 1855 1924
f 1924 1855 1856
f 1924 1856 1925
f 1925 1856 1857
f 1925 1857 1926
f 1926 1857 1858
f 1926 1858 1927
f 1927 1858 1859
f 1927 1859 1928
f 1928 1859 1860
f 1928 1860 1929
f 1929 1860 1861
f 1929 1861 1930
f 1930 1861 1862
f 1930 1862 1931
f 1931 1862 1863
f 1931 1863 1932
f 1932 1863 1864
f 1932 1864 1933
f 1933 1864 1865
f 1933 1865 1934
f 1934 1865 1866
f 1934 1866 1935
f 1935 1866 1867
f 1935 1867 1936
f 1936 1867 1868
f 1936 1868 1937
f 1937 1868 1869
f 1937 1869 1938
f 1938 1869 1870
f 1938 1870 1939
f 1939 1870 1871
f 1939 1871 1940
f 1940 1871 1872
f 1940 1872 1941
f 1941 1872 1873
f 1941 1873 1942
f 1942 1873 1874
f 1942 1874 1943
f 1943 1874 1875
f 1943 1875 1944
f 1944 1875 1876
f 1944 1876 1945
f 1945 1876 1877
f 1945 1877 1946
f 1946 1877 1878
f 1946 1878 1947
f 1947 1878 1879
f 1947 1879 1948
f 1948 1879 1880
f 1948 1880 1949
f 1949 1880 1881
f 1949 1881 1950
f 1950 1881 1882
f 1950 1882 1951
f 1951 1882 1883
f 1951 1883 1952
f 1952 1883 1884
f 1952 1884 1953
f 1953 1884 1885
f 1953 1885 1954
f 1954 1885 1886
f 1954 1886 1955
f 1955 1886 1887
f 1955 1887 1956
f 1956 1887 1888
f 1956 1888 1957
f 1957 1888 1889
f 1957 1889 1958
f 1958 1889 1890
f 1958 1890 1959
f 1959 1890 1891
f 1959 1891 1960
f 1960 1891 1892
f 1960 1892 1961
f 1961 1892 1893
f 1961 1893 1962
f 1962 1893 1894
f 1962 1894 1963
f 1963 1894 1895
f 1963 1895 1964
f 1964 1895 1896
f 1964 1896 1965
f 1965 1896 1897
f 1965 1897 1966
f 1966 1897 1898
f 1966 1898 1967
f 1967 1898 1899
f 1967 1899 1968
f 1968 1899 1900
f 1968 1900 1969
f 1969 1900 1901
f 1969 1901 1970
f 1970 1901 1902
f 1970 1902 1971
f 1971 1902 1903
f 1971 1903 1972
f 1972 1903 1904
f 1972 1904 1973
f 1973 1904 1905
f 1973 1905 1974
f 1974 1905 1906
f 1974 1906 1975
f 1975 1906 1907
f 1975 1907 1976
f 1976 1907 1908
f 1976 1908 1977
f 1977 1908 1909
f 1977 1909 1978
f 1978 1909 1841
f 1978 1841 1910
f 1979 1910 1911
f 1979 1911 1980
f 1980 1911 1912
f 1980 1912 1981
f 1981 1912 1913
f 1981 1913 1982
f 1982 1913 1914
f 1982 1914 1983
f 1983 1914 1915
f 1983 1915 1984
f 1984 1915 1916
f 1984 1916 1985
f 1985 1916 1917
f 1985 1917 1986
f 1986 1917 1918
f 1986 1918 1987
f 1987 1918 1919
f 1987 1919 1988
f 1988 1919 1920
f 1988 1920 1989
f 1989 1920 1921
f 1989 1921 1990
f 1990 1921 1922
f 1990 1922 1991
f 1991 1922 1923
f 1991 1923 1992
f 1992 1923 1924
f 1992 1924 1993
f 1993 1924 1925
f 1993 1925 1994
f 1994 1925 1926
f 1994 1926 1995
f 1995 1926 1927
f 1995 1927 1996
f 1996 1927 1928
f 1996 1928 1997
f 1997 1928 1929
f 1997 1929 1998
f 1998 1929 1930
f 1998 1930 1999
f 1999 1930 1931
f 1999 1931 2000
f 2000 1931 1932
f 2000 1932 2001
f 2001 1932 1933
f 2001 1933 2002
f 2002 1933 1934
f 2002 1934 2003
f 2003 1934 1935
f 2003 1935 2004
f 2004 1935 1936
f 2004 1936 2005
f 2005 1936 1937
f 2005 1937 2006
f 2006 1937 1938
f 2006 1938 2007
f 2007 1938 1939
f 2007 1939 2008
f 2008 1939 1940
f 2008 1940 2009
f 2009 1940 1941
f 2009 1941 2010
f 2010 1941 1942
f 2010 1942 2011
f 2011 1942 1943
f 2011 1943 2012
f 2012 1943 1944
f 2012 1944 2013
f 2013 1944 1945
f 2013 1945 2014
f 2014 1945 1946
f 2014 1946 2015
f 2015 1946 1947
f 2015 1947 2016
f 2016 1947 1948
f 2016 1948 2017
f 2017 1948 1949
f 2017 1949 2018
f 2018 1949 1950
f 2018 1950 2019
f 2019 1950 1951
f 2019 1951 2020
f 2020 1951 1952
f 2020 1952 2021
f 2021 1952 1953
f 2021 1953 2022
f 2022 1953 1954
f 2022 1954 2023
f 2023 1954 1955
f 2023 1955 2024
f 2024 1955 1956
f 2024 1956 2025
f 2025 1956 1957
f 2025 1957 2026
f 2026 1957 1958
f 2026 1958 2027
f 2027 1958 1959
f 2027 1959 2028
f 2028 1959 1960
f 2028 1960 2029
f 2029 1960 1961
f 2029 1961 2030
f 2030 1961 1962
f 2030 1962 2031
f 2031 1962 1963
f 2031 1963 2032
f 2032 1963 1964
f 2032 1964 2033
f 2033 1964 1965
f 2033 1965 2034
f 2034 1965 1966
f 2034 1966 2035
f 2035 1966 1967
f 2035 1967 2036
f 2036 1967 1968
f 2036 1968 2037
f 2037 1968 1969
f 2037 1969 2038
f 2038 1969 1970
f 2038 1970 2039
f 2039 1970 1971
f 2039 1971 2040
f 2040 1971 1972
f 2040 1972 2041
f 2041 1972 1973
f 2041 1973 2042
f 2042 1973 1974
f 2042 1974 2043
f 2043 1974 1975
f 2043 1975 2044
f 2044 1975 1976
f 2044 1976 2045
f 2045 1976 1977
f 2045 1977 2046
f 2046 1977 1978
f 2046 1978 2047
f 2047 1978 1910
f 2047 1910 1979
f 2048 1979 1980
f 2048 1980 2049
f 2049 1980 1981
f 2049 1981 2050
f 2050 1981 1982
f 2050 1982 2051
f 2051 1982 1983
f 2051 1983 2052
f 2052 1983 1984
f 2052 1984 2053
f 2053 1984 1985
f 2053 1985 2054
f 2054 1985 1986
f 2054 1986 2055
f 2055 1986 1987
f 2055 1987 2056
f 2056 1987 1988
f 2056 1988 2057
f 2057 1988 1989
f 2057 1989 2058
f 2058 1989 1990
f 2058 1990 2059
f 2059 1990 1991
f 2059 1991 2060
f 2060 1991 1992
f 2060 1992 2061
f 2061 1992 1993
f 2061 1993 2062
f 2062 1993 1994
f 2062 1994 2063
f 2063 1994 1995
f 2063 1995 2064
f 2064 1995 1996
f 2064 1996 2065
f 2065 1996 1997
f 2065 1997 2066
f 2066 1997 1998
f 2066 1998 2067
f 2067 1998 1999
f 2067 1999 2068
f 2068 1999 2000
f 2068 2000 2069
f 2069 2000 2001
f 2069 2001 2070
f 2070 2001 2002
f 2070 2002 2071
f 2071 2002 2003
f 2071 2003 2072
f 2072 2003 2004
f 2072 2004 2073
f 2073 2004 2005
f 2073 2005 2074
f 2074 2005 2006
f 2074 2006 2075
f 2075 2006 2007
f 2075 2007 2076
f 2076 2007 2008
f 2076 2008 2077
f 2077 2008 2009
f 2077 2009 2078
f 2078 2009 2010
f 2078 2010 2079
f 2079 2010 2011
f 2079 2011 2080
f 2080 2011 2012
f 2080 2012 2081
f 2081 2012 2013
f 2081 2013 2082
f 2082 2013 2014
f 2082 2014 2083
f 2083 2014 2015
f 2083 2015 2084
f 2084 2015 2016
f 2084 2016 2085
f 2085 2016 2017
f 2085 2017 2086
f 2086 2017 2018
f 2086 2018 2087
f 2087 2018 2019
f 2087 2019 2088
f 2088 2019 2020
f 2088 2020 2089
f 2089 2020 2021
f 2089 2021 2090
f 2090 2021 2022
f 2090 2022 2091
f 2091 2022 2023
f 2091 2023 2092
f 2092 2023 2024
f 2092 2024 2093
f 2093 2024 2025
f 2093 2025 2094
f 2094 2025 2026
f 2094 2026 2095
f 2095 2026 2027
f 2095 2027 2096
f 2096 2027 2028
f 2096 2028 2097
f 2097 2028 2029
f 2097 2029 2098
f 2098 2029 2030
f 2098 2030 2099
f 2099 2030 2031
f 2099 2031 2100
f 2100 2031 2032
f 2100 2032 2101
f 2101 2032 2033
f 2101 2033 2102
f 2102 2033 2034
f 2102 2034 2103
f 2103 2034 2035
f 2103 2035 2104
f 2104 2035 2036
f 2104 2036 2105
f 2105 2036 2037
f 2105 2037 2106
f 2106 2037 2038
f 2106 2038 2107
f 2107 2038 2039
f 2107 2039 2108
f 2108 2039 2040
f 2108 2040 2109
f 2109 2040 2041
f 2109 2041 2110
f 2110 2041 2042
f 2110 2042 2111
f 2111 2042 2043
f 2111 2043 2112
f 2112 2043 2044
f 2112 2044 2113
f 2113 2044 2045
f 2113 2045 2114
f 2114 2045 2046
f 2114 2046 2115
f 2115 2046 2047
f 2115 2047 2116
f 2116 2047 1979
f 2116 1979 2048
f 2117 2048 2049
f 2117 2049 2118
f 2118 2049 2050
f 2118 2050 2119
f 2119 2050 2051
f 2119 2051 2120
f 2120 2051 2052
f 2120 2052 2121
f 2121 2052 2053
f 2121 2053 2122
f 2122 2053 2054
f 2122 2054 2123
f 2123 2054 2055
f 2123 2055 2124
f 2124 2055 2056
f 2124 2056 2125
f 2125 2056 2057
f 2125 2057 2126
f 2126 2057 2058
f 2126 2058 2127
f 2127 2058 2059
f 2127 2059 2128
f 2128 2059 2060
f 2128 2060 2129
f 2129 2060 2061
f 2129 2061 2130
f 2130 2061 2062
f 2130 2062 2131
f 2131 2062 2063
f 2131 2063 2132
f 2132 2063 2064
f 2132 2064 2133
f 2133 2064 2065
f 2133 2065 2134
f 2134 2065 2066
f 2134 2066 2135
f 2135 2066 2067
f 2135 2067 2136
f 2136 2067 2068
f 2136 2068 2137
f 2137 2068 2069
f 2137 2069 2138
f 2138 2069 2070
f 2138 2070 2139
f 2139 2070 2071
f 2139 2071 2140
f 2140 2071 2072
f 2140 2072 2141
f 2141 2072 2073
f 2141 2073 2142
f 2142 2073 2074
f 2142 2074 2143
f 2143 2074 2075
f 2143 2075 2144
f 2144 2075 2076
f 2144 2076 2145
f 2145 2076 2077
f 2145 2077 2146
f 2146 2077 2078
f 2146 2078 2147
f 2147 2078 2079
f 2147 2079 2148
f 2148 2079 2080
f 2148 2080 2149
f 2149 2080 2081
f 2149 2081 2150
f 2150 2081 2082
f 2150 2082 2151
f 2151 2082 2083
f 2151 2083 2152
f 2152 2083 2084
f 2152 2084 2153
f 2153 2084 2085
f 2153 2085 2154
f 2154 2085 2086
f 2154 2086 2155
f 2155 2086 2087
f 2155 2087 2156
f 2156 2087 2088
f 2156 2088 2157
f 2157 2088 2089
f 2157 2089 2158
f 2158 2089 2090
f 2158 2090 2159
f 2159 2090 2091
f 2159 2091 2160
f 2160 2091 2092
f 2160 2092 2161
f 2161 2092 2093
f 2161 2093 2162
f 2162 2093 2094
f 2162 2094 2163
f 2163 2094 2095
f 2163 2095 2164
f 2164 2095 2096
f 2164 2096 2165
f 2165 2096 2097
f 2165 2097 2166
f 2166 2097 2098
f 2166 2098 2167
f 2167 2098 2099
f 2167 2099 2168
f 2168 2099 2100
f 2168 2100 2169
f 2169 2100 2101
f 2169 2101 2170
f 2170 2101 2102
f 2170 2102 2171
f 2171 2102 2103
f 2171 2103 2172
f 2172 2103 2104
f 2172 2104 2173
f 2173 2104 2105
f 2173 2105 2174
f 2174 2105 2106
f 2174 2106 2175
f 2175 2106 2107
f 2175 2107 2176
f 2176 2107 2108
f 2176 2108 2177
f 2177 2108 2109
f 2177 2109 2178
f 2178 2109 2110
f 2178 2110 2179
f 2179 2110 2111
f 2179 2111 2180
f 2180 2111 2112
f 2180 2112 2181
f 2181 2112 2113
f 2181 2113 2182
f 2182 2113 2114
f 2182 2114 2183
f 2183 2114 2115
f 2183 2115 2184
f 2184 2115 2116
f 2184 2116 2185
f 2185 2116 2048
f 2185 2048 2117
f 2186 2117 2118
f 2186 2118 2187
f 2187 2118 2119
f 2187 2119 2188
f 2188 2119 2120
f 2188 2120 2189
f 2189 2120 2121
f 2189 2121 2190
f 2190 2121 2122
f 2190 2122 2191
f 2191 2122 2123
f 2191 2123 2192
f 2192 2123 2124
f 2192 2124 2193
f 2193 2124 2125
f 2193 2125 2194
f 2194 2125 2126
f 2194 2126 2195
f 2195 2126 2127
f 2195 2127 2196
f 2196 2127 2128
f 2196 2128 2197
f 2197 2128 2129
f 2197 2129 2198
f 2198 2129 2130
f 2198 2130 2199
f 2199 2130 2131
f 2199 2131 2200
f 2200 2131 2132
f 2200 2132 2201
f 2201 2132 2133
f 2201 2133 2202
f 2202 2133 2134
f 2202 2134 2203
f 2203 2134 2135
f 2203 2135 2204
f 2204 2135 2136
f 2204 2136 2205
f 2205 2136 2137
f 2205 2137 2206
f 2206 2137 2138
f 2206 2138 2207
f 2207 2138 2139
f 2207 2139 2208
f 2208 2139 2140
f 2208 2140 2209
f 2209 2140 2141
f 2209 2141 2210
f 2210 2141 2142
f 2210 2142 2211
f 2211 2142 2143
f 2211 2143 2212
f 2212 2143 2144
f 2212 2144 2213
f 2213 2144 2145
f 2213 2145 2214
f 2214 2145 2146
f 2214 2146 2215
f 2215 2146 2147
f 2215 2147 2216
f 2216 2147 2148
f 2216 2148 2217
f 2217 2148 2149
f 2217 2149 2218
f 2218 2149 2150
f 2218 2150 2219
f 2219 2150 2151
f 2219 2151 2220
f 2220 2151 2152
f 2220 2152 2221
f 2221 2152 2153
f 2221 2153 2222
f 2222 2153 2154
f 2222 2154 2223
f 2223 2154 2155
f 2223 2155 2224
f 2224 2155 2156
f 2224 2156 2225
f 2225 2156 2157
f 2225 2157 2226
f 2226 2157 2158
f 2226 2158 2227
f 2227 2158 2159
f 2227 2159 2228
f 2228 2159 2160
f 2228 2160 2229
f 2229 2160 2161
f 2229 2161 2230
f 2230 2161 2162
f 2230 2162 2231
f 2231 2162 2163
f 2231 2163 2232
f 2232 2163 2164
f 2232 2164 2233
f 2233 2164 2165
f 2233 2165 2234
f 2234 2165 2166
f 2234 2166 2235
f 2235 2166 2167
f 2235 2167 2236
f 2236 2167 2168
f 2236 2168 2237
f 2237 2168 2169
f 2237 2169 2238
f 2238 2169 2170
f 2238 2170 2239
f 2239 2170 2171
f 2239 2171 2240
f 2240 2171 2172
f 2240 2172 2241
f 2241 2172 2173
f 2241 2173 2242
f 2242 2173 2174
f 2242 2174 2243
f 2243 2174 2175
f 2243 2175 2244
f 2244 2175 2176
f 2244 2176 2245
f 2245 2176 2177
f 2245 2177 2246
f 2246 2177 2178
f 2246 2178 2247
f 2247 2178 2179
f 2247 2179 2248
f 2248 2179 2180
f 2248 2180 2249
f 2249 2180 2181
f 2249 2181 2250
f 2250 2181 2182
f 2250 2182 2251
f 2251 2182 2183
f 2251 2183 2252
f 2252 2183 2184
f 2252 2184 2253
f 2253 2184 2185
f 2253 2185 2254
f 2254 2185 2117
f 2254 2117 2186
f 2255 2186 2187
f 2255 2187 2256
f 2256 2187 2188
f 2256 2188 2257
f 2257 2188 2189
f 2257 2189 2258
f 2258 2189 2190
f 2258 2190 2259
f 2259 2190 2191
f 2259 2191 2260
f 2260 2191 2192
f 2260 2192 2261
f 2261 2192 2193
f 2261 2193 2262
f 2262 2193 2194
f 2262 2194 2263
f 2263 2194 2195
f 2263 2195 2264
f 2264 2195 2196
f 2264 2196 2265
f 2265 2196 2197
f 2265 2197 2266
f 2266 2197 2198
f 2266 2198 2267
f 2267 2198 2199
f 2267 2199 2268
f 2268 2199 2200
f 2268 2200 2269
f 2269 2200 2201
f 2269 2201 2270
f 2270 2201 2202
f 2270 2202 2271
f 2271 2202 2203
f 2271 2203 2272
f 2272 2203 2204
f 2272 2204 2273
f 2273 2204 2205
f 2273 2205 2274
f 2274 2205 2206
f 2274 2206 2275
f 2275 2206 2207
f 2275 2207 2276
f 2276 2207 2208
f 2276 2208 2277
f 2277 2208 2209
f 2277 2209 2278
f 2278 2209 2210
f 2278 2210 2279
f 2279 2210 2211
f 2279 2211 2280
f 2280 2211 2212
f 2280 2212 2281
f 2281 2212 2213
f 2281 2213 2282
f 2282 2213 2214
f 2282 2214 2283
f 2283 2214 2215
f 2283 2215 2284
f 2284 2215 2216
f 2284 2216 2285
f 2285 2216 2217
f 2285 2217 2286
f 2286 2217 2218
f 2286 2218 2287
f 2287 2218 2219
f 2287 2219 2288
f 2288 2219 2220
f 2288 2220 2289
f 2289 2220 2221
f 2289 2221 2290
f 2290 2221 2222
f 2290 2222 2291
f 2291 2222 2223
f 2291 2223 2292
f 2292 2223 2224
f 2292 2224 2293
f 2293 2224 2225
f 2293 2225 2294
f 2294 2225 2226
f 2294 2226 2295
f 2295 2226 2227
f 2295 2227 2296
f 2296 2227 2228
f 2296 2228 2297
f 2297 2228 2229
f 2297 2229 2298
f 2298 2229 2230
f 2298 2230 2299
f 2299 2230 2231
f 2299 2231 2300
f 2300 2231 2232
f 2300 2232 2301
f 2301 2232 2233
f 2301 2233 2302
f 2302 2233 2234
f 2302 2234 2303
f 2303 2234 2235
f 2303 2235 2304
f 2304 2235 2236
f 2304 2236 2305
f 2305 2236 2237
f 2305 2237 2306
f 2306 2237 2238
f 2306 2238 2307
f 2307 2238 2239
f 2307 2239 2308
f 2308 2239 2240
f 2308 2240 2309
f 2309 2240 2241
f 2309 2241 2310
f 2310 2241 2242
f 2310 2242 2311
f 2311 2242 2243
f 2311 2243 2312
f 2312 2243 2244
f 2312 2244 2313
f 2313 2244 2245
f 2313 2245 2314
f 2314 2245 2246
f 2314 2246 2315
f 2315 2246 2247
f 2315 2247 2316
f 2316 2247 2248
f 2316 2248 2317
f 2317 2248 2249
f 2317 2249 2318
f 2318 2249 2250
f 2318 2250 2319
f 2319 2250 2251
f 2319 2251 2320
f 2320 2251 2252
f 2320 2252 2321
f 2321 2252 2253
f 2321 2253 2322
f 2322 2253 2254
f 2322 2254 2323
f 2323 2254 2186
f 2323 2186 2255
f 2324 2255 2256
f 2324 2256 2325
f 2325 2256 2257
f 2325 2257 2326
f 2326 2257 2258
f 2326 2258 2327
f 2327 2258 2259
f 2327 2259 2328
f 2328 2259 2260
f 2328 2260 2329
f 2329 2260 2261
f 2329 2261 2330
f 2330 2261 2262
f 2330 2262 2331
f 2331 2262 2263
f 2331 2263 2332
f 2332 2263 2264
f 2332 2264 2333
f 2333 2264 2265
f 2333 2265 2334
f 2334 2265 2266
f 2334 2266 2335
f 2335 2266 2267
f 2335 2267 2336
f 2336 2267 2268
f 2336 2268 2337
f 2337 2268 2269
f 2337 2269 2338
f 2338 2269 2270
f 2338 2270 2339
f 2339 2270 2271
f 2339 2271 2340
f 2340 2271 2272
f 2340 2272 2341
f 2341 2272 2273
f 2341 2273 2342
f 2342 2273 2274
f 2342 2274 2343
f 2343 2274 2275
f 2343 2275 2344
f 2344 2275 2276
f 2344 2276 2345
f 2345 2276 2277
f 2345 2277 2346
f 2346 2277 2278
f 2346 2278 2347
f 2347 2278 2279
f 2347 2279 2348
f 2348 2279 2280
f 2348 2280 2349
f 2349 2280 2281
f 2349 2281 2350
f 2350 2281 2282
f 2350 2282 2351
f 2351 2282 2283
f 2351 2283 2352
f 2352 2283 2284
f 2352 2284 2353
f 2353 2284 2285
f 2353 2285 2354
f 2354 2285 2286
f 2354 2286 2355
f 2355 2286 2287
f 2355 2287 2356
f 2356 2287 2288
f 2356 2288 2357
f 2357 2288 2289
f 2357 2289 2358
f 2358 2289 2290
f 2358 2290 2359
f 2359 2290 2291
f 2359 2291 2360
f 2360 2291 2292
f 2360 2292 2361
f 2361 2292 2293
f 2361 2293 2362
f 2362 2293 2294
f 2362 2294 2363
f 2363 2294 2295
f 2363 2295 2364
f 2364 2295 2296
f 2364 2296 2365
f 2365 2296 2297
f 2365 2297 2366
f 2366 2297 2298
f 2366 2298 2367
f 2367 2298 2299
f 2367 2299 2368
f 2368 2299 2300
f 2368 2300 2369
f 2369 2300 2301
f 2369 2301 2370
f 2370 2301 2302
f 2370 2302 2371
f 2371 2302 2303
f 2371 2303 2372
f 2372 2303 2304
f 2372 2304 2373
f 2373 2304 2305
f 2373 2305 2374
f 2374 2305 2306
f 2374 2306 2375
f 2375 2306 2307
f 2375 2307 2376
f 2376 2307 2308
f 2376 2308 2377
f 2377 2308 2309
f 2377 2309 2378
f 2378 2309 2310
f 2378 2310 2379
f 2379 2310 2311
f 2379 2311 2380
f 2380 2311 2312
f 2380 2312 2381
f 2381 2312 2313
f 2381 2313 2382
f 2382 2313 2314
f 2382 2314 2383
f 2383 2314 2315
f 2383 2315 2384
f 2384 2315 2316
f 2384 2316 2385
f 2385 2316 2317
f 2385 2317 2386
f 2386 2317 2318
f 2386 2318 2387
f 2387 2318 2319
f 2387 2319 2388
f 2388 2319 2320
f 2388 2320 2389
f 2389 2320 2321
f 2389 2321 2390
f 2390 2321 2322
f 2390 2322 2391
f 2391 2322 2323
f 2391 2323 2392
f 2392 2323 2255
f 2392 2255 2324
f 2393 2324 2325
f 2393 2325 2394
f 2394 2325 2326
f 2394 2326 2395
f 2395 2326 2327
f 2395 2327 2396
f 2396 2327 2328
f 2396 2328 2397
f 2397 2328 2329
f 2397 2329 2398
f 2398 2329 2330
f 2398 2330 2399
f 2399 2330 2331
f 2399 2331 2400
f 2400 2331 2332
f 2400 2332 2401
f 2401 2332 2333
f 2401 2333 2402
f 2402 2333 2334
f 2402 2334 2403
f 2403 2334 2335
f 2403 2335 2404
f 2404 2335 2336
f 2404 2336 2405
f 2405 2336 2337
f 2405 2337 2406
f 2406 2337 2338
f 2406 2338 2407
f 2407 2338 2339
f 2407 2339 2408
f 2408 2339 2340
f 2408 2340 2409
f 2409 2340 2341
f 2409 2341 2410
f 2410 2341 2342
f 2410 2342 2411
f 2411 2342 2343
f 2411 2343 2412
f 2412 2343 2344
f 2412 2344 2413
f 2413 2344 2345
f 2413 2345 2414
f 2414 2345 2346
f 2414 2346 2415
f 2415 2346 2347
f 2415 2347 2416
f 2416 2347 2348
f 2416 2348 2417
f 2417 2348 2349
f 2417 2349 2418
f 2418 2349 2350
f 2418 2350 2419
f 2419 2350 2351
f 2419 2351 2420
f 2420 2351 2352
f 2420 2352 2421
f 2421 2352 2353
f 2421 2353 2422
f 2422 2353 2354
f 2422 2354 2423
f 2423 2354 2355
f 2423 2355 2424
f 2424 2355 2356
f 2424 2356 2425
f 2425 2356 2357
f 2425 2357 2426
f 2426 2357 2358
f 2426 2358 2427
f 2427 2358 2359
f 2427 2359 2428
f 2428 2359 2360
f 2428 2360 2429
f 2429 2360 2361
f 2429 2361 2430
f 2430 2361 2362
f 2430 2362 2431
f 2431 2362 2363
f 2431 2363 2432
f 2432 2363 2364
f 2432 2364 2433
f 2433 2364 2365
f 2433 2365 2434
f 2434 2365 2366
f 2434 2366 2435
f 2435 2366 2367
f 2435 2367 2436
f 2436 2367 2368
f 2436 2368 2437
f 2437 2368 2369
f 2437 2369 2438
f 2438 2369 2370
f 2438 2370 2439
f 2439 2370 2371
f 2439 2371 2440
f 2440 2371 2372
f 2440 2372 2441
f 2441 2372 2373
f 2441 2373 2442
f 2442 2373 2374
f 2442 2374 2443
f 2443 2374 2375
f 2443 2375 2444
f 2444 2375 2376
f 2444 2376 2445
f 2445 2376 2377
f 2445 2377 2446
f 2446 2377 2378
f 2446 2378 2447
f 2447 2378 2379
f 2447 2379 2448
f 2448 2379 2380
f 2448 2380 2449
f 2449 2380 2381
f 2449 2381 2450
f 2450 2381 2382
f 2450 2382 2451
f 2451 2382 2383
f 2451 2383 2452
f 2452 2383 2384
f 2452 2384 2453
f 2453 2384 2385
f 2453 2385 2454
f 2454 2385 2386
f 2454 2386 2455
f 2455 2386 2387
f 2455 2387 2456
f 2456 2387 2388
f 2456 2388 2457
f 2457 2388 2389
f 2457 2389 2458
f 2458 2389 2390
f 2458 2390 2459
f 2459 2390 2391
f 2459 2391 2460
f 2460 2391 2392
f 2460 2392 2461
f 2461 2392 2324
f 2461 2324 2393
f 2462 2393 2394
f 2462 2394 2463
f 2463 2394 2395
f 2463 2395 2464
f 2464 2395 2396
f 2464 2396 2465
f 2465 2396 2397
f 2465 2397 2466
f 2466 2397 2398
f 2466 2398 2467
f 2467 2398 2399
f 2467 2399 2468
f 2468 2399 2400
f 2468 2400 2469
f 2469 2400 2401
f 2469 2401 2470
f 2470 2401 2402
f 2470 2402 2471
f 2471 2402 2403
f 2471 2403 2472
f 2472 2403 2404
f 2472 2404 2473
f 2473 2404 2405
f 2473 2405 2474
f 2474 2405 2406
f 2474 2406 2475
f 2475 2406 2407
f 2475 2407 2476
f 2476 2407 2408
f 2476 2408 2477
f 2477 2408 2409
f 2477 2409 2478
f 2478 2409 2410
f 2478 2410 2479
f 2479 2410 2411
f 2479 2411 2480
f 2480 2411 2412
f 2480 2412 2481
f 2481 2412 2413
f 2481 2413 2482
f 2482 2413 2414
f 2482 2414 2483
f 2483 2414 2415
f 2483 2415 2484
f 2484 2415 2416
f 2484 2416 2485
f 2485 2416 2417
f 2485 2417 2486
f 2486 2417 2418
f 2486 2418 2487
f 2487 2418 2419
f 2487 2419 2488
f 2488 2419 2420
f 2488 2420 2489
f 2489 2420 2421
f 2489 2421 2490
f 2490 2421 2422
f 2490 2422 2491
f 2491 2422 2423
f 2491 2423 2492
f 2492 2423 2424
f 2492 2424 2493
f 2493 2424 2425
f 2493 2425 2494
f 2494 2425 2426
f 2494 2426 2495
f 2495 2426 2427
f 2495 2427 2496
f 2496 2427 2428
f 2496 2428 2497
f 2497 2428 2429
f 2497 2429 2498
f 2498 2429 2430
f 2498 2430 2499
f 2499 2430 2431
f 2499 2431 2500
f 2500 2431 2432
f 2500 2432 2501
f 2501 2432 2433
f 2501 2433 2502
f 2502 2433 2434
f 2502 2434 2503
f 2503 2434 2435
f 2503 2435 2504
f 2504 2435 2436
f 2504 2436 2505
f 2505 2436 2437
f 2505 2437 2506
f 2506 2437 2438
f 2506 2438 2507
f 2507 2438 2439
f 2507 2439 2508
f 2508 2439 2440
f 2508 2440 2509
f 2509 2440 2441
f 2509 2441 2510
f 2510 2441 2442
f 2510 2442 2511
f 2511 2442 2443
f 2511 2443 2512
f 2512 2443 2444
f 2512 2444 2513
f 2513 2444 2445
f 2513 2445 2514
f 2514 2445 2446
f 2514 2446 2515
f 2515 2446 2447
f 2515 2447 2516
f 2516 2447 2448
f 2516 2448 2517
f 2517 2448 2449
f 2517 2449 2518
f 2518 2449 2450
f 2518 2450 2519
f 2519 2450 2451
f 2519 2451 2520
f 2520 2451 2452
f 2520 2452 2521
f 2521 2452 2453
f 2521 2453 2522
f 2522 2453 2454
f 2522 2454 2523
f 2523 2454 2455
f 2523 2455 2524
f 2524 2455 2456
f 2524 2456 2525
f 2525 2456 2457
f 2525 2457 2526
f 2526 2457 2458
f 2526 2458 2527
f 2527 2458 2459
f 2527 2459 2528
f 2528 2459 2460
f 2528 2460 2529
f 2529 2460 2461
f 2529 2461 2530
f 2530 2461 2393
f 2530 2393 2462
f 2531 2462 2463
f 2531 2463 2532
f 2532 2463 2464
f 2532 2464 2533
f 2533 2464 2465
f 2533 2465 2534
f 2534 2465 2466
f 2534 2466 2535
f 2535 2466 2467
f 2535 2467 2536
f 2536 2467 2468
f 2536 2468 2537
f 2537 2468 2469
f 2537 2469 2538
f 2538 2469 2470
f 2538 2470 2539
f 2539 2470 2471
f 2539 2471 2540
f 2540 2471 2472
f 2540 2472 2541
f 2541 2472 2473
f 2541 2473 2542
f 2542 2473 2474
f 2542 2474 2543
f 2543 2474 2475
f 2543 2475 2544
f 2544 2475 2476
f 2544 2476 2545
f 2545 2476 2477
f 2545 2477 2546
f 2546 2477 2478
f 2546 2478 2547
f 2547 2478 2479
f 2547 2479 2548
f 2548 2479 2480
f 2548 2480 2549
f 2549 2480 2481
f 2549 2481 2550
f 2550 2481 2482
f 2550 2482 2551
f 2551 2482 2483
f 2551 2483 2552
f 2552 2483 2484
f 2552 2484 2553
f 2553 2484 2485
f 2553 2485 2554
f 2554 2485 2486
f 2554 2486 2555
f 2555 2486 2487
f 2555 2487 2556
f 2556 2487 2488
f 2556 2488 2557
f 2557 2488 2489
f 2557 2489 2558
f 2558 2489 2490
f 2558 2490 2559
f 2559 2490 2491
f 2559 2491 2560
f 2560 2491 2492
f 2560 2492 2561
f 2561 2492 2493
f 2561 2493 2562
f 2562 2493 2494
f 2562 2494 2563
f 2563 2494 2495
f 2563 2495 2564
f 2564 2495 2496
f 2564 2496 2565
f 2565 2496 2497
f 2565 2497 2566
f 2566 2497 2498
f 2566 2498 2567
f 2567 2498 2499
f 2567 2499 2568
f 2568 2499 2500
f 2568 2500 2569
f 2569 2500 2501
f 2569 2501 2570
f 2570 2501 2502
f 2570 2502 2571
f 2571 2502 2503
f 2571 2503 2572
f 2572 2503 2504
f 2572 2504 2573
f 2573 2504 2505
f 2573 2505 2574
f 2574 2505 2506
f 2574 2506 2575
f 2575 2506 2507
f 2575 2507 2576
f 2576 2507 2508
f 2576 2508 2577
f 2577 2508 2509
f 2577 2509 2578
f 2578 2509 2510
f 2578 2510 2579
f 2579 2510 2511
f 2579 2511 2580
f 2580 2511 2512
f 2580 2512 2581
f 2581 2512 2513
f 2581 2513 2582
f 2582 2513 2514
f 2582 2514 2583
f 2583 2514 2515
f 2583 2515 2584
f 2584 2515 2516
f 2584 2516 2585
f 2585 2516 2517
f 2585 2517 2586
f 2586 2517 2518
f 2586 2518 2587
f 2587 2518 2519
f 2587 2519 2588
f 2588 2519 2520
f 2588 2520 2589
f 2589 2520 2521
f 2589 2521 2590
f 2590 2521 2522
f 2590 2522 2591
f 2591 2522 2523
f 2591 2523 2592
f 2592 2523 2524
f 2592 2524 2593
f 2593 2524 2525
f 2593 2525 2594
f 2594 2525 2526
f 2594 2526 2595
f 2595 2526 2527
f 2595 2527 2596
f 2596 2527 2528
f 2596 2528 2597
f 2597 2528 2529
f 2597 2529 2598
f 2598 2529 2530
f 2598 2530 2599
f 2599 2530 2462
f 2599 2462 2531
f 2600 2531 2532
f 2600 2532 2601
f 2601 2532 2533
f 2601 2533 2602
f 2602 2533 2534
f 2602 2534 2603
f 2603 2534 2535
f 2603 2535 2604
f 2604 2535 2536
f 2604 2536 2605
f 2605 2536 2537
f 2605 2537 2606
f 2606 2537 2538
f 2606 2538 2607
f 2607 2538 2539
f 2607 2539 2608
f 2608 2539 2540
f 2608 2540 2609
f 2609 2540 2541
f 2609 2541 2610
f 2610 2541 2542
f 2610 2542 2611
f 2611 2542 2543
f 2611 2543 2612
f 2612 2543 2544
f 2612 2544 2613
f 2613 2544 2545
f 2613 2545 2614
f 2614 2545 2546
f 2614 2546 2615
f 2615 2546 2547
f 2615 2547 2616
f 2616 2547 2548
f 2616 2548 2617
f 2617 2548 2549
f 2617 2549 2618
f 2618 2549 2550
f 2618 2550 2619
f 2619 2550 2551
f 2619 2551 2620
f 2620 2551 2552
f 2620 2552 2621
f 2621 2552 2553
f 2621 2553 2622
f 2622 2553 2554
f 2622 2554 2623
f 2623 2554 2555
f 2623 2555 2624
f 2624 2555 2556
f 2624 2556 2625
f 2625 2556 2557
f 2625 2557 2626
f 2626 2557 2558
f 2626 2558 2627
f 2627 2558 2559
f 2627 2559 2628
f 2628 2559 2560
f 2628 2560 2629
f 2629 2560 2561
f 2629 2561 2630
f 2630 2561 2562
f 2630 2562 2631
f 2631 2562 2563
f 2631 2563 2632
f 2632 2563 2564
f 2632 2564 2633
f 2633 2564 2565
f 2633 2565 2634
f 2634 2565 2566
f 2634 2566 2635
f 2635 2566 2567
f 2635 2567 2636
f 2636 2567 2568
f 2636 2568 2637
f 2637 2568 2569
f 2637 2569 2638
f 2638 2569 2570
f 2638 2570 2639
f 2639 2570 2571
f 2639 2571 2640
f 2640 2571 2572
f 2640 2572 2641
f 2641 2572 2573
f 2641 2573 2642
f 2642 2573 2574
f 2642 2574 2643
f 2643 2574 2575
f 2643 2575 2644
f 2644 2575 2576
f 2644 2576 2645
f 2645 2576 2577
f 2645 2577 2646
f 2646 2577 2578
f 2646 2578 2647
f 2647 2578 2579
f 2647 2579 2648
f 2648 2579 2580
f 2648 2580 2649
f 2649 2580 2581
f 2649 2581 2650
f 2650 2581 2582
f 2650 2582 2651
f 2651 2582 2583
f 2651 2583 2652
f 2652 2583 2584
f 2652 2584 2653
f 2653 2584 2585
f 2653 2585 2654
f 2654 2585 2586
f 2654 2586 2655
f 2655 2586 2587
f 2655 2587 2656
f 2656 2587 2588
f 2656 2588 2657
f 2657 2588 2589
f 2657 2589 2658
f 2658 2589 2590
f 2658 2590 2659
f 2659 2590 2591
f 2659 2591 2660
f 2660 2591 2592
f 2660 2592 2661
f 2661 2592 2593
f 2661 2593 2662
f 2662 2593 2594
f 2662 2594 2663
f 2663 2594 2595
f 2663 2595 2664
f 2664 2595 2596
f 2664 2596 2665
f 2665 2596 2597
f 2665 2597 2666
f 2666 2597 2598
f 2666 2598 2667
f 2667 2598 2599
f 2667 2599 2668
f 2668 2599 2531
f 2668 2531 2600
f 2669 2600 2601
f 2669 2601 2670
f 2670 2601 2602
f 2670 2602 2671
f 2671 2602 2603
f 2671 2603 2672
f 2672 2603 2604
f 2672 2604 2673
f 2673 2604 2605
f 2673 2605 2674
f 2674 2605 2606
f 2674 2606 2675
f 2675 2606 2607
f 2675 2607 2676
f 2676 2607 2608
f 2676 2608 2677
f 2677 2608 2609
f 2677 2609 2678
f 2678 2609 2610
f 2678 2610 2679
f 2679 2610 2611
f 2679 2611 2680
f 2680 2611 2612
f 2680 2612 2681
f 2681 2612 2613
f 2681 2613 2682
f 2682 2613 2614
f 2682 2614 2683
f 2683 2614 2615
f 2683 2615 2684
f 2684 2615 2616
f 2684 2616 2685
f 2685 2616 2617
f 2685 2617 2686
f 2686 2617 2618
f 2686 2618 2687
f 2687 2618 2619
f 2687 2619 2688
f 2688 2619 2620
f 2688 2620 2689
f 2689 2620 2621
f 2689 2621 2690
f 2690 2621 2622
f 2690 2622 2691
f 2691 2622 2623
f 2691 2623 2692
f 2692 2623 2624
f 2692 2624 2693
f 2693 2624 2625
f 2693 2625 2694
f 2694 2625 2626
f 2694 2626 2695
f 2695 2626 2627
f 2695 2627 2696
f 2696 2627 2628
f 2696 2628 2697
f 2697 2628 2629
f 2697 2629 2698
f 2698 2629 2630
f 2698 2630 2699
f 2699 2630 2631
f 2699 2631 2700
f 2700 2631 2632
f 2700 2632 2701
f 2701 2632 2633
f 2701 2633 2702
f 2702 2633 2634
f 2702 2634 2703
f 2703 2634 2635
f 2703 2635 2704
f 2704 2635 2636
f 2704 2636 2705
f 2705 2636 2637
f 2705 2637 2706
f 2706 2637 2638
f 2706 2638 2707
f 2707 2638 2639
f 2707 2639 2708
f 2708 2639 2640
f 2708 2640 2709
f 2709 2640 2641
f 2709 2641 2710
f 2710 2641 2642
f 2710 2642 2711
f 2711 2642 2643
f 2711 2643 2712
f 2712 2643 2644
f 2712 2644 2713
f 2713 2644 2645
f 2713 2645 2714
f 2714 2645 2646
f 2714 2646 2715
f 2715 2646 2647
f 2715 2647 2716
f 2716 2647 2648
f 2716 2648 2717
f 2717 2648 2649
f 2717 2649 2718
f 2718 2649 2650
f 2718 2650 2719
f 2719 2650 2651
f 2719 2651 2720
f 2720 2651 2652
f 2720 2652 2721
f 2721 2652 2653
f 2721 2653 2722
f 2722 2653 2654
f 2722 2654 2723
f 2723 2654 2655
f 2723 2655 2724
f 2724 2655 2656
f 2724 2656 2725
f 2725 2656 2657
f 2725 2657 2726
f 2726 2657 2658
f 2726 2658 2727
f 2727 2658 2659
f 2727 2659 2728
f 2728 2659 2660
f 2728 2660 2729
f 2729 2660 2661
f 2729 2661 2730
f 2730 2661 2662
f 2730 2662 2731
f 2731 2662 2663
f 2731 2663 2732
f 2732 2663 2664
f 2732 2664 2733
f 2733 2664 2665
f 2733 2665 2734
f 2734 2665 2666
f 2734 2666 2735
f 2735 2666 2667
f 2735 2667 2736
f 2736 2667 2668
f 2736 2668 2737
f 2737 2668 2600
f 2737 2600 2669
f 2738 2669 2670
f 2738 2670 2739
f 2739 2670 2671
f 2739 2671 2740
f 2740 2671 2672
f 2740 2672 2741
f 2741 2672 2673
f 2741 2673 2742
f 2742 2673 2674
f 2742 2674 2743
f 2743 2674 2675
f 2743 2675 2744
f 2744 2675 2676
f 2744 2676 2745
f 2745 2676 2677
f 2745 2677 2746
f 2746 2677 2678
f 2746 2678 2747
f 2747 2678 2679
f 2747 2679 2748
f 2748 2679 2680
f 2748 2680 2749
f 2749 2680 2681
f 2749 2681 2750
f 2750 2681 2682
f 2750 2682 2751
f 2751 2682 2683
f 2751 2683 2752
f 2752 2683 2684
f 2752 2684 2753
f 2753 2684 2685
f 2753 2685 2754
f 2754 2685 2686
f 2754 2686 2755
f 2755 2686 2687
f 2755 2687 2756
f 2756 2687 2688
f 2756 2688 2757
f 2757 2688 2689
f 2757 2689 2758
f 2758 2689 2690
f 2758 2690 2759
f 2759 2690 2691
f 2759 2691 2760
f 2760 2691 2692
f 2760 2692 2761
f 2761 2692 2693
f 2761 2693 2762
f 2762 2693 2694
f 2762 2694 2763
f 2763 2694 2695
f 2763 2695 2764
f 2764 2695 2696
f 2764 2696 2765
f 2765 2696 2697
f 2765 2697 2766
f 2766 2697 2698
f 2766 2698 2767
f 2767 2698 2699
f 2767 2699 2768
f 2768 2699 2700
f 2768 2700 2769
f 2769 2700 2701
f 2769 2701 2770
f 2770 2701 2702
f 2770 2702 2771
f 2771 2702 2703
f 2771 2703 2772
f 2772 2703 2704
f 2772 2704 2773
f 2773 2704 2705
f 2773 2705 2774
f 2774 2705 2706
f 2774 2706 2775
f 2775 2706 2707
f 2775 2707 2776
f 2776 2707 2708
f 2776 2708 2777
f 2777 2708 2709
f 2777 2709 2778
f 2778 2709 2710
f 2778 2710 2779
f 2779 2710 2711
f 2779 2711 2780
f 2780 2711 2712
f 2780 2712 2781
f 2781 2712 2713
f 2781 2713 2782
f 2782 2713 2714
f 2782 2714 2783
f 2783 2714 2715
f 2783 2715 2784
f 2784 2715 2716
f 2784 2716 2785
f 2785 2716 2717
f 2785 2717 2786
f 2786 2717 2718
f 2786 2718 2787
f 2787 2718 2719
f 2787 2719 2788
f 2788 2719 2720
f 2788 2720 2789
f 2789 2720 2721
f 2789 2721 2790
f 2790 2721 2722
f 2790 2722 2791
f 2791 2722 2723
f 2791 2723 2792
f 2792 2723 2724
f 2792 2724 2793
f 2793 2724 2725
f 2793 2725 2794
f 2794 2725 2726
f 2794 2726 2795
f 2795 2726 2727
f 2795 2727 2796
f 2796 2727 2728
f 2796 2728 2797
f 2797 2728 2729
f 2797 2729 2798
f 2798 2729 2730
f 2798 2730 2799
f 2799 2730 2731
f 2799 2731 2800
f 2800 2731 2732
f 2800 2732 2801
f 2801 2732 2733
f 2801 2733 2802
f 2802 2733 2734
f 2802 2734 2803
f 2803 2734 2735
f 2803 2735 2804
f 2804 2735 2736
f 2804 2736 2805
f 2805 2736 2737
f 2805 2737 2806
f 2806 2737 2669
f 2806 2669 2738
f 2807 2738 2739
f 2807 2739 2808
f 2808 2739 2740
f 2808 2740 2809
f 2809 2740 2741
f 2809 2741 2810
f 2810 2741 2742
f 2810 2742 2811
f 2811 2742 2743
f 2811 2743 2812
f 2812 2743 2744
f 2812 2744 2813
f 2813 2744 2745
f 2813 2745 2814
f 2814 2745 2746
f 2814 2746 2815
f 2815 2746 2747
f 2815 2747 2816
f 2816 2747 2748
f 2816 2748 2817
f 2817 2748 2749
f 2817 2749 2818
f 2818 2749 2750
f 2818 2750 2819
f 2819 2750 2751
f 2819 2751 2820
f 2820 2751 2752
f 2820 2752 2821
f 2821 2752 2753
f 2821 2753 2822
f 2822 2753 2754
f 2822 2754 2823
f 2823 2754 2755
f 2823 2755 2824
f 2824 2755 2756
f 2824 2756 2825
f 2825 2756 2757
f 2825 2757 2826
f 2826 2757 2758
f 2826 2758 2827
f 2827 2758 2759
f 2827 2759 2828
f 2828 2759 2760
f 2828 2760 2829
f 2829 2760 2761
f 2829 2761 2830
f 2830 2761 2762
f 2830 2762 2831
f 2831 2762 2763
f 2831 2763 2832
f 2832 2763 2764
f 2832 2764 2833
f 2833 2764 2765
f 2833 2765 2834
f 2834 2765 2766
f 2834 2766 2835
f 2835 2766 2767
f 2835 2767 2836
f 2836 2767 2768
f 2836 2768 2837
f 2837 2768 2769
f 2837 2769 2838
f 2838 2769 2770
f 2838 2770 2839
f 2839 2770 2771
f 2839 2771 2840
f 2840 2771 2772
f 2840 2772 2841
f 2841 2772 2773
f 2841 2773 2842
f 2842 2773 2774
f 2842 2774 2843
f 2843 2774 2775
f 2843 2775 2844
f 2844 2775 2776
f 2844 2776 2845
f 2845 2776 2777
f 2845 2777 2846
f 2846 2777 2778
f 2846 2778 2847
f 2847 2778 2779
f 2847 2779 2848
f 2848 2779 2780
f 2848 2780 2849
f 2849 2780 2781
f 2849 2781 2850
f 2850 2781 2782
f 2850 2782 2851
f 2851 2782 2783
f 2851 2783 2852
f 2852 2783 2784
f 2852 2784 2853
f 2853 2784 2785
f 2853 2785 2854
f 2854 2785 2786
f 2854 2786 2855
f 2855 2786 2787
f 2855 2787 2856
f 2856 2787 2788
f 2856 2788 2857
f 2857 2788 2789
f 2857 2789 2858
f 2858 2789 2790
f 2858 2790 2859
f 2859 2790 2791
f 2859 2791 2860
f 2860 2791 2792
f 2860 2792 2861
f 2861 2792 2793
f 2861 2793 2862
f 2862 2793 2794
f 2862 2794 2863
f 2863 2794 2795
f 2863 2795 2864
f 2864 2795 2796
f 2864 2796 2865
f 2865 2796 2797
f 2865 2797 2866
f 2866 2797 2798
f 2866 2798 2867
f 2867 2798 2799
f 2867 2799 2868
f 2868 2799 2800
f 2868 2800 2869
f 2869 2800 2801
f 2869 2801 2870
f 2870 2801 2802
f 2870 2802 2871
f 2871 2802 2803
f 2871 2803 2872
f 2872 2803 2804
f 2872 2804 2873
f 2873 2804 2805
f 2873 2805 2874
f 2874 2805 2806
f 2874 2806 2875
f 2875 2806 2738
f 2875 2738 2807
f 2876 2807 2808
f 2876 2808 2877
f 2877 2808 2809
f 2877 2809 2878
f 2878 2809 2810
f 2878 2810 2879
f 2879 2810 2811
f 2879 2811 2880
f 2880 2811 2812
f 2880 2812 2881
f 2881 2812 2813
f 2881 2813 2882
f 2882 2813 2814
f 2882 2814 2883
f 2883 2814 2815
f 2883 2815 2884
f 2884 2815 2816
f 2884 2816 2885
f 2885 2816 2817
f 2885 2817 2886
f 2886 2817 2818
f 2886 2818 2887
f 2887 2818 2819
f 2887 2819 2888
f 2888 2819 2820
f 2888 2820 2889
f 2889 2820 2821
f 2889 2821 2890
f 2890 2821 2822
f 2890 2822 2891
f 2891 2822 2823
f 2891 2823 2892
f 2892 2823 2824
f 2892 2824 2893
f 2893 2824 2825
f 2893 2825 2894
f 2894 2825 2826
f 2894 2826 2895
f 2895 2826 2827
f 2895 2827 2896
f 2896 2827 2828
f 2896 2828 2897
f 2897 2828 2829
f 2897 2829 2898
f 2898 2829 2830
f 2898 2830 2899
f 2899 2830 2831
f 2899 2831 2900
f 2900 2831 2832
f 2900 2832 2901
f 2901 2832 2833
f 2901 2833 2902
f 2902 2833 2834
f 2902 2834 2903
f 2903 2834 2835
f 2903 2835 2904
f 2904 2835 2836
f 2904 2836 2905
f 2905 2836 2837
f 2905 2837 2906
f 2906 2837 2838
f 2906 2838 2907
f 2907 2838 2839
f 2907 2839 2908
f 2908 2839 2840
f 2908 2840 2909
f 2909 2840 2841
f 2909 2841 2910
f 2910 2841 2842
f 2910 2842 2911
f 2911 2842 2843
f 2911 2843 2912
f 2912 2843 2844
f 2912 2844 2913
f 2913 2844 2845
f 2913 2845 2914
f 2914 2845 2846
f 2914 2846 2915
f 2915 2846 2847
f 2915 2847 2916
f 2916 2847 2848
f 2916 2848 2917
f 2917 2848 2849
f 2917 2849 2918
f 2918 2849 2850
f 2918 2850 2919
f 2919 2850 2851
f 2919 2851 2920
f 2920 2851 2852
f 2920 2852 2921
f 2921 2852 2853
f 2921 2853 2922
f 2922 2853 2854
f 2922 2854 2923
f 2923 2854 2855
f 2923 2855 2924
f 2924 2855 2856
f 2924 2856 2925
f 2925 2856 2857
f 2925 2857 2926
f 2926 2857 2858
f 2926 2858 2927
f 2927 2858 2859
f 2927 2859 2928
f 2928 2859 2860
f 2928 2860 2929
f 2929 2860 2861
f 2929 2861 2930
f 2930 2861 2862
f 2930 2862 2931
f 2931 2862 2863
f 2931 2863 2932
f 2932 2863 2864
f 2932 2864 2933
f 2933 2864 2865
f 2933 2865 2934
f 2934 2865 2866
f 2934 2866 2935
f 2935 2866 2867
f 2935 2867 2936
f 2936 2867 2868
f 2936 2868 2937
f 2937 2868 2869
f 2937 2869 2938
f 2938 2869 2870
f 2938 2870 2939
f 2939 2870 2871
f 2939 2871 2940
f 2940 2871 2872
f 2940 2872 2941
f 2941 2872 2873
f 2941 2873 2942
f 2942 2873 2874
f 2942 2874 2943
f 2943 2874 2875
f 2943 2875 2944
f 2944 2875 2807
f 2944 2807 2876
f 2945 2876 2877
f 2945 2877 2946
f 2946 2877 2878
f 2946 2878 2947
f 2947 2878 2879
f 2947 2879 2948
f 2948 2879 2880
f 2948 2880 2949
f 2949 2880 2881
f 2949 2881 2950
f 2950 2881 2882
f 2950 2882 2951
f 2951 2882 2883
f 2951 2883 2952
f 2952 2883 2884
f 2952 2884 2953
f 2953 2884 2885
f 2953 2885 2954
f 2954 2885 2886
f 2954 2886 2955
f 2955 2886 2887
f 2955 2887 2956
f 2956 2887 2888
f 2956 2888 2957
f 2957 2888 2889
f 2957 2889 2958
f 2958 2889 2890
f 2958 2890 2959
f 2959 2890 2891
f 2959 2891 2960
f 2960 2891 2892
f 2960 2892 2961
f 2961 2892 2893
f 2961 2893 2962
f 2962 2893 2894
f 2962 2894 2963
f 2963 2894 2895
f 2963 2895 2964
f 2964 2895 2896
f 2964 2896 2965
f 2965 2896 2897
f 2965 2897 2966
f 2966 2897 2898
f 2966 2898 2967
f 2967 2898 2899
f 2967 2899 2968
f 2968 2899 2900
f 2968 2900 2969
f 2969 2900 2901
f 2969 2901 2970
f 2970 2901 2902
f 2970 2902 2971
f 2971 2902 2903
f 2971 2903 2972
f 2972 2903 2904
f 2972 2904 2973
f 2973 2904 2905
f 2973 2905 2974
f 2974 2905 2906
f 2974 2906 2975
f 2975 2906 2907
f 2975 2907 2976
f 2976 2907 2908
f 2976 2908 2977
f 2977 2908 2909
f 2977 2909 2978
f 2978 2909 2910
f 2978 2910 2979
f 2979 2910 2911
f 2979 2911 2980
f 2980 2911 2912
f 2980 2912 2981
f 2981 2912 2913
f 2981 2913 2982
f 2982 2913 2914
f 2982 2914 2983
f 2983 2914 2915
f 2983 2915 2984
f 2984 2915 2916
f 2984 2916 2985
f 2985 2916 2917
f 2985 2917 2986
f 2986 2917 2918
f 2986 2918 2987
f 2987 2918 2919
f 2987 2919 2988
f 2988 2919 2920
f 2988 2920 2989
f 2989 2920 2921
f 2989 2921 2990
f 2990 2921 2922
f 2990 2922 2991
f 2991 2922 2923
f 2991 2923 2992
f 2992 2923 2924
f 2992 2924 2993
f 2993 2924 2925
f 2993 2925 2994
f 2994 2925 2926
f 2994 2926 2995
f 2995 2926 2927
f 2995 2927 2996
f 2996 2927 2928
f 2996 2928 2997
f 2997 2928 2929
f 2997 2929 2998
f 2998 2929 2930
f 2998 2930 2999
f 2999 2930 2931
f 2999 2931 3000
f 3000 2931 2932
f 3000 2932 3001
f 3001 2932 2933
f 3001 2933 3002
f 3002 2933 2934
f 3002 2934 3003
f 3003 2934 2935
f 3003 2935 3004
f 3004 2935 2936
f 3004 2936 3005
f 3005 2936 2937
f 3005 2937 3006
f 3006 2937 2938
f 3006 2938 3007
f 3007 2938 2939
f 3007 2939 3008
f 3008 2939 2940
f 3008 2940 3009
f 3009 2940 2941
f 3009 2941 3010
f 3010 2941 2942
f 3010 2942 3011
f 3011 2942 2943
f 3011 2943 3012
f 3012 2943 2944
f 3012 2944 3013
f 3013 2944 2876
f 3013 2876 2945
f 3014 2945 2946
f 3014 2946 3015
f 3015 2946 2947
f 3015 2947 3016
f 3016 2947 2948
f 3016 2948 3017
f 3017 2948 2949
f 3017 2949 3018
f 3018 2949 2950
f 3018 2950 3019
f 3019 2950 2951
f 3019 2951 3020
f 3020 2951 2952
f 3020 2952 3021
f 3021 2952 2953
f 3021 2953 3022
f 3022 2953 2954
f 3022 2954 3023
f 3023 2954 2955
f 3023 2955 3024
f 3024 2955 2956
f 3024 2956 3025
f 3025 2956 2957
f 3025 2957 3026
f 3026 2957 2958
f 3026 2958 3027
f 3027 2958 2959
f 3027 2959 3028
f 3028 2959 2960
f 3028 2960 3029
f 3029 2960 2961
f 3029 2961 3030
f 3030 2961 2962
f 3030 2962 3031
f 3031 2962 2963
f 3031 2963 3032
f 3032 2963 2964
f 3032 2964 3033
f 3033 2964 2965
f 3033 2965 3034
f 3034 2965 2966
f 3034 2966 3035
f 3035 2966 2967
f 3035 2967 3036
f 3036 2967 2968
f 3036 2968 3037
f 3037 2968 2969
f 3037 2969 3038
f 3038 2969 2970
f 3038 2970 3039
f 3039 2970 2971
f 3039 2971 3040
f 3040 2971 2972
f 3040 2972 3041
f 3041 2972 2973
f 3041 2973 3042
f 3042 2973 2974
f 3042 2974 3043
f 3043 2974 2975
f 3043 2975 3044
f 3044 2975 2976
f 3044 2976 3045
f 3045 2976 2977
f 3045 2977 3046
f 3046 2977 2978
f 3046 2978 3047
f 3047 2978 2979
f 3047 2979 3048
f 3048 2979 2980
f 3048 2980 3049
f 3049 2980 2981
f 3049 2981 3050
f 3050 2981 2982
f 3050 2982 3051
f 3051 2982 2983
f 3051 2983 3052
f 3052 2983 2984
f 3052 2984 3053
f 3053 2984 2985
f 3053 2985 3054
f 3054 2985 2986
f 3054 2986 3055
f 3055 2986 2987
f 3055 2987 3056
f 3056 2987 2988
f 3056 2988 3057
f 3057 2988 2989
f 3057 2989 3058
f 3058 2989 2990
f 3058 2990 3059
f 3059 2990 2991
f 3059 2991 3060
f 3060 2991 2992
f 3060 2992 3061
f 3061 2992 2993
f 3061 2993 3062
f 3062 2993 2994
f 3062 2994 3063
f 3063 2994 2995
f 3063 2995 3064
f 3064 2995 2996
f 3064 2996 3065
f 3065 2996 2997
f 3065 2997 3066
f 3066 2997 2998
f 3066 2998 3067
f 3067 2998 2999
f 3067 2999 3068
f 3068 2999 3000
f 3068 3000 3069
f 3069 3000 3001
f 3069 3001 3070
f 3070 3001 3002
f 3070 3002 3071
f 3071 3002 3003
f 3071 3003 3072
f 3072 3003 3004
f 3072 3004 3073
f 3073 3004 3005
f 3073 3005 3074
f 3074 3005 3006
f 3074 3006 3075
f 3075 3006 3007
f 3075 3007 3076
f 3076 3007 3008
f 3076 3008 3077
f 3077 3008 3009
f 3077 3009 3078
f 3078 3009 3010
f 3078 3010 3079
f 3079 3010 3011
f 3079 3011 3080
f 3080 3011 3012
f 3080 3012 3081
f 3081 3012 3013
f 3081 3013 3082
f 3082 3013 2945
f 3082 2945 3014
f 1426 3014 3015
f 1426 3015 1427
f 1427 3015 3016
f 1427 3016 1429
f 1429 3016 3017
f 1429 3017 1430
f 1430 3017 3018
f 1430 3018 1431
f 1431 3018 3019
f 1431 3019 1432
f 1432 3019 3020
f 1432 3020 1433
f 1433 3020 3021
f 1433 3021 1434
f 1434 3021 3022
f 1434 3022 1435
f 1435 3022 3023
f 1435 3023 1436
f 1436 3023 3024
f 1436 3024 1437
f 1437 3024 3025
f 1437 3025 1438
f 1438 3025 3026
f 1438 3026 1439
f 1439 3026 3027
f 1439 3027 1440
f 1440 3027 3028
f 1440 3028 1441
f 1441 3028 3029
f 1441 3029 1442
f 1442 3029 3030
f 1442 3030 1443
f 1443 3030 3031
f 1443 3031 1444
f 1444 3031 3032
f 1444 3032 1445
f 1445 3032 3033
f 1445 3033 1446
f 1446 3033 3034
f 1446 3034 1447
f 1447 3034 3035
f 1447 3035 1448
f 1448 3035 3036
f 1448 3036 1449
f 1449 3036 3037
f 1449 3037 1450
f 1450 3037 3038
f 1450 3038 1451
f 1451 3038 3039
f 1451 3039 1452
f 1452 3039 3040
f 1452 3040 1453
f 1453 3040 3041
f 1453 3041 1454
f 1454 3041 3042
f 1454 3042 1455
f 1455 3042 3043
f 1455 3043 1456
f 1456 3043 3044
f 1456 3044 1457
f 1457 3044 3045
f 1457 3045 1458
f 1458 3045 3046
f 1458 3046 1459
f 1459 3046 3047
f 1459 3047 1460
f 1460 3047 3048
f 1460 3048 1461
f 1461 3048 3049
f 1461 3049 1462
f 1462 3049 3050
f 1462 3050 1463
f 1463 3050 3051
f 1463 3051 1464
f 1464 3051 3052
f 1464 3052 1465
f 1465 3052 3053
f 1465 3053 1466
f 1466 3053 3054
f 1466 3054 1467
f 1467 3054 3055
f 1467 3055 1468
f 1468 3055 3056
f 1468 3056 1469
f 1469 3056 3057
f 1469 3057 1470
f 1470 3057 3058
f 1470 3058 1471
f 1471 3058 3059
f 1471 3059 1472
f 1472 3059 3060
f 1472 3060 1473
f 1473 3060 3061
f 1473 3061 1474
f 1474 3061 3062
f 1474 3062 1475
f 1475 3062 3063
f 1475 3063 1476
f 1476 3063 3064
f 1476 3064 1477
f 1477 3064 3065
f 1477 3065 1478
f 1478 3065 3066
f 1478 3066 1479
f 1479 3066 3067
f 1479 3067 1480
f 1480 3067 3068
f 1480 3068 1481
f 1481 3068 3069
f 1481 3069 1482
f 1482 3069 3070
f 1482 3070 1483
f 1483 3070 3071
f 1483 3071 1484
f 1484 3071 3072
f 1484 3072 1485
f 1485 3072 3073
f 1485 3073 1486
f 1486 3073 3074
f 1486 3074 1487
f 1487 3074 3075
f 1487 3075 1488
f 1488 3075 3076
f 1488 3076 1489
f 1489 3076 3077
f 1489 3077 1490
f 1490 3077 3078
f 1490 3078 1491
f 1491 3078 3079
f 1491 3079 1492
f 1492 3079 3080
f 1492 3080 1493
f 1493 3080 3081
f 1493 3081 1494
f 1494 3081 3082
f 1494 3082 1495
f 1495 3082 3014
f 1495 3014 1426
f 3083 3084 3085
f 3086 3087 3088
f 3089 3090 3091
f 3092 3093 3094
f 3094 3093 3095
f 3093 3092 3096
f 3093 3096 3097
f 3097 3096 3098
f 3099 3100 3101
f 3099 3101 3102
f 3102 3101 3103
f 3102 3103 3104
f 3104 3103 3097
f 3104 3097 3105
f 3105 3097 3098
f 3101 3100 3106
f 3101 3106 3107
f 3107 3106 3108
f 3089 3091 3107
f 3089 3107 3109
f 3109 3107 3108
f 3091 3090 3110
f 3091 3110 3111
f 3111 3110 3112
f 3111 3112 3113
f 3113 3112 3114
f 3115 3116 3117
f 3115 3117 3118
f 3118 3117 3113
f 3118 3113 3119
f 3119 3113 3114
f 3117 3116 3120
f 3117 3120 3121
f 3121 3120 3122
f 3121 3122 3123
f 3123 3122 3124
f 3125 3126 3123
f 3125 3123 3127
f 3127 3123 3124
f 3128 3129 3130
f 3128 3130 3131
f 3131 3130 3126
f 3131 3126 3132
f 3132 3126 3125
f 3130 3129 3133
f 3130 3133 3134
f 3134 3133 3135
f 3134 3135 3136
f 3136 3135 3137
f 3138 3139 3140
f 3138 3140 3141
f 3141 3140 3136
f 3141 3136 3142
f 3142 3136 3137
f 3140 3139 3143
f 3140 3143 3144
f 3144 3143 3145
f 3144 3145 3146
f 3146 3145 3147
f 3146 3147 3148
f 3146 3148 3149
f 3149 3148 3150
f 3149 3150 3151
f 3149 3151 3152
f 3152 3151 3153
f 3154 3155 3156
f 3154 3156 3157
f 3157 3156 3158
f 3157 3158 3159
f 3159 3158 3152
f 3159 3152 3160
f 3160 3152 3153
f 3156 3155 3161
f 3156 3161 3162
f 3162 3161 3163
f 3086 3088 3164
f 3165 3086 3164
f 3165 3164 3166
f 3166 3164 3162
f 3166 3162 3167
f 3167 3162 3163
f 3088 3087 3168
f 3088 3168 3169
f 3169 3168 3170
f 3169 3170 3171
f 3169 3171 3172
f 3172 3171 3173
f 3083 3085 3172
f 3083 3172 3174
f 3174 3172 3173
f 3085 3084 3175
f 3085 3175 3176
f 3176 3175 3177
f 3176 3177 3178
f 3176 3178 3179
f 3179 3178 3180
f 3179 3180 3181
f 3179 3181 3182
f 3182 3181 3183
f 3184 3185 3186
f 3184 3186 3187
f 3187 3186 3188
f 3187 3188 3189
f 3189 3188 3182
f 3189 3182 3190
f 3190 3182 3183
f 3186 3185 3191
f 3186 3191 3192
f 3192 3191 3193
f 3194 3094 3095
f 3194 3095 3195
f 3195 3095 3196
f 3195 3196 3197
f 3197 3196 3192
f 3197 3192 3198
f 3198 3192 3193
f 1416 1418 3199
f 1402 1404 3200
f 1371 1373 3201
f 1355 1353 3202
f 1346 1344 3203
f 3204 3205 3206
f 3194 3195 3207
f 3195 3197 3208
f 3084 3083 3205
f 3174 3173 3209
f 3168 3087 3210
f 3165 3166 3211
f 3167 3163 3212
f 3161 3155 3213
f 3154 3157 3214
f 3160 3153 3215
f 3148 3147 3216
f 3139 3138 3217
f 3141 3142 3218
f 3137 3135 3219
f 3129 3128 3220
f 3125 3127 3221
f 3124 3122 3222
f 1350 1349 3223
f 3224 3225 3226
f 3227 3228 3229
f 1425 3230 3231
f 3231 3230 3232
f 3231 3232 3233
f 3233 3232 3234
f 3235 3236 3233
f 3235 3233 3237
f 3238 3237 3233
f 3238 3233 3239
f 3239 3233 3234
f 3240 3241 3242
f 3240 3242 3243
f 3243 3242 3236
f 3243 3236 3244
f 3244 3236 3235
f 3245 3246 3247
f 3245 3247 3242
f 3245 3242 3248
f 3248 3242 3241
f 3249 3250 3251
f 3249 3251 3252
f 3252 3251 3247
f 3252 3247 3253
f 3253 3247 3246
f 3254 3227 3229
f 3254 3229 3255
f 3255 3229 3251
f 3255 3251 3256
f 3256 3251 3250
f 3257 3258 3259
f 3257 3259 3260
f 3261 3258 3257
f 3261 3257 3262
f 3262 3257 3229
f 3262 3229 3263
f 3263 3229 3228
f 3264 3265 3260
f 3264 3260 3266
f 3266 3260 3259
f 3260 3265 3267
f 3260 3267 3268
f 3268 3267 3269
f 3270 3271 3268
f 3270 3268 3272
f 3272 3268 3269
f 3273 3274 3271
f 3273 3271 3275
f 3275 3271 3270
f 3276 3277 3278
f 3276 3278 3279
f 3279 3278 3280
f 3281 3282 3283
f 3281 3283 3279
f 3281 3279 3284
f 3284 3279 3280
f 3285 3286 3287
f 3285 3287 3288
f 3288 3287 3283
f 3288 3283 3289
f 3289 3283 3282
f 3290 3291 3292
f 3290 3292 3293
f 3293 3292 3287
f 3293 3287 3294
f 3294 3287 3286
f 3224 3226 3292
f 3224 3292 3295
f 3295 3292 3291
f 3296 3297 3298
f 3296 3298 3299
f 3299 3298 3226
f 3299 3226 3300
f 3300 3226 3225
f 3301 3302 3303
f 3303 3302 3298
f 3303 3298 3304
f 3304 3298 3297
f 3302 3301 3305
f 3302 3305 3306
f 3306 3305 3223
f 3194 3207 3307
f 3094 3194 3307
f 3094 3307 3092
f 3092 3307 3308
f 3092 3308 3096
f 3096 3308 3309
f 3096 3309 3098
f 3105 3098 3309
f 3105 3309 3104
f 3104 3309 3310
f 3104 3310 3102
f 3102 3310 3311
f 3099 3102 3311
f 3099 3311 3100
f 3100 3311 3312
f 3106 3100 3312
f 3106 3312 3108
f 3108 3312 3313
f 3109 3108 3313
f 3109 3313 3089
f 3089 3313 3314
f 3090 3089 3314
f 3090 3314 3110
f 3110 3314 3315
f 3110 3315 3112
f 3112 3315 3316
f 3114 3112 3316
f 3114 3316 3119
f 3119 3316 3317
f 3119 3317 3118
f 3118 3317 3318
f 3118 3318 3115
f 3115 3318 3116
f 3220 3128 3131
f 3215 3153 3151
f 3209 3173 3171
f 3084 3205 3204
f 3084 3204 3175
f 3175 3204 3177
f 3178 3319 3180
f 3190 3183 3320
f 3190 3320 3189
f 3184 3321 3185
f 3191 3322 3193
f 3198 3193 3323
f 3198 3323 3197
f 3207 3324 3325
f 3207 3325 3307
f 3307 3325 3326
f 3307 3326 3308
f 3308 3326 3327
f 3308 3327 3309
f 3309 3327 3328
f 3309 3328 3310
f 3310 3328 3329
f 3310 3329 3311
f 3311 3329 3330
f 3311 3330 3312
f 3312 3330 3331
f 3312 3331 3313
f 3313 3331 3332
f 3313 3332 3314
f 3314 3332 3333
f 3314 3333 3315
f 3315 3333 3334
f 3315 3334 3316
f 3316 3334 3335
f 3316 3335 3317
f 3317 3335 3336
f 3317 3336 3318
f 3318 3336 3337
f 3206 3338 3339
f 3206 3339 3204
f 3204 3339 3319
f 3204 3319 3177
f 3177 3319 3178
f 3324 3340 3341
f 3324 3341 3325
f 3325 3341 3342
f 3325 3342 3326
f 3326 3342 3343
f 3326 3343 3327
f 3327 3343 3344
f 3327 3344 3328
f 3328 3344 3345
f 3328 3345 3329
f 3329 3345 3346
f 3329 3346 3330
f 3330 3346 3347
f 3330 3347 3331
f 3331 3347 3348
f 3331 3348 3332
f 3332 3348 3349
f 3332 3349 3333
f 3333 3349 3350
f 3333 3350 3334
f 3334 3350 3351
f 3334 3351 3335
f 3335 3351 3352
f 3335 3352 3336
f 3336 3352 3353
f 3336 3353 3337
f 3337 3353 3354
f 3338 3355 3356
f 3338 3356 3339
f 3339 3356 3357
f 3339 3357 3319
f 3319 3357 3358
f 3319 3358 3180
f 3180 3358 3181
f 3340 3359 3360
f 3340 3360 3341
f 3341 3360 3361
f 3341 3361 3342
f 3342 3361 3362
f 3342 3362 3343
f 3343 3362 3363
f 3343 3363 3344
f 3344 3363 3364
f 3344 3364 3345
f 3345 3364 3365
f 3345 3365 3346
f 3346 3365 3366
f 3346 3366 3347
f 3347 3366 3367
f 3347 3367 3348
f 3348 3367 3368
f 3348 3368 3349
f 3349 3368 3369
f 3349 3369 3350
f 3350 3369 3370
f 3350 3370 3351
f 3351 3370 3371
f 3351 3371 3352
f 3352 3371 3372
f 3352 3372 3353
f 3353 3372 3373
f 3353 3373 3354
f 3354 3373 3374
f 3355 3375 3376
f 3355 3376 3356
f 3356 3376 3377
f 3356 3377 3357
f 3357 3377 3378
f 3357 3378 3358
f 3358 3378 3320
f 3358 3320 3181
f 3181 3320 3183
f 3359 3379 3380
f 3359 3380 3360
f 3360 3380 3381
f 3360 3381 3361
f 3361 3381 3382
f 3361 3382 3362
f 3362 3382 3383
f 3362 3383 3363
f 3363 3383 3384
f 3363 3384 3364
f 3364 3384 3385
f 3364 3385 3365
f 3365 3385 3386
f 3365 3386 3366
f 3366 3386 3387
f 3366 3387 3367
f 3367 3387 3388
f 3367 3388 3368
f 3368 3388 3389
f 3368 3389 3369
f 3369 3389 3390
f 3369 3390 3370
f 3370 3390 3391
f 3370 3391 3371
f 3371 3391 3392
f 3371 3392 3372
f 3372 3392 3393
f 3372 3393 3373
f 3373 3393 3394
f 3373 3394 3374
f 3374 3394 3395
f 3375 3396 3397
f 3375 3397 3376
f 3376 3397 3398
f 3376 3398 3377
f 3377 3398 3399
f 3377 3399 3378
f 3378 3399 3400
f 3378 3400 3320
f 3320 3400 3401
f 3320 3401 3189
f 3189 3401 3187
f 3379 3402 3403
f 3379 3403 3380
f 3380 3403 3404
f 3380 3404 3381
f 3381 3404 3405
f 3381 3405 3382
f 3382 3405 3406
f 3382 3406 3383
f 3383 3406 3407
f 3383 3407 3384
f 3384 3407 3408
f 3384 3408 3385
f 3385 3408 3409
f 3385 3409 3386
f 3386 3409 3410
f 3386 3410 3387
f 3387 3410 3411
f 3387 3411 3388
f 3388 3411 3412
f 3388 3412 3389
f 3389 3412 3413
f 3389 3413 3390
f 3390 3413 3414
f 3390 3414 3391
f 3391 3414 3415
f 3391 3415 3392
f 3392 3415 3416
f 3392 3416 3393
f 3393 3416 3417
f 3393 3417 3394
f 3394 3417 3418
f 3394 3418 3395
f 3395 3418 3419
f 3396 3420 3421
f 3396 3421 3397
f 3397 3421 3422
f 3397 3422 3398
f 3398 3422 3423
f 3398 3423 3399
f 3399 3423 3424
f 3399 3424 3400
f 3400 3424 3425
f 3400 3425 3401
f 3401 3425 3321
f 3401 3321 3187
f 3187 3321 3184
f 3402 3426 3427
f 3402 3427 3403
f 3403 3427 3428
f 3403 3428 3404
f 3404 3428 3429
f 3404 3429 3405
f 3405 3429 3430
f 3405 3430 3406
f 3406 3430 3431
f 3406 3431 3407
f 3407 3431 3432
f 3407 3432 3408
f 3408 3432 3433
f 3408 3433 3409
f 3409 3433 3434
f 3409 3434 3410
f 3410 3434 3435
f 3410 3435 3411
f 3411 3435 3276
f 3411 3276 3412
f 3412 3276 3279
f 3412 3279 3413
f 3413 3279 3283
f 3413 3283 3414
f 3414 3283 3287
f 3414 3287 3415
f 3415 3287 3292
f 3415 3292 3416
f 3416 3292 3226
f 3416 3226 3417
f 3417 3226 3298
f 3417 3298 3418
f 3418 3298 3302
f 3418 3302 3419
f 3419 3302 3306
f 3420 3199 3436
f 3420 3436 3421
f 3421 3436 3437
f 3421 3437 3422
f 3422 3437 3438
f 3422 3438 3423
f 3423 3438 3439
f 3423 3439 3424
f 3424 3439 3440
f 3424 3440 3425
f 3425 3440 3441
f 3425 3441 3321
f 3321 3441 3322
f 3321 3322 3185
f 3185 3322 3191
f 3274 3277 3276
f 3274 3276 3271
f 3271 3276 3435
f 3271 3435 3268
f 3268 3435 3434
f 3268 3434 3260
f 3260 3434 3433
f 3260 3433 3257
f 3257 3433 3432
f 3257 3432 3229
f 3229 3432 3431
f 3229 3431 3251
f 3251 3431 3430
f 3251 3430 3247
f 3247 3430 3429
f 3247 3429 3242
f 3242 3429 3428
f 3242 3428 3236
f 3236 3428 3427
f 3236 3427 3233
f 3233 3427 3426
f 3233 3426 3231
f 3223 1349 3442
f 3223 3442 3306
f 3306 3442 3203
f 3122 3120 3443
f 3122 3443 3222
f 3222 3443 3444
f 3222 3444 3445
f 3445 3444 3446
f 3445 3446 3447
f 3447 3446 3448
f 3447 3448 3449
f 3449 3448 3450
f 3449 3450 3451
f 3451 3450 3452
f 3451 3452 3453
f 3453 3452 3454
f 3453 3454 3455
f 3455 3454 3456
f 3455 3456 3457
f 3127 3124 3222
f 3127 3222 3221
f 3221 3222 3445
f 3221 3445 3458
f 3458 3445 3447
f 3458 3447 3459
f 3459 3447 3449
f 3459 3449 3460
f 3460 3449 3451
f 3460 3451 3461
f 3461 3451 3453
f 3461 3453 3462
f 3462 3453 3455
f 3462 3455 3463
f 3463 3455 3457
f 3463 3457 3464
f 3131 3132 3465
f 3131 3465 3220
f 3220 3465 3466
f 3220 3466 3467
f 3467 3466 3468
f 3467 3468 3469
f 3469 3468 3470
f 3469 3470 3471
f 3471 3470 3472
f 3471 3472 3473
f 3473 3472 3474
f 3473 3474 3475
f 3475 3474 3476
f 3475 3476 3477
f 3477 3476 3478
f 3477 3478 3479
f 3479 3478 1359
f 3479 1359 1357
f 3142 3137 3219
f 3142 3219 3218
f 3218 3219 3480
f 3218 3480 3481
f 3481 3480 3482
f 3481 3482 3483
f 3483 3482 3484
f 3483 3484 3485
f 3485 3484 3486
f 3485 3486 3487
f 3487 3486 3488
f 3487 3488 3489
f 3489 3488 3490
f 3489 3490 3491
f 3491 3490 3492
f 3491 3492 3493
f 3138 3141 3218
f 3138 3218 3217
f 3217 3218 3481
f 3217 3481 3494
f 3494 3481 3483
f 3494 3483 3495
f 3495 3483 3485
f 3495 3485 3496
f 3496 3485 3487
f 3496 3487 3497
f 3497 3487 3489
f 3497 3489 3498
f 3498 3489 3491
f 3498 3491 3499
f 3499 3491 3493
f 3499 3493 3500
f 3500 3493 1363
f 3500 1363 1365
f 3145 3143 3501
f 3145 3501 3502
f 3502 3501 3503
f 3502 3503 3504
f 3504 3503 3505
f 3504 3505 3506
f 3506 3505 3507
f 3506 3507 3508
f 3508 3507 3509
f 3508 3509 3510
f 3510 3509 3511
f 3510 3511 3512
f 3512 3511 3513
f 3512 3513 3514
f 3514 3513 3515
f 3514 3515 3201
f 3150 3148 3216
f 3150 3216 3516
f 3516 3216 3517
f 3516 3517 3518
f 3518 3517 3519
f 3518 3519 3520
f 3520 3519 3521
f 3520 3521 3522
f 3522 3521 3523
f 3522 3523 3524
f 3524 3523 3525
f 3524 3525 3526
f 3526 3525 3527
f 3526 3527 3528
f 3528 3527 3529
f 3528 3529 3530
f 3151 3150 3516
f 3151 3516 3215
f 3215 3516 3518
f 3215 3518 3531
f 3531 3518 3520
f 3531 3520 3532
f 3532 3520 3522
f 3532 3522 3533
f 3533 3522 3524
f 3533 3524 3534
f 3534 3524 3526
f 3534 3526 3535
f 3535 3526 3528
f 3535 3528 3536
f 3536 3528 3530
f 3536 3530 3537
f 3537 3530 1381
f 3537 1381 1383
f 3157 3159 3538
f 3157 3538 3214
f 3214 3538 3539
f 3214 3539 3540
f 3540 3539 3541
f 3540 3541 3542
f 3542 3541 3543
f 3542 3543 3544
f 3544 3543 3545
f 3544 3545 3546
f 3546 3545 3547
f 3546 3547 3548
f 3548 3547 3549
f 3548 3549 3550
f 3550 3549 3551
f 3550 3551 3552
f 3155 3154 3214
f 3155 3214 3213
f 3213 3214 3540
f 3213 3540 3553
f 3553 3540 3542
f 3553 3542 3554
f 3554 3542 3544
f 3554 3544 3555
f 3555 3544 3546
f 3555 3546 3556
f 3556 3546 3548
f 3556 3548 3557
f 3557 3548 3550
f 3557 3550 3558
f 3558 3550 3552
f 3558 3552 3559
f 3163 3161 3213
f 3163 3213 3212
f 3212 3213 3553
f 3212 3553 3560
f 3560 3553 3554
f 3560 3554 3561
f 3561 3554 3555
f 3561 3555 3562
f 3562 3555 3556
f 3562 3556 3563
f 3563 3556 3557
f 3563 3557 3564
f 3564 3557 3558
f 3564 3558 3565
f 3565 3558 3559
f 3565 3559 3566
f 3566 3559 1395
f 3566 1395 1396
f 3086 3165 3211
f 3086 3211 3567
f 3567 3211 3568
f 3567 3568 3569
f 3569 3568 3570
f 3569 3570 3571
f 3571 3570 3572
f 3571 3572 3573
f 3573 3572 3574
f 3573 3574 3575
f 3575 3574 3576
f 3575 3576 3577
f 3577 3576 3578
f 3577 3578 3579
f 3579 3578 3580
f 3579 3580 3200
f 3170 3168 3210
f 3170 3210 3581
f 3581 3210 3582
f 3581 3582 3583
f 3583 3582 3584
f 3583 3584 3585
f 3585 3584 3586
f 3585 3586 3587
f 3587 3586 3588
f 3587 3588 3589
f 3589 3588 3590
f 3589 3590 3591
f 3591 3590 3592
f 3591 3592 3593
f 3593 3592 3594
f 3593 3594 3595
f 3171 3170 3581
f 3171 3581 3209
f 3209 3581 3583
f 3209 3583 3596
f 3596 3583 3585
f 3596 3585 3597
f 3597 3585 3587
f 3597 3587 3598
f 3598 3587 3589
f 3598 3589 3599
f 3599 3589 3591
f 3599 3591 3600
f 3600 3591 3593
f 3600 3593 3601
f 3601 3593 3595
f 3601 3595 3602
f 3602 3595 1412
f 3602 1412 1414
f 1346 3203 3442
f 1346 3442 1348
f 1348 3442 1349
f 1344 1342 3456
f 1344 3456 3203
f 3203 3456 3454
f 3203 3454 3306
f 3306 3454 3452
f 3306 3452 3419
f 3419 3452 3450
f 3419 3450 3395
f 3395 3450 3448
f 3395 3448 3374
f 3374 3448 3446
f 3374 3446 3354
f 3354 3446 3444
f 3354 3444 3337
f 3337 3444 3443
f 3337 3443 3318
f 3318 3443 3120
f 3318 3120 3116
f 1334 1333 3464
f 1334 3464 1336
f 1336 3464 3457
f 1336 3457 1338
f 1338 3457 3456
f 1338 3456 1340
f 1340 3456 1342
f 3132 3125 3221
f 3132 3221 3465
f 3465 3221 3458
f 3465 3458 3466
f 3466 3458 3459
f 3466 3459 3468
f 3468 3459 3460
f 3468 3460 3470
f 3470 3460 3461
f 3470 3461 3472
f 3472 3461 3462
f 3472 3462 3474
f 3474 3462 3463
f 3474 3463 3476
f 3476 3463 3464
f 3476 3464 3478
f 3478 3464 1333
f 3478 1333 1359
f 1357 1355 3202
f 1357 3202 3479
f 3479 3202 3603
f 3479 3603 3477
f 3477 3603 3604
f 3477 3604 3475
f 3475 3604 3605
f 3475 3605 3473
f 3473 3605 3606
f 3473 3606 3471
f 3471 3606 3607
f 3471 3607 3469
f 3469 3607 3608
f 3469 3608 3467
f 3467 3608 3609
f 3467 3609 3220
f 3220 3609 3133
f 3220 3133 3129
f 3135 3133 3609
f 3135 3609 3219
f 3219 3609 3608
f 3219 3608 3480
f 3480 3608 3607
f 3480 3607 3482
f 3482 3607 3606
f 3482 3606 3484
f 3484 3606 3605
f 3484 3605 3486
f 3486 3605 3604
f 3486 3604 3488
f 3488 3604 3603
f 3488 3603 3490
f 3490 3603 3202
f 3490 3202 3492
f 3492 3202 1353
f 1362 1363 3493
f 1362 3493 810
f 810 3493 3492
f 810 3492 1351
f 1351 3492 1353
f 1365 1367 3515
f 1365 3515 3500
f 3500 3515 3513
f 3500 3513 3499
f 3499 3513 3511
f 3499 3511 3498
f 3498 3511 3509
f 3498 3509 3497
f 3497 3509 3507
f 3497 3507 3496
f 3496 3507 3505
f 3496 3505 3495
f 3495 3505 3503
f 3495 3503 3494
f 3494 3503 3501
f 3494 3501 3217
f 3217 3501 3143
f 3217 3143 3139
f 1371 3201 3515
f 1371 3515 1369
f 1369 3515 1367
f 3147 3145 3502
f 3147 3502 3216
f 3216 3502 3504
f 3216 3504 3517
f 3517 3504 3506
f 3517 3506 3519
f 3519 3506 3508
f 3519 3508 3521
f 3521 3508 3510
f 3521 3510 3523
f 3523 3510 3512
f 3523 3512 3525
f 3525 3512 3514
f 3525 3514 3527
f 3527 3514 3201
f 3527 3201 3529
f 3529 3201 1373
f 1379 1381 3530
f 1379 3530 1377
f 1377 3530 3529
f 1377 3529 1375
f 1375 3529 1373
f 1383 1385 3551
f 1383 3551 3537
f 3537 3551 3549
f 3537 3549 3536
f 3536 3549 3547
f 3536 3547 3535
f 3535 3547 3545
f 3535 3545 3534
f 3534 3545 3543
f 3534 3543 3533
f 3533 3543 3541
f 3533 3541 3532
f 3532 3541 3539
f 3532 3539 3531
f 3531 3539 3538
f 3531 3538 3215
f 3215 3538 3159
f 3215 3159 3160
f 1393 1395 3559
f 1393 3559 1391
f 1391 3559 3552
f 1391 3552 1389
f 1389 3552 3551
f 1389 3551 1387
f 1387 3551 1385
f 1396 1399 3580
f 1396 3580 3566
f 3566 3580 3578
f 3566 3578 3565
f 3565 3578 3576
f 3565 3576 3564
f 3564 3576 3574
f 3564 3574 3563
f 3563 3574 3572
f 3563 3572 3562
f 3562 3572 3570
f 3562 3570 3561
f 3561 3570 3568
f 3561 3568 3560
f 3560 3568 3211
f 3560 3211 3212
f 3212 3211 3166
f 3212 3166 3167
f 1402 3200 3580
f 1402 3580 1400
f 1400 3580 1399
f 3087 3086 3567
f 3087 3567 3210
f 3210 3567 3569
f 3210 3569 3582
f 3582 3569 3571
f 3582 3571 3584
f 3584 3571 3573
f 3584 3573 3586
f 3586 3573 3575
f 3586 3575 3588
f 3588 3575 3577
f 3588 3577 3590
f 3590 3577 3579
f 3590 3579 3592
f 3592 3579 3200
f 3592 3200 3594
f 3594 3200 1404
f 1410 1412 3595
f 1410 3595 1408
f 1408 3595 3594
f 1408 3594 1406
f 1406 3594 1404
f 1414 1416 3199
f 1414 3199 3602
f 3602 3199 3420
f 3602 3420 3601
f 3601 3420 3396
f 3601 3396 3600
f 3600 3396 3375
f 3600 3375 3599
f 3599 3375 3355
f 3599 3355 3598
f 3598 3355 3338
f 3598 3338 3597
f 3597 3338 3206
f 3597 3206 3596
f 3596 3206 3205
f 3596 3205 3209
f 3209 3205 3083
f 3209 3083 3174
f 3323 3193 3322
f 3323 3322 3610
f 3610 3322 3441
f 3610 3441 3611
f 3611 3441 3440
f 3611 3440 3612
f 3612 3440 3439
f 3612 3439 3613
f 3613 3439 3438
f 3613 3438 3614
f 3614 3438 3437
f 3614 3437 3615
f 3615 3437 3436
f 3615 3436 3616
f 3616 3436 3199
f 3616 3199 1420
f 1420 3199 1418
f 1423 3617 1422
f 3208 3197 3323
f 3208 3323 3618
f 3618 3323 3610
f 3618 3610 3619
f 3619 3610 3611
f 3619 3611 3620
f 3620 3611 3612
f 3620 3612 3621
f 3621 3612 3613
f 3621 3613 3622
f 3622 3613 3614
f 3622 3614 3623
f 3623 3614 3615
f 3623 3615 3617
f 3617 3615 3616
f 3617 3616 1422
f 1422 3616 1420
f 3207 3195 3208
f 3207 3208 3324
f 3324 3208 3618
f 3324 3618 3340
f 3340 3618 3619
f 3340 3619 3359
f 3359 3619 3620
f 3359 3620 3379
f 3379 3620 3621
f 3379 3621 3402
f 3402 3621 3622
f 3402 3622 3426
f 3426 3622 3623
f 3426 3623 3231
f 3231 3623 3617
f 3231 3617 1425
f 1425 3617 1423
f 3624 3149 3152
f 3624 3152 3625
f 3625 3152 3158
f 3625 3158 3626
f 3626 3158 3156
f 3626 3156 3627
f 3627 3156 3162
f 3627 3162 3628
f 3628 3162 3164
f 3628 3164 3629
f 3629 3164 3088
f 3629 3088 3630
f 3630 3088 3169
f 3630 3169 3631
f 3631 3169 3172
f 3631 3172 3632
f 3632 3172 3085
f 3632 3085 3633
f 3633 3085 3176
f 3633 3176 3634
f 3634 3176 3179
f 3634 3179 3635
f 3635 3179 3182
f 3635 3182 3636
f 3636 3182 3188
f 3636 3188 3637
f 3637 3188 3186
f 3637 3186 3638
f 3638 3186 3192
f 3638 3192 3639
f 3639 3192 3196
f 3639 3196 3640
f 3640 3196 3095
f 3640 3095 3641
f 3641 3095 3093
f 3641 3093 3642
f 3642 3093 3097
f 3642 3097 3643
f 3643 3097 3103
f 3643 3103 3644
f 3644 3103 3101
f 3644 3101 3645
f 3645 3101 3107
f 3645 3107 3646
f 3646 3107 3091
f 3646 3091 3647
f 3647 3091 3111
f 3647 3111 3648
f 3648 3111 3113
f 3648 3113 3649
f 3649 3113 3117
f 3649 3117 3650
f 3650 3117 3121
f 3650 3121 3651
f 3651 3121 3123
f 3651 3123 3652
f 3652 3123 3126
f 3652 3126 3653
f 3653 3126 3130
f 3653 3130 3654
f 3654 3130 3134
f 3654 3134 3655
f 3655 3134 3136
f 3655 3136 3656
f 3656 3136 3140
f 3656 3140 3657
f 3657 3140 3144
f 3657 3144 3658
f 3658 3144 3146
f 3658 3146 3659
f 3659 3146 3149
f 3659 3149 3624
f 3659 3660 3661
f 3659 3661 3658
f 3658 3661 3662
f 3658 3662 3657
f 3657 3662 3663
f 3657 3663 3656
f 3656 3663 3664
f 3656 3664 3655
f 3655 3664 3665
f 3655 3665 3654
f 3654 3665 3666
f 3654 3666 3653
f 3653 3666 3667
f 3653 3667 3652
f 3652 3667 3668
f 3652 3668 3651
f 3651 3668 3669
f 3651 3669 3650
f 3650 3669 3670
f 3650 3670 3649
f 3649 3670 3671
f 3649 3671 3648
f 3648 3671 3672
f 3648 3672 3647
f 3647 3672 3673
f 3647 3673 3646
f 3646 3673 3674
f 3646 3674 3645
f 3645 3674 3675
f 3645 3675 3644
f 3644 3675 3676
f 3644 3676 3643
f 3643 3676 3677
f 3643 3677 3642
f 3642 3677 3678
f 3642 3678 3641
f 3641 3678 3679
f 3641 3679 3640
f 3640 3679 3680
f 3640 3680 3639
f 3639 3680 3681
f 3639 3681 3638
f 3638 3681 3682
f 3638 3682 3637
f 3637 3682 3683
f 3637 3683 3636
f 3636 3683 3684
f 3636 3684 3635
f 3635 3684 3685
f 3635 3685 3634
f 3634 3685 3686
f 3634 3686 3633
f 3633 3686 3687
f 3633 3687 3632
f 3632 3687 3688
f 3632 3688 3631
f 3631 3688 3689
f 3631 3689 3630
f 3630 3689 3690
f 3630 3690 3629
f 3629 3690 3691
f 3629 3691 3628
f 3628 3691 3692
f 3628 3692 3627
f 3627 3692 3693
f 3627 3693 3626
f 3626 3693 3694
f 3626 3694 3625
f 3625 3694 3695
f 3625 3695 3624
f 3624 3695 3660
f 3624 3660 3659
f 3680 3696 3697
f 3680 3697 3681
f 3681 3697 3698
f 3681 3698 3682
f 3682 3698 3699
f 3682 3699 3683
f 3683 3699 3700
f 3683 3700 3684
f 3684 3700 3701
f 3684 3701 3685
f 3685 3701 3702
f 3685 3702 3686
f 3686 3702 3703
f 3686 3703 3687
f 3687 3703 3704
f 3687 3704 3688
f 3688 3704 3705
f 3688 3705 3689
f 3689 3705 3706
f 3689 3706 3690
f 3690 3706 3707
f 3690 3707 3691
f 3691 3707 3708
f 3691 3708 3692
f 3692 3708 3709
f 3692 3709 3693
f 3693 3709 3710
f 3693 3710 3694
f 3694 3710 3711
f 3694 3711 3695
f 3695 3711 3712
f 3695 3712 3660
f 3660 3712 3713
f 3660 3713 3661
f 3661 3713 3714
f 3661 3714 3662
f 3662 3714 3715
f 3662 3715 3663
f 3663 3715 3716
f 3663 3716 3664
f 3664 3716 3717
f 3664 3717 3665
f 3665 3717 3718
f 3665 3718 3666
f 3666 3718 3719
f 3666 3719 3667
f 3667 3719 3720
f 3667 3720 3668
f 3668 3720 3721
f 3668 3721 3669
f 3669 3721 3722
f 3669 3722 3670
f 3670 3722 3723
f 3670 3723 3671
f 3671 3723 3724
f 3671 3724 3672
f 3672 3724 3725
f 3672 3725 3673
f 3673 3725 3726
f 3673 3726 3674
f 3674 3726 3727
f 3674 3727 3675
f 3675 3727 3728
f 3675 3728 3676
f 3676 3728 3729
f 3676 3729 3677
f 3677 3729 3730
f 3677 3730 3678
f 3678 3730 3731
f 3678 3731 3679
f 3679 3731 3696
f 3679 3696 3680
f 306 3732 580
f 1021 580 3733
f 3734 3735 580
f 3734 580 3736
f 3737 580 3738
f 3739 3736 580
f 3739 580 3740
f 3740 580 3737
f 3741 3738 580
f 3741 580 3742
f 3742 580 3743
f 3744 3745 580
f 3746 3743 580
f 3746 580 3747
f 3747 580 3732
f 3748 3744 580
f 3748 580 3749
f 3749 580 3735
f 3750 3733 580
f 3750 580 3751
f 3751 580 3745
f 3752 3753 3754
f 1037 1035 3755
f 3756 3757 1067
f 3758 3759 1097
f 3760 3761 1127
f 3762 3763 1221
f 3764 3765 1251
f 3766 3767 818
f 3768 3769 912
f 3770 3771 942
f 3772 3773 972
f 3774 3775 1298
f 3776 3777 1313
f 293 292 3778
f 3305 3301 3779
f 3297 3296 3780
f 3297 3780 3304
f 3304 3780 3303
f 3225 3224 3781
f 3225 3781 3300
f 3300 3781 3299
f 3290 3293 3782
f 3290 3782 3291
f 3291 3782 3295
f 3294 3286 3783
f 3281 3284 3784
f 3281 3784 3282
f 3288 3289 3783
f 3288 3783 3285
f 3285 3783 3286
f 3277 3274 3785
f 3277 3785 3278
f 3278 3785 3280
f 3270 3272 3786
f 3270 3786 3275
f 3275 3786 3273
f 3267 3787 3269
f 3258 3261 3788
f 3258 3788 3259
f 3259 3788 3789
f 3259 3789 3266
f 3266 3789 3790
f 3266 3790 3264
f 3264 3790 3265
f 3262 3263 3791
f 3792 3228 3227
f 3792 3227 3254
f 3793 3255 3256
f 3793 3256 3794
f 3794 3256 3250
f 3253 3246 3795
f 3253 3795 3252
f 3252 3795 3794
f 3252 3794 3249
f 3249 3794 3250
f 3243 3796 3240
f 3241 3240 3796
f 3241 3796 3248
f 3248 3796 3795
f 3248 3795 3245
f 3245 3795 3246
f 3796 3243 3244
f 3796 3244 3797
f 3797 3244 3235
f 3238 3239 3797
f 3238 3797 3237
f 3237 3797 3235
f 3797 3239 3234
f 3797 3234 3798
f 3798 3234 3232
f 1425 3799 3798
f 1425 3798 3230
f 3230 3798 3232
f 1421 3800 3799
f 1421 3799 1424
f 1424 3799 1425
f 1417 3801 3800
f 1417 3800 1419
f 1419 3800 1421
f 1413 3802 3801
f 1413 3801 1415
f 1415 3801 1417
f 1405 1403 3803
f 1405 3803 1407
f 1407 3803 3804
f 1407 3804 1409
f 1409 3804 3802
f 1409 3802 1411
f 1411 3802 1413
f 3803 1403 1401
f 3803 1401 3805
f 3805 1401 1398
f 3805 1398 3806
f 3806 1398 1397
f 3806 1397 1394
f 3806 1394 3807
f 3807 1394 1392
f 3807 1392 1390
f 3807 1390 3808
f 3808 1390 1388
f 3808 1388 1386
f 3808 1386 3809
f 3809 1386 1384
f 3809 1384 1382
f 3809 1382 3810
f 3810 1382 1380
f 3810 1380 1378
f 3810 1378 3811
f 3811 1378 1376
f 3811 1376 3812
f 3812 1376 1374
f 1368 3813 3814
f 1368 3814 1370
f 1370 3814 3812
f 1370 3812 1372
f 1372 3812 1374
f 1364 3815 3813
f 1364 3813 1366
f 1366 3813 1368
f 808 3816 3815
f 808 3815 809
f 809 3815 1364
f 1354 3817 3816
f 1354 3816 1352
f 1352 3816 808
f 1358 3818 3817
f 1358 3817 1356
f 1356 3817 1354
f 1332 3819 3820
f 1332 3820 1361
f 1361 3820 3818
f 1361 3818 1360
f 1360 3818 1358
f 1337 3821 3819
f 1337 3819 1335
f 1335 3819 1332
f 1341 3822 3821
f 1341 3821 1339
f 1339 3821 1337
f 1345 3823 3822
f 1345 3822 1343
f 1343 3822 1341
f 811 3824 3823
f 811 3823 1347
f 1347 3823 1345
f 1024 3825 3824
f 1024 3824 813
f 813 3824 811
f 1028 3826 3825
f 1028 3825 1026
f 1026 3825 1024
f 1032 3827 3826
f 1032 3826 1030
f 1030 3826 1028
f 1038 3828 3829
f 1038 3829 1036
f 1036 3829 3827
f 1036 3827 1034
f 1034 3827 1032
f 1042 3830 3828
f 1042 3828 1040
f 1040 3828 1038
f 1046 3831 3830
f 1046 3830 1044
f 1044 3830 1042
f 1050 3832 3831
f 1050 3831 1048
f 1048 3831 1046
f 1054 3833 3832
f 1054 3832 1052
f 1052 3832 1050
f 1058 3834 3833
f 1058 3833 1056
f 1056 3833 1054
f 1062 3835 3834
f 1062 3834 1060
f 1060 3834 1058
f 1070 1072 3836
f 1070 3836 1068
f 1068 3836 3837
f 1068 3837 1066
f 1066 3837 3835
f 1066 3835 1064
f 1064 3835 1062
f 3836 1072 1074
f 3836 1074 3838
f 3838 1074 1076
f 3838 1076 3839
f 3839 1076 1078
f 3839 1078 1080
f 3839 1080 3840
f 3840 1080 1082
f 3840 1082 1084
f 3840 1084 3841
f 3841 1084 1086
f 3841 1086 1088
f 3841 1088 3842
f 3842 1088 1090
f 3842 1090 1092
f 3842 1092 3843
f 3843 1092 1094
f 3843 1094 1096
f 3843 1096 3844
f 3844 1096 1098
f 3844 1098 3845
f 3845 1098 1100
f 1106 3846 3847
f 1106 3847 1104
f 1104 3847 3845
f 1104 3845 1102
f 1102 3845 1100
f 1110 3848 3846
f 1110 3846 1108
f 1108 3846 1106
f 1114 3849 3848
f 1114 3848 1112
f 1112 3848 1110
f 1118 3850 3849
f 1118 3849 1116
f 1116 3849 1114
f 1122 3851 3850
f 1122 3850 1120
f 1120 3850 1118
f 1130 1132 3852
f 1130 3852 1128
f 1128 3852 3853
f 1128 3853 1126
f 1126 3853 3851
f 1126 3851 1124
f 1124 3851 1122
f 3852 1132 1134
f 3852 1134 3854
f 3854 1134 1136
f 3854 1136 3855
f 3855 1136 1138
f 3855 1138 1140
f 3855 1140 3856
f 3856 1140 1142
f 3856 1142 1144
f 3856 1144 3857
f 3857 1144 1146
f 3857 1146 1148
f 3857 1148 3858
f 3858 1148 1150
f 3858 1150 1152
f 3858 1152 3859
f 3859 1152 1154
f 3859 1154 1156
f 3859 1156 3860
f 3860 1156 1158
f 3860 1158 3861
f 3861 1158 1160
f 3861 1160 1162
f 3861 1162 3862
f 3862 1162 1164
f 3862 1164 1166
f 3862 1166 3863
f 3863 1166 1168
f 3863 1168 1170
f 3863 1170 3864
f 3864 1170 1172
f 3864 1172 1174
f 3864 1174 3865
f 3865 1174 1176
f 3865 1176 1178
f 3865 1178 3866
f 3866 1178 1180
f 3866 1180 1182
f 3866 1182 3867
f 3867 1182 1184
f 3867 1184 1186
f 3867 1186 3868
f 3868 1186 1188
f 3868 1188 1190
f 3868 1190 3869
f 3869 1190 1192
f 3869 1192 3870
f 3870 1192 1194
f 3870 1194 1196
f 3870 1196 3871
f 3871 1196 1198
f 3871 1198 1200
f 3871 1200 3872
f 3872 1200 1202
f 3872 1202 1204
f 3872 1204 3873
f 3873 1204 1206
f 3873 1206 1208
f 3873 1208 3874
f 3874 1208 1210
f 3874 1210 1212
f 3874 1212 3875
f 3875 1212 1214
f 3875 1214 1216
f 3875 1216 3876
f 3876 1216 1218
f 3876 1218 1220
f 3876 1220 3877
f 3877 1220 1222
f 3877 1222 3878
f 3878 1222 1224
f 1230 3879 3880
f 1230 3880 1228
f 1228 3880 3878
f 1228 3878 1226
f 1226 3878 1224
f 1234 3881 3879
f 1234 3879 1232
f 1232 3879 1230
f 1238 3882 3881
f 1238 3881 1236
f 1236 3881 1234
f 1242 3883 3882
f 1242 3882 1240
f 1240 3882 1238
f 1246 3884 3883
f 1246 3883 1244
f 1244 3883 1242
f 1254 1256 3885
f 1254 3885 1252
f 1252 3885 3886
f 1252 3886 1250
f 1250 3886 3884
f 1250 3884 1248
f 1248 3884 1246
f 3885 1256 1258
f 3885 1258 3887
f 3887 1258 1260
f 3887 1260 3888
f 3888 1260 1262
f 3888 1262 1264
f 3888 1264 3889
f 3889 1264 1266
f 3889 1266 1268
f 3889 1268 3890
f 3890 1268 1270
f 3890 1270 1272
f 3890 1272 3891
f 3891 1272 1274
f 3891 1274 1276
f 3891 1276 3892
f 3892 1276 814
f 3892 814 817
f 3892 817 3893
f 3893 817 819
f 3893 819 3894
f 3894 819 821
f 827 3895 3896
f 827 3896 825
f 825 3896 3894
f 825 3894 823
f 823 3894 821
f 831 3897 3895
f 831 3895 829
f 829 3895 827
f 835 3898 3897
f 835 3897 833
f 833 3897 831
f 839 3899 3898
f 839 3898 837
f 837 3898 835
f 843 3900 3899
f 843 3899 841
f 841 3899 839
f 849 3901 3902
f 849 3902 847
f 847 3902 3900
f 847 3900 845
f 845 3900 843
f 853 3903 3901
f 853 3901 851
f 851 3901 849
f 857 3904 3903
f 857 3903 855
f 855 3903 853
f 861 3905 3904
f 861 3904 859
f 859 3904 857
f 865 3906 3905
f 865 3905 863
f 863 3905 861
f 869 3907 3906
f 869 3906 867
f 867 3906 865
f 873 3908 3907
f 873 3907 871
f 871 3907 869
f 877 3909 3908
f 877 3908 875
f 875 3908 873
f 883 3910 3911
f 883 3911 881
f 881 3911 3909
f 881 3909 879
f 879 3909 877
f 887 3912 3910
f 887 3910 885
f 885 3910 883
f 891 3913 3912
f 891 3912 889
f 889 3912 887
f 895 3914 3913
f 895 3913 893
f 893 3913 891
f 899 3915 3914
f 899 3914 897
f 897 3914 895
f 903 3916 3915
f 903 3915 901
f 901 3915 899
f 907 3917 3916
f 907 3916 905
f 905 3916 903
f 915 917 3918
f 915 3918 913
f 913 3918 3919
f 913 3919 911
f 911 3919 3917
f 911 3917 909
f 909 3917 907
f 3918 917 919
f 3918 919 3920
f 3920 919 921
f 3920 921 3921
f 3921 921 923
f 3921 923 925
f 3921 925 3922
f 3922 925 927
f 3922 927 929
f 3922 929 3923
f 3923 929 931
f 3923 931 933
f 3923 933 3924
f 3924 933 935
f 3924 935 937
f 3924 937 3925
f 3925 937 939
f 3925 939 941
f 3925 941 3926
f 3926 941 943
f 3926 943 3927
f 3927 943 945
f 951 3928 3929
f 951 3929 949
f 949 3929 3927
f 949 3927 947
f 947 3927 945
f 955 3930 3928
f 955 3928 953
f 953 3928 951
f 959 3931 3930
f 959 3930 957
f 957 3930 955
f 963 3932 3931
f 963 3931 961
f 961 3931 959
f 967 3933 3932
f 967 3932 965
f 965 3932 963
f 975 977 3934
f 975 3934 973
f 973 3934 3935
f 973 3935 971
f 971 3935 3933
f 971 3933 969
f 969 3933 967
f 3934 977 979
f 3934 979 3936
f 3936 979 981
f 3936 981 3937
f 3937 981 983
f 3937 983 985
f 3937 985 3938
f 3938 985 987
f 3938 987 989
f 3938 989 3939
f 3939 989 991
f 3939 991 993
f 3939 993 3940
f 3940 993 995
f 3940 995 997
f 3940 997 3941
f 3941 997 999
f 3941 999 1001
f 3941 1001 3942
f 3942 1001 1003
f 3942 1003 3943
f 3943 1003 1005
f 3943 1005 1007
f 3943 1007 3944
f 3944 1007 1009
f 3944 1009 1011
f 3944 1011 3945
f 3945 1011 1013
f 3945 1013 1015
f 3945 1015 3946
f 3946 1015 1017
f 3946 1017 1019
f 3946 1019 3733
f 3733 1019 1021
f 245 3947 308
f 308 3947 3732
f 308 3732 305
f 305 3732 306
f 301 304 3948
f 301 3948 302
f 302 3948 3947
f 302 3947 244
f 244 3947 245
f 299 298 3949
f 299 3949 247
f 247 3949 3948
f 247 3948 248
f 248 3948 304
f 250 293 3778
f 250 3778 251
f 251 3778 3949
f 251 3949 297
f 297 3949 298
f 254 253 3950
f 254 3950 296
f 296 3950 3778
f 296 3778 295
f 295 3778 292
f 257 256 3951
f 257 3951 3950
f 257 3950 291
f 291 3950 253
f 287 3952 284
f 285 284 3952
f 285 3952 288
f 288 3952 3951
f 288 3951 289
f 289 3951 256
f 276 3953 283
f 282 283 3953
f 282 3953 279
f 279 3953 3952
f 279 3952 280
f 280 3952 287
f 681 274 3954
f 681 3954 278
f 278 3954 3953
f 278 3953 275
f 275 3953 276
f 3954 274 260
f 3954 260 3955
f 3955 260 259
f 271 267 3955
f 271 3955 272
f 272 3955 259
f 3955 267 266
f 3955 266 3956
f 3956 266 269
f 265 1329 3957
f 262 265 3957
f 262 3957 263
f 263 3957 3956
f 263 3956 270
f 270 3956 269
f 1330 3958 3957
f 1330 3957 1331
f 1331 3957 1329
f 1325 3959 3960
f 1325 3960 1327
f 1327 3960 3958
f 1327 3958 1326
f 1326 3958 1330
f 1323 3961 3959
f 1323 3959 1324
f 1324 3959 1325
f 1321 3962 3961
f 1321 3961 1322
f 1322 3961 1323
f 1319 3963 3962
f 1319 3962 1320
f 1320 3962 1321
f 1317 3964 3963
f 1317 3963 1318
f 1318 3963 1319
f 1314 1313 3777
f 1314 3777 1315
f 1315 3777 3964
f 1315 3964 1316
f 1316 3964 1317
f 1310 3965 3966
f 1310 3966 1311
f 1311 3966 3776
f 1311 3776 1312
f 1312 3776 1313
f 1308 3967 3965
f 1308 3965 1309
f 1309 3965 1310
f 1306 3968 3967
f 1306 3967 1307
f 1307 3967 1308
f 1304 3969 3968
f 1304 3968 1305
f 1305 3968 1306
f 1302 3970 3969
f 1302 3969 1303
f 1303 3969 1304
f 1299 1298 3775
f 1299 3775 1300
f 1300 3775 3970
f 1300 3970 1301
f 1301 3970 1302
f 1295 3971 3972
f 1295 3972 1296
f 1296 3972 3774
f 1296 3774 1297
f 1297 3774 1298
f 1291 3973 3971
f 1291 3971 1292
f 1292 3971 1295
f 1294 3974 3973
f 1294 3973 1290
f 1290 3973 1291
f 1289 3975 3974
f 1289 3974 1293
f 1293 3974 1294
f 1287 3976 3975
f 1287 3975 1288
f 1288 3975 1289
f 1285 3977 3976
f 1285 3976 1286
f 1286 3976 1287
f 1282 3978 3979
f 1282 3979 1283
f 1283 3979 3977
f 1283 3977 1284
f 1284 3977 1285
f 1280 3980 3978
f 1280 3978 1281
f 1281 3978 1282
f 1278 3981 3980
f 1278 3980 1279
f 1279 3980 1280
f 1022 3982 3981
f 1022 3981 1277
f 1277 3981 1278
f 1018 3983 3982
f 1018 3982 1020
f 1020 3982 1022
f 1014 3984 3983
f 1014 3983 1016
f 1016 3983 1018
f 1010 3985 3984
f 1010 3984 1012
f 1012 3984 1014
f 1006 3986 3985
f 1006 3985 1008
f 1008 3985 1010
f 1000 3987 3988
f 1000 3988 1002
f 1002 3988 3986
f 1002 3986 1004
f 1004 3986 1006
f 996 3989 3987
f 996 3987 998
f 998 3987 1000
f 992 3990 3989
f 992 3989 994
f 994 3989 996
f 988 3991 3990
f 988 3990 990
f 990 3990 992
f 984 3992 3991
f 984 3991 986
f 986 3991 988
f 980 3993 3992
f 980 3992 982
f 982 3992 984
f 974 972 3773
f 974 3773 976
f 976 3773 3993
f 976 3993 978
f 978 3993 980
f 966 3994 3995
f 966 3995 968
f 968 3995 3772
f 968 3772 970
f 970 3772 972
f 962 3996 3994
f 962 3994 964
f 964 3994 966
f 958 3997 3996
f 958 3996 960
f 960 3996 962
f 954 3998 3997
f 954 3997 956
f 956 3997 958
f 950 3999 3998
f 950 3998 952
f 952 3998 954
f 944 942 3771
f 944 3771 946
f 946 3771 3999
f 946 3999 948
f 948 3999 950
f 936 4000 4001
f 936 4001 938
f 938 4001 3770
f 938 3770 940
f 940 3770 942
f 932 4002 4000
f 932 4000 934
f 934 4000 936
f 928 4003 4002
f 928 4002 930
f 930 4002 932
f 924 4004 4003
f 924 4003 926
f 926 4003 928
f 920 4005 4004
f 920 4004 922
f 922 4004 924
f 914 912 3769
f 914 3769 916
f 916 3769 4005
f 916 4005 918
f 918 4005 920
f 906 4006 4007
f 906 4007 908
f 908 4007 3768
f 908 3768 910
f 910 3768 912
f 902 4008 4006
f 902 4006 904
f 904 4006 906
f 898 4009 4008
f 898 4008 900
f 900 4008 902
f 894 4010 4009
f 894 4009 896
f 896 4009 898
f 890 4011 4010
f 890 4010 892
f 892 4010 894
f 886 4012 4011
f 886 4011 888
f 888 4011 890
f 880 4013 4014
f 880 4014 882
f 882 4014 4012
f 882 4012 884
f 884 4012 886
f 876 4015 4013
f 876 4013 878
f 878 4013 880
f 872 4016 4015
f 872 4015 874
f 874 4015 876
f 868 4017 4016
f 868 4016 870
f 870 4016 872
f 864 4018 4017
f 864 4017 866
f 866 4017 868
f 860 4019 4018
f 860 4018 862
f 862 4018 864
f 856 4020 4019
f 856 4019 858
f 858 4019 860
f 852 4021 4020
f 852 4020 854
f 854 4020 856
f 846 4022 4023
f 846 4023 848
f 848 4023 4021
f 848 4021 850
f 850 4021 852
f 842 4024 4022
f 842 4022 844
f 844 4022 846
f 838 4025 4024
f 838 4024 840
f 840 4024 842
f 834 4026 4025
f 834 4025 836
f 836 4025 838
f 830 4027 4026
f 830 4026 832
f 832 4026 834
f 826 4028 4027
f 826 4027 828
f 828 4027 830
f 820 818 3767
f 820 3767 822
f 822 3767 4028
f 822 4028 824
f 824 4028 826
f 1275 4029 4030
f 1275 4030 815
f 815 4030 3766
f 815 3766 816
f 816 3766 818
f 1271 4031 4029
f 1271 4029 1273
f 1273 4029 1275
f 1267 4032 4031
f 1267 4031 1269
f 1269 4031 1271
f 1263 4033 4032
f 1263 4032 1265
f 1265 4032 1267
f 1259 4034 4033
f 1259 4033 1261
f 1261 4033 1263
f 1253 1251 3765
f 1253 3765 1255
f 1255 3765 4034
f 1255 4034 1257
f 1257 4034 1259
f 1245 4035 4036
f 1245 4036 1247
f 1247 4036 3764
f 1247 3764 1249
f 1249 3764 1251
f 1241 4037 4035
f 1241 4035 1243
f 1243 4035 1245
f 1237 4038 4037
f 1237 4037 1239
f 1239 4037 1241
f 1233 4039 4038
f 1233 4038 1235
f 1235 4038 1237
f 1229 4040 4039
f 1229 4039 1231
f 1231 4039 1233
f 1223 1221 3763
f 1223 3763 1225
f 1225 3763 4040
f 1225 4040 1227
f 1227 4040 1229
f 1215 4041 4042
f 1215 4042 1217
f 1217 4042 3762
f 1217 3762 1219
f 1219 3762 1221
f 1211 4043 4041
f 1211 4041 1213
f 1213 4041 1215
f 1207 4044 4043
f 1207 4043 1209
f 1209 4043 1211
f 1203 4045 4044
f 1203 4044 1205
f 1205 4044 1207
f 1199 4046 4045
f 1199 4045 1201
f 1201 4045 1203
f 1195 4047 4046
f 1195 4046 1197
f 1197 4046 1199
f 1189 4048 4049
f 1189 4049 1191
f 1191 4049 4047
f 1191 4047 1193
f 1193 4047 1195
f 1185 4050 4048
f 1185 4048 1187
f 1187 4048 1189
f 1181 4051 4050
f 1181 4050 1183
f 1183 4050 1185
f 1177 4052 4051
f 1177 4051 1179
f 1179 4051 1181
f 1173 4053 4052
f 1173 4052 1175
f 1175 4052 1177
f 1169 4054 4053
f 1169 4053 1171
f 1171 4053 1173
f 1165 4055 4054
f 1165 4054 1167
f 1167 4054 1169
f 1161 4056 4055
f 1161 4055 1163
f 1163 4055 1165
f 1155 4057 4058
f 1155 4058 1157
f 1157 4058 4056
f 1157 4056 1159
f 1159 4056 1161
f 1151 4059 4057
f 1151 4057 1153
f 1153 4057 1155
f 1147 4060 4059
f 1147 4059 1149
f 1149 4059 1151
f 1143 4061 4060
f 1143 4060 1145
f 1145 4060 1147
f 1139 4062 4061
f 1139 4061 1141
f 1141 4061 1143
f 1135 4063 4062
f 1135 4062 1137
f 1137 4062 1139
f 1129 1127 3761
f 1129 3761 1131
f 1131 3761 4063
f 1131 4063 1133
f 1133 4063 1135
f 1121 4064 4065
f 1121 4065 1123
f 1123 4065 3760
f 1123 3760 1125
f 1125 3760 1127
f 1117 4066 4064
f 1117 4064 1119
f 1119 4064 1121
f 1113 4067 4066
f 1113 4066 1115
f 1115 4066 1117
f 1109 4068 4067
f 1109 4067 1111
f 1111 4067 1113
f 1105 4069 4068
f 1105 4068 1107
f 1107 4068 1109
f 1099 1097 3759
f 1099 3759 1101
f 1101 3759 4069
f 1101 4069 1103
f 1103 4069 1105
f 1091 4070 4071
f 1091 4071 1093
f 1093 4071 3758
f 1093 3758 1095
f 1095 3758 1097
f 1087 4072 4070
f 1087 4070 1089
f 1089 4070 1091
f 1083 4073 4072
f 1083 4072 1085
f 1085 4072 1087
f 1079 4074 4073
f 1079 4073 1081
f 1081 4073 1083
f 1075 4075 4074
f 1075 4074 1077
f 1077 4074 1079
f 1069 1067 3757
f 1069 3757 1071
f 1071 3757 4075
f 1071 4075 1073
f 1073 4075 1075
f 1061 4076 4077
f 1061 4077 1063
f 1063 4077 3756
f 1063 3756 1065
f 1065 3756 1067
f 1057 4078 4076
f 1057 4076 1059
f 1059 4076 1061
f 1051 1049 4079
f 1051 4079 1053
f 1053 4079 4078
f 1053 4078 1055
f 1055 4078 1057
f 1047 1045 4080
f 1047 4080 1049
f 1043 1041 4081
f 1043 4081 1045
f 1039 4082 1041
f 4082 1039 1037
f 1033 1031 4083
f 1033 4083 1035
f 1029 1027 4084
f 1029 4084 1031
f 1025 1023 4085
f 1025 4085 1027
f 812 4086 1023
f 3775 4087 4088
f 3775 4088 3970
f 3970 4088 4089
f 3970 4089 3969
f 3969 4089 4090
f 3969 4090 3968
f 3968 4090 4091
f 3968 4091 3967
f 3967 4091 4092
f 3967 4092 3965
f 3965 4092 4093
f 3965 4093 3966
f 3966 4093 4094
f 3966 4094 3776
f 3776 4094 4095
f 3776 4095 3777
f 3777 4095 4096
f 3777 4096 3964
f 3964 4096 4097
f 3964 4097 3963
f 3963 4097 4098
f 3963 4098 3962
f 3962 4098 4099
f 3962 4099 3961
f 3961 4099 4100
f 3961 4100 3959
f 3959 4100 4101
f 3959 4101 3960
f 3960 4101 4102
f 3960 4102 3958
f 3958 4102 4103
f 3958 4103 3957
f 3957 4103 4104
f 3957 4104 3956
f 3956 4104 4105
f 3956 4105 3955
f 3955 4105 4106
f 3955 4106 3954
f 3954 4106 4107
f 3954 4107 3953
f 3953 4107 4108
f 3953 4108 3952
f 3952 4108 4109
f 3952 4109 3951
f 3951 4109 4110
f 3951 4110 3950
f 3950 4110 4111
f 3950 4111 3778
f 3778 4111 4112
f 3778 4112 3949
f 3949 4112 4113
f 3949 4113 3948
f 3948 4113 4114
f 3948 4114 3947
f 3947 4114 3747
f 3947 3747 3732
f 4079 4115 4116
f 4079 4116 4078
f 4078 4116 4117
f 4078 4117 4076
f 4076 4117 4118
f 4076 4118 4077
f 4077 4118 4119
f 4077 4119 3756
f 3756 4119 4120
f 3756 4120 3757
f 3757 4120 4121
f 3757 4121 4075
f 4075 4121 4122
f 4075 4122 4074
f 4074 4122 4123
f 4074 4123 4073
f 4073 4123 4124
f 4073 4124 4072
f 4072 4124 4125
f 4072 4125 4070
f 4070 4125 4126
f 4070 4126 4071
f 4071 4126 4127
f 4071 4127 3758
f 3758 4127 4128
f 3758 4128 3759
f 3759 4128 4129
f 3759 4129 4069
f 4069 4129 4130
f 4069 4130 4068
f 4068 4130 4131
f 4068 4131 4067
f 4067 4131 4132
f 4067 4132 4066
f 4066 4132 4133
f 4066 4133 4064
f 4064 4133 4134
f 4064 4134 4065
f 4065 4134 4135
f 4065 4135 3760
f 3760 4135 4136
f 3760 4136 3761
f 3761 4136 4137
f 3761 4137 4063
f 4063 4137 4138
f 4063 4138 4062
f 4062 4138 4139
f 4062 4139 4061
f 4061 4139 4140
f 4061 4140 4060
f 4060 4140 4141
f 4060 4141 4059
f 4059 4141 4142
f 4059 4142 4057
f 4057 4142 4143
f 4057 4143 4058
f 4058 4143 4144
f 4058 4144 4056
f 4056 4144 4145
f 4056 4145 4055
f 4055 4145 4146
f 4055 4146 4054
f 4054 4146 4147
f 4054 4147 4053
f 4053 4147 4148
f 4053 4148 4052
f 4052 4148 4149
f 4052 4149 4051
f 4051 4149 4150
f 4051 4150 4050
f 4050 4150 4151
f 4050 4151 4048
f 4048 4151 4152
f 4048 4152 4049
f 4049 4152 4153
f 4049 4153 4047
f 4047 4153 4154
f 4047 4154 4046
f 4046 4154 4155
f 4046 4155 4045
f 4045 4155 4156
f 4045 4156 4044
f 4044 4156 4157
f 4044 4157 4043
f 4043 4157 4158
f 4043 4158 4041
f 4041 4158 4159
f 4041 4159 4042
f 4042 4159 4160
f 4042 4160 3762
f 3762 4160 4161
f 3762 4161 3763
f 3763 4161 4162
f 3763 4162 4040
f 4040 4162 4163
f 4040 4163 4039
f 4039 4163 4164
f 4039 4164 4038
f 4038 4164 4165
f 4038 4165 4037
f 4037 4165 4166
f 4037 4166 4035
f 4035 4166 4167
f 4035 4167 4036
f 4036 4167 4168
f 4036 4168 3764
f 3764 4168 4169
f 3764 4169 3765
f 3765 4169 4170
f 3765 4170 4034
f 4034 4170 4171
f 4034 4171 4033
f 4033 4171 4172
f 4033 4172 4032
f 4032 4172 4173
f 4032 4173 4031
f 4031 4173 4174
f 4031 4174 4029
f 4029 4174 4175
f 4029 4175 4030
f 4030 4175 4176
f 4030 4176 3766
f 3766 4176 4177
f 3766 4177 3767
f 3767 4177 4178
f 3767 4178 4028
f 4028 4178 4179
f 4028 4179 4027
f 4027 4179 4180
f 4027 4180 4026
f 4026 4180 4181
f 4026 4181 4025
f 4025 4181 4182
f 4025 4182 4024
f 4024 4182 4183
f 4024 4183 4022
f 4022 4183 4184
f 4022 4184 4023
f 4023 4184 4185
f 4023 4185 4021
f 4021 4185 4186
f 4021 4186 4020
f 4020 4186 4187
f 4020 4187 4019
f 4019 4187 4188
f 4019 4188 4018
f 4018 4188 4189
f 4018 4189 4017
f 4017 4189 4190
f 4017 4190 4016
f 4016 4190 4191
f 4016 4191 4015
f 4015 4191 4192
f 4015 4192 4013
f 4013 4192 4193
f 4013 4193 4014
f 4014 4193 4194
f 4014 4194 4012
f 4012 4194 4195
f 4012 4195 4011
f 4011 4195 4196
f 4011 4196 4010
f 4010 4196 4197
f 4010 4197 4009
f 4009 4197 4198
f 4009 4198 4008
f 4008 4198 4199
f 4008 4199 4006
f 4006 4199 4200
f 4006 4200 4007
f 4007 4200 4201
f 4007 4201 3768
f 3768 4201 4202
f 3768 4202 3769
f 3769 4202 4203
f 3769 4203 4005
f 4005 4203 4204
f 4005 4204 4004
f 4004 4204 4205
f 4004 4205 4003
f 4003 4205 4206
f 4003 4206 4002
f 4002 4206 4207
f 4002 4207 4000
f 4000 4207 4208
f 4000 4208 4001
f 4001 4208 4209
f 4001 4209 3770
f 3770 4209 4210
f 3770 4210 3771
f 3771 4210 4211
f 3771 4211 3999
f 3999 4211 4212
f 3999 4212 3998
f 3998 4212 4213
f 3998 4213 3997
f 3997 4213 4214
f 3997 4214 3996
f 3996 4214 4215
f 3996 4215 3994
f 3994 4215 4216
f 3994 4216 3995
f 3995 4216 4217
f 3995 4217 3772
f 3772 4217 4218
f 3772 4218 3773
f 3773 4218 4219
f 3773 4219 3993
f 3993 4219 4220
f 3993 4220 3992
f 3992 4220 4221
f 3992 4221 3991
f 3991 4221 4222
f 3991 4222 3990
f 3990 4222 4223
f 3990 4223 3989
f 3989 4223 4224
f 3989 4224 3987
f 3987 4224 4225
f 3987 4225 3988
f 3988 4225 4226
f 3988 4226 3986
f 3986 4226 4227
f 3986 4227 3985
f 3985 4227 4228
f 3985 4228 3984
f 3984 4228 4229
f 3984 4229 3983
f 3983 4229 4230
f 3983 4230 3982
f 3982 4230 4231
f 3982 4231 3981
f 3981 4231 4232
f 3981 4232 3980
f 3980 4232 4233
f 3980 4233 3978
f 3978 4233 4234
f 3978 4234 3979
f 3979 4234 4235
f 3979 4235 3977
f 3977 4235 4236
f 3977 4236 3976
f 3976 4236 4237
f 3976 4237 3975
f 3975 4237 4238
f 3975 4238 3974
f 3974 4238 4239
f 3974 4239 3973
f 3973 4239 4240
f 3973 4240 3971
f 3971 4240 4241
f 3971 4241 3972
f 3972 4241 4242
f 3972 4242 3774
f 3774 4242 4087
f 3774 4087 3775
f 4087 4243 4244
f 4087 4244 4088
f 4088 4244 4245
f 4088 4245 4089
f 4089 4245 4246
f 4089 4246 4090
f 4090 4246 4247
f 4090 4247 4091
f 4091 4247 4248
f 4091 4248 4092
f 4092 4248 4249
f 4092 4249 4093
f 4093 4249 4250
f 4093 4250 4094
f 4094 4250 4251
f 4094 4251 4095
f 4095 4251 4252
f 4095 4252 4096
f 4096 4252 4253
f 4096 4253 4097
f 4097 4253 4254
f 4097 4254 4098
f 4098 4254 4255
f 4098 4255 4099
f 4099 4255 4256
f 4099 4256 4100
f 4100 4256 4257
f 4100 4257 4101
f 4101 4257 4258
f 4101 4258 4102
f 4102 4258 4259
f 4102 4259 4103
f 4103 4259 4260
f 4103 4260 4104
f 4104 4260 4261
f 4104 4261 4105
f 4105 4261 4262
f 4105 4262 4106
f 4106 4262 4263
f 4106 4263 4107
f 4107 4263 4264
f 4107 4264 4108
f 4108 4264 4265
f 4108 4265 4109
f 4109 4265 4266
f 4109 4266 4110
f 4110 4266 4267
f 4110 4267 4111
f 4111 4267 4268
f 4111 4268 4112
f 4112 4268 4269
f 4112 4269 4113
f 4113 4269 4270
f 4113 4270 4114
f 4114 4270 3746
f 4114 3746 3747
f 4115 4271 4272
f 4115 4272 4116
f 4116 4272 4273
f 4116 4273 4117
f 4117 4273 4274
f 4117 4274 4118
f 4118 4274 4275
f 4118 4275 4119
f 4119 4275 4276
f 4119 4276 4120
f 4120 4276 4277
f 4120 4277 4121
f 4121 4277 4278
f 4121 4278 4122
f 4122 4278 4279
f 4122 4279 4123
f 4123 4279 4280
f 4123 4280 4124
f 4124 4280 4281
f 4124 4281 4125
f 4125 4281 4282
f 4125 4282 4126
f 4126 4282 4283
f 4126 4283 4127
f 4127 4283 4284
f 4127 4284 4128
f 4128 4284 4285
f 4128 4285 4129
f 4129 4285 4286
f 4129 4286 4130
f 4130 4286 4287
f 4130 4287 4131
f 4131 4287 4288
f 4131 4288 4132
f 4132 4288 4289
f 4132 4289 4133
f 4133 4289 4290
f 4133 4290 4134
f 4134 4290 4291
f 4134 4291 4135
f 4135 4291 4292
f 4135 4292 4136
f 4136 4292 4293
f 4136 4293 4137
f 4137 4293 4294
f 4137 4294 4138
f 4138 4294 4295
f 4138 4295 4139
f 4139 4295 4296
f 4139 4296 4140
f 4140 4296 4297
f 4140 4297 4141
f 4141 4297 4298
f 4141 4298 4142
f 4142 4298 4299
f 4142 4299 4143
f 4143 4299 4300
f 4143 4300 4144
f 4144 4300 4301
f 4144 4301 4145
f 4145 4301 4302
f 4145 4302 4146
f 4146 4302 4303
f 4146 4303 4147
f 4147 4303 4304
f 4147 4304 4148
f 4148 4304 4305
f 4148 4305 4149
f 4149 4305 4306
f 4149 4306 4150
f 4150 4306 4307
f 4150 4307 4151
f 4151 4307 4308
f 4151 4308 4152
f 4152 4308 4309
f 4152 4309 4153
f 4153 4309 4310
f 4153 4310 4154
f 4154 4310 4311
f 4154 4311 4155
f 4155 4311 4312
f 4155 4312 4156
f 4156 4312 4313
f 4156 4313 4157
f 4157 4313 4314
f 4157 4314 4158
f 4158 4314 4315
f 4158 4315 4159
f 4159 4315 4316
f 4159 4316 4160
f 4160 4316 4317
f 4160 4317 4161
f 4161 4317 4318
f 4161 4318 4162
f 4162 4318 4319
f 4162 4319 4163
f 4163 4319 4320
f 4163 4320 4164
f 4164 4320 4321
f 4164 4321 4165
f 4165 4321 4322
f 4165 4322 4166
f 4166 4322 4323
f 4166 4323 4167
f 4167 4323 4324
f 4167 4324 4168
f 4168 4324 4325
f 4168 4325 4169
f 4169 4325 4326
f 4169 4326 4170
f 4170 4326 4327
f 4170 4327 4171
f 4171 4327 4328
f 4171 4328 4172
f 4172 4328 4329
f 4172 4329 4173
f 4173 4329 4330
f 4173 4330 4174
f 4174 4330 4331
f 4174 4331 4175
f 4175 4331 4332
f 4175 4332 4176
f 4176 4332 4333
f 4176 4333 4177
f 4177 4333 4334
f 4177 4334 4178
f 4178 4334 4335
f 4178 4335 4179
f 4179 4335 4336
f 4179 4336 4180
f 4180 4336 4337
f 4180 4337 4181
f 4181 4337 4338
f 4181 4338 4182
f 4182 4338 4339
f 4182 4339 4183
f 4183 4339 4340
f 4183 4340 4184
f 4184 4340 4341
f 4184 4341 4185
f 4185 4341 4342
f 4185 4342 4186
f 4186 4342 4343
f 4186 4343 4187
f 4187 4343 4344
f 4187 4344 4188
f 4188 4344 4345
f 4188 4345 4189
f 4189 4345 4346
f 4189 4346 4190
f 4190 4346 4347
f 4190 4347 4191
f 4191 4347 4348
f 4191 4348 4192
f 4192 4348 4349
f 4192 4349 4193
f 4193 4349 4350
f 4193 4350 4194
f 4194 4350 4351
f 4194 4351 4195
f 4195 4351 4352
f 4195 4352 4196
f 4196 4352 4353
f 4196 4353 4197
f 4197 4353 4354
f 4197 4354 4198
f 4198 4354 4355
f 4198 4355 4199
f 4199 4355 4356
f 4199 4356 4200
f 4200 4356 4357
f 4200 4357 4201
f 4201 4357 4358
f 4201 4358 4202
f 4202 4358 4359
f 4202 4359 4203
f 4203 4359 4360
f 4203 4360 4204
f 4204 4360 4361
f 4204 4361 4205
f 4205 4361 4362
f 4205 4362 4206
f 4206 4362 4363
f 4206 4363 4207
f 4207 4363 4364
f 4207 4364 4208
f 4208 4364 4365
f 4208 4365 4209
f 4209 4365 4366
f 4209 4366 4210
f 4210 4366 4367
f 4210 4367 4211
f 4211 4367 4368
f 4211 4368 4212
f 4212 4368 4369
f 4212 4369 4213
f 4213 4369 4370
f 4213 4370 4214
f 4214 4370 4371
f 4214 4371 4215
f 4215 4371 4372
f 4215 4372 4216
f 4216 4372 4373
f 4216 4373 4217
f 4217 4373 4374
f 4217 4374 4218
f 4218 4374 4375
f 4218 4375 4219
f 4219 4375 4376
f 4219 4376 4220
f 4220 4376 4377
f 4220 4377 4221
f 4221 4377 4378
f 4221 4378 4222
f 4222 4378 4379
f 4222 4379 4223
f 4223 4379 4380
f 4223 4380 4224
f 4224 4380 4381
f 4224 4381 4225
f 4225 4381 4382
f 4225 4382 4226
f 4226 4382 4383
f 4226 4383 4227
f 4227 4383 4384
f 4227 4384 4228
f 4228 4384 4385
f 4228 4385 4229
f 4229 4385 4386
f 4229 4386 4230
f 4230 4386 4387
f 4230 4387 4231
f 4231 4387 4388
f 4231 4388 4232
f 4232 4388 4389
f 4232 4389 4233
f 4233 4389 4390
f 4233 4390 4234
f 4234 4390 4391
f 4234 4391 4235
f 4235 4391 4392
f 4235 4392 4236
f 4236 4392 4393
f 4236 4393 4237
f 4237 4393 4394
f 4237 4394 4238
f 4238 4394 4395
f 4238 4395 4239
f 4239 4395 4396
f 4239 4396 4240
f 4240 4396 4397
f 4240 4397 4241
f 4241 4397 4398
f 4241 4398 4242
f 4242 4398 4243
f 4242 4243 4087
f 4243 4399 4400
f 4243 4400 4244
f 4244 4400 4401
f 4244 4401 4245
f 4245 4401 4402
f 4245 4402 4246
f 4246 4402 4403
f 4246 4403 4247
f 4247 4403 4404
f 4247 4404 4248
f 4248 4404 4405
f 4248 4405 4249
f 4249 4405 4406
f 4249 4406 4250
f 4250 4406 4407
f 4250 4407 4251
f 4251 4407 4408
f 4251 4408 4252
f 4252 4408 4409
f 4252 4409 4253
f 4253 4409 4410
f 4253 4410 4254
f 4254 4410 4411
f 4254 4411 4255
f 4255 4411 4412
f 4255 4412 4256
f 4256 4412 4413
f 4256 4413 4257
f 4257 4413 4414
f 4257 4414 4258
f 4258 4414 4415
f 4258 4415 4259
f 4259 4415 4416
f 4259 4416 4260
f 4260 4416 4417
f 4260 4417 4261
f 4261 4417 4418
f 4261 4418 4262
f 4262 4418 4419
f 4262 4419 4263
f 4263 4419 4420
f 4263 4420 4264
f 4264 4420 4421
f 4264 4421 4265
f 4265 4421 4422
f 4265 4422 4266
f 4266 4422 4423
f 4266 4423 4267
f 4267 4423 4424
f 4267 4424 4268
f 4268 4424 4425
f 4268 4425 4269
f 4269 4425 4426
f 4269 4426 4270
f 4270 4426 3743
f 4270 3743 3746
f 4271 4427 4428
f 4271 4428 4272
f 4272 4428 4429
f 4272 4429 4273
f 4273 4429 4430
f 4273 4430 4274
f 4274 4430 4431
f 4274 4431 4275
f 4275 4431 4432
f 4275 4432 4276
f 4276 4432 4433
f 4276 4433 4277
f 4277 4433 4434
f 4277 4434 4278
f 4278 4434 4435
f 4278 4435 4279
f 4279 4435 4436
f 4279 4436 4280
f 4280 4436 4437
f 4280 4437 4281
f 4281 4437 4438
f 4281 4438 4282
f 4282 4438 4439
f 4282 4439 4283
f 4283 4439 4440
f 4283 4440 4284
f 4284 4440 4441
f 4284 4441 4285
f 4285 4441 4442
f 4285 4442 4286
f 4286 4442 4443
f 4286 4443 4287
f 4287 4443 4444
f 4287 4444 4288
f 4288 4444 4445
f 4288 4445 4289
f 4289 4445 4446
f 4289 4446 4290
f 4290 4446 4447
f 4290 4447 4291
f 4291 4447 4448
f 4291 4448 4292
f 4292 4448 4449
f 4292 4449 4293
f 4293 4449 4450
f 4293 4450 4294
f 4294 4450 4451
f 4294 4451 4295
f 4295 4451 4452
f 4295 4452 4296
f 4296 4452 4453
f 4296 4453 4297
f 4297 4453 4454
f 4297 4454 4298
f 4298 4454 4455
f 4298 4455 4299
f 4299 4455 4456
f 4299 4456 4300
f 4300 4456 4457
f 4300 4457 4301
f 4301 4457 4458
f 4301 4458 4302
f 4302 4458 4459
f 4302 4459 4303
f 4303 4459 4460
f 4303 4460 4304
f 4304 4460 4461
f 4304 4461 4305
f 4305 4461 4462
f 4305 4462 4306
f 4306 4462 4463
f 4306 4463 4307
f 4307 4463 4464
f 4307 4464 4308
f 4308 4464 4465
f 4308 4465 4309
f 4309 4465 4466
f 4309 4466 4310
f 4310 4466 4467
f 4310 4467 4311
f 4311 4467 4468
f 4311 4468 4312
f 4312 4468 4469
f 4312 4469 4313
f 4313 4469 4470
f 4313 4470 4314
f 4314 4470 4471
f 4314 4471 4315
f 4315 4471 4472
f 4315 4472 4316
f 4316 4472 4473
f 4316 4473 4317
f 4317 4473 4474
f 4317 4474 4318
f 4318 4474 4475
f 4318 4475 4319
f 4319 4475 4476
f 4319 4476 4320
f 4320 4476 4477
f 4320 4477 4321
f 4321 4477 4478
f 4321 4478 4322
f 4322 4478 4479
f 4322 4479 4323
f 4323 4479 4480
f 4323 4480 4324
f 4324 4480 4481
f 4324 4481 4325
f 4325 4481 4482
f 4325 4482 4326
f 4326 4482 4483
f 4326 4483 4327
f 4327 4483 4484
f 4327 4484 4328
f 4328 4484 4485
f 4328 4485 4329
f 4329 4485 4486
f 4329 4486 4330
f 4330 4486 4487
f 4330 4487 4331
f 4331 4487 4488
f 4331 4488 4332
f 4332 4488 4489
f 4332 4489 4333
f 4333 4489 4490
f 4333 4490 4334
f 4334 4490 4491
f 4334 4491 4335
f 4335 4491 4492
f 4335 4492 4336
f 4336 4492 4493
f 4336 4493 4337
f 4337 4493 4494
f 4337 4494 4338
f 4338 4494 4495
f 4338 4495 4339
f 4339 4495 4496
f 4339 4496 4340
f 4340 4496 4497
f 4340 4497 4341
f 4341 4497 4498
f 4341 4498 4342
f 4342 4498 4499
f 4342 4499 4343
f 4343 4499 4500
f 4343 4500 4344
f 4344 4500 4501
f 4344 4501 4345
f 4345 4501 4502
f 4345 4502 4346
f 4346 4502 4503
f 4346 4503 4347
f 4347 4503 4504
f 4347 4504 4348
f 4348 4504 4505
f 4348 4505 4349
f 4349 4505 4506
f 4349 4506 4350
f 4350 4506 4507
f 4350 4507 4351
f 4351 4507 4508
f 4351 4508 4352
f 4352 4508 4509
f 4352 4509 4353
f 4353 4509 4510
f 4353 4510 4354
f 4354 4510 4511
f 4354 4511 4355
f 4355 4511 4512
f 4355 4512 4356
f 4356 4512 4513
f 4356 4513 4357
f 4357 4513 4514
f 4357 4514 4358
f 4358 4514 4515
f 4358 4515 4359
f 4359 4515 4516
f 4359 4516 4360
f 4360 4516 4517
f 4360 4517 4361
f 4361 4517 4518
f 4361 4518 4362
f 4362 4518 4519
f 4362 4519 4363
f 4363 4519 4520
f 4363 4520 4364
f 4364 4520 4521
f 4364 4521 4365
f 4365 4521 4522
f 4365 4522 4366
f 4366 4522 4523
f 4366 4523 4367
f 4367 4523 4524
f 4367 4524 4368
f 4368 4524 4525
f 4368 4525 4369
f 4369 4525 4526
f 4369 4526 4370
f 4370 4526 4527
f 4370 4527 4371
f 4371 4527 4528
f 4371 4528 4372
f 4372 4528 4529
f 4372 4529 4373
f 4373 4529 4530
f 4373 4530 4374
f 4374 4530 4531
f 4374 4531 4375
f 4375 4531 4532
f 4375 4532 4376
f 4376 4532 4533
f 4376 4533 4377
f 4377 4533 4534
f 4377 4534 4378
f 4378 4534 4535
f 4378 4535 4379
f 4379 4535 4536
f 4379 4536 4380
f 4380 4536 4537
f 4380 4537 4381
f 4381 4537 4538
f 4381 4538 4382
f 4382 4538 4539
f 4382 4539 4383
f 4383 4539 4540
f 4383 4540 4384
f 4384 4540 4541
f 4384 4541 4385
f 4385 4541 4542
f 4385 4542 4386
f 4386 4542 4543
f 4386 4543 4387
f 4387 4543 4544
f 4387 4544 4388
f 4388 4544 4545
f 4388 4545 4389
f 4389 4545 4546
f 4389 4546 4390
f 4390 4546 4547
f 4390 4547 4391
f 4391 4547 4548
f 4391 4548 4392
f 4392 4548 4549
f 4392 4549 4393
f 4393 4549 4550
f 4393 4550 4394
f 4394 4550 4551
f 4394 4551 4395
f 4395 4551 4552
f 4395 4552 4396
f 4396 4552 4553
f 4396 4553 4397
f 4397 4553 4554
f 4397 4554 4398
f 4398 4554 4399
f 4398 4399 4243
f 4399 4555 4556
f 4399 4556 4400
f 4400 4556 4557
f 4400 4557 4401
f 4401 4557 4558
f 4401 4558 4402
f 4402 4558 4559
f 4402 4559 4403
f 4403 4559 4560
f 4403 4560 4404
f 4404 4560 4561
f 4404 4561 4405
f 4405 4561 4562
f 4405 4562 4406
f 4406 4562 4563
f 4406 4563 4407
f 4407 4563 4564
f 4407 4564 4408
f 4408 4564 4565
f 4408 4565 4409
f 4409 4565 4566
f 4409 4566 4410
f 4410 4566 4567
f 4410 4567 4411
f 4411 4567 4568
f 4411 4568 4412
f 4412 4568 4569
f 4412 4569 4413
f 4413 4569 4570
f 4413 4570 4414
f 4414 4570 4571
f 4414 4571 4415
f 4415 4571 4572
f 4415 4572 4416
f 4416 4572 4573
f 4416 4573 4417
f 4417 4573 4574
f 4417 4574 4418
f 4418 4574 4575
f 4418 4575 4419
f 4419 4575 4576
f 4419 4576 4420
f 4420 4576 4577
f 4420 4577 4421
f 4421 4577 4578
f 4421 4578 4422
f 4422 4578 4579
f 4422 4579 4423
f 4423 4579 4580
f 4423 4580 4424
f 4424 4580 4581
f 4424 4581 4425
f 4425 4581 4582
f 4425 4582 4426
f 4426 4582 3742
f 4426 3742 3743
f 4427 4583 4584
f 4427 4584 4428
f 4428 4584 4585
f 4428 4585 4429
f 4429 4585 4586
f 4429 4586 4430
f 4430 4586 4587
f 4430 4587 4431
f 4431 4587 4588
f 4431 4588 4432
f 4432 4588 4589
f 4432 4589 4433
f 4433 4589 4590
f 4433 4590 4434
f 4434 4590 4591
f 4434 4591 4435
f 4435 4591 4592
f 4435 4592 4436
f 4436 4592 4593
f 4436 4593 4437
f 4437 4593 4594
f 4437 4594 4438
f 4438 4594 4595
f 4438 4595 4439
f 4439 4595 4596
f 4439 4596 4440
f 4440 4596 4597
f 4440 4597 4441
f 4441 4597 4598
f 4441 4598 4442
f 4442 4598 4599
f 4442 4599 4443
f 4443 4599 4600
f 4443 4600 4444
f 4444 4600 4601
f 4444 4601 4445
f 4445 4601 4602
f 4445 4602 4446
f 4446 4602 4603
f 4446 4603 4447
f 4447 4603 4604
f 4447 4604 4448
f 4448 4604 4605
f 4448 4605 4449
f 4449 4605 4606
f 4449 4606 4450
f 4450 4606 4607
f 4450 4607 4451
f 4451 4607 4608
f 4451 4608 4452
f 4452 4608 4609
f 4452 4609 4453
f 4453 4609 4610
f 4453 4610 4454
f 4454 4610 4611
f 4454 4611 4455
f 4455 4611 4612
f 4455 4612 4456
f 4456 4612 4613
f 4456 4613 4457
f 4457 4613 4614
f 4457 4614 4458
f 4458 4614 4615
f 4458 4615 4459
f 4459 4615 4616
f 4459 4616 4460
f 4460 4616 4617
f 4460 4617 4461
f 4461 4617 4618
f 4461 4618 4462
f 4462 4618 4619
f 4462 4619 4463
f 4463 4619 4620
f 4463 4620 4464
f 4464 4620 4621
f 4464 4621 4465
f 4465 4621 4622
f 4465 4622 4466
f 4466 4622 4623
f 4466 4623 4467
f 4467 4623 4624
f 4467 4624 4468
f 4468 4624 4625
f 4468 4625 4469
f 4469 4625 4626
f 4469 4626 4470
f 4470 4626 4627
f 4470 4627 4471
f 4471 4627 4628
f 4471 4628 4472
f 4472 4628 4629
f 4472 4629 4473
f 4473 4629 4630
f 4473 4630 4474
f 4474 4630 4631
f 4474 4631 4475
f 4475 4631 4632
f 4475 4632 4476
f 4476 4632 4633
f 4476 4633 4477
f 4477 4633 4634
f 4477 4634 4478
f 4478 4634 4635
f 4478 4635 4479
f 4479 4635 4636
f 4479 4636 4480
f 4480 4636 4637
f 4480 4637 4481
f 4481 4637 4638
f 4481 4638 4482
f 4482 4638 4639
f 4482 4639 4483
f 4483 4639 4640
f 4483 4640 4484
f 4484 4640 4641
f 4484 4641 4485
f 4485 4641 4642
f 4485 4642 4486
f 4486 4642 4643
f 4486 4643 4487
f 4487 4643 4644
f 4487 4644 4488
f 4488 4644 4645
f 4488 4645 4489
f 4489 4645 4646
f 4489 4646 4490
f 4490 4646 4647
f 4490 4647 4491
f 4491 4647 4648
f 4491 4648 4492
f 4492 4648 4649
f 4492 4649 4493
f 4493 4649 4650
f 4493 4650 4494
f 4494 4650 4651
f 4494 4651 4495
f 4495 4651 4652
f 4495 4652 4496
f 4496 4652 4653
f 4496 4653 4497
f 4497 4653 4654
f 4497 4654 4498
f 4498 4654 4655
f 4498 4655 4499
f 4499 4655 4656
f 4499 4656 4500
f 4500 4656 4657
f 4500 4657 4501
f 4501 4657 4658
f 4501 4658 4502
f 4502 4658 4659
f 4502 4659 4503
f 4503 4659 4660
f 4503 4660 4504
f 4504 4660 4661
f 4504 4661 4505
f 4505 4661 4662
f 4505 4662 4506
f 4506 4662 4663
f 4506 4663 4507
f 4507 4663 4664
f 4507 4664 4508
f 4508 4664 4665
f 4508 4665 4509
f 4509 4665 4666
f 4509 4666 4510
f 4510 4666 4667
f 4510 4667 4511
f 4511 4667 4668
f 4511 4668 4512
f 4512 4668 4669
f 4512 4669 4513
f 4513 4669 4670
f 4513 4670 4514
f 4514 4670 4671
f 4514 4671 4515
f 4515 4671 4672
f 4515 4672 4516
f 4516 4672 4673
f 4516 4673 4517
f 4517 4673 4674
f 4517 4674 4518
f 4518 4674 4675
f 4518 4675 4519
f 4519 4675 4676
f 4519 4676 4520
f 4520 4676 4677
f 4520 4677 4521
f 4521 4677 4678
f 4521 4678 4522
f 4522 4678 4679
f 4522 4679 4523
f 4523 4679 4680
f 4523 4680 4524
f 4524 4680 4681
f 4524 4681 4525
f 4525 4681 4682
f 4525 4682 4526
f 4526 4682 4683
f 4526 4683 4527
f 4527 4683 4684
f 4527 4684 4528
f 4528 4684 4685
f 4528 4685 4529
f 4529 4685 4686
f 4529 4686 4530
f 4530 4686 4687
f 4530 4687 4531
f 4531 4687 4688
f 4531 4688 4532
f 4532 4688 4689
f 4532 4689 4533
f 4533 4689 4690
f 4533 4690 4534
f 4534 4690 4691
f 4534 4691 4535
f 4535 4691 4692
f 4535 4692 4536
f 4536 4692 4693
f 4536 4693 4537
f 4537 4693 4694
f 4537 4694 4538
f 4538 4694 4695
f 4538 4695 4539
f 4539 4695 4696
f 4539 4696 4540
f 4540 4696 4697
f 4540 4697 4541
f 4541 4697 4698
f 4541 4698 4542
f 4542 4698 4699
f 4542 4699 4543
f 4543 4699 4700
f 4543 4700 4544
f 4544 4700 4701
f 4544 4701 4545
f 4545 4701 4702
f 4545 4702 4546
f 4546 4702 4703
f 4546 4703 4547
f 4547 4703 4704
f 4547 4704 4548
f 4548 4704 4705
f 4548 4705 4549
f 4549 4705 4706
f 4549 4706 4550
f 4550 4706 4707
f 4550 4707 4551
f 4551 4707 4708
f 4551 4708 4552
f 4552 4708 4709
f 4552 4709 4553
f 4553 4709 4710
f 4553 4710 4554
f 4554 4710 4555
f 4554 4555 4399
f 4555 4711 4712
f 4555 4712 4556
f 4556 4712 4713
f 4556 4713 4557
f 4557 4713 4714
f 4557 4714 4558
f 4558 4714 4715
f 4558 4715 4559
f 4559 4715 4716
f 4559 4716 4560
f 4560 4716 4717
f 4560 4717 4561
f 4561 4717 4718
f 4561 4718 4562
f 4562 4718 4719
f 4562 4719 4563
f 4563 4719 4720
f 4563 4720 4564
f 4564 4720 4721
f 4564 4721 4565
f 4565 4721 4722
f 4565 4722 4566
f 4566 4722 4723
f 4566 4723 4567
f 4567 4723 4724
f 4567 4724 4568
f 4568 4724 4725
f 4568 4725 4569
f 4569 4725 4726
f 4569 4726 4570
f 4570 4726 4727
f 4570 4727 4571
f 4571 4727 4728
f 4571 4728 4572
f 4572 4728 4729
f 4572 4729 4573
f 4573 4729 4730
f 4573 4730 4574
f 4574 4730 4731
f 4574 4731 4575
f 4575 4731 4732
f 4575 4732 4576
f 4576 4732 4733
f 4576 4733 4577
f 4577 4733 4734
f 4577 4734 4578
f 4578 4734 4735
f 4578 4735 4579
f 4579 4735 4736
f 4579 4736 4580
f 4580 4736 4737
f 4580 4737 4581
f 4581 4737 4738
f 4581 4738 4582
f 4582 4738 3741
f 4582 3741 3742
f 4583 4739 4740
f 4583 4740 4584
f 4584 4740 4741
f 4584 4741 4585
f 4585 4741 4742
f 4585 4742 4586
f 4586 4742 4743
f 4586 4743 4587
f 4587 4743 4744
f 4587 4744 4588
f 4588 4744 4745
f 4588 4745 4589
f 4589 4745 4746
f 4589 4746 4590
f 4590 4746 4747
f 4590 4747 4591
f 4591 4747 4748
f 4591 4748 4592
f 4592 4748 4749
f 4592 4749 4593
f 4593 4749 4750
f 4593 4750 4594
f 4594 4750 4751
f 4594 4751 4595
f 4595 4751 4752
f 4595 4752 4596
f 4596 4752 4753
f 4596 4753 4597
f 4597 4753 4754
f 4597 4754 4598
f 4598 4754 4755
f 4598 4755 4599
f 4599 4755 4756
f 4599 4756 4600
f 4600 4756 4757
f 4600 4757 4601
f 4601 4757 4758
f 4601 4758 4602
f 4602 4758 4759
f 4602 4759 4603
f 4603 4759 4760
f 4603 4760 4604
f 4604 4760 4761
f 4604 4761 4605
f 4605 4761 4762
f 4605 4762 4606
f 4606 4762 4763
f 4606 4763 4607
f 4607 4763 4764
f 4607 4764 4608
f 4608 4764 4765
f 4608 4765 4609
f 4609 4765 4766
f 4609 4766 4610
f 4610 4766 4767
f 4610 4767 4611
f 4611 4767 4768
f 4611 4768 4612
f 4612 4768 4769
f 4612 4769 4613
f 4613 4769 4770
f 4613 4770 4614
f 4614 4770 4771
f 4614 4771 4615
f 4615 4771 4772
f 4615 4772 4616
f 4616 4772 4773
f 4616 4773 4617
f 4617 4773 4774
f 4617 4774 4618
f 4618 4774 4775
f 4618 4775 4619
f 4619 4775 4776
f 4619 4776 4620
f 4620 4776 4777
f 4620 4777 4621
f 4621 4777 4778
f 4621 4778 4622
f 4622 4778 4779
f 4622 4779 4623
f 4623 4779 4780
f 4623 4780 4624
f 4624 4780 4781
f 4624 4781 4625
f 4625 4781 4782
f 4625 4782 4626
f 4626 4782 4783
f 4626 4783 4627
f 4627 4783 4784
f 4627 4784 4628
f 4628 4784 4785
f 4628 4785 4629
f 4629 4785 4786
f 4629 4786 4630
f 4630 4786 4787
f 4630 4787 4631
f 4631 4787 4788
f 4631 4788 4632
f 4632 4788 4789
f 4632 4789 4633
f 4633 4789 4790
f 4633 4790 4634
f 4634 4790 4791
f 4634 4791 4635
f 4635 4791 4792
f 4635 4792 4636
f 4636 4792 4793
f 4636 4793 4637
f 4637 4793 4794
f 4637 4794 4638
f 4638 4794 4795
f 4638 4795 4639
f 4639 4795 4796
f 4639 4796 4640
f 4640 4796 4797
f 4640 4797 4641
f 4641 4797 4798
f 4641 4798 4642
f 4642 4798 4799
f 4642 4799 4643
f 4643 4799 4800
f 4643 4800 4644
f 4644 4800 4801
f 4644 4801 4645
f 4645 4801 4802
f 4645 4802 4646
f 4646 4802 4803
f 4646 4803 4647
f 4647 4803 4804
f 4647 4804 4648
f 4648 4804 4805
f 4648 4805 4649
f 4649 4805 4806
f 4649 4806 4650
f 4650 4806 4807
f 4650 4807 4651
f 4651 4807 4808
f 4651 4808 4652
f 4652 4808 4809
f 4652 4809 4653
f 4653 4809 4810
f 4653 4810 4654
f 4654 4810 4811
f 4654 4811 4655
f 4655 4811 4812
f 4655 4812 4656
f 4656 4812 4813
f 4656 4813 4657
f 4657 4813 4814
f 4657 4814 4658
f 4658 4814 4815
f 4658 4815 4659
f 4659 4815 4816
f 4659 4816 4660
f 4660 4816 4817
f 4660 4817 4661
f 4661 4817 4818
f 4661 4818 4662
f 4662 4818 4819
f 4662 4819 4663
f 4663 4819 4820
f 4663 4820 4664
f 4664 4820 4821
f 4664 4821 4665
f 4665 4821 4822
f 4665 4822 4666
f 4666 4822 4823
f 4666 4823 4667
f 4667 4823 4824
f 4667 4824 4668
f 4668 4824 4825
f 4668 4825 4669
f 4669 4825 4826
f 4669 4826 4670
f 4670 4826 4827
f 4670 4827 4671
f 4671 4827 4828
f 4671 4828 4672
f 4672 4828 4829
f 4672 4829 4673
f 4673 4829 4830
f 4673 4830 4674
f 4674 4830 4831
f 4674 4831 4675
f 4675 4831 4832
f 4675 4832 4676
f 4676 4832 4833
f 4676 4833 4677
f 4677 4833 4834
f 4677 4834 4678
f 4678 4834 4835
f 4678 4835 4679
f 4679 4835 4836
f 4679 4836 4680
f 4680 4836 4837
f 4680 4837 4681
f 4681 4837 4838
f 4681 4838 4682
f 4682 4838 4839
f 4682 4839 4683
f 4683 4839 4840
f 4683 4840 4684
f 4684 4840 4841
f 4684 4841 4685
f 4685 4841 4842
f 4685 4842 4686
f 4686 4842 4843
f 4686 4843 4687
f 4687 4843 4844
f 4687 4844 4688
f 4688 4844 4845
f 4688 4845 4689
f 4689 4845 4846
f 4689 4846 4690
f 4690 4846 4847
f 4690 4847 4691
f 4691 4847 4848
f 4691 4848 4692
f 4692 4848 4849
f 4692 4849 4693
f 4693 4849 4850
f 4693 4850 4694
f 4694 4850 4851
f 4694 4851 4695
f 4695 4851 4852
f 4695 4852 4696
f 4696 4852 4853
f 4696 4853 4697
f 4697 4853 4854
f 4697 4854 4698
f 4698 4854 4855
f 4698 4855 4699
f 4699 4855 4856
f 4699 4856 4700
f 4700 4856 4857
f 4700 4857 4701
f 4701 4857 4858
f 4701 4858 4702
f 4702 4858 4859
f 4702 4859 4703
f 4703 4859 4860
f 4703 4860 4704
f 4704 4860 4861
f 4704 4861 4705
f 4705 4861 4862
f 4705 4862 4706
f 4706 4862 4863
f 4706 4863 4707
f 4707 4863 4864
f 4707 4864 4708
f 4708 4864 4865
f 4708 4865 4709
f 4709 4865 4866
f 4709 4866 4710
f 4710 4866 4711
f 4710 4711 4555
f 4711 4867 4868
f 4711 4868 4712
f 4712 4868 4869
f 4712 4869 4713
f 4713 4869 4870
f 4713 4870 4714
f 4714 4870 4871
f 4714 4871 4715
f 4715 4871 4872
f 4715 4872 4716
f 4716 4872 4873
f 4716 4873 4717
f 4717 4873 4874
f 4717 4874 4718
f 4718 4874 4875
f 4718 4875 4719
f 4719 4875 4876
f 4719 4876 4720
f 4720 4876 4877
f 4720 4877 4721
f 4721 4877 4878
f 4721 4878 4722
f 4722 4878 4879
f 4722 4879 4723
f 4723 4879 4880
f 4723 4880 4724
f 4724 4880 4881
f 4724 4881 4725
f 4725 4881 4882
f 4725 4882 4726
f 4726 4882 4883
f 4726 4883 4727
f 4727 4883 4884
f 4727 4884 4728
f 4728 4884 4885
f 4728 4885 4729
f 4729 4885 4886
f 4729 4886 4730
f 4730 4886 4887
f 4730 4887 4731
f 4731 4887 4888
f 4731 4888 4732
f 4732 4888 4889
f 4732 4889 4733
f 4733 4889 4890
f 4733 4890 4734
f 4734 4890 4891
f 4734 4891 4735
f 4735 4891 4892
f 4735 4892 4736
f 4736 4892 4893
f 4736 4893 4737
f 4737 4893 4894
f 4737 4894 4738
f 4738 4894 3738
f 4738 3738 3741
f 4739 4895 4896
f 4739 4896 4740
f 4740 4896 4897
f 4740 4897 4741
f 4741 4897 4898
f 4741 4898 4742
f 4742 4898 4899
f 4742 4899 4743
f 4743 4899 4900
f 4743 4900 4744
f 4744 4900 4901
f 4744 4901 4745
f 4745 4901 4902
f 4745 4902 4746
f 4746 4902 4903
f 4746 4903 4747
f 4747 4903 4904
f 4747 4904 4748
f 4748 4904 4905
f 4748 4905 4749
f 4749 4905 4906
f 4749 4906 4750
f 4750 4906 4907
f 4750 4907 4751
f 4751 4907 4908
f 4751 4908 4752
f 4752 4908 4909
f 4752 4909 4753
f 4753 4909 4910
f 4753 4910 4754
f 4754 4910 4911
f 4754 4911 4755
f 4755 4911 4912
f 4755 4912 4756
f 4756 4912 4913
f 4756 4913 4757
f 4757 4913 4914
f 4757 4914 4758
f 4758 4914 4915
f 4758 4915 4759
f 4759 4915 4916
f 4759 4916 4760
f 4760 4916 4917
f 4760 4917 4761
f 4761 4917 4918
f 4761 4918 4762
f 4762 4918 4919
f 4762 4919 4763
f 4763 4919 4920
f 4763 4920 4764
f 4764 4920 4921
f 4764 4921 4765
f 4765 4921 4922
f 4765 4922 4766
f 4766 4922 4923
f 4766 4923 4767
f 4767 4923 4924
f 4767 4924 4768
f 4768 4924 4925
f 4768 4925 4769
f 4769 4925 4926
f 4769 4926 4770
f 4770 4926 4927
f 4770 4927 4771
f 4771 4927 4928
f 4771 4928 4772
f 4772 4928 4929
f 4772 4929 4773
f 4773 4929 4930
f 4773 4930 4774
f 4774 4930 4931
f 4774 4931 4775
f 4775 4931 4932
f 4775 4932 4776
f 4776 4932 4933
f 4776 4933 4777
f 4777 4933 4934
f 4777 4934 4778
f 4778 4934 4935
f 4778 4935 4779
f 4779 4935 4936
f 4779 4936 4780
f 4780 4936 4937
f 4780 4937 4781
f 4781 4937 4938
f 4781 4938 4782
f 4782 4938 4939
f 4782 4939 4783
f 4783 4939 4940
f 4783 4940 4784
f 4784 4940 4941
f 4784 4941 4785
f 4785 4941 4942
f 4785 4942 4786
f 4786 4942 4943
f 4786 4943 4787
f 4787 4943 4944
f 4787 4944 4788
f 4788 4944 4945
f 4788 4945 4789
f 4789 4945 4946
f 4789 4946 4790
f 4790 4946 4947
f 4790 4947 4791
f 4791 4947 4948
f 4791 4948 4792
f 4792 4948 4949
f 4792 4949 4793
f 4793 4949 4950
f 4793 4950 4794
f 4794 4950 4951
f 4794 4951 4795
f 4795 4951 4952
f 4795 4952 4796
f 4796 4952 4953
f 4796 4953 4797
f 4797 4953 4954
f 4797 4954 4798
f 4798 4954 4955
f 4798 4955 4799
f 4799 4955 4956
f 4799 4956 4800
f 4800 4956 4957
f 4800 4957 4801
f 4801 4957 4958
f 4801 4958 4802
f 4802 4958 4959
f 4802 4959 4803
f 4803 4959 4960
f 4803 4960 4804
f 4804 4960 4961
f 4804 4961 4805
f 4805 4961 4962
f 4805 4962 4806
f 4806 4962 4963
f 4806 4963 4807
f 4807 4963 4964
f 4807 4964 4808
f 4808 4964 4965
f 4808 4965 4809
f 4809 4965 4966
f 4809 4966 4810
f 4810 4966 4967
f 4810 4967 4811
f 4811 4967 4968
f 4811 4968 4812
f 4812 4968 4969
f 4812 4969 4813
f 4813 4969 4970
f 4813 4970 4814
f 4814 4970 4971
f 4814 4971 4815
f 4815 4971 4972
f 4815 4972 4816
f 4816 4972 4973
f 4816 4973 4817
f 4817 4973 4974
f 4817 4974 4818
f 4818 4974 4975
f 4818 4975 4819
f 4819 4975 4976
f 4819 4976 4820
f 4820 4976 4977
f 4820 4977 4821
f 4821 4977 4978
f 4821 4978 4822
f 4822 4978 4979
f 4822 4979 4823
f 4823 4979 4980
f 4823 4980 4824
f 4824 4980 4981
f 4824 4981 4825
f 4825 4981 4982
f 4825 4982 4826
f 4826 4982 4983
f 4826 4983 4827
f 4827 4983 4984
f 4827 4984 4828
f 4828 4984 4985
f 4828 4985 4829
f 4829 4985 4986
f 4829 4986 4830
f 4830 4986 4987
f 4830 4987 4831
f 4831 4987 4988
f 4831 4988 4832
f 4832 4988 4989
f 4832 4989 4833
f 4833 4989 4990
f 4833 4990 4834
f 4834 4990 4991
f 4834 4991 4835
f 4835 4991 4992
f 4835 4992 4836
f 4836 4992 4993
f 4836 4993 4837
f 4837 4993 4994
f 4837 4994 4838
f 4838 4994 4995
f 4838 4995 4839
f 4839 4995 4996
f 4839 4996 4840
f 4840 4996 4997
f 4840 4997 4841
f 4841 4997 4998
f 4841 4998 4842
f 4842 4998 4999
f 4842 4999 4843
f 4843 4999 5000
f 4843 5000 4844
f 4844 5000 5001
f 4844 5001 4845
f 4845 5001 5002
f 4845 5002 4846
f 4846 5002 5003
f 4846 5003 4847
f 4847 5003 5004
f 4847 5004 4848
f 4848 5004 5005
f 4848 5005 4849
f 4849 5005 5006
f 4849 5006 4850
f 4850 5006 5007
f 4850 5007 4851
f 4851 5007 5008
f 4851 5008 4852
f 4852 5008 5009
f 4852 5009 4853
f 4853 5009 5010
f 4853 5010 4854
f 4854 5010 5011
f 4854 5011 4855
f 4855 5011 5012
f 4855 5012 4856
f 4856 5012 5013
f 4856 5013 4857
f 4857 5013 5014
f 4857 5014 4858
f 4858 5014 5015
f 4858 5015 4859
f 4859 5015 5016
f 4859 5016 4860
f 4860 5016 5017
f 4860 5017 4861
f 4861 5017 5018
f 4861 5018 4862
f 4862 5018 5019
f 4862 5019 4863
f 4863 5019 5020
f 4863 5020 4864
f 4864 5020 5021
f 4864 5021 4865
f 4865 5021 5022
f 4865 5022 4866
f 4866 5022 4867
f 4866 4867 4711
f 4867 5023 5024
f 4867 5024 4868
f 4868 5024 5025
f 4868 5025 4869
f 4869 5025 5026
f 4869 5026 4870
f 4870 5026 5027
f 4870 5027 4871
f 4871 5027 5028
f 4871 5028 4872
f 4872 5028 5029
f 4872 5029 4873
f 4873 5029 5030
f 4873 5030 4874
f 4874 5030 5031
f 4874 5031 4875
f 4875 5031 5032
f 4875 5032 4876
f 4876 5032 5033
f 4876 5033 4877
f 4877 5033 5034
f 4877 5034 4878
f 4878 5034 5035
f 4878 5035 4879
f 4879 5035 5036
f 4879 5036 4880
f 4880 5036 5037
f 4880 5037 4881
f 4881 5037 5038
f 4881 5038 4882
f 4882 5038 5039
f 4882 5039 4883
f 4883 5039 5040
f 4883 5040 4884
f 4884 5040 5041
f 4884 5041 4885
f 4885 5041 5042
f 4885 5042 4886
f 4886 5042 5043
f 4886 5043 4887
f 4887 5043 5044
f 4887 5044 4888
f 4888 5044 5045
f 4888 5045 4889
f 4889 5045 5046
f 4889 5046 4890
f 4890 5046 5047
f 4890 5047 4891
f 4891 5047 5048
f 4891 5048 4892
f 4892 5048 5049
f 4892 5049 4893
f 4893 5049 5050
f 4893 5050 4894
f 4894 5050 3737
f 4894 3737 3738
f 4895 5051 5052
f 4895 5052 4896
f 4896 5052 5053
f 4896 5053 4897
f 4897 5053 5054
f 4897 5054 4898
f 4898 5054 5055
f 4898 5055 4899
f 4899 5055 5056
f 4899 5056 4900
f 4900 5056 5057
f 4900 5057 4901
f 4901 5057 5058
f 4901 5058 4902
f 4902 5058 5059
f 4902 5059 4903
f 4903 5059 5060
f 4903 5060 4904
f 4904 5060 5061
f 4904 5061 4905
f 4905 5061 5062
f 4905 5062 4906
f 4906 5062 5063
f 4906 5063 4907
f 4907 5063 5064
f 4907 5064 4908
f 4908 5064 5065
f 4908 5065 4909
f 4909 5065 5066
f 4909 5066 4910
f 4910 5066 5067
f 4910 5067 4911
f 4911 5067 5068
f 4911 5068 4912
f 4912 5068 5069
f 4912 5069 4913
f 4913 5069 5070
f 4913 5070 4914
f 4914 5070 5071
f 4914 5071 4915
f 4915 5071 5072
f 4915 5072 4916
f 4916 5072 5073
f 4916 5073 4917
f 4917 5073 5074
f 4917 5074 4918
f 4918 5074 5075
f 4918 5075 4919
f 4919 5075 5076
f 4919 5076 4920
f 4920 5076 5077
f 4920 5077 4921
f 4921 5077 5078
f 4921 5078 4922
f 4922 5078 5079
f 4922 5079 4923
f 4923 5079 5080
f 4923 5080 4924
f 4924 5080 5081
f 4924 5081 4925
f 4925 5081 5082
f 4925 5082 4926
f 4926 5082 5083
f 4926 5083 4927
f 4927 5083 5084
f 4927 5084 4928
f 4928 5084 5085
f 4928 5085 4929
f 4929 5085 5086
f 4929 5086 4930
f 4930 5086 5087
f 4930 5087 4931
f 4931 5087 5088
f 4931 5088 4932
f 4932 5088 5089
f 4932 5089 4933
f 4933 5089 5090
f 4933 5090 4934
f 4934 5090 5091
f 4934 5091 4935
f 4935 5091 5092
f 4935 5092 4936
f 4936 5092 5093
f 4936 5093 4937
f 4937 5093 5094
f 4937 5094 4938
f 4938 5094 5095
f 4938 5095 4939
f 4939 5095 5096
f 4939 5096 4940
f 4940 5096 5097
f 4940 5097 4941
f 4941 5097 5098
f 4941 5098 4942
f 4942 5098 5099
f 4942 5099 4943
f 4943 5099 5100
f 4943 5100 4944
f 4944 5100 5101
f 4944 5101 4945
f 4945 5101 5102
f 4945 5102 4946
f 4946 5102 5103
f 4946 5103 4947
f 4947 5103 5104
f 4947 5104 4948
f 4948 5104 5105
f 4948 5105 4949
f 4949 5105 5106
f 4949 5106 4950
f 4950 5106 5107
f 4950 5107 4951
f 4951 5107 5108
f 4951 5108 4952
f 4952 5108 5109
f 4952 5109 4953
f 4953 5109 5110
f 4953 5110 4954
f 4954 5110 5111
f 4954 5111 4955
f 4955 5111 5112
f 4955 5112 4956
f 4956 5112 5113
f 4956 5113 4957
f 4957 5113 5114
f 4957 5114 4958
f 4958 5114 5115
f 4958 5115 4959
f 4959 5115 5116
f 4959 5116 4960
f 4960 5116 5117
f 4960 5117 4961
f 4961 5117 5118
f 4961 5118 4962
f 4962 5118 5119
f 4962 5119 4963
f 4963 5119 5120
f 4963 5120 4964
f 4964 5120 5121
f 4964 5121 4965
f 4965 5121 5122
f 4965 5122 4966
f 4966 5122 5123
f 4966 5123 4967
f 4967 5123 5124
f 4967 5124 4968
f 4968 5124 5125
f 4968 5125 4969
f 4969 5125 5126
f 4969 5126 4970
f 4970 5126 5127
f 4970 5127 4971
f 4971 5127 5128
f 4971 5128 4972
f 4972 5128 5129
f 4972 5129 4973
f 4973 5129 5130
f 4973 5130 4974
f 4974 5130 5131
f 4974 5131 4975
f 4975 5131 5132
f 4975 5132 4976
f 4976 5132 5133
f 4976 5133 4977
f 4977 5133 5134
f 4977 5134 4978
f 4978 5134 5135
f 4978 5135 4979
f 4979 5135 5136
f 4979 5136 4980
f 4980 5136 5137
f 4980 5137 4981
f 4981 5137 5138
f 4981 5138 4982
f 4982 5138 5139
f 4982 5139 4983
f 4983 5139 5140
f 4983 5140 4984
f 4984 5140 5141
f 4984 5141 4985
f 4985 5141 5142
f 4985 5142 4986
f 4986 5142 5143
f 4986 5143 4987
f 4987 5143 5144
f 4987 5144 4988
f 4988 5144 5145
f 4988 5145 4989
f 4989 5145 5146
f 4989 5146 4990
f 4990 5146 5147
f 4990 5147 4991
f 4991 5147 5148
f 4991 5148 4992
f 4992 5148 5149
f 4992 5149 4993
f 4993 5149 5150
f 4993 5150 4994
f 4994 5150 5151
f 4994 5151 4995
f 4995 5151 5152
f 4995 5152 4996
f 4996 5152 5153
f 4996 5153 4997
f 4997 5153 5154
f 4997 5154 4998
f 4998 5154 5155
f 4998 5155 4999
f 4999 5155 5156
f 4999 5156 5000
f 5000 5156 5157
f 5000 5157 5001
f 5001 5157 5158
f 5001 5158 5002
f 5002 5158 5159
f 5002 5159 5003
f 5003 5159 5160
f 5003 5160 5004
f 5004 5160 5161
f 5004 5161 5005
f 5005 5161 5162
f 5005 5162 5006
f 5006 5162 5163
f 5006 5163 5007
f 5007 5163 5164
f 5007 5164 5008
f 5008 5164 5165
f 5008 5165 5009
f 5009 5165 5166
f 5009 5166 5010
f 5010 5166 5167
f 5010 5167 5011
f 5011 5167 5168
f 5011 5168 5012
f 5012 5168 5169
f 5012 5169 5013
f 5013 5169 5170
f 5013 5170 5014
f 5014 5170 5171
f 5014 5171 5015
f 5015 5171 5172
f 5015 5172 5016
f 5016 5172 5173
f 5016 5173 5017
f 5017 5173 5174
f 5017 5174 5018
f 5018 5174 5175
f 5018 5175 5019
f 5019 5175 5176
f 5019 5176 5020
f 5020 5176 5177
f 5020 5177 5021
f 5021 5177 5178
f 5021 5178 5022
f 5022 5178 5023
f 5022 5023 4867
f 5023 5179 5180
f 5023 5180 5024
f 5024 5180 5181
f 5024 5181 5025
f 5025 5181 5182
f 5025 5182 5026
f 5026 5182 5183
f 5026 5183 5027
f 5027 5183 5184
f 5027 5184 5028
f 5028 5184 5185
f 5028 5185 5029
f 5029 5185 5186
f 5029 5186 5030
f 5030 5186 5187
f 5030 5187 5031
f 5031 5187 5188
f 5031 5188 5032
f 5032 5188 5189
f 5032 5189 5033
f 5033 5189 5190
f 5033 5190 5034
f 5034 5190 5191
f 5034 5191 5035
f 5035 5191 5192
f 5035 5192 5036
f 5036 5192 5193
f 5036 5193 5037
f 5037 5193 5194
f 5037 5194 5038
f 5038 5194 5195
f 5038 5195 5039
f 5039 5195 5196
f 5039 5196 5040
f 5040 5196 5197
f 5040 5197 5041
f 5041 5197 5198
f 5041 5198 5042
f 5042 5198 5199
f 5042 5199 5043
f 5043 5199 5200
f 5043 5200 5044
f 5044 5200 5201
f 5044 5201 5045
f 5045 5201 5202
f 5045 5202 5046
f 5046 5202 5203
f 5046 5203 5047
f 5047 5203 5204
f 5047 5204 5048
f 5048 5204 5205
f 5048 5205 5049
f 5049 5205 5206
f 5049 5206 5050
f 5050 5206 3740
f 5050 3740 3737
f 5051 5207 5208
f 5051 5208 5052
f 5052 5208 5209
f 5052 5209 5053
f 5053 5209 5210
f 5053 5210 5054
f 5054 5210 5211
f 5054 5211 5055
f 5055 5211 5212
f 5055 5212 5056
f 5056 5212 5213
f 5056 5213 5057
f 5057 5213 5214
f 5057 5214 5058
f 5058 5214 5215
f 5058 5215 5059
f 5059 5215 5216
f 5059 5216 5060
f 5060 5216 5217
f 5060 5217 5061
f 5061 5217 5218
f 5061 5218 5062
f 5062 5218 5219
f 5062 5219 5063
f 5063 5219 5220
f 5063 5220 5064
f 5064 5220 5221
f 5064 5221 5065
f 5065 5221 5222
f 5065 5222 5066
f 5066 5222 5223
f 5066 5223 5067
f 5067 5223 5224
f 5067 5224 5068
f 5068 5224 5225
f 5068 5225 5069
f 5069 5225 5226
f 5069 5226 5070
f 5070 5226 5227
f 5070 5227 5071
f 5071 5227 5228
f 5071 5228 5072
f 5072 5228 5229
f 5072 5229 5073
f 5073 5229 5230
f 5073 5230 5074
f 5074 5230 5231
f 5074 5231 5075
f 5075 5231 5232
f 5075 5232 5076
f 5076 5232 5233
f 5076 5233 5077
f 5077 5233 5234
f 5077 5234 5078
f 5078 5234 5235
f 5078 5235 5079
f 5079 5235 5236
f 5079 5236 5080
f 5080 5236 5237
f 5080 5237 5081
f 5081 5237 5238
f 5081 5238 5082
f 5082 5238 5239
f 5082 5239 5083
f 5083 5239 5240
f 5083 5240 5084
f 5084 5240 5241
f 5084 5241 5085
f 5085 5241 5242
f 5085 5242 5086
f 5086 5242 5243
f 5086 5243 5087
f 5087 5243 5244
f 5087 5244 5088
f 5088 5244 5245
f 5088 5245 5089
f 5089 5245 5246
f 5089 5246 5090
f 5090 5246 5247
f 5090 5247 5091
f 5091 5247 5248
f 5091 5248 5092
f 5092 5248 5249
f 5092 5249 5093
f 5093 5249 5250
f 5093 5250 5094
f 5094 5250 5251
f 5094 5251 5095
f 5095 5251 5252
f 5095 5252 5096
f 5096 5252 5253
f 5096 5253 5097
f 5097 5253 5254
f 5097 5254 5098
f 5098 5254 5255
f 5098 5255 5099
f 5099 5255 5256
f 5099 5256 5100
f 5100 5256 5257
f 5100 5257 5101
f 5101 5257 5258
f 5101 5258 5102
f 5102 5258 5259
f 5102 5259 5103
f 5103 5259 5260
f 5103 5260 5104
f 5104 5260 5261
f 5104 5261 5105
f 5105 5261 5262
f 5105 5262 5106
f 5106 5262 5263
f 5106 5263 5107
f 5107 5263 5264
f 5107 5264 5108
f 5108 5264 5265
f 5108 5265 5109
f 5109 5265 5266
f 5109 5266 5110
f 5110 5266 5267
f 5110 5267 5111
f 5111 5267 5268
f 5111 5268 5112
f 5112 5268 5269
f 5112 5269 5113
f 5113 5269 5270
f 5113 5270 5114
f 5114 5270 5271
f 5114 5271 5115
f 5115 5271 5272
f 5115 5272 5116
f 5116 5272 5273
f 5116 5273 5117
f 5117 5273 5274
f 5117 5274 5118
f 5118 5274 5275
f 5118 5275 5119
f 5119 5275 5276
f 5119 5276 5120
f 5120 5276 5277
f 5120 5277 5121
f 5121 5277 5278
f 5121 5278 5122
f 5122 5278 5279
f 5122 5279 5123
f 5123 5279 5280
f 5123 5280 5124
f 5124 5280 5281
f 5124 5281 5125
f 5125 5281 5282
f 5125 5282 5126
f 5126 5282 5283
f 5126 5283 5127
f 5127 5283 5284
f 5127 5284 5128
f 5128 5284 5285
f 5128 5285 5129
f 5129 5285 5286
f 5129 5286 5130
f 5130 5286 5287
f 5130 5287 5131
f 5131 5287 5288
f 5131 5288 5132
f 5132 5288 5289
f 5132 5289 5133
f 5133 5289 5290
f 5133 5290 5134
f 5134 5290 5291
f 5134 5291 5135
f 5135 5291 5292
f 5135 5292 5136
f 5136 5292 5293
f 5136 5293 5137
f 5137 5293 5294
f 5137 5294 5138
f 5138 5294 5295
f 5138 5295 5139
f 5139 5295 5296
f 5139 5296 5140
f 5140 5296 5297
f 5140 5297 5141
f 5141 5297 5298
f 5141 5298 5142
f 5142 5298 5299
f 5142 5299 5143
f 5143 5299 5300
f 5143 5300 5144
f 5144 5300 5301
f 5144 5301 5145
f 5145 5301 5302
f 5145 5302 5146
f 5146 5302 5303
f 5146 5303 5147
f 5147 5303 5304
f 5147 5304 5148
f 5148 5304 5305
f 5148 5305 5149
f 5149 5305 5306
f 5149 5306 5150
f 5150 5306 5307
f 5150 5307 5151
f 5151 5307 5308
f 5151 5308 5152
f 5152 5308 5309
f 5152 5309 5153
f 5153 5309 5310
f 5153 5310 5154
f 5154 5310 5311
f 5154 5311 5155
f 5155 5311 5312
f 5155 5312 5156
f 5156 5312 5313
f 5156 5313 5157
f 5157 5313 5314
f 5157 5314 5158
f 5158 5314 5315
f 5158 5315 5159
f 5159 5315 5316
f 5159 5316 5160
f 5160 5316 5317
f 5160 5317 5161
f 5161 5317 5318
f 5161 5318 5162
f 5162 5318 5319
f 5162 5319 5163
f 5163 5319 5320
f 5163 5320 5164
f 5164 5320 5321
f 5164 5321 5165
f 5165 5321 5322
f 5165 5322 5166
f 5166 5322 5323
f 5166 5323 5167
f 5167 5323 5324
f 5167 5324 5168
f 5168 5324 5325
f 5168 5325 5169
f 5169 5325 5326
f 5169 5326 5170
f 5170 5326 5327
f 5170 5327 5171
f 5171 5327 5328
f 5171 5328 5172
f 5172 5328 5329
f 5172 5329 5173
f 5173 5329 5330
f 5173 5330 5174
f 5174 5330 5331
f 5174 5331 5175
f 5175 5331 5332
f 5175 5332 5176
f 5176 5332 5333
f 5176 5333 5177
f 5177 5333 5334
f 5177 5334 5178
f 5178 5334 5179
f 5178 5179 5023
f 5179 5335 5336
f 5179 5336 5180
f 5180 5336 5337
f 5180 5337 5181
f 5181 5337 5338
f 5181 5338 5182
f 5182 5338 5339
f 5182 5339 5183
f 5183 5339 5340
f 5183 5340 5184
f 5184 5340 5341
f 5184 5341 5185
f 5185 5341 5342
f 5185 5342 5186
f 5186 5342 5343
f 5186 5343 5187
f 5187 5343 5344
f 5187 5344 5188
f 5188 5344 5345
f 5188 5345 5189
f 5189 5345 5346
f 5189 5346 5190
f 5190 5346 5347
f 5190 5347 5191
f 5191 5347 5348
f 5191 5348 5192
f 5192 5348 5349
f 5192 5349 5193
f 5193 5349 5350
f 5193 5350 5194
f 5194 5350 5351
f 5194 5351 5195
f 5195 5351 5352
f 5195 5352 5196
f 5196 5352 5353
f 5196 5353 5197
f 5197 5353 5354
f 5197 5354 5198
f 5198 5354 5355
f 5198 5355 5199
f 5199 5355 5356
f 5199 5356 5200
f 5200 5356 5357
f 5200 5357 5201
f 5201 5357 5358
f 5201 5358 5202
f 5202 5358 5359
f 5202 5359 5203
f 5203 5359 5360
f 5203 5360 5204
f 5204 5360 5361
f 5204 5361 5205
f 5205 5361 5362
f 5205 5362 5206
f 5206 5362 3739
f 5206 3739 3740
f 5207 5363 5364
f 5207 5364 5208
f 5208 5364 5365
f 5208 5365 5209
f 5209 5365 5366
f 5209 5366 5210
f 5210 5366 5367
f 5210 5367 5211
f 5211 5367 5368
f 5211 5368 5212
f 5212 5368 5369
f 5212 5369 5213
f 5213 5369 5370
f 5213 5370 5214
f 5214 5370 5371
f 5214 5371 5215
f 5215 5371 5372
f 5215 5372 5216
f 5216 5372 5373
f 5216 5373 5217
f 5217 5373 5374
f 5217 5374 5218
f 5218 5374 5375
f 5218 5375 5219
f 5219 5375 5376
f 5219 5376 5220
f 5220 5376 5377
f 5220 5377 5221
f 5221 5377 5378
f 5221 5378 5222
f 5222 5378 5379
f 5222 5379 5223
f 5223 5379 5380
f 5223 5380 5224
f 5224 5380 5381
f 5224 5381 5225
f 5225 5381 5382
f 5225 5382 5226
f 5226 5382 5383
f 5226 5383 5227
f 5227 5383 5384
f 5227 5384 5228
f 5228 5384 5385
f 5228 5385 5229
f 5229 5385 5386
f 5229 5386 5230
f 5230 5386 5387
f 5230 5387 5231
f 5231 5387 5388
f 5231 5388 5232
f 5232 5388 5389
f 5232 5389 5233
f 5233 5389 5390
f 5233 5390 5234
f 5234 5390 5391
f 5234 5391 5235
f 5235 5391 5392
f 5235 5392 5236
f 5236 5392 5393
f 5236 5393 5237
f 5237 5393 5394
f 5237 5394 5238
f 5238 5394 5395
f 5238 5395 5239
f 5239 5395 5396
f 5239 5396 5240
f 5240 5396 5397
f 5240 5397 5241
f 5241 5397 5398
f 5241 5398 5242
f 5242 5398 5399
f 5242 5399 5243
f 5243 5399 5400
f 5243 5400 5244
f 5244 5400 5401
f 5244 5401 5245
f 5245 5401 5402
f 5245 5402 5246
f 5246 5402 5403
f 5246 5403 5247
f 5247 5403 5404
f 5247 5404 5248
f 5248 5404 5405
f 5248 5405 5249
f 5249 5405 5406
f 5249 5406 5250
f 5250 5406 5407
f 5250 5407 5251
f 5251 5407 5408
f 5251 5408 5252
f 5252 5408 5409
f 5252 5409 5253
f 5253 5409 5410
f 5253 5410 5254
f 5254 5410 5411
f 5254 5411 5255
f 5255 5411 5412
f 5255 5412 5256
f 5256 5412 5413
f 5256 5413 5257
f 5257 5413 5414
f 5257 5414 5258
f 5258 5414 5415
f 5258 5415 5259
f 5259 5415 5416
f 5259 5416 5260
f 5260 5416 5417
f 5260 5417 5261
f 5261 5417 5418
f 5261 5418 5262
f 5262 5418 5419
f 5262 5419 5263
f 5263 5419 5420
f 5263 5420 5264
f 5264 5420 5421
f 5264 5421 5265
f 5265 5421 5422
f 5265 5422 5266
f 5266 5422 5423
f 5266 5423 5267
f 5267 5423 5424
f 5267 5424 5268
f 5268 5424 5425
f 5268 5425 5269
f 5269 5425 5426
f 5269 5426 5270
f 5270 5426 5427
f 5270 5427 5271
f 5271 5427 5428
f 5271 5428 5272
f 5272 5428 5429
f 5272 5429 5273
f 5273 5429 5430
f 5273 5430 5274
f 5274 5430 5431
f 5274 5431 5275
f 5275 5431 5432
f 5275 5432 5276
f 5276 5432 5433
f 5276 5433 5277
f 5277 5433 5434
f 5277 5434 5278
f 5278 5434 5435
f 5278 5435 5279
f 5279 5435 5436
f 5279 5436 5280
f 5280 5436 5437
f 5280 5437 5281
f 5281 5437 5438
f 5281 5438 5282
f 5282 5438 5439
f 5282 5439 5283
f 5283 5439 5440
f 5283 5440 5284
f 5284 5440 5441
f 5284 5441 5285
f 5285 5441 5442
f 5285 5442 5286
f 5286 5442 5443
f 5286 5443 5287
f 5287 5443 5444
f 5287 5444 5288
f 5288 5444 5445
f 5288 5445 5289
f 5289 5445 5446
f 5289 5446 5290
f 5290 5446 5447
f 5290 5447 5291
f 5291 5447 5448
f 5291 5448 5292
f 5292 5448 5449
f 5292 5449 5293
f 5293 5449 5450
f 5293 5450 5294
f 5294 5450 5451
f 5294 5451 5295
f 5295 5451 5452
f 5295 5452 5296
f 5296 5452 5453
f 5296 5453 5297
f 5297 5453 5454
f 5297 5454 5298
f 5298 5454 5455
f 5298 5455 5299
f 5299 5455 5456
f 5299 5456 5300
f 5300 5456 5457
f 5300 5457 5301
f 5301 5457 5458
f 5301 5458 5302
f 5302 5458 5459
f 5302 5459 5303
f 5303 5459 5460
f 5303 5460 5304
f 5304 5460 5461
f 5304 5461 5305
f 5305 5461 5462
f 5305 5462 5306
f 5306 5462 5463
f 5306 5463 5307
f 5307 5463 5464
f 5307 5464 5308
f 5308 5464 5465
f 5308 5465 5309
f 5309 5465 5466
f 5309 5466 5310
f 5310 5466 5467
f 5310 5467 5311
f 5311 5467 5468
f 5311 5468 5312
f 5312 5468 5469
f 5312 5469 5313
f 5313 5469 5470
f 5313 5470 5314
f 5314 5470 5471
f 5314 5471 5315
f 5315 5471 5472
f 5315 5472 5316
f 5316 5472 5473
f 5316 5473 5317
f 5317 5473 5474
f 5317 5474 5318
f 5318 5474 5475
f 5318 5475 5319
f 5319 5475 5476
f 5319 5476 5320
f 5320 5476 5477
f 5320 5477 5321
f 5321 5477 5478
f 5321 5478 5322
f 5322 5478 5479
f 5322 5479 5323
f 5323 5479 5480
f 5323 5480 5324
f 5324 5480 5481
f 5324 5481 5325
f 5325 5481 5482
f 5325 5482 5326
f 5326 5482 5483
f 5326 5483 5327
f 5327 5483 5484
f 5327 5484 5328
f 5328 5484 5485
f 5328 5485 5329
f 5329 5485 5486
f 5329 5486 5330
f 5330 5486 5487
f 5330 5487 5331
f 5331 5487 5488
f 5331 5488 5332
f 5332 5488 5489
f 5332 5489 5333
f 5333 5489 5490
f 5333 5490 5334
f 5334 5490 5335
f 5334 5335 5179
f 5335 5491 5492
f 5335 5492 5336
f 5336 5492 5493
f 5336 5493 5337
f 5337 5493 5494
f 5337 5494 5338
f 5338 5494 5495
f 5338 5495 5339
f 5339 5495 5496
f 5339 5496 5340
f 5340 5496 5497
f 5340 5497 5341
f 5341 5497 5498
f 5341 5498 5342
f 5342 5498 5499
f 5342 5499 5343
f 5343 5499 5500
f 5343 5500 5344
f 5344 5500 5501
f 5344 5501 5345
f 5345 5501 5502
f 5345 5502 5346
f 5346 5502 5503
f 5346 5503 5347
f 5347 5503 5504
f 5347 5504 5348
f 5348 5504 5505
f 5348 5505 5349
f 5349 5505 5506
f 5349 5506 5350
f 5350 5506 5507
f 5350 5507 5351
f 5351 5507 5508
f 5351 5508 5352
f 5352 5508 5509
f 5352 5509 5353
f 5353 5509 5510
f 5353 5510 5354
f 5354 5510 5511
f 5354 5511 5355
f 5355 5511 5512
f 5355 5512 5356
f 5356 5512 5513
f 5356 5513 5357
f 5357 5513 5514
f 5357 5514 5358
f 5358 5514 5515
f 5358 5515 5359
f 5359 5515 5516
f 5359 5516 5360
f 5360 5516 5517
f 5360 5517 5361
f 5361 5517 5518
f 5361 5518 5362
f 5362 5518 3736
f 5362 3736 3739
f 5363 5519 5520
f 5363 5520 5364
f 5364 5520 5521
f 5364 5521 5365
f 5365 5521 5522
f 5365 5522 5366
f 5366 5522 5523
f 5366 5523 5367
f 5367 5523 5524
f 5367 5524 5368
f 5368 5524 5525
f 5368 5525 5369
f 5369 5525 5526
f 5369 5526 5370
f 5370 5526 5527
f 5370 5527 5371
f 5371 5527 5528
f 5371 5528 5372
f 5372 5528 5529
f 5372 5529 5373
f 5373 5529 5530
f 5373 5530 5374
f 5374 5530 5531
f 5374 5531 5375
f 5375 5531 5532
f 5375 5532 5376
f 5376 5532 5533
f 5376 5533 5377
f 5377 5533 5534
f 5377 5534 5378
f 5378 5534 5535
f 5378 5535 5379
f 5379 5535 5536
f 5379 5536 5380
f 5380 5536 5537
f 5380 5537 5381
f 5381 5537 5538
f 5381 5538 5382
f 5382 5538 5539
f 5382 5539 5383
f 5383 5539 5540
f 5383 5540 5384
f 5384 5540 5541
f 5384 5541 5385
f 5385 5541 5542
f 5385 5542 5386
f 5386 5542 5543
f 5386 5543 5387
f 5387 5543 5544
f 5387 5544 5388
f 5388 5544 5545
f 5388 5545 5389
f 5389 5545 5546
f 5389 5546 5390
f 5390 5546 5547
f 5390 5547 5391
f 5391 5547 5548
f 5391 5548 5392
f 5392 5548 5549
f 5392 5549 5393
f 5393 5549 5550
f 5393 5550 5394
f 5394 5550 5551
f 5394 5551 5395
f 5395 5551 5552
f 5395 5552 5396
f 5396 5552 5553
f 5396 5553 5397
f 5397 5553 5554
f 5397 5554 5398
f 5398 5554 5555
f 5398 5555 5399
f 5399 5555 5556
f 5399 5556 5400
f 5400 5556 5557
f 5400 5557 5401
f 5401 5557 5558
f 5401 5558 5402
f 5402 5558 5559
f 5402 5559 5403
f 5403 5559 5560
f 5403 5560 5404
f 5404 5560 5561
f 5404 5561 5405
f 5405 5561 5562
f 5405 5562 5406
f 5406 5562 5563
f 5406 5563 5407
f 5407 5563 5564
f 5407 5564 5408
f 5408 5564 5565
f 5408 5565 5409
f 5409 5565 5566
f 5409 5566 5410
f 5410 5566 5567
f 5410 5567 5411
f 5411 5567 5568
f 5411 5568 5412
f 5412 5568 5569
f 5412 5569 5413
f 5413 5569 5570
f 5413 5570 5414
f 5414 5570 5571
f 5414 5571 5415
f 5415 5571 5572
f 5415 5572 5416
f 5416 5572 5573
f 5416 5573 5417
f 5417 5573 5574
f 5417 5574 5418
f 5418 5574 5575
f 5418 5575 5419
f 5419 5575 5576
f 5419 5576 5420
f 5420 5576 5577
f 5420 5577 5421
f 5421 5577 5578
f 5421 5578 5422
f 5422 5578 5579
f 5422 5579 5423
f 5423 5579 5580
f 5423 5580 5424
f 5424 5580 5581
f 5424 5581 5425
f 5425 5581 5582
f 5425 5582 5426
f 5426 5582 5583
f 5426 5583 5427
f 5427 5583 5584
f 5427 5584 5428
f 5428 5584 5585
f 5428 5585 5429
f 5429 5585 5586
f 5429 5586 5430
f 5430 5586 5587
f 5430 5587 5431
f 5431 5587 5588
f 5431 5588 5432
f 5432 5588 5589
f 5432 5589 5433
f 5433 5589 5590
f 5433 5590 5434
f 5434 5590 5591
f 5434 5591 5435
f 5435 5591 5592
f 5435 5592 5436
f 5436 5592 5593
f 5436 5593 5437
f 5437 5593 5594
f 5437 5594 5438
f 5438 5594 5595
f 5438 5595 5439
f 5439 5595 5596
f 5439 5596 5440
f 5440 5596 5597
f 5440 5597 5441
f 5441 5597 5598
f 5441 5598 5442
f 5442 5598 5599
f 5442 5599 5443
f 5443 5599 5600
f 5443 5600 5444
f 5444 5600 5601
f 5444 5601 5445
f 5445 5601 5602
f 5445 5602 5446
f 5446 5602 5603
f 5446 5603 5447
f 5447 5603 5604
f 5447 5604 5448
f 5448 5604 5605
f 5448 5605 5449
f 5449 5605 5606
f 5449 5606 5450
f 5450 5606 5607
f 5450 5607 5451
f 5451 5607 5608
f 5451 5608 5452
f 5452 5608 5609
f 5452 5609 5453
f 5453 5609 5610
f 5453 5610 5454
f 5454 5610 5611
f 5454 5611 5455
f 5455 5611 5612
f 5455 5612 5456
f 5456 5612 5613
f 5456 5613 5457
f 5457 5613 5614
f 5457 5614 5458
f 5458 5614 5615
f 5458 5615 5459
f 5459 5615 5616
f 5459 5616 5460
f 5460 5616 5617
f 5460 5617 5461
f 5461 5617 5618
f 5461 5618 5462
f 5462 5618 5619
f 5462 5619 5463
f 5463 5619 5620
f 5463 5620 5464
f 5464 5620 5621
f 5464 5621 5465
f 5465 5621 5622
f 5465 5622 5466
f 5466 5622 5623
f 5466 5623 5467
f 5467 5623 5624
f 5467 5624 5468
f 5468 5624 5625
f 5468 5625 5469
f 5469 5625 5626
f 5469 5626 5470
f 5470 5626 5627
f 5470 5627 5471
f 5471 5627 5628
f 5471 5628 5472
f 5472 5628 5629
f 5472 5629 5473
f 5473 5629 5630
f 5473 5630 5474
f 5474 5630 5631
f 5474 5631 5475
f 5475 5631 5632
f 5475 5632 5476
f 5476 5632 5633
f 5476 5633 5477
f 5477 5633 5634
f 5477 5634 5478
f 5478 5634 5635
f 5478 5635 5479
f 5479 5635 5636
f 5479 5636 5480
f 5480 5636 5637
f 5480 5637 5481
f 5481 5637 5638
f 5481 5638 5482
f 5482 5638 5639
f 5482 5639 5483
f 5483 5639 5640
f 5483 5640 5484
f 5484 5640 5641
f 5484 5641 5485
f 5485 5641 5642
f 5485 5642 5486
f 5486 5642 5643
f 5486 5643 5487
f 5487 5643 5644
f 5487 5644 5488
f 5488 5644 5645
f 5488 5645 5489
f 5489 5645 5646
f 5489 5646 5490
f 5490 5646 5491
f 5490 5491 5335
f 5491 5647 5648
f 5491 5648 5492
f 5492 5648 5649
f 5492 5649 5493
f 5493 5649 5650
f 5493 5650 5494
f 5494 5650 5651
f 5494 5651 5495
f 5495 5651 5652
f 5495 5652 5496
f 5496 5652 5653
f 5496 5653 5497
f 5497 5653 5654
f 5497 5654 5498
f 5498 5654 5655
f 5498 5655 5499
f 5499 5655 5656
f 5499 5656 5500
f 5500 5656 5657
f 5500 5657 5501
f 5501 5657 5658
f 5501 5658 5502
f 5502 5658 5659
f 5502 5659 5503
f 5503 5659 5660
f 5503 5660 5504
f 5504 5660 5661
f 5504 5661 5505
f 5505 5661 5662
f 5505 5662 5506
f 5506 5662 5663
f 5506 5663 5507
f 5507 5663 5664
f 5507 5664 5508
f 5508 5664 5665
f 5508 5665 5509
f 5509 5665 5666
f 5509 5666 5510
f 5510 5666 5667
f 5510 5667 5511
f 5511 5667 5668
f 5511 5668 5512
f 5512 5668 5669
f 5512 5669 5513
f 5513 5669 5670
f 5513 5670 5514
f 5514 5670 5671
f 5514 5671 5515
f 5515 5671 5672
f 5515 5672 5516
f 5516 5672 5673
f 5516 5673 5517
f 5517 5673 5674
f 5517 5674 5518
f 5518 5674 3734
f 5518 3734 3736
f 5519 5675 5676
f 5519 5676 5520
f 5520 5676 5677
f 5520 5677 5521
f 5521 5677 5678
f 5521 5678 5522
f 5522 5678 5679
f 5522 5679 5523
f 5523 5679 5680
f 5523 5680 5524
f 5524 5680 5681
f 5524 5681 5525
f 5525 5681 5682
f 5525 5682 5526
f 5526 5682 5683
f 5526 5683 5527
f 5527 5683 5684
f 5527 5684 5528
f 5528 5684 5685
f 5528 5685 5529
f 5529 5685 5686
f 5529 5686 5530
f 5530 5686 5687
f 5530 5687 5531
f 5531 5687 5688
f 5531 5688 5532
f 5532 5688 5689
f 5532 5689 5533
f 5533 5689 5690
f 5533 5690 5534
f 5534 5690 5691
f 5534 5691 5535
f 5535 5691 5692
f 5535 5692 5536
f 5536 5692 5693
f 5536 5693 5537
f 5537 5693 5694
f 5537 5694 5538
f 5538 5694 5695
f 5538 5695 5539
f 5539 5695 5696
f 5539 5696 5540
f 5540 5696 5697
f 5540 5697 5541
f 5541 5697 5698
f 5541 5698 5542
f 5542 5698 5699
f 5542 5699 5543
f 5543 5699 5700
f 5543 5700 5544
f 5544 5700 5701
f 5544 5701 5545
f 5545 5701 5702
f 5545 5702 5546
f 5546 5702 5703
f 5546 5703 5547
f 5547 5703 5704
f 5547 5704 5548
f 5548 5704 5705
f 5548 5705 5549
f 5549 5705 5706
f 5549 5706 5550
f 5550 5706 5707
f 5550 5707 5551
f 5551 5707 5708
f 5551 5708 5552
f 5552 5708 5709
f 5552 5709 5553
f 5553 5709 5710
f 5553 5710 5554
f 5554 5710 5711
f 5554 5711 5555
f 5555 5711 5712
f 5555 5712 5556
f 5556 5712 5713
f 5556 5713 5557
f 5557 5713 5714
f 5557 5714 5558
f 5558 5714 5715
f 5558 5715 5559
f 5559 5715 5716
f 5559 5716 5560
f 5560 5716 5717
f 5560 5717 5561
f 5561 5717 5718
f 5561 5718 5562
f 5562 5718 5719
f 5562 5719 5563
f 5563 5719 5720
f 5563 5720 5564
f 5564 5720 5721
f 5564 5721 5565
f 5565 5721 5722
f 5565 5722 5566
f 5566 5722 5723
f 5566 5723 5567
f 5567 5723 5724
f 5567 5724 5568
f 5568 5724 5725
f 5568 5725 5569
f 5569 5725 5726
f 5569 5726 5570
f 5570 5726 5727
f 5570 5727 5571
f 5571 5727 5728
f 5571 5728 5572
f 5572 5728 5729
f 5572 5729 5573
f 5573 5729 5730
f 5573 5730 5574
f 5574 5730 5731
f 5574 5731 5575
f 5575 5731 5732
f 5575 5732 5576
f 5576 5732 5733
f 5576 5733 5577
f 5577 5733 5734
f 5577 5734 5578
f 5578 5734 5735
f 5578 5735 5579
f 5579 5735 5736
f 5579 5736 5580
f 5580 5736 5737
f 5580 5737 5581
f 5581 5737 5738
f 5581 5738 5582
f 5582 5738 5739
f 5582 5739 5583
f 5583 5739 5740
f 5583 5740 5584
f 5584 5740 5741
f 5584 5741 5585
f 5585 5741 5742
f 5585 5742 5586
f 5586 5742 5743
f 5586 5743 5587
f 5587 5743 5744
f 5587 5744 5588
f 5588 5744 5745
f 5588 5745 5589
f 5589 5745 5746
f 5589 5746 5590
f 5590 5746 5747
f 5590 5747 5591
f 5591 5747 5748
f 5591 5748 5592
f 5592 5748 5749
f 5592 5749 5593
f 5593 5749 5750
f 5593 5750 5594
f 5594 5750 5751
f 5594 5751 5595
f 5595 5751 5752
f 5595 5752 5596
f 5596 5752 5753
f 5596 5753 5597
f 5597 5753 5754
f 5597 5754 5598
f 5598 5754 5755
f 5598 5755 5599
f 5599 5755 5756
f 5599 5756 5600
f 5600 5756 5757
f 5600 5757 5601
f 5601 5757 5758
f 5601 5758 5602
f 5602 5758 5759
f 5602 5759 5603
f 5603 5759 5760
f 5603 5760 5604
f 5604 5760 5761
f 5604 5761 5605
f 5605 5761 5762
f 5605 5762 5606
f 5606 5762 5763
f 5606 5763 5607
f 5607 5763 5764
f 5607 5764 5608
f 5608 5764 5765
f 5608 5765 5609
f 5609 5765 5766
f 5609 5766 5610
f 5610 5766 5767
f 5610 5767 5611
f 5611 5767 5768
f 5611 5768 5612
f 5612 5768 5769
f 5612 5769 5613
f 5613 5769 5770
f 5613 5770 5614
f 5614 5770 5771
f 5614 5771 5615
f 5615 5771 5772
f 5615 5772 5616
f 5616 5772 5773
f 5616 5773 5617
f 5617 5773 5774
f 5617 5774 5618
f 5618 5774 5775
f 5618 5775 5619
f 5619 5775 5776
f 5619 5776 5620
f 5620 5776 5777
f 5620 5777 5621
f 5621 5777 5778
f 5621 5778 5622
f 5622 5778 5779
f 5622 5779 5623
f 5623 5779 5780
f 5623 5780 5624
f 5624 5780 5781
f 5624 5781 5625
f 5625 5781 5782
f 5625 5782 5626
f 5626 5782 5783
f 5626 5783 5627
f 5627 5783 5784
f 5627 5784 5628
f 5628 5784 5785
f 5628 5785 5629
f 5629 5785 5786
f 5629 5786 5630
f 5630 5786 5787
f 5630 5787 5631
f 5631 5787 5788
f 5631 5788 5632
f 5632 5788 5789
f 5632 5789 5633
f 5633 5789 5790
f 5633 5790 5634
f 5634 5790 5791
f 5634 5791 5635
f 5635 5791 5792
f 5635 5792 5636
f 5636 5792 5793
f 5636 5793 5637
f 5637 5793 5794
f 5637 5794 5638
f 5638 5794 5795
f 5638 5795 5639
f 5639 5795 5796
f 5639 5796 5640
f 5640 5796 5797
f 5640 5797 5641
f 5641 5797 5798
f 5641 5798 5642
f 5642 5798 5799
f 5642 5799 5643
f 5643 5799 5800
f 5643 5800 5644
f 5644 5800 5801
f 5644 5801 5645
f 5645 5801 5802
f 5645 5802 5646
f 5646 5802 5647
f 5646 5647 5491
f 5647 5803 5804
f 5647 5804 5648
f 5648 5804 5805
f 5648 5805 5649
f 5649 5805 5806
f 5649 5806 5650
f 5650 5806 5807
f 5650 5807 5651
f 5651 5807 5808
f 5651 5808 5652
f 5652 5808 5809
f 5652 5809 5653
f 5653 5809 5810
f 5653 5810 5654
f 5654 5810 5811
f 5654 5811 5655
f 5655 5811 5812
f 5655 5812 5656
f 5656 5812 5813
f 5656 5813 5657
f 5657 5813 5814
f 5657 5814 5658
f 5658 5814 5815
f 5658 5815 5659
f 5659 5815 5816
f 5659 5816 5660
f 5660 5816 5817
f 5660 5817 5661
f 5661 5817 5818
f 5661 5818 5662
f 5662 5818 5819
f 5662 5819 5663
f 5663 5819 5820
f 5663 5820 5664
f 5664 5820 5821
f 5664 5821 5665
f 5665 5821 5822
f 5665 5822 5666
f 5666 5822 5823
f 5666 5823 5667
f 5667 5823 5824
f 5667 5824 5668
f 5668 5824 5825
f 5668 5825 5669
f 5669 5825 5826
f 5669 5826 5670
f 5670 5826 5827
f 5670 5827 5671
f 5671 5827 5828
f 5671 5828 5672
f 5672 5828 5829
f 5672 5829 5673
f 5673 5829 5830
f 5673 5830 5674
f 5674 5830 3735
f 5674 3735 3734
f 5675 5831 5832
f 5675 5832 5676
f 5676 5832 5833
f 5676 5833 5677
f 5677 5833 5834
f 5677 5834 5678
f 5678 5834 5835
f 5678 5835 5679
f 5679 5835 5836
f 5679 5836 5680
f 5680 5836 5837
f 5680 5837 5681
f 5681 5837 5838
f 5681 5838 5682
f 5682 5838 5839
f 5682 5839 5683
f 5683 5839 5840
f 5683 5840 5684
f 5684 5840 5841
f 5684 5841 5685
f 5685 5841 5842
f 5685 5842 5686
f 5686 5842 5843
f 5686 5843 5687
f 5687 5843 5844
f 5687 5844 5688
f 5688 5844 5845
f 5688 5845 5689
f 5689 5845 5846
f 5689 5846 5690
f 5690 5846 5847
f 5690 5847 5691
f 5691 5847 5848
f 5691 5848 5692
f 5692 5848 5849
f 5692 5849 5693
f 5693 5849 5850
f 5693 5850 5694
f 5694 5850 5851
f 5694 5851 5695
f 5695 5851 5852
f 5695 5852 5696
f 5696 5852 5853
f 5696 5853 5697
f 5697 5853 5854
f 5697 5854 5698
f 5698 5854 5855
f 5698 5855 5699
f 5699 5855 5856
f 5699 5856 5700
f 5700 5856 5857
f 5700 5857 5701
f 5701 5857 5858
f 5701 5858 5702
f 5702 5858 5859
f 5702 5859 5703
f 5703 5859 5860
f 5703 5860 5704
f 5704 5860 5861
f 5704 5861 5705
f 5705 5861 5862
f 5705 5862 5706
f 5706 5862 5863
f 5706 5863 5707
f 5707 5863 5864
f 5707 5864 5708
f 5708 5864 5865
f 5708 5865 5709
f 5709 5865 5866
f 5709 5866 5710
f 5710 5866 5867
f 5710 5867 5711
f 5711 5867 5868
f 5711 5868 5712
f 5712 5868 5869
f 5712 5869 5713
f 5713 5869 5870
f 5713 5870 5714
f 5714 5870 5871
f 5714 5871 5715
f 5715 5871 5872
f 5715 5872 5716
f 5716 5872 5873
f 5716 5873 5717
f 5717 5873 5874
f 5717 5874 5718
f 5718 5874 5875
f 5718 5875 5719
f 5719 5875 5876
f 5719 5876 5720
f 5720 5876 5877
f 5720 5877 5721
f 5721 5877 5878
f 5721 5878 5722
f 5722 5878 5879
f 5722 5879 5723
f 5723 5879 5880
f 5723 5880 5724
f 5724 5880 5881
f 5724 5881 5725
f 5725 5881 5882
f 5725 5882 5726
f 5726 5882 5883
f 5726 5883 5727
f 5727 5883 5884
f 5727 5884 5728
f 5728 5884 5885
f 5728 5885 5729
f 5729 5885 5886
f 5729 5886 5730
f 5730 5886 5887
f 5730 5887 5731
f 5731 5887 5888
f 5731 5888 5732
f 5732 5888 5889
f 5732 5889 5733
f 5733 5889 5890
f 5733 5890 5734
f 5734 5890 5891
f 5734 5891 5735
f 5735 5891 5892
f 5735 5892 5736
f 5736 5892 5893
f 5736 5893 5737
f 5737 5893 5894
f 5737 5894 5738
f 5738 5894 5895
f 5738 5895 5739
f 5739 5895 5896
f 5739 5896 5740
f 5740 5896 5897
f 5740 5897 5741
f 5741 5897 5898
f 5741 5898 5742
f 5742 5898 5899
f 5742 5899 5743
f 5743 5899 5900
f 5743 5900 5744
f 5744 5900 5901
f 5744 5901 5745
f 5745 5901 5902
f 5745 5902 5746
f 5746 5902 5903
f 5746 5903 5747
f 5747 5903 5904
f 5747 5904 5748
f 5748 5904 5905
f 5748 5905 5749
f 5749 5905 5906
f 5749 5906 5750
f 5750 5906 5907
f 5750 5907 5751
f 5751 5907 5908
f 5751 5908 5752
f 5752 5908 5909
f 5752 5909 5753
f 5753 5909 5910
f 5753 5910 5754
f 5754 5910 5911
f 5754 5911 5755
f 5755 5911 5912
f 5755 5912 5756
f 5756 5912 5913
f 5756 5913 5757
f 5757 5913 5914
f 5757 5914 5758
f 5758 5914 5915
f 5758 5915 5759
f 5759 5915 5916
f 5759 5916 5760
f 5760 5916 5917
f 5760 5917 5761
f 5761 5917 5918
f 5761 5918 5762
f 5762 5918 5919
f 5762 5919 5763
f 5763 5919 5920
f 5763 5920 5764
f 5764 5920 5921
f 5764 5921 5765
f 5765 5921 5922
f 5765 5922 5766
f 5766 5922 5923
f 5766 5923 5767
f 5767 5923 5924
f 5767 5924 5768
f 5768 5924 5925
f 5768 5925 5769
f 5769 5925 5926
f 5769 5926 5770
f 5770 5926 5927
f 5770 5927 5771
f 5771 5927 5928
f 5771 5928 5772
f 5772 5928 5929
f 5772 5929 5773
f 5773 5929 5930
f 5773 5930 5774
f 5774 5930 5931
f 5774 5931 5775
f 5775 5931 5932
f 5775 5932 5776
f 5776 5932 5933
f 5776 5933 5777
f 5777 5933 5934
f 5777 5934 5778
f 5778 5934 5935
f 5778 5935 5779
f 5779 5935 5936
f 5779 5936 5780
f 5780 5936 5937
f 5780 5937 5781
f 5781 5937 5938
f 5781 5938 5782
f 5782 5938 5939
f 5782 5939 5783
f 5783 5939 5940
f 5783 5940 5784
f 5784 5940 5941
f 5784 5941 5785
f 5785 5941 5942
f 5785 5942 5786
f 5786 5942 5943
f 5786 5943 5787
f 5787 5943 5944
f 5787 5944 5788
f 5788 5944 5945
f 5788 5945 5789
f 5789 5945 5946
f 5789 5946 5790
f 5790 5946 5947
f 5790 5947 5791
f 5791 5947 5948
f 5791 5948 5792
f 5792 5948 5949
f 5792 5949 5793
f 5793 5949 5950
f 5793 5950 5794
f 5794 5950 5951
f 5794 5951 5795
f 5795 5951 5952
f 5795 5952 5796
f 5796 5952 5953
f 5796 5953 5797
f 5797 5953 5954
f 5797 5954 5798
f 5798 5954 5955
f 5798 5955 5799
f 5799 5955 5956
f 5799 5956 5800
f 5800 5956 5957
f 5800 5957 5801
f 5801 5957 5958
f 5801 5958 5802
f 5802 5958 5803
f 5802 5803 5647
f 5803 5959 5960
f 5803 5960 5804
f 5804 5960 5961
f 5804 5961 5805
f 5805 5961 5962
f 5805 5962 5806
f 5806 5962 5963
f 5806 5963 5807
f 5807 5963 5964
f 5807 5964 5808
f 5808 5964 5965
f 5808 5965 5809
f 5809 5965 5966
f 5809 5966 5810
f 5810 5966 5967
f 5810 5967 5811
f 5811 5967 5968
f 5811 5968 5812
f 5812 5968 5969
f 5812 5969 5813
f 5813 5969 5970
f 5813 5970 5814
f 5814 5970 5971
f 5814 5971 5815
f 5815 5971 5972
f 5815 5972 5816
f 5816 5972 5973
f 5816 5973 5817
f 5817 5973 5974
f 5817 5974 5818
f 5818 5974 5975
f 5818 5975 5819
f 5819 5975 5976
f 5819 5976 5820
f 5820 5976 5977
f 5820 5977 5821
f 5821 5977 5978
f 5821 5978 5822
f 5822 5978 5979
f 5822 5979 5823
f 5823 5979 5980
f 5823 5980 5824
f 5824 5980 5981
f 5824 5981 5825
f 5825 5981 5982
f 5825 5982 5826
f 5826 5982 5983
f 5826 5983 5827
f 5827 5983 5984
f 5827 5984 5828
f 5828 5984 5985
f 5828 5985 5829
f 5829 5985 5986
f 5829 5986 5830
f 5830 5986 3749
f 5830 3749 3735
f 5831 5987 5988
f 5831 5988 5832
f 5832 5988 5989
f 5832 5989 5833
f 5833 5989 5990
f 5833 5990 5834
f 5834 5990 5991
f 5834 5991 5835
f 5835 5991 5992
f 5835 5992 5836
f 5836 5992 5993
f 5836 5993 5837
f 5837 5993 5994
f 5837 5994 5838
f 5838 5994 5995
f 5838 5995 5839
f 5839 5995 5996
f 5839 5996 5840
f 5840 5996 5997
f 5840 5997 5841
f 5841 5997 5998
f 5841 5998 5842
f 5842 5998 5999
f 5842 5999 5843
f 5843 5999 6000
f 5843 6000 5844
f 5844 6000 6001
f 5844 6001 5845
f 5845 6001 6002
f 5845 6002 5846
f 5846 6002 6003
f 5846 6003 5847
f 5847 6003 6004
f 5847 6004 5848
f 5848 6004 6005
f 5848 6005 5849
f 5849 6005 6006
f 5849 6006 5850
f 5850 6006 6007
f 5850 6007 5851
f 5851 6007 6008
f 5851 6008 5852
f 5852 6008 6009
f 5852 6009 5853
f 5853 6009 6010
f 5853 6010 5854
f 5854 6010 6011
f 5854 6011 5855
f 5855 6011 6012
f 5855 6012 5856
f 5856 6012 6013
f 5856 6013 5857
f 5857 6013 6014
f 5857 6014 5858
f 5858 6014 6015
f 5858 6015 5859
f 5859 6015 6016
f 5859 6016 5860
f 5860 6016 6017
f 5860 6017 5861
f 5861 6017 6018
f 5861 6018 5862
f 5862 6018 6019
f 5862 6019 5863
f 5863 6019 6020
f 5863 6020 5864
f 5864 6020 6021
f 5864 6021 5865
f 5865 6021 6022
f 5865 6022 5866
f 5866 6022 6023
f 5866 6023 5867
f 5867 6023 6024
f 5867 6024 5868
f 5868 6024 6025
f 5868 6025 5869
f 5869 6025 6026
f 5869 6026 5870
f 5870 6026 6027
f 5870 6027 5871
f 5871 6027 6028
f 5871 6028 5872
f 5872 6028 6029
f 5872 6029 5873
f 5873 6029 6030
f 5873 6030 5874
f 5874 6030 6031
f 5874 6031 5875
f 5875 6031 6032
f 5875 6032 5876
f 5876 6032 6033
f 5876 6033 5877
f 5877 6033 6034
f 5877 6034 5878
f 5878 6034 6035
f 5878 6035 5879
f 5879 6035 6036
f 5879 6036 5880
f 5880 6036 6037
f 5880 6037 5881
f 5881 6037 6038
f 5881 6038 5882
f 5882 6038 6039
f 5882 6039 5883
f 5883 6039 6040
f 5883 6040 5884
f 5884 6040 6041
f 5884 6041 5885
f 5885 6041 6042
f 5885 6042 5886
f 5886 6042 6043
f 5886 6043 5887
f 5887 6043 6044
f 5887 6044 5888
f 5888 6044 6045
f 5888 6045 5889
f 5889 6045 6046
f 5889 6046 5890
f 5890 6046 6047
f 5890 6047 5891
f 5891 6047 6048
f 5891 6048 5892
f 5892 6048 6049
f 5892 6049 5893
f 5893 6049 6050
f 5893 6050 5894
f 5894 6050 6051
f 5894 6051 5895
f 5895 6051 6052
f 5895 6052 5896
f 5896 6052 6053
f 5896 6053 5897
f 5897 6053 6054
f 5897 6054 5898
f 5898 6054 6055
f 5898 6055 5899
f 5899 6055 6056
f 5899 6056 5900
f 5900 6056 6057
f 5900 6057 5901
f 5901 6057 6058
f 5901 6058 5902
f 5902 6058 6059
f 5902 6059 5903
f 5903 6059 6060
f 5903 6060 5904
f 5904 6060 6061
f 5904 6061 5905
f 5905 6061 6062
f 5905 6062 5906
f 5906 6062 6063
f 5906 6063 5907
f 5907 6063 6064
f 5907 6064 5908
f 5908 6064 6065
f 5908 6065 5909
f 5909 6065 6066
f 5909 6066 5910
f 5910 6066 6067
f 5910 6067 5911
f 5911 6067 6068
f 5911 6068 5912
f 5912 6068 6069
f 5912 6069 5913
f 5913 6069 6070
f 5913 6070 5914
f 5914 6070 6071
f 5914 6071 5915
f 5915 6071 6072
f 5915 6072 5916
f 5916 6072 6073
f 5916 6073 5917
f 5917 6073 6074
f 5917 6074 5918
f 5918 6074 6075
f 5918 6075 5919
f 5919 6075 6076
f 5919 6076 5920
f 5920 6076 6077
f 5920 6077 5921
f 5921 6077 6078
f 5921 6078 5922
f 5922 6078 6079
f 5922 6079 5923
f 5923 6079 6080
f 5923 6080 5924
f 5924 6080 6081
f 5924 6081 5925
f 5925 6081 6082
f 5925 6082 5926
f 5926 6082 6083
f 5926 6083 5927
f 5927 6083 6084
f 5927 6084 5928
f 5928 6084 6085
f 5928 6085 5929
f 5929 6085 6086
f 5929 6086 5930
f 5930 6086 6087
f 5930 6087 5931
f 5931 6087 6088
f 5931 6088 5932
f 5932 6088 6089
f 5932 6089 5933
f 5933 6089 6090
f 5933 6090 5934
f 5934 6090 6091
f 5934 6091 5935
f 5935 6091 6092
f 5935 6092 5936
f 5936 6092 6093
f 5936 6093 5937
f 5937 6093 6094
f 5937 6094 5938
f 5938 6094 6095
f 5938 6095 5939
f 5939 6095 6096
f 5939 6096 5940
f 5940 6096 6097
f 5940 6097 5941
f 5941 6097 6098
f 5941 6098 5942
f 5942 6098 6099
f 5942 6099 5943
f 5943 6099 6100
f 5943 6100 5944
f 5944 6100 6101
f 5944 6101 5945
f 5945 6101 6102
f 5945 6102 5946
f 5946 6102 6103
f 5946 6103 5947
f 5947 6103 6104
f 5947 6104 5948
f 5948 6104 6105
f 5948 6105 5949
f 5949 6105 6106
f 5949 6106 5950
f 5950 6106 6107
f 5950 6107 5951
f 5951 6107 6108
f 5951 6108 5952
f 5952 6108 6109
f 5952 6109 5953
f 5953 6109 6110
f 5953 6110 5954
f 5954 6110 6111
f 5954 6111 5955
f 5955 6111 6112
f 5955 6112 5956
f 5956 6112 6113
f 5956 6113 5957
f 5957 6113 6114
f 5957 6114 5958
f 5958 6114 5959
f 5958 5959 5803
f 5959 6115 6116
f 5959 6116 5960
f 5960 6116 6117
f 5960 6117 5961
f 5961 6117 6118
f 5961 6118 5962
f 5962 6118 6119
f 5962 6119 5963
f 5963 6119 6120
f 5963 6120 5964
f 5964 6120 6121
f 5964 6121 5965
f 5965 6121 6122
f 5965 6122 5966
f 5966 6122 6123
f 5966 6123 5967
f 5967 6123 6124
f 5967 6124 5968
f 5968 6124 6125
f 5968 6125 5969
f 5969 6125 6126
f 5969 6126 5970
f 5970 6126 6127
f 5970 6127 5971
f 5971 6127 6128
f 5971 6128 5972
f 5972 6128 6129
f 5972 6129 5973
f 5973 6129 6130
f 5973 6130 5974
f 5974 6130 6131
f 5974 6131 5975
f 5975 6131 6132
f 5975 6132 5976
f 5976 6132 6133
f 5976 6133 5977
f 5977 6133 6134
f 5977 6134 5978
f 5978 6134 6135
f 5978 6135 5979
f 5979 6135 6136
f 5979 6136 5980
f 5980 6136 6137
f 5980 6137 5981
f 5981 6137 6138
f 5981 6138 5982
f 5982 6138 6139
f 5982 6139 5983
f 5983 6139 6140
f 5983 6140 5984
f 5984 6140 6141
f 5984 6141 5985
f 5985 6141 6142
f 5985 6142 5986
f 5986 6142 3748
f 5986 3748 3749
f 5987 6143 6144
f 5987 6144 5988
f 5988 6144 6145
f 5988 6145 5989
f 5989 6145 6146
f 5989 6146 5990
f 5990 6146 6147
f 5990 6147 5991
f 5991 6147 6148
f 5991 6148 5992
f 5992 6148 6149
f 5992 6149 5993
f 5993 6149 6150
f 5993 6150 5994
f 5994 6150 6151
f 5994 6151 5995
f 5995 6151 6152
f 5995 6152 5996
f 5996 6152 6153
f 5996 6153 5997
f 5997 6153 6154
f 5997 6154 5998
f 5998 6154 6155
f 5998 6155 5999
f 5999 6155 6156
f 5999 6156 6000
f 6000 6156 6157
f 6000 6157 6001
f 6001 6157 6158
f 6001 6158 6002
f 6002 6158 6159
f 6002 6159 6003
f 6003 6159 6160
f 6003 6160 6004
f 6004 6160 6161
f 6004 6161 6005
f 6005 6161 6162
f 6005 6162 6006
f 6006 6162 6163
f 6006 6163 6007
f 6007 6163 6164
f 6007 6164 6008
f 6008 6164 6165
f 6008 6165 6009
f 6009 6165 6166
f 6009 6166 6010
f 6010 6166 6167
f 6010 6167 6011
f 6011 6167 6168
f 6011 6168 6012
f 6012 6168 6169
f 6012 6169 6013
f 6013 6169 6170
f 6013 6170 6014
f 6014 6170 6171
f 6014 6171 6015
f 6015 6171 6172
f 6015 6172 6016
f 6016 6172 6173
f 6016 6173 6017
f 6017 6173 6174
f 6017 6174 6018
f 6018 6174 6175
f 6018 6175 6019
f 6019 6175 6176
f 6019 6176 6020
f 6020 6176 6177
f 6020 6177 6021
f 6021 6177 6178
f 6021 6178 6022
f 6022 6178 6179
f 6022 6179 6023
f 6023 6179 6180
f 6023 6180 6024
f 6024 6180 6181
f 6024 6181 6025
f 6025 6181 6182
f 6025 6182 6026
f 6026 6182 6183
f 6026 6183 6027
f 6027 6183 6184
f 6027 6184 6028
f 6028 6184 6185
f 6028 6185 6029
f 6029 6185 6186
f 6029 6186 6030
f 6030 6186 6187
f 6030 6187 6031
f 6031 6187 6188
f 6031 6188 6032
f 6032 6188 6189
f 6032 6189 6033
f 6033 6189 6190
f 6033 6190 6034
f 6034 6190 6191
f 6034 6191 6035
f 6035 6191 6192
f 6035 6192 6036
f 6036 6192 6193
f 6036 6193 6037
f 6037 6193 6194
f 6037 6194 6038
f 6038 6194 6195
f 6038 6195 6039
f 6039 6195 6196
f 6039 6196 6040
f 6040 6196 6197
f 6040 6197 6041
f 6041 6197 6198
f 6041 6198 6042
f 6042 6198 6199
f 6042 6199 6043
f 6043 6199 6200
f 6043 6200 6044
f 6044 6200 6201
f 6044 6201 6045
f 6045 6201 6202
f 6045 6202 6046
f 6046 6202 6203
f 6046 6203 6047
f 6047 6203 6204
f 6047 6204 6048
f 6048 6204 6205
f 6048 6205 6049
f 6049 6205 6206
f 6049 6206 6050
f 6050 6206 6207
f 6050 6207 6051
f 6051 6207 6208
f 6051 6208 6052
f 6052 6208 6209
f 6052 6209 6053
f 6053 6209 6210
f 6053 6210 6054
f 6054 6210 6211
f 6054 6211 6055
f 6055 6211 6212
f 6055 6212 6056
f 6056 6212 6213
f 6056 6213 6057
f 6057 6213 6214
f 6057 6214 6058
f 6058 6214 6215
f 6058 6215 6059
f 6059 6215 6216
f 6059 6216 6060
f 6060 6216 6217
f 6060 6217 6061
f 6061 6217 6218
f 6061 6218 6062
f 6062 6218 6219
f 6062 6219 6063
f 6063 6219 6220
f 6063 6220 6064
f 6064 6220 6221
f 6064 6221 6065
f 6065 6221 6222
f 6065 6222 6066
f 6066 6222 6223
f 6066 6223 6067
f 6067 6223 6224
f 6067 6224 6068
f 6068 6224 6225
f 6068 6225 6069
f 6069 6225 6226
f 6069 6226 6070
f 6070 6226 6227
f 6070 6227 6071
f 6071 6227 6228
f 6071 6228 6072
f 6072 6228 6229
f 6072 6229 6073
f 6073 6229 6230
f 6073 6230 6074
f 6074 6230 6231
f 6074 6231 6075
f 6075 6231 6232
f 6075 6232 6076
f 6076 6232 6233
f 6076 6233 6077
f 6077 6233 6234
f 6077 6234 6078
f 6078 6234 6235
f 6078 6235 6079
f 6079 6235 6236
f 6079 6236 6080
f 6080 6236 6237
f 6080 6237 6081
f 6081 6237 6238
f 6081 6238 6082
f 6082 6238 6239
f 6082 6239 6083
f 6083 6239 6240
f 6083 6240 6084
f 6084 6240 6241
f 6084 6241 6085
f 6085 6241 6242
f 6085 6242 6086
f 6086 6242 6243
f 6086 6243 6087
f 6087 6243 6244
f 6087 6244 6088
f 6088 6244 6245
f 6088 6245 6089
f 6089 6245 6246
f 6089 6246 6090
f 6090 6246 6247
f 6090 6247 6091
f 6091 6247 6248
f 6091 6248 6092
f 6092 6248 6249
f 6092 6249 6093
f 6093 6249 6250
f 6093 6250 6094
f 6094 6250 6251
f 6094 6251 6095
f 6095 6251 6252
f 6095 6252 6096
f 6096 6252 6253
f 6096 6253 6097
f 6097 6253 6254
f 6097 6254 6098
f 6098 6254 6255
f 6098 6255 6099
f 6099 6255 6256
f 6099 6256 6100
f 6100 6256 6257
f 6100 6257 6101
f 6101 6257 6258
f 6101 6258 6102
f 6102 6258 6259
f 6102 6259 6103
f 6103 6259 6260
f 6103 6260 6104
f 6104 6260 6261
f 6104 6261 6105
f 6105 6261 6262
f 6105 6262 6106
f 6106 6262 6263
f 6106 6263 6107
f 6107 6263 6264
f 6107 6264 6108
f 6108 6264 6265
f 6108 6265 6109
f 6109 6265 6266
f 6109 6266 6110
f 6110 6266 6267
f 6110 6267 6111
f 6111 6267 6268
f 6111 6268 6112
f 6112 6268 6269
f 6112 6269 6113
f 6113 6269 6270
f 6113 6270 6114
f 6114 6270 6115
f 6114 6115 5959
f 6115 6271 6272
f 6115 6272 6116
f 6116 6272 6273
f 6116 6273 6117
f 6117 6273 6274
f 6117 6274 6118
f 6118 6274 6275
f 6118 6275 6119
f 6119 6275 6276
f 6119 6276 6120
f 6120 6276 6277
f 6120 6277 6121
f 6121 6277 6278
f 6121 6278 6122
f 6122 6278 6279
f 6122 6279 6123
f 6123 6279 6280
f 6123 6280 6124
f 6124 6280 6281
f 6124 6281 6125
f 6125 6281 6282
f 6125 6282 6126
f 6126 6282 6283
f 6126 6283 6127
f 6127 6283 6284
f 6127 6284 6128
f 6128 6284 6285
f 6128 6285 6129
f 6129 6285 6286
f 6129 6286 6130
f 6130 6286 6287
f 6130 6287 6131
f 6131 6287 6288
f 6131 6288 6132
f 6132 6288 6289
f 6132 6289 6133
f 6133 6289 6290
f 6133 6290 6134
f 6134 6290 6291
f 6134 6291 6135
f 6135 6291 6292
f 6135 6292 6136
f 6136 6292 6293
f 6136 6293 6137
f 6137 6293 6294
f 6137 6294 6138
f 6138 6294 6295
f 6138 6295 6139
f 6139 6295 6296
f 6139 6296 6140
f 6140 6296 6297
f 6140 6297 6141
f 6141 6297 6298
f 6141 6298 6142
f 6142 6298 3744
f 6142 3744 3748
f 6143 6299 6300
f 6143 6300 6144
f 6144 6300 6301
f 6144 6301 6145
f 6145 6301 6302
f 6145 6302 6146
f 6146 6302 6303
f 6146 6303 6147
f 6147 6303 6304
f 6147 6304 6148
f 6148 6304 6305
f 6148 6305 6149
f 6149 6305 6306
f 6149 6306 6150
f 6150 6306 6307
f 6150 6307 6151
f 6151 6307 6308
f 6151 6308 6152
f 6152 6308 6309
f 6152 6309 6153
f 6153 6309 6310
f 6153 6310 6154
f 6154 6310 6311
f 6154 6311 6155
f 6155 6311 6312
f 6155 6312 6156
f 6156 6312 6313
f 6156 6313 6157
f 6157 6313 6314
f 6157 6314 6158
f 6158 6314 6315
f 6158 6315 6159
f 6159 6315 6316
f 6159 6316 6160
f 6160 6316 6317
f 6160 6317 6161
f 6161 6317 6318
f 6161 6318 6162
f 6162 6318 6319
f 6162 6319 6163
f 6163 6319 6320
f 6163 6320 6164
f 6164 6320 6321
f 6164 6321 6165
f 6165 6321 6322
f 6165 6322 6166
f 6166 6322 6323
f 6166 6323 6167
f 6167 6323 6324
f 6167 6324 6168
f 6168 6324 6325
f 6168 6325 6169
f 6169 6325 6326
f 6169 6326 6170
f 6170 6326 6327
f 6170 6327 6171
f 6171 6327 6328
f 6171 6328 6172
f 6172 6328 6329
f 6172 6329 6173
f 6173 6329 6330
f 6173 6330 6174
f 6174 6330 6331
f 6174 6331 6175
f 6175 6331 6332
f 6175 6332 6176
f 6176 6332 6333
f 6176 6333 6177
f 6177 6333 6334
f 6177 6334 6178
f 6178 6334 6335
f 6178 6335 6179
f 6179 6335 6336
f 6179 6336 6180
f 6180 6336 6337
f 6180 6337 6181
f 6181 6337 6338
f 6181 6338 6182
f 6182 6338 6339
f 6182 6339 6183
f 6183 6339 6340
f 6183 6340 6184
f 6184 6340 6341
f 6184 6341 6185
f 6185 6341 6342
f 6185 6342 6186
f 6186 6342 6343
f 6186 6343 6187
f 6187 6343 6344
f 6187 6344 6188
f 6188 6344 6345
f 6188 6345 6189
f 6189 6345 6346
f 6189 6346 6190
f 6190 6346 6347
f 6190 6347 6191
f 6191 6347 6348
f 6191 6348 6192
f 6192 6348 6349
f 6192 6349 6193
f 6193 6349 6350
f 6193 6350 6194
f 6194 6350 6351
f 6194 6351 6195
f 6195 6351 6352
f 6195 6352 6196
f 6196 6352 6353
f 6196 6353 6197
f 6197 6353 6354
f 6197 6354 6198
f 6198 6354 6355
f 6198 6355 6199
f 6199 6355 6356
f 6199 6356 6200
f 6200 6356 6357
f 6200 6357 6201
f 6201 6357 6358
f 6201 6358 6202
f 6202 6358 6359
f 6202 6359 6203
f 6203 6359 6360
f 6203 6360 6204
f 6204 6360 6361
f 6204 6361 6205
f 6205 6361 6362
f 6205 6362 6206
f 6206 6362 6363
f 6206 6363 6207
f 6207 6363 6364
f 6207 6364 6208
f 6208 6364 6365
f 6208 6365 6209
f 6209 6365 6366
f 6209 6366 6210
f 6210 6366 6367
f 6210 6367 6211
f 6211 6367 6368
f 6211 6368 6212
f 6212 6368 6369
f 6212 6369 6213
f 6213 6369 6370
f 6213 6370 6214
f 6214 6370 6371
f 6214 6371 6215
f 6215 6371 6372
f 6215 6372 6216
f 6216 6372 6373
f 6216 6373 6217
f 6217 6373 6374
f 6217 6374 6218
f 6218 6374 6375
f 6218 6375 6219
f 6219 6375 6376
f 6219 6376 6220
f 6220 6376 6377
f 6220 6377 6221
f 6221 6377 6378
f 6221 6378 6222
f 6222 6378 6379
f 6222 6379 6223
f 6223 6379 6380
f 6223 6380 6224
f 6224 6380 6381
f 6224 6381 6225
f 6225 6381 6382
f 6225 6382 6226
f 6226 6382 6383
f 6226 6383 6227
f 6227 6383 6384
f 6227 6384 6228
f 6228 6384 6385
f 6228 6385 6229
f 6229 6385 6386
f 6229 6386 6230
f 6230 6386 6387
f 6230 6387 6231
f 6231 6387 6388
f 6231 6388 6232
f 6232 6388 6389
f 6232 6389 6233
f 6233 6389 6390
f 6233 6390 6234
f 6234 6390 6391
f 6234 6391 6235
f 6235 6391 6392
f 6235 6392 6236
f 6236 6392 6393
f 6236 6393 6237
f 6237 6393 6394
f 6237 6394 6238
f 6238 6394 6395
f 6238 6395 6239
f 6239 6395 6396
f 6239 6396 6240
f 6240 6396 6397
f 6240 6397 6241
f 6241 6397 6398
f 6241 6398 6242
f 6242 6398 6399
f 6242 6399 6243
f 6243 6399 6400
f 6243 6400 6244
f 6244 6400 6401
f 6244 6401 6245
f 6245 6401 6402
f 6245 6402 6246
f 6246 6402 6403
f 6246 6403 6247
f 6247 6403 6404
f 6247 6404 6248
f 6248 6404 6405
f 6248 6405 6249
f 6249 6405 6406
f 6249 6406 6250
f 6250 6406 6407
f 6250 6407 6251
f 6251 6407 6408
f 6251 6408 6252
f 6252 6408 6409
f 6252 6409 6253
f 6253 6409 6410
f 6253 6410 6254
f 6254 6410 6411
f 6254 6411 6255
f 6255 6411 6412
f 6255 6412 6256
f 6256 6412 6413
f 6256 6413 6257
f 6257 6413 6414
f 6257 6414 6258
f 6258 6414 6415
f 6258 6415 6259
f 6259 6415 6416
f 6259 6416 6260
f 6260 6416 6417
f 6260 6417 6261
f 6261 6417 6418
f 6261 6418 6262
f 6262 6418 6419
f 6262 6419 6263
f 6263 6419 6420
f 6263 6420 6264
f 6264 6420 6421
f 6264 6421 6265
f 6265 6421 6422
f 6265 6422 6266
f 6266 6422 6423
f 6266 6423 6267
f 6267 6423 6424
f 6267 6424 6268
f 6268 6424 6425
f 6268 6425 6269
f 6269 6425 6426
f 6269 6426 6270
f 6270 6426 6271
f 6270 6271 6115
f 6271 6427 6428
f 6271 6428 6272
f 6272 6428 6429
f 6272 6429 6273
f 6273 6429 6430
f 6273 6430 6274
f 6274 6430 6431
f 6274 6431 6275
f 6275 6431 6432
f 6275 6432 6276
f 6276 6432 6433
f 6276 6433 6277
f 6277 6433 6434
f 6277 6434 6278
f 6278 6434 6435
f 6278 6435 6279
f 6279 6435 6436
f 6279 6436 6280
f 6280 6436 6437
f 6280 6437 6281
f 6281 6437 6438
f 6281 6438 6282
f 6282 6438 6439
f 6282 6439 6283
f 6283 6439 6440
f 6283 6440 6284
f 6284 6440 6441
f 6284 6441 6285
f 6285 6441 6442
f 6285 6442 6286
f 6286 6442 6443
f 6286 6443 6287
f 6287 6443 6444
f 6287 6444 6288
f 6288 6444 6445
f 6288 6445 6289
f 6289 6445 6446
f 6289 6446 6290
f 6290 6446 6447
f 6290 6447 6291
f 6291 6447 6448
f 6291 6448 6292
f 6292 6448 6449
f 6292 6449 6293
f 6293 6449 6450
f 6293 6450 6294
f 6294 6450 6451
f 6294 6451 6295
f 6295 6451 6452
f 6295 6452 6296
f 6296 6452 6453
f 6296 6453 6297
f 6297 6453 6454
f 6297 6454 6298
f 6298 6454 3745
f 6298 3745 3744
f 6299 6455 6456
f 6299 6456 6300
f 6300 6456 6457
f 6300 6457 6301
f 6301 6457 6458
f 6301 6458 6302
f 6302 6458 6459
f 6302 6459 6303
f 6303 6459 6460
f 6303 6460 6304
f 6304 6460 6461
f 6304 6461 6305
f 6305 6461 6462
f 6305 6462 6306
f 6306 6462 6463
f 6306 6463 6307
f 6307 6463 6464
f 6307 6464 6308
f 6308 6464 6465
f 6308 6465 6309
f 6309 6465 6466
f 6309 6466 6310
f 6310 6466 6467
f 6310 6467 6311
f 6311 6467 6468
f 6311 6468 6312
f 6312 6468 6469
f 6312 6469 6313
f 6313 6469 6470
f 6313 6470 6314
f 6314 6470 6471
f 6314 6471 6315
f 6315 6471 6472
f 6315 6472 6316
f 6316 6472 6473
f 6316 6473 6317
f 6317 6473 6474
f 6317 6474 6318
f 6318 6474 6475
f 6318 6475 6319
f 6319 6475 6476
f 6319 6476 6320
f 6320 6476 6477
f 6320 6477 6321
f 6321 6477 6478
f 6321 6478 6322
f 6322 6478 6479
f 6322 6479 6323
f 6323 6479 6480
f 6323 6480 6324
f 6324 6480 6481
f 6324 6481 6325
f 6325 6481 6482
f 6325 6482 6326
f 6326 6482 6483
f 6326 6483 6327
f 6327 6483 6484
f 6327 6484 6328
f 6328 6484 6485
f 6328 6485 6329
f 6329 6485 6486
f 6329 6486 6330
f 6330 6486 6487
f 6330 6487 6331
f 6331 6487 6488
f 6331 6488 6332
f 6332 6488 6489
f 6332 6489 6333
f 6333 6489 6490
f 6333 6490 6334
f 6334 6490 6491
f 6334 6491 6335
f 6335 6491 6492
f 6335 6492 6336
f 6336 6492 6493
f 6336 6493 6337
f 6337 6493 6494
f 6337 6494 6338
f 6338 6494 6495
f 6338 6495 6339
f 6339 6495 6496
f 6339 6496 6340
f 6340 6496 6497
f 6340 6497 6341
f 6341 6497 6498
f 6341 6498 6342
f 6342 6498 6499
f 6342 6499 6343
f 6343 6499 6500
f 6343 6500 6344
f 6344 6500 6501
f 6344 6501 6345
f 6345 6501 6502
f 6345 6502 6346
f 6346 6502 6503
f 6346 6503 6347
f 6347 6503 6504
f 6347 6504 6348
f 6348 6504 6505
f 6348 6505 6349
f 6349 6505 6506
f 6349 6506 6350
f 6350 6506 6507
f 6350 6507 6351
f 6351 6507 6508
f 6351 6508 6352
f 6352 6508 6509
f 6352 6509 6353
f 6353 6509 6510
f 6353 6510 6354
f 6354 6510 6511
f 6354 6511 6355
f 6355 6511 6512
f 6355 6512 6356
f 6356 6512 6513
f 6356 6513 6357
f 6357 6513 6514
f 6357 6514 6358
f 6358 6514 6515
f 6358 6515 6359
f 6359 6515 6516
f 6359 6516 6360
f 6360 6516 6517
f 6360 6517 6361
f 6361 6517 6518
f 6361 6518 6362
f 6362 6518 6519
f 6362 6519 6363
f 6363 6519 6520
f 6363 6520 6364
f 6364 6520 6521
f 6364 6521 6365
f 6365 6521 6522
f 6365 6522 6366
f 6366 6522 6523
f 6366 6523 6367
f 6367 6523 6524
f 6367 6524 6368
f 6368 6524 6525
f 6368 6525 6369
f 6369 6525 6526
f 6369 6526 6370
f 6370 6526 6527
f 6370 6527 6371
f 6371 6527 6528
f 6371 6528 6372
f 6372 6528 6529
f 6372 6529 6373
f 6373 6529 6530
f 6373 6530 6374
f 6374 6530 6531
f 6374 6531 6375
f 6375 6531 6532
f 6375 6532 6376
f 6376 6532 6533
f 6376 6533 6377
f 6377 6533 6534
f 6377 6534 6378
f 6378 6534 6535
f 6378 6535 6379
f 6379 6535 6536
f 6379 6536 6380
f 6380 6536 6537
f 6380 6537 6381
f 6381 6537 6538
f 6381 6538 6382
f 6382 6538 6539
f 6382 6539 6383
f 6383 6539 6540
f 6383 6540 6384
f 6384 6540 6541
f 6384 6541 6385
f 6385 6541 6542
f 6385 6542 6386
f 6386 6542 6543
f 6386 6543 6387
f 6387 6543 6544
f 6387 6544 6388
f 6388 6544 6545
f 6388 6545 6389
f 6389 6545 6546
f 6389 6546 6390
f 6390 6546 6547
f 6390 6547 6391
f 6391 6547 6548
f 6391 6548 6392
f 6392 6548 6549
f 6392 6549 6393
f 6393 6549 6550
f 6393 6550 6394
f 6394 6550 6551
f 6394 6551 6395
f 6395 6551 6552
f 6395 6552 6396
f 6396 6552 6553
f 6396 6553 6397
f 6397 6553 6554
f 6397 6554 6398
f 6398 6554 6555
f 6398 6555 6399
f 6399 6555 6556
f 6399 6556 6400
f 6400 6556 6557
f 6400 6557 6401
f 6401 6557 6558
f 6401 6558 6402
f 6402 6558 6559
f 6402 6559 6403
f 6403 6559 6560
f 6403 6560 6404
f 6404 6560 6561
f 6404 6561 6405
f 6405 6561 6562
f 6405 6562 6406
f 6406 6562 6563
f 6406 6563 6407
f 6407 6563 6564
f 6407 6564 6408
f 6408 6564 6565
f 6408 6565 6409
f 6409 6565 6566
f 6409 6566 6410
f 6410 6566 6567
f 6410 6567 6411
f 6411 6567 6568
f 6411 6568 6412
f 6412 6568 6569
f 6412 6569 6413
f 6413 6569 6570
f 6413 6570 6414
f 6414 6570 6571
f 6414 6571 6415
f 6415 6571 6572
f 6415 6572 6416
f 6416 6572 6573
f 6416 6573 6417
f 6417 6573 6574
f 6417 6574 6418
f 6418 6574 6575
f 6418 6575 6419
f 6419 6575 6576
f 6419 6576 6420
f 6420 6576 6577
f 6420 6577 6421
f 6421 6577 6578
f 6421 6578 6422
f 6422 6578 6579
f 6422 6579 6423
f 6423 6579 6580
f 6423 6580 6424
f 6424 6580 6581
f 6424 6581 6425
f 6425 6581 6582
f 6425 6582 6426
f 6426 6582 6427
f 6426 6427 6271
f 6427 6583 6584
f 6427 6584 6428
f 6428 6584 6585
f 6428 6585 6429
f 6429 6585 6586
f 6429 6586 6430
f 6430 6586 6587
f 6430 6587 6431
f 6431 6587 6588
f 6431 6588 6432
f 6432 6588 6589
f 6432 6589 6433
f 6433 6589 6590
f 6433 6590 6434
f 6434 6590 6591
f 6434 6591 6435
f 6435 6591 6592
f 6435 6592 6436
f 6436 6592 6593
f 6436 6593 6437
f 6437 6593 6594
f 6437 6594 6438
f 6438 6594 6595
f 6438 6595 6439
f 6439 6595 6596
f 6439 6596 6440
f 6440 6596 6597
f 6440 6597 6441
f 6441 6597 6598
f 6441 6598 6442
f 6442 6598 6599
f 6442 6599 6443
f 6443 6599 6600
f 6443 6600 6444
f 6444 6600 6601
f 6444 6601 6445
f 6445 6601 6602
f 6445 6602 6446
f 6446 6602 6603
f 6446 6603 6447
f 6447 6603 6604
f 6447 6604 6448
f 6448 6604 6605
f 6448 6605 6449
f 6449 6605 6606
f 6449 6606 6450
f 6450 6606 6607
f 6450 6607 6451
f 6451 6607 6608
f 6451 6608 6452
f 6452 6608 6609
f 6452 6609 6453
f 6453 6609 6610
f 6453 6610 6454
f 6454 6610 3751
f 6454 3751 3745
f 6455 6611 6612
f 6455 6612 6456
f 6456 6612 6613
f 6456 6613 6457
f 6457 6613 6614
f 6457 6614 6458
f 6458 6614 6615
f 6458 6615 6459
f 6459 6615 6616
f 6459 6616 6460
f 6460 6616 6617
f 6460 6617 6461
f 6461 6617 6618
f 6461 6618 6462
f 6462 6618 6619
f 6462 6619 6463
f 6463 6619 6620
f 6463 6620 6464
f 6464 6620 6621
f 6464 6621 6465
f 6465 6621 6622
f 6465 6622 6466
f 6466 6622 6623
f 6466 6623 6467
f 6467 6623 6624
f 6467 6624 6468
f 6468 6624 6625
f 6468 6625 6469
f 6469 6625 6626
f 6469 6626 6470
f 6470 6626 6627
f 6470 6627 6471
f 6471 6627 6628
f 6471 6628 6472
f 6472 6628 6629
f 6472 6629 6473
f 6473 6629 6630
f 6473 6630 6474
f 6474 6630 6631
f 6474 6631 6475
f 6475 6631 6632
f 6475 6632 6476
f 6476 6632 6633
f 6476 6633 6477
f 6477 6633 6634
f 6477 6634 6478
f 6478 6634 6635
f 6478 6635 6479
f 6479 6635 6636
f 6479 6636 6480
f 6480 6636 6637
f 6480 6637 6481
f 6481 6637 6638
f 6481 6638 6482
f 6482 6638 6639
f 6482 6639 6483
f 6483 6639 6640
f 6483 6640 6484
f 6484 6640 6641
f 6484 6641 6485
f 6485 6641 6642
f 6485 6642 6486
f 6486 6642 6643
f 6486 6643 6487
f 6487 6643 6644
f 6487 6644 6488
f 6488 6644 6645
f 6488 6645 6489
f 6489 6645 6646
f 6489 6646 6490
f 6490 6646 6647
f 6490 6647 6491
f 6491 6647 6648
f 6491 6648 6492
f 6492 6648 6649
f 6492 6649 6493
f 6493 6649 6650
f 6493 6650 6494
f 6494 6650 6651
f 6494 6651 6495
f 6495 6651 6652
f 6495 6652 6496
f 6496 6652 6653
f 6496 6653 6497
f 6497 6653 6654
f 6497 6654 6498
f 6498 6654 6655
f 6498 6655 6499
f 6499 6655 6656
f 6499 6656 6500
f 6500 6656 6657
f 6500 6657 6501
f 6501 6657 6658
f 6501 6658 6502
f 6502 6658 6659
f 6502 6659 6503
f 6503 6659 6660
f 6503 6660 6504
f 6504 6660 6661
f 6504 6661 6505
f 6505 6661 6662
f 6505 6662 6506
f 6506 6662 6663
f 6506 6663 6507
f 6507 6663 6664
f 6507 6664 6508
f 6508 6664 6665
f 6508 6665 6509
f 6509 6665 6666
f 6509 6666 6510
f 6510 6666 6667
f 6510 6667 6511
f 6511 6667 6668
f 6511 6668 6512
f 6512 6668 6669
f 6512 6669 6513
f 6513 6669 6670
f 6513 6670 6514
f 6514 6670 6671
f 6514 6671 6515
f 6515 6671 6672
f 6515 6672 6516
f 6516 6672 6673
f 6516 6673 6517
f 6517 6673 6674
f 6517 6674 6518
f 6518 6674 6675
f 6518 6675 6519
f 6519 6675 6676
f 6519 6676 6520
f 6520 6676 6677
f 6520 6677 6521
f 6521 6677 6678
f 6521 6678 6522
f 6522 6678 6679
f 6522 6679 6523
f 6523 6679 6680
f 6523 6680 6524
f 6524 6680 6681
f 6524 6681 6525
f 6525 6681 6682
f 6525 6682 6526
f 6526 6682 6683
f 6526 6683 6527
f 6527 6683 6684
f 6527 6684 6528
f 6528 6684 6685
f 6528 6685 6529
f 6529 6685 6686
f 6529 6686 6530
f 6530 6686 6687
f 6530 6687 6531
f 6531 6687 6688
f 6531 6688 6532
f 6532 6688 6689
f 6532 6689 6533
f 6533 6689 6690
f 6533 6690 6534
f 6534 6690 6691
f 6534 6691 6535
f 6535 6691 6692
f 6535 6692 6536
f 6536 6692 6693
f 6536 6693 6537
f 6537 6693 6694
f 6537 6694 6538
f 6538 6694 6695
f 6538 6695 6539
f 6539 6695 6696
f 6539 6696 6540
f 6540 6696 6697
f 6540 6697 6541
f 6541 6697 6698
f 6541 6698 6542
f 6542 6698 6699
f 6542 6699 6543
f 6543 6699 6700
f 6543 6700 6544
f 6544 6700 6701
f 6544 6701 6545
f 6545 6701 6702
f 6545 6702 6546
f 6546 6702 6703
f 6546 6703 6547
f 6547 6703 6704
f 6547 6704 6548
f 6548 6704 6705
f 6548 6705 6549
f 6549 6705 6706
f 6549 6706 6550
f 6550 6706 6707
f 6550 6707 6551
f 6551 6707 6708
f 6551 6708 6552
f 6552 6708 6709
f 6552 6709 6553
f 6553 6709 6710
f 6553 6710 6554
f 6554 6710 6711
f 6554 6711 6555
f 6555 6711 6712
f 6555 6712 6556
f 6556 6712 6713
f 6556 6713 6557
f 6557 6713 6714
f 6557 6714 6558
f 6558 6714 6715
f 6558 6715 6559
f 6559 6715 6716
f 6559 6716 6560
f 6560 6716 6717
f 6560 6717 6561
f 6561 6717 6718
f 6561 6718 6562
f 6562 6718 6719
f 6562 6719 6563
f 6563 6719 6720
f 6563 6720 6564
f 6564 6720 6721
f 6564 6721 6565
f 6565 6721 6722
f 6565 6722 6566
f 6566 6722 6723
f 6566 6723 6567
f 6567 6723 6724
f 6567 6724 6568
f 6568 6724 6725
f 6568 6725 6569
f 6569 6725 6726
f 6569 6726 6570
f 6570 6726 6727
f 6570 6727 6571
f 6571 6727 6728
f 6571 6728 6572
f 6572 6728 6729
f 6572 6729 6573
f 6573 6729 6730
f 6573 6730 6574
f 6574 6730 6731
f 6574 6731 6575
f 6575 6731 6732
f 6575 6732 6576
f 6576 6732 6733
f 6576 6733 6577
f 6577 6733 6734
f 6577 6734 6578
f 6578 6734 6735
f 6578 6735 6579
f 6579 6735 6736
f 6579 6736 6580
f 6580 6736 6737
f 6580 6737 6581
f 6581 6737 6738
f 6581 6738 6582
f 6582 6738 6583
f 6582 6583 6427
f 6739 6639 6638
f 6739 6638 6740
f 6740 6638 6637
f 6740 6637 6741
f 6741 6637 6636
f 6741 6636 6742
f 6742 6636 6635
f 6742 6635 6743
f 6743 6635 6634
f 6743 6634 6744
f 6744 6634 6633
f 6744 6633 6745
f 6745 6633 6632
f 6745 6632 6746
f 6746 6632 6631
f 6746 6631 6747
f 6747 6631 6630
f 6747 6630 6748
f 6748 6630 6629
f 6748 6629 6749
f 6749 6629 6628
f 6749 6628 6750
f 6750 6628 6627
f 6750 6627 6751
f 6751 6627 6626
f 6751 6626 6752
f 6752 6626 6625
f 6752 6625 6753
f 6753 6625 6624
f 6753 6624 6754
f 6754 6624 6623
f 6754 6623 6755
f 6755 6623 6622
f 6755 6622 6756
f 6756 6622 6621
f 6756 6621 6757
f 6757 6621 6620
f 6757 6620 6758
f 6758 6620 6619
f 6758 6619 6759
f 6759 6619 6618
f 6759 6618 6760
f 6760 6618 6617
f 6760 6617 6761
f 6761 6617 6616
f 6761 6616 6762
f 6762 6616 6615
f 6762 6615 6763
f 6763 6615 6614
f 6763 6614 6764
f 6764 6614 6613
f 6764 6613 6765
f 6765 6613 6612
f 6765 6612 6766
f 6766 6612 6611
f 3750 3751 6610
f 3750 6610 6767
f 6767 6610 6609
f 6767 6609 6768
f 6768 6609 6608
f 6768 6608 6769
f 6769 6608 6607
f 6769 6607 6770
f 6770 6607 6606
f 6770 6606 6771
f 6771 6606 6605
f 6771 6605 6772
f 6772 6605 6604
f 6772 6604 6773
f 6773 6604 6603
f 6773 6603 6774
f 6774 6603 6602
f 6774 6602 6775
f 6775 6602 6601
f 6775 6601 6776
f 6776 6601 6600
f 6776 6600 6777
f 6777 6600 6599
f 6777 6599 6778
f 6778 6599 6598
f 6778 6598 6779
f 6779 6598 6597
f 6779 6597 6780
f 6780 6597 6596
f 6780 6596 6781
f 6781 6596 6595
f 6781 6595 6782
f 6782 6595 6594
f 6782 6594 6783
f 6783 6594 6593
f 6783 6593 6784
f 6784 6593 6592
f 6784 6592 6785
f 6785 6592 6591
f 6785 6591 6786
f 6786 6591 6590
f 6786 6590 6787
f 6787 6590 6589
f 6787 6589 6788
f 6788 6589 6588
f 6788 6588 6789
f 6789 6588 6587
f 6789 6587 6790
f 6790 6587 6586
f 6790 6586 6791
f 6791 6586 6585
f 6791 6585 6792
f 6792 6585 6584
f 6792 6584 6793
f 6793 6584 6583
f 6793 6583 6794
f 6794 6583 6738
f 6794 6738 6795
f 6795 6738 6737
f 6795 6737 6796
f 6796 6737 6736
f 6796 6736 6797
f 6797 6736 6735
f 6797 6735 6798
f 6798 6735 6734
f 6798 6734 6799
f 6799 6734 6733
f 6799 6733 6800
f 6800 6733 6732
f 6800 6732 6801
f 6801 6732 6731
f 6801 6731 6802
f 6802 6731 6730
f 6802 6730 6803
f 6803 6730 6729
f 6803 6729 6804
f 6804 6729 6728
f 6804 6728 6805
f 6805 6728 6727
f 6805 6727 6806
f 6806 6727 6726
f 6806 6726 6807
f 6807 6726 6725
f 6807 6725 6808
f 6808 6725 6724
f 6808 6724 6809
f 6809 6724 6723
f 6809 6723 6810
f 6810 6723 6722
f 6810 6722 6811
f 6811 6722 6721
f 6811 6721 6812
f 6812 6721 6720
f 6812 6720 6813
f 6813 6720 6719
f 6813 6719 6814
f 6814 6719 6718
f 6814 6718 6815
f 6815 6718 6717
f 6815 6717 6816
f 6816 6717 6716
f 6816 6716 6817
f 6817 6716 6715
f 6817 6715 6818
f 6818 6715 6714
f 6818 6714 6819
f 6819 6714 6713
f 6819 6713 6820
f 6820 6713 6712
f 6820 6712 6821
f 6821 6712 6711
f 6821 6711 6822
f 6822 6711 6710
f 6822 6710 6823
f 6823 6710 6709
f 6823 6709 6824
f 6824 6709 6708
f 6824 6708 6825
f 6825 6708 6707
f 6825 6707 6826
f 6826 6707 6706
f 6826 6706 6827
f 6827 6706 6705
f 6827 6705 6828
f 6828 6705 6704
f 6828 6704 6829
f 6829 6704 6703
f 6829 6703 6830
f 6830 6703 6702
f 6830 6702 6831
f 6831 6702 6701
f 6831 6701 6832
f 6832 6701 6700
f 6832 6700 6833
f 6833 6700 6699
f 6833 6699 6834
f 6834 6699 6698
f 6834 6698 6835
f 6835 6698 6697
f 6835 6697 6836
f 6836 6697 6696
f 6836 6696 6837
f 6837 6696 6695
f 6837 6695 6838
f 6838 6695 6694
f 6838 6694 6839
f 6839 6694 6693
f 6839 6693 6840
f 6840 6693 6692
f 6840 6692 6841
f 6841 6692 6691
f 6841 6691 6842
f 6842 6691 6690
f 6842 6690 6843
f 6843 6690 6689
f 6843 6689 6844
f 6844 6689 6688
f 6844 6688 6845
f 6845 6688 6687
f 6845 6687 6846
f 6846 6687 6686
f 6846 6686 6847
f 6847 6686 6685
f 6847 6685 6848
f 6848 6685 6684
f 6848 6684 6849
f 6849 6684 6683
f 6849 6683 6850
f 6850 6683 6682
f 6850 6682 6851
f 6851 6682 6681
f 6851 6681 6852
f 6852 6681 6680
f 6852 6680 6853
f 6853 6680 6679
f 6853 6679 6854
f 6854 6679 6678
f 6854 6678 6855
f 6855 6678 6677
f 6855 6677 6856
f 6856 6677 6676
f 6856 6676 6857
f 6857 6676 6675
f 6857 6675 6858
f 6858 6675 6674
f 6858 6674 6859
f 6859 6674 6673
f 6859 6673 6860
f 6860 6673 6672
f 6860 6672 6861
f 6861 6672 6671
f 6861 6671 6862
f 6862 6671 6670
f 6862 6670 6863
f 6863 6670 6669
f 6863 6669 6864
f 6864 6669 6668
f 6864 6668 6865
f 6865 6668 6667
f 6865 6667 6866
f 6866 6667 6666
f 6866 6666 6867
f 6867 6666 6665
f 6867 6665 6868
f 6868 6665 6664
f 6868 6664 6869
f 6869 6664 6663
f 6869 6663 6870
f 6870 6663 6662
f 6870 6662 6871
f 6871 6662 6661
f 6871 6661 6872
f 6872 6661 6660
f 6872 6660 6873
f 6873 6660 6659
f 6873 6659 6874
f 6874 6659 6658
f 6874 6658 6875
f 6875 6658 6657
f 6875 6657 6876
f 6876 6657 6656
f 6876 6656 6877
f 6877 6656 6655
f 6877 6655 6878
f 6878 6655 6654
f 6878 6654 6879
f 6879 6654 6653
f 6879 6653 6880
f 6880 6653 6652
f 6880 6652 6881
f 6881 6652 6651
f 6881 6651 6882
f 6882 6651 6650
f 6882 6650 6883
f 6883 6650 6649
f 6883 6649 6884
f 6884 6649 6648
f 6884 6648 6885
f 6885 6648 6647
f 6885 6647 6886
f 6886 6647 6646
f 6886 6646 6887
f 6887 6646 6645
f 6887 6645 6888
f 6888 6645 6644
f 6888 6644 6889
f 6889 6644 6643
f 6889 6643 6890
f 6890 6643 6642
f 6890 6642 6891
f 6891 6642 6641
f 6891 6641 6892
f 6892 6641 6640
f 6892 6640 6893
f 6893 6640 6639
f 6893 6639 6739
f 3820 6739 6740
f 3820 6740 3818
f 3818 6740 6741
f 3818 6741 3817
f 3817 6741 6742
f 3817 6742 3816
f 3816 6742 6743
f 3816 6743 3815
f 3815 6743 6744
f 3815 6744 3813
f 3813 6744 6745
f 3813 6745 3814
f 3814 6745 6746
f 3814 6746 3812
f 3812 6746 6747
f 3812 6747 3811
f 3811 6747 6748
f 3811 6748 3810
f 3810 6748 6749
f 3810 6749 3809
f 3809 6749 6750
f 3809 6750 3808
f 3808 6750 6751
f 3808 6751 3807
f 3807 6751 6752
f 3807 6752 3806
f 3806 6752 6753
f 3806 6753 3805
f 3805 6753 6754
f 3805 6754 3803
f 3803 6754 6755
f 3803 6755 3804
f 3804 6755 6756
f 3804 6756 3802
f 3802 6756 6757
f 3802 6757 3801
f 3801 6757 6758
f 3801 6758 3800
f 3800 6758 6759
f 3800 6759 3799
f 3799 6759 6760
f 3799 6760 3798
f 3798 6760 6761
f 3798 6761 3797
f 3797 6761 6762
f 3797 6762 3796
f 3796 6762 6763
f 3796 6763 3795
f 3795 6763 6764
f 3795 6764 3794
f 3794 6764 6765
f 3794 6765 3793
f 3793 6765 6766
f 3733 3750 6767
f 3733 6767 3946
f 3946 6767 6768
f 3946 6768 3945
f 3945 6768 6769
f 3945 6769 3944
f 3944 6769 6770
f 3944 6770 3943
f 3943 6770 6771
f 3943 6771 3942
f 3942 6771 6772
f 3942 6772 3941
f 3941 6772 6773
f 3941 6773 3940
f 3940 6773 6774
f 3940 6774 3939
f 3939 6774 6775
f 3939 6775 3938
f 3938 6775 6776
f 3938 6776 3937
f 3937 6776 6777
f 3937 6777 3936
f 3936 6777 6778
f 3936 6778 3934
f 3934 6778 6779
f 3934 6779 3935
f 3935 6779 6780
f 3935 6780 3933
f 3933 6780 6781
f 3933 6781 3932
f 3932 6781 6782
f 3932 6782 3931
f 3931 6782 6783
f 3931 6783 3930
f 3930 6783 6784
f 3930 6784 3928
f 3928 6784 6785
f 3928 6785 3929
f 3929 6785 6786
f 3929 6786 3927
f 3927 6786 6787
f 3927 6787 3926
f 3926 6787 6788
f 3926 6788 3925
f 3925 6788 6789
f 3925 6789 3924
f 3924 6789 6790
f 3924 6790 3923
f 3923 6790 6791
f 3923 6791 3922
f 3922 6791 6792
f 3922 6792 3921
f 3921 6792 6793
f 3921 6793 3920
f 3920 6793 6794
f 3920 6794 3918
f 3918 6794 6795
f 3918 6795 3919
f 3919 6795 6796
f 3919 6796 3917
f 3917 6796 6797
f 3917 6797 3916
f 3916 6797 6798
f 3916 6798 3915
f 3915 6798 6799
f 3915 6799 3914
f 3914 6799 6800
f 3914 6800 3913
f 3913 6800 6801
f 3913 6801 3912
f 3912 6801 6802
f 3912 6802 3910
f 3910 6802 6803
f 3910 6803 3911
f 3911 6803 6804
f 3911 6804 3909
f 3909 6804 6805
f 3909 6805 3908
f 3908 6805 6806
f 3908 6806 3907
f 3907 6806 6807
f 3907 6807 3906
f 3906 6807 6808
f 3906 6808 3905
f 3905 6808 6809
f 3905 6809 3904
f 3904 6809 6810
f 3904 6810 3903
f 3903 6810 6811
f 3903 6811 3901
f 3901 6811 6812
f 3901 6812 3902
f 3902 6812 6813
f 3902 6813 3900
f 3900 6813 6814
f 3900 6814 3899
f 3899 6814 6815
f 3899 6815 3898
f 3898 6815 6816
f 3898 6816 3897
f 3897 6816 6817
f 3897 6817 3895
f 3895 6817 6818
f 3895 6818 3896
f 3896 6818 6819
f 3896 6819 3894
f 3894 6819 6820
f 3894 6820 3893
f 3893 6820 6821
f 3893 6821 3892
f 3892 6821 6822
f 3892 6822 3891
f 3891 6822 6823
f 3891 6823 3890
f 3890 6823 6824
f 3890 6824 3889
f 3889 6824 6825
f 3889 6825 3888
f 3888 6825 6826
f 3888 6826 3887
f 3887 6826 6827
f 3887 6827 3885
f 3885 6827 6828
f 3885 6828 3886
f 3886 6828 6829
f 3886 6829 3884
f 3884 6829 6830
f 3884 6830 3883
f 3883 6830 6831
f 3883 6831 3882
f 3882 6831 6832
f 3882 6832 3881
f 3881 6832 6833
f 3881 6833 3879
f 3879 6833 6834
f 3879 6834 3880
f 3880 6834 6835
f 3880 6835 3878
f 3878 6835 6836
f 3878 6836 3877
f 3877 6836 6837
f 3877 6837 3876
f 3876 6837 6838
f 3876 6838 3875
f 3875 6838 6839
f 3875 6839 3874
f 3874 6839 6840
f 3874 6840 3873
f 3873 6840 6841
f 3873 6841 3872
f 3872 6841 6842
f 3872 6842 3871
f 3871 6842 6843
f 3871 6843 3870
f 3870 6843 6844
f 3870 6844 3869
f 3869 6844 6845
f 3869 6845 3868
f 3868 6845 6846
f 3868 6846 3867
f 3867 6846 6847
f 3867 6847 3866
f 3866 6847 6848
f 3866 6848 3865
f 3865 6848 6849
f 3865 6849 3864
f 3864 6849 6850
f 3864 6850 3863
f 3863 6850 6851
f 3863 6851 3862
f 3862 6851 6852
f 3862 6852 3861
f 3861 6852 6853
f 3861 6853 3860
f 3860 6853 6854
f 3860 6854 3859
f 3859 6854 6855
f 3859 6855 3858
f 3858 6855 6856
f 3858 6856 3857
f 3857 6856 6857
f 3857 6857 3856
f 3856 6857 6858
f 3856 6858 3855
f 3855 6858 6859
f 3855 6859 3854
f 3854 6859 6860
f 3854 6860 3852
f 3852 6860 6861
f 3852 6861 3853
f 3853 6861 6862
f 3853 6862 3851
f 3851 6862 6863
f 3851 6863 3850
f 3850 6863 6864
f 3850 6864 3849
f 3849 6864 6865
f 3849 6865 3848
f 3848 6865 6866
f 3848 6866 3846
f 3846 6866 6867
f 3846 6867 3847
f 3847 6867 6868
f 3847 6868 3845
f 3845 6868 6869
f 3845 6869 3844
f 3844 6869 6870
f 3844 6870 3843
f 3843 6870 6871
f 3843 6871 3842
f 3842 6871 6872
f 3842 6872 3841
f 3841 6872 6873
f 3841 6873 3840
f 3840 6873 6874
f 3840 6874 3839
f 3839 6874 6875
f 3839 6875 3838
f 3838 6875 6876
f 3838 6876 3836
f 3836 6876 6877
f 3836 6877 3837
f 3837 6877 6878
f 3837 6878 3835
f 3835 6878 6879
f 3835 6879 3834
f 3834 6879 6880
f 3834 6880 3833
f 3833 6880 6881
f 3833 6881 3832
f 3832 6881 6882
f 3832 6882 3831
f 3831 6882 6883
f 3831 6883 3830
f 3830 6883 6884
f 3830 6884 3828
f 3828 6884 6885
f 3828 6885 3829
f 3829 6885 6886
f 3829 6886 3827
f 3827 6886 6887
f 3827 6887 3826
f 3826 6887 6888
f 3826 6888 3825
f 3825 6888 6889
f 3825 6889 3824
f 3824 6889 6890
f 3824 6890 3823
f 3823 6890 6891
f 3823 6891 3822
f 3822 6891 6892
f 3822 6892 3821
f 3821 6892 6893
f 3821 6893 3819
f 3819 6893 6739
f 3819 6739 3820
f 6894 3228 3792
f 6894 3792 3793
f 3793 3792 3254
f 3793 3254 3255
f 3263 3228 6894
f 3263 6894 3791
f 3791 6894 3793
f 3791 3793 3753
f 3753 3793 6766
f 3753 6766 3754
f 3754 6766 6611
f 3261 3262 3791
f 3261 3791 3788
f 3788 3791 3753
f 3788 3753 3789
f 3789 3753 3752
f 3789 3752 3790
f 3790 3752 3787
f 3790 3787 3265
f 3265 3787 3267
f 4079 1049 4080
f 4079 4080 4115
f 4115 4080 6895
f 4115 6895 4271
f 4271 6895 6896
f 4271 6896 4427
f 4427 6896 6897
f 4427 6897 4583
f 4583 6897 6898
f 4583 6898 4739
f 4739 6898 6899
f 4739 6899 4895
f 4895 6899 6900
f 4895 6900 5051
f 5051 6900 6901
f 5051 6901 5207
f 5207 6901 6902
f 5207 6902 5363
f 5363 6902 6903
f 5363 6903 5519
f 5519 6903 6904
f 5519 6904 5675
f 5675 6904 6905
f 5675 6905 5831
f 5831 6905 6906
f 5831 6906 5987
f 5987 6906 6907
f 5987 6907 6143
f 6143 6907 6908
f 6143 6908 6299
f 6299 6908 6909
f 6299 6909 6455
f 6455 6909 6910
f 6455 6910 6611
f 6611 6910 6911
f 6611 6911 3754
f 3754 6911 6912
f 3754 6912 3752
f 3752 6912 6913
f 3752 6913 3787
f 3787 6913 3786
f 3787 3786 3269
f 3269 3786 3272
f 4080 1045 4081
f 4080 4081 6895
f 6895 4081 6914
f 6895 6914 6896
f 6896 6914 6915
f 6896 6915 6897
f 6897 6915 6916
f 6897 6916 6898
f 6898 6916 6917
f 6898 6917 6899
f 6899 6917 6918
f 6899 6918 6900
f 6900 6918 6919
f 6900 6919 6901
f 6901 6919 6920
f 6901 6920 6902
f 6902 6920 6921
f 6902 6921 6903
f 6903 6921 6922
f 6903 6922 6904
f 6904 6922 6923
f 6904 6923 6905
f 6905 6923 6924
f 6905 6924 6906
f 6906 6924 6925
f 6906 6925 6907
f 6907 6925 6926
f 6907 6926 6908
f 6908 6926 6927
f 6908 6927 6909
f 6909 6927 6928
f 6909 6928 6910
f 6910 6928 6929
f 6910 6929 6911
f 6911 6929 6930
f 6911 6930 6912
f 6912 6930 6931
f 6912 6931 6913
f 6913 6931 6932
f 6913 6932 3786
f 3786 6932 3785
f 3786 3785 3273
f 3273 3785 3274
f 4081 1041 4082
f 4081 4082 6914
f 6914 4082 6933
f 6914 6933 6915
f 6915 6933 6934
f 6915 6934 6916
f 6916 6934 6935
f 6916 6935 6917
f 6917 6935 6936
f 6917 6936 6918
f 6918 6936 6937
f 6918 6937 6919
f 6919 6937 6938
f 6919 6938 6920
f 6920 6938 6939
f 6920 6939 6921
f 6921 6939 6940
f 6921 6940 6922
f 6922 6940 6941
f 6922 6941 6923
f 6923 6941 6942
f 6923 6942 6924
f 6924 6942 6943
f 6924 6943 6925
f 6925 6943 6944
f 6925 6944 6926
f 6926 6944 6945
f 6926 6945 6927
f 6927 6945 6946
f 6927 6946 6928
f 6928 6946 6947
f 6928 6947 6929
f 6929 6947 6948
f 6929 6948 6930
f 6930 6948 6949
f 6930 6949 6931
f 6931 6949 6950
f 6931 6950 6932
f 6932 6950 6951
f 6932 6951 3785
f 3785 6951 3784
f 3785 3784 3280
f 3280 3784 3284
f 4082 1037 3755
f 4082 3755 6933
f 6933 3755 6952
f 6933 6952 6934
f 6934 6952 6953
f 6934 6953 6935
f 6935 6953 6954
f 6935 6954 6936
f 6936 6954 6955
f 6936 6955 6937
f 6937 6955 6956
f 6937 6956 6938
f 6938 6956 6957
f 6938 6957 6939
f 6939 6957 6958
f 6939 6958 6940
f 6940 6958 6959
f 6940 6959 6941
f 6941 6959 6960
f 6941 6960 6942
f 6942 6960 6961
f 6942 6961 6943
f 6943 6961 6962
f 6943 6962 6944
f 6944 6962 6963
f 6944 6963 6945
f 6945 6963 6964
f 6945 6964 6946
f 6946 6964 6965
f 6946 6965 6947
f 6947 6965 6966
f 6947 6966 6948
f 6948 6966 6967
f 6948 6967 6949
f 6949 6967 6968
f 6949 6968 6950
f 6950 6968 6969
f 6950 6969 6951
f 6951 6969 6970
f 6951 6970 3784
f 3784 6970 3783
f 3784 3783 3282
f 3282 3783 3289
f 3755 1035 4083
f 3755 4083 6952
f 6952 4083 6971
f 6952 6971 6953
f 6953 6971 6972
f 6953 6972 6954
f 6954 6972 6973
f 6954 6973 6955
f 6955 6973 6974
f 6955 6974 6956
f 6956 6974 6975
f 6956 6975 6957
f 6957 6975 6976
f 6957 6976 6958
f 6958 6976 6977
f 6958 6977 6959
f 6959 6977 6978
f 6959 6978 6960
f 6960 6978 6979
f 6960 6979 6961
f 6961 6979 6980
f 6961 6980 6962
f 6962 6980 6981
f 6962 6981 6963
f 6963 6981 6982
f 6963 6982 6964
f 6964 6982 6983
f 6964 6983 6965
f 6965 6983 6984
f 6965 6984 6966
f 6966 6984 6985
f 6966 6985 6967
f 6967 6985 6986
f 6967 6986 6968
f 6968 6986 6987
f 6968 6987 6969
f 6969 6987 6988
f 6969 6988 6970
f 6970 6988 6989
f 6970 6989 3783
f 3783 6989 3782
f 3783 3782 3294
f 3294 3782 3293
f 4083 1031 4084
f 4083 4084 6971
f 6971 4084 6990
f 6971 6990 6972
f 6972 6990 6991
f 6972 6991 6973
f 6973 6991 6992
f 6973 6992 6974
f 6974 6992 6993
f 6974 6993 6975
f 6975 6993 6994
f 6975 6994 6976
f 6976 6994 6995
f 6976 6995 6977
f 6977 6995 6996
f 6977 6996 6978
f 6978 6996 6997
f 6978 6997 6979
f 6979 6997 6998
f 6979 6998 6980
f 6980 6998 6999
f 6980 6999 6981
f 6981 6999 7000
f 6981 7000 6982
f 6982 7000 7001
f 6982 7001 6983
f 6983 7001 7002
f 6983 7002 6984
f 6984 7002 7003
f 6984 7003 6985
f 6985 7003 7004
f 6985 7004 6986
f 6986 7004 7005
f 6986 7005 6987
f 6987 7005 7006
f 6987 7006 6988
f 6988 7006 7007
f 6988 7007 6989
f 6989 7007 7008
f 6989 7008 3782
f 3782 7008 3781
f 3782 3781 3295
f 3295 3781 3224
f 4084 1027 4085
f 4084 4085 6990
f 6990 4085 7009
f 6990 7009 6991
f 6991 7009 7010
f 6991 7010 6992
f 6992 7010 7011
f 6992 7011 6993
f 6993 7011 7012
f 6993 7012 6994
f 6994 7012 7013
f 6994 7013 6995
f 6995 7013 7014
f 6995 7014 6996
f 6996 7014 7015
f 6996 7015 6997
f 6997 7015 7016
f 6997 7016 6998
f 6998 7016 7017
f 6998 7017 6999
f 6999 7017 7018
f 6999 7018 7000
f 7000 7018 7019
f 7000 7019 7001
f 7001 7019 7020
f 7001 7020 7002
f 7002 7020 7021
f 7002 7021 7003
f 7003 7021 7022
f 7003 7022 7004
f 7004 7022 7023
f 7004 7023 7005
f 7005 7023 7024
f 7005 7024 7006
f 7006 7024 7025
f 7006 7025 7007
f 7007 7025 7026
f 7007 7026 7008
f 7008 7026 7027
f 7008 7027 3781
f 3781 7027 3780
f 3781 3780 3299
f 3299 3780 3296
f 4085 1023 4086
f 4085 4086 7009
f 7009 4086 7028
f 7009 7028 7010
f 7010 7028 7029
f 7010 7029 7011
f 7011 7029 7030
f 7011 7030 7012
f 7012 7030 7031
f 7012 7031 7013
f 7013 7031 7032
f 7013 7032 7014
f 7014 7032 7033
f 7014 7033 7015
f 7015 7033 7034
f 7015 7034 7016
f 7016 7034 7035
f 7016 7035 7017
f 7017 7035 7036
f 7017 7036 7018
f 7018 7036 7037
f 7018 7037 7019
f 7019 7037 7038
f 7019 7038 7020
f 7020 7038 7039
f 7020 7039 7021
f 7021 7039 7040
f 7021 7040 7022
f 7022 7040 7041
f 7022 7041 7023
f 7023 7041 7042
f 7023 7042 7024
f 7024 7042 7043
f 7024 7043 7025
f 7025 7043 7044
f 7025 7044 7026
f 7026 7044 7045
f 7026 7045 7027
f 7027 7045 7046
f 7027 7046 3780
f 3780 7046 3779
f 3780 3779 3303
f 3303 3779 3301
f 3305 3779 3223
f 7038 7037 1350
f 7035 7034 1350
f 7035 1350 7036
f 7036 1350 7037
f 7043 7042 3223
f 7043 3223 7044
f 7039 7038 1350
f 7039 1350 7040
f 7040 1350 3223
f 7040 3223 7041
f 7041 3223 7042
f 7045 7044 3223
f 7045 3223 7046
f 7046 3223 3779
f 4086 812 1350
f 4086 1350 7028
f 7032 7031 1350
f 7032 1350 7033
f 7033 1350 7034
f 7029 7028 1350
f 7029 1350 7030
f 7030 1350 7031
f 7047 7048 7049
f 7047 7050 7048
f 7051 7048 7052
f 7051 7053 7048
f 7053 7049 7048
f 7054 7048 7055
f 7054 7056 7048
f 7056 7052 7048
f 7057 7048 7058
f 7057 7059 7048
f 7059 7055 7048
f 7060 7048 7061
f 7060 7062 7048
f 7062 7058 7048
f 7063 7048 7064
f 7063 7065 7048
f 7065 7061 7048
f 7066 7048 7067
f 7066 7068 7048
f 7068 7064 7048
f 7069 7048 7070
f 7069 7071 7048
f 7071 7067 7048
f 7072 7048 7073
f 7072 7074 7048
f 7074 7070 7048
f 7075 7048 7076
f 7075 7077 7048
f 7077 7073 7048
f 7078 7048 7079
f 7078 7080 7048
f 7080 7076 7048
f 7081 7048 7082
f 7081 7083 7048
f 7083 7079 7048
f 7050 7082 7048
f 3722 7082 7050
f 3722 7050 3723
f 3723 7050 7047
f 3723 7047 3724
f 3724 7047 7049
f 3724 7049 3725
f 3725 7049 7053
f 3725 7053 3726
f 3726 7053 7051
f 3726 7051 3727
f 3727 7051 7052
f 3727 7052 3728
f 3728 7052 7056
f 3728 7056 3729
f 3729 7056 7054
f 3729 7054 3730
f 3730 7054 7055
f 3730 7055 3731
f 3731 7055 7059
f 3731 7059 3696
f 3696 7059 7057
f 3696 7057 3697
f 3697 7057 7058
f 3697 7058 3698
f 3698 7058 7062
f 3698 7062 3699
f 3699 7062 7060
f 3699 7060 3700
f 3700 7060 7061
f 3700 7061 3701
f 3701 7061 7065
f 3701 7065 3702
f 3702 7065 7063
f 3702 7063 3703
f 3703 7063 7064
f 3703 7064 3704
f 3704 7064 7068
f 3704 7068 3705
f 3705 7068 7066
f 3705 7066 3706
f 3706 7066 7067
f 3706 7067 3707
f 3707 7067 7071
f 3707 7071 3708
f 3708 7071 7069
f 3708 7069 3709
f 3709 7069 7070
f 3709 7070 3710
f 3710 7070 7074
f 3710 7074 3711
f 3711 7074 7072
f 3711 7072 3712
f 3712 7072 7073
f 3712 7073 3713
f 3713 7073 7077
f 3713 7077 3714
f 3714 7077 7075
f 3714 7075 3715
f 3715 7075 7076
f 3715 7076 3716
f 3716 7076 7080
f 3716 7080 3717
f 3717 7080 7078
f 3717 7078 3718
f 3718 7078 7079
f 3718 7079 3719
f 3719 7079 7083
f 3719 7083 3720
f 3720 7083 7081
f 3720 7081 3721
f 3721 7081 7082
f 3721 7082 3722