# https://github.com/mikedh/trimesh
v 0.05841421 0.01719610 0.02576270
v 0.05788369 0.01719610 0.02580446
v 0.06084098 0.01719610 0.02580446
v 0.05893168 0.01719610 -0.03914426
v 0.06084098 0.01719610 -0.03931025
v 0.05841421 0.01719610 -0.03926850
v 0.05788369 0.01719610 -0.03931025
v 0.06062738 0.01719610 -0.03791227
v 0.06193845 0.01719610 -0.03875106
v 0.06180021 0.01719610 -0.03891293
v 0.05893168 0.01719610 0.02563847
v 0.05942333 0.01719610 -0.03894061
v 0.05987709 0.01719610 -0.03866255
v 0.06105319 0.01719610 -0.03929355
v 0.06028175 0.01719610 -0.03831694
v 0.06204967 0.01719610 -0.03856956
v 0.06163833 0.01719610 -0.03905117
v 0.06145684 0.01719610 -0.03916239
v 0.06126018 0.01719610 -0.03924386
v 0.06180021 0.01719610 0.02540714
v 0.06193845 0.01719610 0.02524528
v 0.06062738 0.01719610 0.02440647
v 0.06110907 0.01719610 -0.03696686
v 0.06219753 0.01719610 -0.03795369
v 0.06090543 0.01719610 -0.03745852
v 0.06218082 0.01719610 -0.03816591
v 0.06213113 0.01719610 -0.03837289
v 0.06127506 0.01719610 0.02241306
v 0.06219753 0.01719610 0.02444791
v 0.06127506 0.01719610 -0.03591886
v 0.06123332 0.01719610 -0.03644939
v 0.06163833 0.01719610 0.02554538
v 0.06028175 0.01719610 0.02481114
v 0.05987709 0.01719610 0.02515676
v 0.05942333 0.01719610 0.02543483
v 0.06123332 0.01719610 0.02294360
v 0.06110907 0.01719610 0.02346107
v 0.06218082 0.01719610 0.02466012
v 0.06090543 0.01719610 0.02395273
v 0.06213113 0.01719610 0.02486711
v 0.06204967 0.01719610 0.02506376
v 0.06105319 0.01719610 0.02578776
v 0.06126018 0.01719610 0.02573807
v 0.06145684 0.01719610 0.02565661
v 0.06167937 0.01448299 -0.04053402
v 0.06423237 0.01448299 -0.04066681
v 0.06126540 0.01448299 -0.04063340
v 0.06084098 0.01448299 -0.04066681
v 0.06207270 0.01448299 -0.04037110
v 0.06243570 0.01448299 -0.04014865
v 0.06275943 0.01448299 -0.03987215
v 0.06352069 0.01448299 0.02487233
v 0.06342128 0.01448299 0.02528630
v 0.06423237 0.01448299 0.02716102
v 0.06207270 0.01448299 0.02686530
v 0.06243570 0.01448299 0.02664286
v 0.06275943 0.01448299 0.02636637
v 0.06303593 0.01448299 -0.03954842
v 0.06325836 0.01448299 -0.03918542
v 0.06342128 0.01448299 -0.03879209
v 0.06167937 0.01448299 0.02702824
v 0.06126540 0.01448299 0.02712761
v 0.06084098 0.01448299 0.02716102
v 0.06325836 0.01448299 0.02567964
v 0.06303593 0.01448299 0.02604263
v 0.06352069 0.01448299 -0.03837812
v 0.06355409 0.01448299 -0.03795369
v 0.06355409 0.01448299 0.02444791
v -0.03679574 0.01448299 0.02148936
v -0.04361386 0.01448299 0.02716102
v -0.03615281 0.01448299 0.02118957
v -0.03557171 0.01448299 0.02078268
v -0.04080357 0.01448299 0.02078268
v -0.04130519 0.01448299 0.02028106
v -0.04171208 0.01448299 0.01969995
v -0.04201188 0.01448299 0.01905703
v -0.04130519 0.01448299 0.01504919
v -0.04361386 0.01448299 0.00539677
v -0.04171208 0.01448299 0.01563029
v -0.04201188 0.01448299 0.01627321
v -0.03411798 0.01448299 0.01766512
v -0.03417980 0.01448299 0.01837182
v -0.02681703 0.01448299 0.02604263
v -0.02654054 0.01448299 0.02636637
v -0.03748095 0.01448299 0.02167296
v -0.03818764 0.01448299 0.02173479
v -0.03889434 0.01448299 0.02167296
v -0.04219548 0.01448299 0.01837182
v -0.04225731 0.01448299 0.01766512
v -0.04219548 0.01448299 0.01695844
v -0.03507010 0.01448299 0.02028106
v -0.02621680 0.01448299 0.02664286
v -0.03466320 0.01448299 0.01969995
v -0.03436341 0.01448299 0.01905703
v -0.03957955 0.01448299 0.02148936
v -0.04022247 0.01448299 0.02118957
v -0.03679574 0.01448299 0.01384088
v -0.03615281 0.01448299 0.01414069
v -0.02733519 0.01448299 -0.02167502
v -0.03557171 0.01448299 0.01454757
v -0.03507010 0.01448299 0.01504919
v -0.03417980 0.01448299 0.01695844
v -0.02703948 0.01448299 0.02567964
v -0.02720240 0.01448299 0.02528630
v -0.03466320 0.01448299 0.01563029
v -0.03436341 0.01448299 0.01627321
v -0.02733519 0.01448299 0.02444791
v -0.02730178 0.01448299 0.02487233
v -0.02546047 0.01448299 0.02702824
v -0.02504650 0.01448299 0.02712761
v -0.02462208 0.01448299 0.02716102
v -0.02585380 0.01448299 0.02686530
v -0.03371884 0.01448299 -0.00064839
v -0.03493950 0.01448299 0.00109490
v -0.03644435 0.01448299 0.00259975
v -0.03818764 0.01448299 0.00382042
v -0.03493950 0.01448299 -0.01460070
v -0.03644435 0.01448299 -0.01610554
v -0.03818764 0.01448299 -0.01732621
v -0.04011642 0.01448299 0.00471982
v -0.03818764 0.01448299 0.01359546
v -0.03748095 0.01448299 0.01365728
v -0.03371884 0.01448299 -0.01285740
v -0.03281943 0.01448299 -0.01092862
v -0.03226862 0.01448299 -0.00887297
v -0.03208314 0.01448299 -0.00675289
v -0.03226862 0.01448299 -0.00463282
v -0.03281943 0.01448299 -0.00257717
v -0.04080357 0.01448299 0.01454757
v -0.04022247 0.01448299 0.01414069
v -0.04217207 0.01448299 0.00527063
v -0.03957955 0.01448299 0.01384088
v -0.03889434 0.01448299 0.01365728
v -0.04521586 0.01448299 0.01498736
v -0.04551565 0.01448299 0.01563029
v -0.05304793 0.01448299 0.01288876
v -0.05286433 0.01448299 0.01220355
v -0.05980345 0.01448299 0.01023809
v -0.05256453 0.01448299 0.01156062
v -0.06020689 0.01448299 0.00174685
v -0.04521586 0.01448299 0.01220355
v -0.04503225 0.01448299 0.01288876
v -0.04497043 0.01448299 0.01359546
v -0.04503225 0.01448299 0.01430213
v -0.04592255 0.01448299 0.01621139
v -0.04642417 0.01448299 0.01671300
v -0.04700525 0.01448299 0.01711989
v -0.05256453 0.01448299 0.01563029
v -0.05286433 0.01448299 0.01498736
v -0.05913153 0.01448299 0.01871231
v -0.05304793 0.01448299 0.01430213
v -0.05310977 0.01448299 0.01359546
v -0.04429215 0.01448299 -0.01896190
v -0.04361386 0.01448299 -0.01890256
v -0.04361386 0.01448299 -0.02167502
v -0.04217207 0.01448299 -0.01877642
v -0.04011642 0.01448299 -0.01822561
v -0.04642417 0.01448299 0.01047790
v -0.04592255 0.01448299 0.01097951
v -0.04551565 0.01448299 0.01156062
v -0.05213995 0.01448299 0.00259975
v -0.05364479 0.01448299 0.00109490
v -0.04904010 0.01448299 0.01766512
v -0.05819178 0.01448299 0.02716102
v -0.04974679 0.01448299 0.01760330
v -0.05043200 0.01448299 0.01741969
v -0.05107492 0.01448299 0.01711989
v -0.05165603 0.01448299 0.01671300
v -0.05215764 0.01448299 0.01621139
v -0.04764818 0.01448299 0.01741969
v -0.04833340 0.01448299 0.01760330
v -0.04846787 0.01448299 0.00471982
v -0.05039665 0.01448299 0.00382042
v -0.04974679 0.01448299 0.00958762
v -0.04700525 0.01448299 0.01007102
v -0.04429215 0.01448299 0.00545611
v -0.04641222 0.01448299 0.00527063
v -0.05215764 0.01448299 0.01097951
v -0.05165603 0.01448299 0.01047790
v -0.05107492 0.01448299 0.01007102
v -0.05043200 0.01448299 0.00977122
v -0.05213995 0.01448299 -0.01610554
v -0.05039665 0.01448299 -0.01732621
v -0.05990175 0.01448299 -0.02167502
v -0.04846787 0.01448299 -0.01822561
v -0.04641222 0.01448299 -0.01877642
v -0.05631567 0.01448299 -0.00463282
v -0.06034141 0.01448299 -0.00675289
v -0.05576485 0.01448299 -0.00257717
v -0.05486546 0.01448299 -0.00064839
v -0.05650115 0.01448299 -0.00675289
v -0.05631567 0.01448299 -0.00887297
v -0.06020689 0.01448299 -0.01525264
v -0.04904010 0.01448299 0.00952578
v -0.04833340 0.01448299 0.00958762
v -0.04764818 0.01448299 0.00977122
v -0.05576485 0.01448299 -0.01092862
v -0.05486546 0.01448299 -0.01285740
v -0.05364479 0.01448299 -0.01460070
v -0.03557171 0.01448299 -0.03564502
v -0.03507010 0.01448299 -0.03514340
v -0.02585380 0.01448299 -0.04037110
v -0.04201188 0.01448299 -0.03391938
v -0.04361386 0.01448299 -0.04066681
v -0.04219548 0.01448299 -0.03323416
v -0.04225731 0.01448299 -0.03252747
v -0.02733519 0.01448299 -0.03795369
v -0.03411798 0.01448299 -0.03252747
v -0.03417980 0.01448299 -0.03182078
v -0.03436341 0.01448299 -0.03113556
v -0.03466320 0.01448299 -0.03049263
v -0.04080357 0.01448299 -0.02940992
v -0.04130519 0.01448299 -0.02991153
v -0.04171208 0.01448299 -0.03456230
v -0.04130519 0.01448299 -0.03514340
v -0.04080357 0.01448299 -0.03564502
v -0.03466320 0.01448299 -0.03456230
v -0.03436341 0.01448299 -0.03391938
v -0.03417980 0.01448299 -0.03323416
v -0.04171208 0.01448299 -0.03049263
v -0.04201188 0.01448299 -0.03113556
v -0.04219548 0.01448299 -0.03182078
v -0.02504650 0.01448299 -0.04063340
v -0.02462208 0.01448299 -0.04066681
v -0.02681703 0.01448299 -0.03954842
v -0.02654054 0.01448299 -0.03987215
v -0.02621680 0.01448299 -0.04014865
v -0.04022247 0.01448299 -0.03605191
v -0.03957955 0.01448299 -0.03635171
v -0.03889434 0.01448299 -0.03653531
v -0.02546047 0.01448299 -0.04053402
v -0.03507010 0.01448299 -0.02991153
v -0.03557171 0.01448299 -0.02940992
v -0.03615281 0.01448299 -0.02900303
v -0.03679574 0.01448299 -0.02870323
v -0.03748095 0.01448299 -0.02851962
v -0.03818764 0.01448299 -0.02845780
v -0.03889434 0.01448299 -0.02851962
v -0.03957955 0.01448299 -0.02870323
v -0.04022247 0.01448299 -0.02900303
v -0.03818764 0.01448299 -0.03659714
v -0.03748095 0.01448299 -0.03653531
v -0.03679574 0.01448299 -0.03635171
v -0.03615281 0.01448299 -0.03605191
v -0.02730178 0.01448299 -0.03837812
v -0.02720240 0.01448299 -0.03879209
v -0.02703948 0.01448299 -0.03918542
v -0.05980345 0.01448299 -0.02374388
v -0.05256453 0.01448299 -0.02642296
v -0.04592255 0.01448299 -0.03107373
v -0.04551565 0.01448299 -0.03049263
v -0.04521586 0.01448299 -0.02984971
v -0.04503225 0.01448299 -0.02916449
v -0.04497043 0.01448299 -0.02845780
v -0.04503225 0.01448299 -0.02775111
v -0.05043200 0.01448299 -0.02463356
v -0.05107492 0.01448299 -0.02493336
v -0.05286433 0.01448299 -0.02706589
v -0.05304793 0.01448299 -0.02775111
v -0.05913153 0.01448299 -0.03221810
v -0.05310977 0.01448299 -0.02845780
v -0.05304793 0.01448299 -0.02916449
v -0.04521586 0.01448299 -0.02706589
v -0.04551565 0.01448299 -0.02642296
v -0.04592255 0.01448299 -0.02584186
v -0.05165603 0.01448299 -0.02534025
v -0.05215764 0.01448299 -0.02584186
v -0.05286433 0.01448299 -0.02984971
v -0.05256453 0.01448299 -0.03049263
v -0.05819178 0.01448299 -0.04066681
v -0.05215764 0.01448299 -0.03107373
v -0.05165603 0.01448299 -0.03157535
v -0.05107492 0.01448299 -0.03198224
v -0.04833340 0.01448299 -0.03246564
v -0.04764818 0.01448299 -0.03228204
v -0.04642417 0.01448299 -0.02534025
v -0.04700525 0.01448299 -0.02493336
v -0.04764818 0.01448299 -0.02463356
v -0.04833340 0.01448299 -0.02444996
v -0.04904010 0.01448299 -0.02438813
v -0.04974679 0.01448299 -0.02444996
v -0.04700525 0.01448299 -0.03198224
v -0.04642417 0.01448299 -0.03157535
v -0.05043200 0.01448299 -0.03228204
v -0.04974679 0.01448299 -0.03246564
v -0.04904010 0.01448299 -0.03252747
v -0.02724681 0.00369523 0.03123068
v -0.02655086 0.00560735 0.03123068
v -0.02895985 0.00415424 0.03123068
v -0.02860651 0.00615816 0.03123068
v -0.03072658 0.00430881 0.03123068
v -0.03072658 0.00634365 0.03123068
v -0.03249330 0.00415424 0.03123068
v -0.03284666 0.00615816 0.03123068
v -0.03420635 0.00369523 0.03123068
v -0.03490231 0.00560735 0.03123068
v -0.03581367 0.00294573 0.03123068
v -0.03683109 0.00470795 0.03123068
v -0.03726642 0.00192850 0.03123068
v -0.03857438 0.00348728 0.03123068
v -0.03852045 0.00067447 0.03123068
v -0.04007922 0.00198243 0.03123068
v -0.03953768 -0.00077828 0.03123068
v -0.04129989 0.00023914 0.03123068
v -0.04028718 -0.00238559 0.03123068
v -0.04219930 -0.00168964 0.03123068
v -0.04074619 -0.00409864 0.03123068
v -0.04275011 -0.00374529 0.03123068
v -0.04090076 -0.00586536 0.03123068
v -0.04293559 -0.00586536 0.03123068
v -0.04074619 -0.00763209 0.03123068
v -0.04275011 -0.00798543 0.03123068
v -0.04028718 -0.00934513 0.03123068
v -0.04219930 -0.01004109 0.03123068
v -0.03953768 -0.01095245 0.03123068
v -0.04129989 -0.01196987 0.03123068
v -0.03852045 -0.01240519 0.03123068
v -0.04007922 -0.01371316 0.03123068
v -0.03726642 -0.01365923 0.03123068
v -0.03857438 -0.01521800 0.03123068
v -0.03581367 -0.01467645 0.03123068
v -0.03683109 -0.01643867 0.03123068
v -0.03420635 -0.01542596 0.03123068
v -0.03490231 -0.01733808 0.03123068
v -0.03249330 -0.01588497 0.03123068
v -0.03284666 -0.01788889 0.03123068
v -0.03072658 -0.01603954 0.03123068
v -0.03072658 -0.01807437 0.03123068
v -0.02895985 -0.01588497 0.03123068
v -0.02860651 -0.01788889 0.03123068
v -0.02724681 -0.01542596 0.03123068
v -0.02655086 -0.01733808 0.03123068
v -0.02563949 -0.01467645 0.03123068
v -0.02462208 -0.01643867 0.03123068
v -0.02418675 -0.01365923 0.03123068
v -0.02287878 -0.01521800 0.03123068
v -0.02293271 -0.01240519 0.03123068
v -0.02137394 -0.01371316 0.03123068
v -0.02191548 -0.01095245 0.03123068
v -0.02015327 -0.01196987 0.03123068
v -0.02116598 -0.00934513 0.03123068
v -0.01925386 -0.01004109 0.03123068
v -0.02070698 -0.00763209 0.03123068
v -0.01870305 -0.00798543 0.03123068
v -0.02055240 -0.00586536 0.03123068
v -0.01851758 -0.00586536 0.03123068
v -0.02070698 -0.00409864 0.03123068
v -0.01870305 -0.00374529 0.03123068
v -0.02116598 -0.00238559 0.03123068
v -0.01925386 -0.00168964 0.03123068
v -0.02191548 -0.00077828 0.03123068
v -0.02015327 0.00023914 0.03123068
v -0.02293271 0.00067447 0.03123068
v -0.02137394 0.00198243 0.03123068
v -0.02418675 0.00192850 0.03123068
v -0.02287878 0.00348728 0.03123068
v -0.02563949 0.00294573 0.03123068
v -0.02462208 0.00470795 0.03123068
v -0.01515646 -0.01536126 0.02273789
v -0.01524829 -0.01536126 0.02239517
v -0.00873119 -0.01536126 -0.01109236
v -0.01892380 -0.01536126 0.02207361
v -0.01907374 -0.01536126 0.02239517
v -0.05980345 -0.01536126 0.01023809
v -0.01892380 -0.01536126 0.02410909
v -0.01872029 -0.01536126 0.02439973
v -0.03072658 -0.01536126 0.02716102
v -0.05913153 -0.01536126 0.01871231
v -0.01916558 -0.01536126 0.02273789
v -0.05819178 -0.01536126 0.02716102
v -0.01919650 -0.01536126 0.02309135
v -0.01916558 -0.01536126 0.02344480
v -0.01907374 -0.01536126 0.02378752
v -0.01560175 -0.01536126 0.02439973
v -0.01539824 -0.01536126 0.02410909
v 0.03438813 -0.01536126 0.02716102
v -0.01524829 -0.01536126 0.02378752
v -0.01515646 -0.01536126 0.02344480
v -0.01846940 -0.01536126 0.02465061
v -0.01817875 -0.01536126 0.02485412
v -0.01785719 -0.01536126 0.02500408
v -0.06020689 -0.01536126 0.00174685
v -0.06034141 -0.01536126 -0.00675290
v -0.01872029 -0.01536126 0.02178297
v -0.06020689 -0.01536126 -0.01525265
v -0.01846940 -0.01536126 0.02153208
v -0.05980345 -0.01536126 -0.02374388
v -0.01817875 -0.01536126 0.02132856
v -0.05913153 -0.01536126 -0.03221810
v -0.05819178 -0.01536126 -0.04066681
v 0.06151925 -0.01536126 0.02716102
v 0.06151925 -0.01536126 0.02512618
v 0.06423237 -0.01536126 0.02716102
v 0.06151090 -0.01536126 0.02502008
v 0.06148606 -0.01536126 0.02491658
v -0.00873119 -0.01536126 -0.00241343
v -0.00786489 -0.01536126 0.00184861
v -0.01512553 -0.01536126 0.02309135
v -0.01539824 -0.01536126 0.02207361
v -0.01560175 -0.01536126 0.02178297
v -0.01585264 -0.01536126 0.02153208
v -0.01680757 -0.01536126 0.02108679
v -0.00786489 -0.01536126 -0.01535440
v -0.01646484 -0.01536126 0.02500408
v -0.01614328 -0.01536126 0.02485412
v -0.01585264 -0.01536126 0.02465061
v -0.00902168 -0.01536126 -0.00675290
v -0.01614328 -0.01536126 0.02132856
v -0.01646484 -0.01536126 0.02117862
v -0.01751447 -0.01536126 0.02509591
v -0.01716102 -0.01536126 0.02512684
v -0.01680757 -0.01536126 0.02509591
v 0.05544064 -0.01536126 -0.01323787
v 0.05429160 -0.01536126 -0.01743252
v 0.06423237 -0.01536126 -0.04066681
v 0.03458679 -0.01536126 0.02464656
v 0.03318162 -0.01536126 0.02434272
v 0.03466772 -0.01536126 0.02457745
v 0.03475847 -0.01536126 0.02452182
v -0.00201532 -0.01536126 -0.02693031
v -0.00447672 -0.01536126 -0.02334467
v -0.00643825 -0.01536126 -0.01946294
v 0.06144533 -0.01536126 0.02481825
v 0.06138971 -0.01536126 0.02472749
v 0.05609303 -0.01536126 -0.00675290
v 0.06132059 -0.01536126 0.02464656
v 0.06123965 -0.01536126 0.02457745
v 0.03724020 -0.01536126 0.02277960
v 0.04105422 -0.01536126 0.02068945
v 0.06084098 -0.01536126 0.02444791
v 0.06094709 -0.01536126 0.02445625
v 0.00090205 -0.01536126 0.01665011
v 0.00422331 -0.01536126 0.01945806
v 0.00788920 -0.01536126 0.02179828
v 0.01183431 -0.01536126 0.02362901
v 0.01598822 -0.01536126 -0.03842334
v 0.01183431 -0.01536126 -0.03713479
v 0.00788920 -0.01536126 -0.03530407
v -0.01716102 -0.01536126 0.02105586
v -0.01751447 -0.01536126 0.02108679
v -0.01785719 -0.01536126 0.02117862
v 0.05544064 -0.01536126 -0.00026793
v 0.06105058 -0.01536126 0.02448111
v 0.05429160 -0.01536126 0.00392673
v 0.05259372 -0.01536126 0.00793080
v 0.06114890 -0.01536126 0.02452182
v 0.05602033 -0.01536126 -0.00457830
v 0.03506640 -0.01536126 0.02444791
v 0.03496029 -0.01536126 0.02445625
v 0.03485681 -0.01536126 0.02448111
v -0.00643825 -0.01536126 0.00595715
v -0.00447672 -0.01536126 0.00983888
v -0.00201532 -0.01536126 0.01342453
v 0.01598822 -0.01536126 0.02491756
v 0.02027683 -0.01536126 0.02564096
v 0.02462358 -0.01536126 0.02578628
v 0.03438813 -0.01536126 0.02512618
v 0.03451766 -0.01536126 0.02472749
v 0.03446205 -0.01536126 0.02481825
v 0.02895091 -0.01536126 0.02535094
v 0.03442132 -0.01536126 0.02491658
v 0.03439647 -0.01536126 0.02502008
v 0.05602033 -0.01536126 -0.00892749
v 0.00422331 -0.01536126 -0.03296385
v 0.00090205 -0.01536126 -0.03015590
v 0.04455561 -0.01536126 0.01810960
v 0.04768191 -0.01536126 0.01508608
v 0.05037730 -0.01536126 0.01167285
v 0.04768191 -0.01536126 -0.02859187
v 0.04455561 -0.01536126 -0.03161539
v 0.03318162 -0.01536126 -0.03784851
v 0.02895091 -0.01536126 -0.03885673
v 0.02462358 -0.01536126 -0.03929207
v 0.02027683 -0.01536126 -0.03914674
v 0.05259372 -0.01536126 -0.02143659
v 0.05037730 -0.01536126 -0.02517864
v 0.04105422 -0.01536126 -0.03419524
v 0.03724020 -0.01536126 -0.03628538
v 0.06694548 -0.01264814 -0.04066681
v 0.06694548 0.01176987 -0.04066681
v 0.06694548 -0.01264814 0.02716102
v 0.06694548 0.01176987 0.02716102
v -0.05819178 -0.01264814 -0.04337992
v -0.05819178 0.01176987 -0.04337992
v 0.06423237 -0.01264814 -0.04337992
v 0.06423237 0.01176987 -0.04337992
v -0.06088317 0.01176987 -0.04100937
v -0.06088317 -0.01264814 -0.04100937
v -0.06183242 0.01176987 -0.03247532
v -0.06183242 -0.01264814 -0.03247532
v -0.06205866 0.01176987 -0.02962210
v -0.06205866 -0.01264814 -0.02962211
v -0.06251113 0.01176987 -0.02391551
v -0.06251113 -0.01264814 -0.02391551
v -0.06278280 0.01176987 -0.01819745
v -0.06278280 -0.01264814 -0.01819745
v -0.06291863 0.01176987 -0.01533850
v -0.06291863 -0.01264814 -0.01533850
v -0.06305452 0.01176987 -0.00675289
v -0.06305452 -0.01264814 -0.00675290
v -0.06291863 0.01176987 0.00183271
v -0.06291863 -0.01264814 0.00183271
v -0.06278280 0.01176987 0.00469166
v -0.06278280 -0.01264814 0.00469166
v -0.06251113 0.01176987 0.01040972
v -0.06251113 -0.01264814 0.01040972
v -0.06205866 0.01176987 0.01611632
v -0.06205866 -0.01264814 0.01611632
v -0.06183242 0.01176987 0.01896953
v -0.06183242 -0.01264814 0.01896953
v -0.06088317 0.01176987 0.02750358
v -0.06088317 -0.01264814 0.02750358
v -0.00138166 -0.01096435 0.02987413
v -0.00223890 -0.01056461 0.02987413
v -0.02057504 -0.01264814 0.02987413
v -0.00301369 -0.01002209 0.02987413
v 0.01571817 -0.00518708 0.02987413
v 0.00581800 -0.00680762 0.02987413
v 0.00557320 -0.00772124 0.02987413
v 0.00517347 -0.00857848 0.02987413
v 0.00463094 -0.00935327 0.02987413
v 0.00396213 -0.01002209 0.02987413
v -0.00368251 -0.00935327 0.02987413
v -0.00422503 -0.00857848 0.02987413
v -0.02015327 -0.01196987 0.02987413
v -0.02137394 0.00198244 0.02987413
v -0.02015327 0.00023914 0.02987413
v -0.00486957 -0.00680762 0.02987413
v -0.01925386 -0.00168964 0.02987413
v -0.00368251 -0.00237745 0.02987413
v -0.00301369 -0.00170863 0.02987413
v -0.02655086 0.00560735 0.02987413
v -0.01870305 -0.00374529 0.02987413
v -0.01851758 -0.00586536 0.02987413
v -0.00462477 -0.00772124 0.02987413
v -0.01870305 -0.00798543 0.02987413
v -0.01925386 -0.01004109 0.02987413
v -0.00495201 -0.00586536 0.02987413
v -0.02462208 0.00470795 0.02987413
v -0.02287878 0.00348728 0.02987413
v -0.00486957 -0.00492311 0.02987413
v -0.00462477 -0.00400948 0.02987413
v -0.00422503 -0.00315225 0.02987413
v -0.00046803 -0.00052157 0.02987413
v -0.02860651 0.00615816 0.02987413
v -0.00138166 -0.00076638 0.02987413
v -0.00223890 -0.00116611 0.02987413
v -0.04219930 -0.01004109 0.02987413
v -0.04736172 -0.00450881 0.02987413
v -0.04129989 -0.01196987 0.02987413
v -0.04087811 -0.01264814 0.02987413
v 0.01607462 -0.00483063 0.02987413
v 0.01607023 -0.00488639 0.02987413
v 0.06423237 -0.01264814 0.02987413
v 0.01472245 -0.00141811 0.02987413
v 0.01473550 -0.00136372 0.02987413
v 0.00557320 -0.00400948 0.02987413
v 0.01475691 -0.00131204 0.02987413
v -0.04704411 -0.00199032 0.02987413
v -0.04275011 -0.00798543 0.02987413
v -0.04707333 -0.00194263 0.02987413
v -0.04293559 -0.00586536 0.02987413
v -0.04710966 -0.00190010 0.02987413
v -0.04275011 -0.00374529 0.02987413
v 0.00318733 -0.00116611 0.02987413
v 0.00396213 -0.00170863 0.02987413
v 0.06423237 0.01176987 0.02987413
v 0.00463094 -0.00237745 0.02987413
v 0.00517347 -0.00315225 0.02987413
v 0.01607462 -0.00147387 0.02987413
v 0.00318733 -0.01056461 0.02987413
v 0.00233009 -0.01096435 0.02987413
v 0.01577393 -0.00518270 0.02987413
v 0.00590044 -0.00586536 0.02987413
v 0.01472245 -0.00488639 0.02987413
v 0.00581800 -0.00492311 0.02987413
v 0.01471806 -0.00483063 0.02987413
v 0.01471806 -0.00147387 0.02987413
v 0.01478613 -0.00126435 0.02987413
v 0.01482246 -0.00122182 0.02987413
v 0.01486500 -0.00118549 0.02987413
v 0.01507451 -0.00518708 0.02987413
v 0.01501875 -0.00518270 0.02987413
v 0.01478613 -0.00504015 0.02987413
v 0.01482246 -0.00508268 0.02987413
v 0.01486500 -0.00511901 0.02987413
v 0.01475691 -0.00499246 0.02987413
v 0.01473550 -0.00494078 0.02987413
v 0.01491269 -0.00115626 0.02987413
v 0.01496437 -0.00113486 0.02987413
v 0.01501875 -0.00112180 0.02987413
v 0.01507451 -0.00111741 0.02987413
v 0.01571817 -0.00111741 0.02987413
v 0.01577393 -0.00112180 0.02987413
v 0.01582831 -0.00113486 0.02987413
v 0.01587999 -0.00115626 0.02987413
v 0.01600654 -0.00126435 0.02987413
v 0.01603577 -0.00131204 0.02987413
v 0.01605717 -0.00136372 0.02987413
v 0.01607023 -0.00141811 0.02987413
v 0.01600654 -0.00504015 0.02987413
v 0.01597022 -0.00508268 0.02987413
v 0.01496437 -0.00516964 0.02987413
v 0.01491269 -0.00514823 0.02987413
v -0.04702270 -0.00204200 0.02987413
v -0.04700965 -0.00209638 0.02987413
v -0.04700525 -0.00215215 0.02987413
v -0.04715219 -0.00444073 0.02987413
v -0.04719989 -0.00446996 0.02987413
v 0.01605717 -0.00494078 0.02987413
v 0.01603577 -0.00499246 0.02987413
v 0.00141647 -0.01120915 0.02987413
v 0.00047422 -0.01129159 0.02987413
v -0.00046803 -0.01120915 0.02987413
v -0.04700525 -0.00415235 0.02987413
v -0.04700965 -0.00420811 0.02987413
v -0.04702270 -0.00426250 0.02987413
v -0.04007922 0.00198244 0.02987413
v -0.05819178 0.01176987 0.02987413
v -0.04129989 0.00023914 0.02987413
v -0.04219930 -0.00168964 0.02987413
v 0.00047422 -0.00043914 0.02987413
v 0.00141647 -0.00052157 0.02987413
v 0.00233009 -0.00076638 0.02987413
v 0.01592768 -0.00118549 0.02987413
v 0.01597022 -0.00122182 0.02987413
v 0.01592768 -0.00511901 0.02987413
v 0.01587999 -0.00514823 0.02987413
v 0.01582831 -0.00516964 0.02987413
v -0.04704411 -0.00431418 0.02987413
v -0.04707333 -0.00436187 0.02987413
v -0.04710966 -0.00440440 0.02987413
v -0.04725156 -0.00449136 0.02987413
v -0.04730595 -0.00450442 0.02987413
v -0.05494997 -0.00446996 0.02987413
v -0.05819178 -0.01264814 0.02987413
v -0.05489829 -0.00449136 0.02987413
v -0.05484391 -0.00450442 0.02987413
v -0.05514460 -0.00415235 0.02987413
v -0.05514020 -0.00420811 0.02987413
v -0.05478815 -0.00450881 0.02987413
v -0.05499766 -0.00444073 0.02987413
v -0.05504019 -0.00440440 0.02987413
v -0.05507653 -0.00436187 0.02987413
v -0.05510575 -0.00431418 0.02987413
v -0.05512715 -0.00426250 0.02987413
v -0.05514460 -0.00215215 0.02987413
v -0.05514020 -0.00209638 0.02987413
v -0.05512715 -0.00204200 0.02987413
v -0.03857438 0.00348728 0.02987413
v -0.03683109 0.00470795 0.02987413
v -0.03490231 0.00560735 0.02987413
v -0.05510575 -0.00199032 0.02987413
v -0.05507653 -0.00194263 0.02987413
v -0.05504019 -0.00190010 0.02987413
v -0.05499766 -0.00186377 0.02987413
v -0.05494997 -0.00183454 0.02987413
v -0.05489829 -0.00181314 0.02987413
v -0.03072658 0.00634365 0.02987413
v -0.03284666 0.00615816 0.02987413
v -0.05484391 -0.00180008 0.02987413
v -0.05478815 -0.00179569 0.02987413
v -0.04736172 -0.00179569 0.02987413
v -0.04730595 -0.00180008 0.02987413
v -0.04725156 -0.00181314 0.02987413
v -0.04719989 -0.00183454 0.02987413
v -0.04715219 -0.00186377 0.02987413
v 0.05602033 -0.01807437 -0.00457830
v 0.05544064 -0.01807437 -0.00026793
v 0.05429160 -0.01807437 0.00392673
v 0.05259372 -0.01807437 0.00793080
v 0.05037730 -0.01807437 0.01167285
v 0.04768191 -0.01807437 0.01508608
v 0.04455561 -0.01807437 0.01810960
v 0.04105422 -0.01807437 0.02068945
v 0.03724020 -0.01807437 0.02277960
v 0.03318162 -0.01807437 0.02434272
v 0.02895091 -0.01807437 0.02535094
v 0.02462358 -0.01807437 0.02578628
v 0.02027683 -0.01807437 0.02564096
v 0.01598822 -0.01807437 0.02491756
v 0.01183431 -0.01807437 0.02362901
v 0.00788920 -0.01807437 0.02179828
v 0.00422331 -0.01807437 0.01945806
v 0.00090205 -0.01807437 0.01665011
v -0.00201532 -0.01807437 0.01342453
v -0.00447672 -0.01807437 0.00983888
v -0.00643825 -0.01807437 0.00595715
v -0.00786489 -0.01807437 0.00184861
v -0.00873119 -0.01807437 -0.00241343
v -0.00902168 -0.01807437 -0.00675290
v -0.00873119 -0.01807437 -0.01109236
v -0.00786489 -0.01807437 -0.01535440
v -0.00643825 -0.01807437 -0.01946294
v -0.00447672 -0.01807437 -0.02334467
v -0.00201532 -0.01807437 -0.02693031
v 0.00090205 -0.01807437 -0.03015590
v 0.00422331 -0.01807437 -0.03296385
v 0.00788920 -0.01807437 -0.03530407
v 0.01183431 -0.01807437 -0.03713479
v 0.01598822 -0.01807437 -0.03842334
v 0.02027683 -0.01807437 -0.03914674
v 0.02462358 -0.01807437 -0.03929207
v 0.02895091 -0.01807437 -0.03885673
v 0.03318162 -0.01807437 -0.03784851
v 0.03724020 -0.01807437 -0.03628538
v 0.04105422 -0.01807437 -0.03419524
v 0.04455561 -0.01807437 -0.03161539
v 0.04768191 -0.01807437 -0.02859187
v 0.05037730 -0.01807437 -0.02517864
v 0.05259372 -0.01807437 -0.02143659
v 0.05429160 -0.01807437 -0.01743252
v 0.05544064 -0.01807437 -0.01323787
v 0.05602033 -0.01807437 -0.00892749
v 0.04500987 -0.01807437 0.00982894
v 0.04236669 -0.01807437 0.01277890
v 0.03932216 -0.01807437 0.01531257
v 0.03594116 -0.01807437 0.01737597
v 0.03229579 -0.01807437 0.01892509
v 0.02846369 -0.01807437 0.01992693
v 0.02452656 -0.01807437 0.02036013
v 0.02056831 -0.01807437 0.02021547
v 0.01667331 -0.01807437 0.01949603
v 0.01292456 -0.01807437 0.01821713
v 0.00940198 -0.01807437 0.01640605
v 0.00618062 -0.01807437 0.01410137
v 0.04236669 -0.01807437 -0.02628469
v 0.04500987 -0.01807437 -0.02333473
v 0.04719536 -0.01807437 -0.02003136
v 0.04887657 -0.01807437 -0.01644497
v 0.05001772 -0.01807437 -0.01265203
v 0.05059443 -0.01807437 -0.00873335
v 0.05059443 -0.01807437 -0.00477245
v 0.05001772 -0.01807437 -0.00085377
v 0.04887657 -0.01807437 0.00293918
v 0.04719536 -0.01807437 0.00652557
v 0.00332917 -0.01807437 -0.02485801
v 0.00618062 -0.01807437 -0.02760716
v 0.00940198 -0.01807437 -0.02991184
v 0.01292456 -0.01807437 -0.03172293
v 0.01667331 -0.01807437 -0.03300182
v 0.02056831 -0.01807437 -0.03372127
v 0.02452656 -0.01807437 -0.03386593
v 0.02846369 -0.01807437 -0.03343272
v 0.03229579 -0.01807437 -0.03243088
v 0.03594116 -0.01807437 -0.03088176
v 0.03932216 -0.01807437 -0.02881837
v 0.00332917 -0.01807437 0.01135222
v 0.00090837 -0.01807437 0.00821719
v -0.00103015 -0.01807437 0.00476310
v -0.00244511 -0.01807437 0.00106356
v -0.00330633 -0.01807437 -0.00280257
v -0.00359545 -0.01807437 -0.00675290
v -0.00330633 -0.01807437 -0.01070322
v -0.00244511 -0.01807437 -0.01456935
v -0.00103015 -0.01807437 -0.01826889
v 0.00090837 -0.01807437 -0.02172298
v -0.00330633 -0.02350060 -0.00280257
v -0.00359545 -0.02350060 -0.00675290
v -0.00330633 -0.02350060 -0.01070322
v -0.00244511 -0.02350060 -0.01456935
v -0.00103015 -0.02350060 -0.01826889
v 0.00090837 -0.02350060 -0.02172298
v 0.00332917 -0.02350060 -0.02485801
v 0.00618062 -0.02350060 -0.02760716
v 0.00940198 -0.02350060 -0.02991184
v 0.01292456 -0.02350060 -0.03172293
v 0.01667331 -0.02350060 -0.03300183
v 0.02056831 -0.02350060 -0.03372127
v 0.02452656 -0.02350060 -0.03386593
v 0.02846369 -0.02350060 -0.03343272
v 0.03229579 -0.02350060 -0.03243088
v 0.03594116 -0.02350060 -0.03088176
v 0.03932216 -0.02350060 -0.02881837
v 0.04236669 -0.02350060 -0.02628469
v 0.04500987 -0.02350060 -0.02333473
v 0.04719536 -0.02350060 -0.02003136
v 0.04887657 -0.02350060 -0.01644497
v 0.05001772 -0.02350060 -0.01265203
v 0.05059443 -0.02350060 -0.00873335
v 0.05059443 -0.02350060 -0.00477245
v 0.05001772 -0.02350060 -0.00085377
v 0.04887657 -0.02350060 0.00293918
v 0.04719536 -0.02350060 0.00652557
v 0.04500987 -0.02350060 0.00982894
v 0.04236669 -0.02350060 0.01277890
v 0.03932216 -0.02350060 0.01531257
v 0.03594116 -0.02350060 0.01737597
v 0.03229579 -0.02350060 0.01892509
v 0.02846369 -0.02350060 0.01992693
v 0.02452656 -0.02350060 0.02036013
v 0.02056831 -0.02350060 0.02021547
v 0.01667331 -0.02350060 0.01949603
v 0.01292456 -0.02350060 0.01821713
v 0.00940198 -0.02350060 0.01640605
v 0.00618062 -0.02350060 0.01410137
v 0.00332917 -0.02350060 0.01135222
v 0.00090837 -0.02350060 0.00821719
v -0.00103015 -0.02350060 0.00476310
v -0.00244511 -0.02350060 0.00106356
v 0.02260040 -0.02350060 0.01764721
v 0.01888671 -0.02350060 0.01721848
v 0.01528198 -0.02350060 0.01622788
v 0.01187071 -0.02350060 0.01469864
v 0.00873286 -0.02350060 0.01266658
v 0.00594197 -0.02350060 0.01017935
v 0.00356347 -0.02350060 0.00729524
v 0.00165309 -0.02350060 0.00408186
v 0.00025563 -0.02350060 0.00061453
v -0.00059617 -0.02350060 -0.00302551
v -0.00088234 -0.02350060 -0.00675290
v -0.00059617 -0.02350060 -0.01048029
v 0.00025563 -0.02350060 -0.01412031
v 0.00165309 -0.02350060 -0.01758766
v 0.00356347 -0.02350060 -0.02080104
v 0.00594197 -0.02350060 -0.02368514
v 0.00873286 -0.02350060 -0.02617237
v 0.01187071 -0.02350060 -0.02820442
v 0.01528198 -0.02350060 -0.02973367
v 0.01888671 -0.02350060 -0.03072427
v 0.02260040 -0.02350060 -0.03115300
v 0.02633602 -0.02350060 -0.03100980
v 0.03000600 -0.02350060 -0.03029805
v 0.03352433 -0.02350060 -0.02903443
v 0.03680851 -0.02350060 -0.02724854
v 0.03978161 -0.02350060 -0.02498225
v 0.04237390 -0.02350060 -0.02228867
v 0.04452465 -0.02350060 -0.01923096
v 0.04618344 -0.02350060 -0.01588077
v 0.04731139 -0.02350060 -0.01231663
v 0.04788203 -0.02350060 -0.00862208
v 0.04788203 -0.02350060 -0.00488372
v 0.04731139 -0.02350060 -0.00118916
v 0.04618344 -0.02350060 0.00237497
v 0.04452465 -0.02350060 0.00572517
v 0.04237390 -0.02350060 0.00878288
v 0.03978161 -0.02350060 0.01147646
v 0.03680851 -0.02350060 0.01374274
v 0.03352433 -0.02350060 0.01552863
v 0.03000600 -0.02350060 0.01679226
v 0.02633602 -0.02350060 0.01750403
v -0.00059617 -0.02757026 -0.00302551
v -0.00088234 -0.02757026 -0.00675290
v -0.00059617 -0.02757026 -0.01048029
v 0.00025563 -0.02757026 -0.01412031
v 0.00165309 -0.02757026 -0.01758766
v 0.00356347 -0.02757026 -0.02080104
v 0.00594197 -0.02757026 -0.02368514
v 0.00873286 -0.02757026 -0.02617237
v 0.01187071 -0.02757026 -0.02820442
v 0.01528198 -0.02757026 -0.02973367
v 0.01888671 -0.02757026 -0.03072427
v 0.02260040 -0.02757026 -0.03115300
v 0.02633602 -0.02757026 -0.03100981
v 0.03000600 -0.02757026 -0.03029806
v 0.03352433 -0.02757026 -0.02903443
v 0.03680851 -0.02757026 -0.02724854
v 0.03978161 -0.02757026 -0.02498225
v 0.04237390 -0.02757026 -0.02228868
v 0.04452465 -0.02757026 -0.01923096
v 0.04618344 -0.02757026 -0.01588077
v 0.04731139 -0.02757026 -0.01231663
v 0.04788203 -0.02757026 -0.00862208
v 0.04788203 -0.02757026 -0.00488372
v 0.04731139 -0.02757026 -0.00118916
v 0.04618344 -0.02757026 0.00237497
v 0.04452465 -0.02757026 0.00572517
v 0.04237390 -0.02757026 0.00878288
v 0.03978161 -0.02757026 0.01147646
v 0.03680851 -0.02757026 0.01374274
v 0.03352433 -0.02757026 0.01552863
v 0.03000600 -0.02757027 0.01679226
v 0.02633602 -0.02757027 0.01750403
v 0.02260040 -0.02757027 0.01764721
v 0.01888671 -0.02757027 0.01721848
v 0.01528198 -0.02757027 0.01622788
v 0.01187071 -0.02757026 0.01469864
v 0.00873286 -0.02757026 0.01266658
v 0.00594197 -0.02757026 0.01017935
v 0.00356347 -0.02757026 0.00729524
v 0.00165309 -0.02757026 0.00408186
v 0.00025563 -0.02757026 0.00061453
v 0.04659714 -0.02757026 -0.00675290
v 0.04631321 -0.02757026 -0.00314528
v 0.04546842 -0.02757026 0.00037349
v 0.04408359 -0.02757026 0.00371679
v 0.04219278 -0.02757026 0.00680229
v 0.03984258 -0.02757026 0.00955401
v 0.03709085 -0.02757026 0.01190421
v 0.03400536 -0.02757026 0.01379502
v 0.03066205 -0.02757026 0.01517987
v 0.02714328 -0.02757027 0.01602464
v 0.02353568 -0.02757027 0.01630856
v 0.01992807 -0.02757027 0.01602464
v 0.01640930 -0.02757026 0.01517987
v 0.01306599 -0.02757026 0.01379502
v 0.00998049 -0.02757026 0.01190421
v 0.00722876 -0.02757026 0.00955401
v 0.00487856 -0.02757026 0.00680229
v 0.00298776 -0.02757026 0.00371679
v 0.00160293 -0.02757026 0.00037349
v 0.00075814 -0.02757026 -0.00314528
v 0.00047422 -0.02757026 -0.00675290
v 0.00075814 -0.02757026 -0.01036051
v 0.00160293 -0.02757026 -0.01387928
v 0.00298776 -0.02757026 -0.01722259
v 0.00487856 -0.02757026 -0.02030808
v 0.00722876 -0.02757026 -0.02305981
v 0.00998049 -0.02757026 -0.02541001
v 0.01306599 -0.02757026 -0.02730081
v 0.01640930 -0.02757026 -0.02868565
v 0.01992807 -0.02757026 -0.02953043
v 0.02353568 -0.02757026 -0.02981436
v 0.02714328 -0.02757026 -0.02953043
v 0.03066205 -0.02757026 -0.02868565
v 0.03400536 -0.02757026 -0.02730081
v 0.03709085 -0.02757026 -0.02541001
v 0.03984258 -0.02757026 -0.02305981
v 0.04219278 -0.02757026 -0.02030808
v 0.04408359 -0.02757026 -0.01722259
v 0.04546842 -0.02757026 -0.01387928
v 0.04631321 -0.02757026 -0.01036051
v 0.00075814 -0.03570960 -0.00314528
v 0.00047422 -0.03570960 -0.00675290
v 0.00075814 -0.03570960 -0.01036051
v 0.00160293 -0.03570960 -0.01387928
v 0.00298776 -0.03570960 -0.01722259
v 0.00487856 -0.03570960 -0.02030808
v 0.00722876 -0.03570960 -0.02305981
v 0.00998049 -0.03570960 -0.02541001
v 0.01306599 -0.03570960 -0.02730081
v 0.01640930 -0.03570960 -0.02868565
v 0.01992807 -0.03570960 -0.02953043
v 0.02353568 -0.03570960 -0.02981436
v 0.02714328 -0.03570960 -0.02953043
v 0.03066205 -0.03570960 -0.02868565
v 0.03400536 -0.03570960 -0.02730081
v 0.03709085 -0.03570960 -0.02541001
v 0.03984258 -0.03570960 -0.02305981
v 0.04219278 -0.03570960 -0.02030808
v 0.04408359 -0.03570960 -0.01722259
v 0.04546842 -0.03570960 -0.01387928
v 0.04631321 -0.03570960 -0.01036051
v 0.04659714 -0.03570960 -0.00675290
v 0.04631321 -0.03570960 -0.00314528
v 0.04546842 -0.03570960 0.00037349
v 0.04408359 -0.03570960 0.00371679
v 0.04219278 -0.03570960 0.00680229
v 0.03984258 -0.03570960 0.00955401
v 0.03709085 -0.03570960 0.01190421
v 0.03400536 -0.03570960 0.01379502
v 0.03066205 -0.03570960 0.01517987
v 0.02714328 -0.03570961 0.01602464
v 0.02353568 -0.03570961 0.01630856
v 0.01992807 -0.03570961 0.01602464
v 0.01640930 -0.03570960 0.01517987
v 0.01306599 -0.03570960 0.01379502
v 0.00998049 -0.03570960 0.01190421
v 0.00722876 -0.03570960 0.00955401
v 0.00487856 -0.03570960 0.00680229
v 0.00298776 -0.03570960 0.00371679
v 0.00160293 -0.03570960 0.00037349
v 0.03291519 -0.03570960 -0.01274103
v 0.03259147 -0.03570960 -0.01301752
v 0.03370984 -0.03570960 -0.01082257
v 0.03367644 -0.03570960 -0.01124699
v 0.03357705 -0.03570960 -0.01166097
v 0.03341413 -0.03570960 -0.01205429
v 0.03319168 -0.03570960 -0.01241730
v 0.01484288 -0.03570960 -0.01323997
v 0.01447989 -0.03570960 -0.01301752
v 0.03222845 -0.03570960 -0.01323997
v 0.03183513 -0.03570960 -0.01340289
v 0.03142116 -0.03570960 -0.01350228
v 0.03099674 -0.03570960 -0.01353568
v 0.03099674 -0.03570960 0.00002989
v 0.03142116 -0.03570960 -0.00000352
v 0.03319168 -0.03570960 -0.00108850
v 0.03341413 -0.03570960 -0.00145150
v 0.01607462 -0.03570960 -0.01353568
v 0.01565019 -0.03570960 -0.01350228
v 0.01523621 -0.03570960 -0.01340289
v 0.01336151 -0.03570960 -0.00268323
v 0.01339491 -0.03570960 -0.00225880
v 0.01349429 -0.03570960 -0.00184483
v 0.01365721 -0.03570960 -0.00145150
v 0.01387966 -0.03570960 -0.00108850
v 0.01415615 -0.03570960 -0.00076476
v 0.01447989 -0.03570960 -0.00048827
v 0.03370984 -0.03570960 -0.00268323
v 0.03367644 -0.03570960 -0.00225880
v 0.03357705 -0.03570960 -0.00184483
v 0.01415615 -0.03570960 -0.01274103
v 0.01387966 -0.03570960 -0.01241730
v 0.01365721 -0.03570960 -0.01205429
v 0.03183513 -0.03570960 -0.00010290
v 0.03222845 -0.03570960 -0.00026583
v 0.03259147 -0.03570960 -0.00048827
v 0.03291519 -0.03570960 -0.00076476
v 0.01484288 -0.03570960 -0.00026583
v 0.01523621 -0.03570960 -0.00010290
v 0.01565019 -0.03570960 -0.00000352
v 0.01607462 -0.03570960 0.00002989
v 0.01349429 -0.03570960 -0.01166097
v 0.01339491 -0.03570960 -0.01124699
v 0.01336151 -0.03570960 -0.01082257
v 0.03099674 -0.03299649 -0.01353568
v 0.03142116 -0.03299649 -0.01350228
v 0.03183513 -0.03299649 -0.01340289
v 0.03222845 -0.03299649 -0.01323997
v 0.03259147 -0.03299649 -0.01301752
v 0.03291519 -0.03299649 -0.01274103
v 0.03319168 -0.03299649 -0.01241730
v 0.03341413 -0.03299649 -0.01205429
v 0.03357705 -0.03299649 -0.01166097
v 0.03367644 -0.03299649 -0.01124699
v 0.03370984 -0.03299649 -0.01082257
v 0.01607462 -0.03299649 -0.01353568
v 0.01336151 -0.03299649 -0.01082257
v 0.01339491 -0.03299649 -0.01124699
v 0.01349429 -0.03299649 -0.01166097
v 0.01365721 -0.03299649 -0.01205429
v 0.01387966 -0.03299649 -0.01241730
v 0.01415615 -0.03299649 -0.01274103
v 0.01447989 -0.03299649 -0.01301752
v 0.01484288 -0.03299649 -0.01323997
v 0.01523621 -0.03299649 -0.01340289
v 0.01565019 -0.03299649 -0.01350228
v 0.01336151 -0.03299649 -0.00268323
v 0.01607462 -0.03299649 0.00002989
v 0.01565019 -0.03299649 -0.00000352
v 0.01523621 -0.03299649 -0.00010290
v 0.01484288 -0.03299649 -0.00026583
v 0.01447989 -0.03299649 -0.00048827
v 0.01415615 -0.03299649 -0.00076476
v 0.01387966 -0.03299649 -0.00108850
v 0.01365721 -0.03299649 -0.00145150
v 0.01349429 -0.03299649 -0.00184483
v 0.01339491 -0.03299649 -0.00225880
v 0.03099674 -0.03299649 0.00002989
v 0.03370984 -0.03299649 -0.00268323
v 0.03367644 -0.03299649 -0.00225880
v 0.03357705 -0.03299649 -0.00184483
v 0.03341413 -0.03299649 -0.00145150
v 0.03319168 -0.03299649 -0.00108850
v 0.03291519 -0.03299649 -0.00076476
v 0.03259147 -0.03299649 -0.00048827
v 0.03222845 -0.03299649 -0.00026583
v 0.03183513 -0.03299649 -0.00010290
v 0.03142116 -0.03299649 -0.00000352
v 0.02745957 -0.03299649 -0.01142922
v 0.02658793 -0.03299649 -0.01203955
v 0.02562354 -0.03299649 -0.01248925
v 0.02964018 -0.03299649 -0.00675290
v 0.02954744 -0.03299649 -0.00781293
v 0.02927203 -0.03299649 -0.00884076
v 0.02882233 -0.03299649 -0.00980515
v 0.02459571 -0.03299649 -0.01276466
v 0.02353568 -0.03299649 -0.01285740
v 0.02247564 -0.03299649 -0.01276466
v 0.02144781 -0.03299649 -0.01248925
v 0.01824902 -0.03299649 -0.00370065
v 0.02144781 -0.03299649 -0.00101654
v 0.02048343 -0.03299649 -0.00146624
v 0.01961177 -0.03299649 -0.00207657
v 0.02954744 -0.03299649 -0.00569286
v 0.02927203 -0.03299649 -0.00466503
v 0.02882233 -0.03299649 -0.00370065
v 0.02821199 -0.03299649 -0.01067680
v 0.02247564 -0.03299649 -0.00074114
v 0.02353568 -0.03299649 -0.00064839
v 0.02459571 -0.03299649 -0.00074114
v 0.02562354 -0.03299649 -0.00101654
v 0.01743117 -0.03299649 -0.00675290
v 0.01752391 -0.03299649 -0.00569286
v 0.01779932 -0.03299649 -0.00466503
v 0.01885936 -0.03299649 -0.00282900
v 0.02658793 -0.03299649 -0.00146624
v 0.02745957 -0.03299649 -0.00207657
v 0.02821199 -0.03299649 -0.00282900
v 0.01752391 -0.03299649 -0.00781293
v 0.01779932 -0.03299649 -0.00884076
v 0.01824902 -0.03299649 -0.00980515
v 0.02048343 -0.03299649 -0.01203955
v 0.01961177 -0.03299649 -0.01142922
v 0.01885936 -0.03299649 -0.01067680
v 0.02954744 -0.03028338 -0.00781293
v 0.02964018 -0.03028338 -0.00675290
v 0.02954744 -0.03028338 -0.00569286
v 0.02927203 -0.03028338 -0.00466503
v 0.02882233 -0.03028338 -0.00370065
v 0.02821199 -0.03028338 -0.00282900
v 0.02745957 -0.03028338 -0.00207657
v 0.02658793 -0.03028338 -0.00146624
v 0.02562354 -0.03028338 -0.00101654
v 0.02459571 -0.03028338 -0.00074114
v 0.02353568 -0.03028338 -0.00064839
v 0.02247564 -0.03028338 -0.00074114
v 0.02144781 -0.03028338 -0.00101654
v 0.02048343 -0.03028338 -0.00146624
v 0.01961177 -0.03028338 -0.00207657
v 0.01885936 -0.03028338 -0.00282900
v 0.01824902 -0.03028338 -0.00370065
v 0.01779932 -0.03028338 -0.00466503
v 0.01752391 -0.03028338 -0.00569286
v 0.01743117 -0.03028338 -0.00675290
v 0.01752391 -0.03028338 -0.00781293
v 0.01779932 -0.03028338 -0.00884076
v 0.01824902 -0.03028338 -0.00980515
v 0.01885936 -0.03028338 -0.01067680
v 0.01961177 -0.03028338 -0.01142922
v 0.02048343 -0.03028338 -0.01203955
v 0.02144781 -0.03028338 -0.01248925
v 0.02247564 -0.03028338 -0.01276466
v 0.02353568 -0.03028338 -0.01285740
v 0.02459571 -0.03028338 -0.01276466
v 0.02562354 -0.03028338 -0.01248925
v 0.02658793 -0.03028338 -0.01203955
v 0.02745957 -0.03028338 -0.01142922
v 0.02821199 -0.03028338 -0.01067680
v 0.02882233 -0.03028338 -0.00980515
v 0.02927203 -0.03028338 -0.00884076
v 0.06084098 -0.01499777 0.02851758
v 0.06084098 -0.01671781 0.02851758
v 0.06089424 -0.01499898 0.02851548
v 0.06094709 -0.01671781 0.02850923
v 0.06094709 -0.01500257 0.02850923
v 0.06099973 -0.01500854 0.02849873
v 0.06105058 -0.01671781 0.02848438
v 0.06105058 -0.01501663 0.02848438
v 0.06114890 -0.01671781 0.02844365
v 0.06114890 -0.01503893 0.02844365
v 0.06123965 -0.01671781 0.02838804
v 0.06123965 -0.01506794 0.02838804
v 0.06125311 -0.01507356 0.02837655
v 0.06132059 -0.01671781 0.02831891
v 0.06132059 -0.01510177 0.02831891
v 0.06138971 -0.01671781 0.02823798
v 0.06138971 -0.01513835 0.02823798
v 0.06144533 -0.01671781 0.02814722
v 0.06144533 -0.01517567 0.02814722
v 0.06148606 -0.01671781 0.02804889
v 0.06148606 -0.01521187 0.02804889
v 0.06150270 -0.01523432 0.02797960
v 0.06151090 -0.01671781 0.02794540
v 0.06151090 -0.01524540 0.02794540
v 0.06151925 -0.01671781 0.02783930
v 0.06151925 -0.01527510 0.02783930
v 0.03506640 -0.01499777 0.02851758
v 0.03506640 -0.01671781 0.02851758
v 0.03438813 -0.01671781 0.02783930
v 0.03439647 -0.01671781 0.02794540
v 0.03438813 -0.01527510 0.02783930
v 0.03439647 -0.01524540 0.02794540
v 0.03440468 -0.01523432 0.02797960
v 0.03442132 -0.01671781 0.02804889
v 0.03442132 -0.01521187 0.02804889
v 0.03446205 -0.01671781 0.02814722
v 0.03446205 -0.01517567 0.02814722
v 0.03451766 -0.01671781 0.02823798
v 0.03451766 -0.01513835 0.02823798
v 0.03458679 -0.01671781 0.02831891
v 0.03458679 -0.01510177 0.02831891
v 0.03465427 -0.01507356 0.02837655
v 0.03466772 -0.01671781 0.02838804
v 0.03466772 -0.01506794 0.02838804
v 0.03475847 -0.01671781 0.02844365
v 0.03475847 -0.01503893 0.02844365
v 0.03485681 -0.01671781 0.02848438
v 0.03485681 -0.01501663 0.02848438
v 0.03490813 -0.01500848 0.02849885
v 0.03496029 -0.01671781 0.02850923
v 0.03496029 -0.01500257 0.02850923
v 0.03501293 -0.01499899 0.02851546
v 0.03438813 -0.01671781 0.02512618
v 0.03438813 -0.01533139 0.02756248
v 0.03439647 -0.01671781 0.02502008
v 0.03442132 -0.01671781 0.02491658
v 0.03446205 -0.01671781 0.02481825
v 0.03451766 -0.01671781 0.02472749
v 0.03458679 -0.01671781 0.02464656
v 0.03466772 -0.01671781 0.02457745
v 0.03475847 -0.01671781 0.02452182
v 0.03485681 -0.01671781 0.02448111
v 0.03496029 -0.01671781 0.02445625
v 0.03506640 -0.01671781 0.02444791
v 0.06084098 -0.01671781 0.02444791
v 0.06094709 -0.01671781 0.02445625
v 0.06105058 -0.01671781 0.02448111
v 0.06114890 -0.01671781 0.02452182
v 0.06123965 -0.01671781 0.02457745
v 0.06132059 -0.01671781 0.02464656
v 0.06138971 -0.01671781 0.02472749
v 0.06144533 -0.01671781 0.02481825
v 0.06148606 -0.01671781 0.02491658
v 0.06151090 -0.01671781 0.02502008
v 0.06151925 -0.01671781 0.02512618
v 0.06151925 -0.01533139 0.02756248
v -0.01916558 -0.01671781 0.02344480
v -0.01919650 -0.01671781 0.02309135
v -0.01916558 -0.01671781 0.02273789
v -0.01907374 -0.01671781 0.02239517
v -0.01892380 -0.01671781 0.02207361
v -0.01872029 -0.01671781 0.02178297
v -0.01846940 -0.01671781 0.02153208
v -0.01817875 -0.01671781 0.02132856
v -0.01785719 -0.01671781 0.02117862
v -0.01751447 -0.01671781 0.02108679
v -0.01716102 -0.01671781 0.02105586
v -0.01680757 -0.01671781 0.02108679
v -0.01646484 -0.01671781 0.02117862
v -0.01614328 -0.01671781 0.02132856
v -0.01585264 -0.01671781 0.02153208
v -0.01560175 -0.01671781 0.02178297
v -0.01539824 -0.01671781 0.02207361
v -0.01524829 -0.01671781 0.02239517
v -0.01515646 -0.01671781 0.02273789
v -0.01512553 -0.01671781 0.02309135
v -0.01515646 -0.01671781 0.02344480
v -0.01524829 -0.01671781 0.02378752
v -0.01539824 -0.01671781 0.02410909
v -0.01560175 -0.01671781 0.02439973
v -0.01585264 -0.01671781 0.02465061
v -0.01614328 -0.01671781 0.02485412
v -0.01646484 -0.01671781 0.02500408
v -0.01680757 -0.01671781 0.02509591
v -0.01716102 -0.01671781 0.02512684
v -0.01751447 -0.01671781 0.02509591
v -0.01785719 -0.01671781 0.02500408
v -0.01817875 -0.01671781 0.02485412
v -0.01846940 -0.01671781 0.02465061
v -0.01872029 -0.01671781 0.02439973
v -0.01892380 -0.01671781 0.02410909
v -0.01907374 -0.01671781 0.02378752
v -0.03165877 -0.01803873 0.02987413
v -0.03284166 -0.01785650 0.02987413
v -0.03350140 -0.01775487 0.02987413
v -0.03489504 -0.01731503 0.02987413
v -0.03527933 -0.01719375 0.02987413
v -0.03682674 -0.01642986 0.02987413
v -0.03695110 -0.01636847 0.02987413
v -0.03847771 -0.01529828 0.02987413
v -0.03982358 -0.01400812 0.02987413
v -0.03856819 -0.01521155 0.02987413
v -0.04006241 -0.01370012 0.02987413
v -0.02139075 -0.01370012 0.02987413
v -0.02162958 -0.01400812 0.02987413
v -0.02288497 -0.01521155 0.02987413
v -0.02297545 -0.01529828 0.02987413
v -0.02450207 -0.01636847 0.02987413
v -0.02617383 -0.01719375 0.02987413
v -0.02462642 -0.01642986 0.02987413
v -0.02795176 -0.01775487 0.02987413
v -0.02655812 -0.01731503 0.02987413
v -0.03072658 -0.01803873 0.02987413
v -0.02979439 -0.01803873 0.02987413
v -0.02861150 -0.01785650 0.02987413
v 0.00047422 -0.01129159 0.03123068
v -0.00046803 -0.01120915 0.03123068
v -0.00138166 -0.01096435 0.03123068
v -0.00223890 -0.01056461 0.03123068
v -0.00301369 -0.01002209 0.03123068
v -0.00368251 -0.00935327 0.03123068
v -0.00422503 -0.00857848 0.03123068
v -0.00462477 -0.00772124 0.03123068
v -0.00486957 -0.00680762 0.03123068
v -0.00495201 -0.00586536 0.03123068
v -0.00486957 -0.00492311 0.03123068
v -0.00462477 -0.00400948 0.03123068
v -0.00422503 -0.00315225 0.03123068
v -0.00368251 -0.00237745 0.03123068
v -0.00301369 -0.00170863 0.03123068
v -0.00223890 -0.00116611 0.03123068
v -0.00138166 -0.00076638 0.03123068
v -0.00046803 -0.00052157 0.03123068
v 0.00047422 -0.00043914 0.03123068
v 0.00141647 -0.00052157 0.03123068
v 0.00233009 -0.00076638 0.03123068
v 0.00318733 -0.00116611 0.03123068
v 0.00396213 -0.00170863 0.03123068
v 0.00463094 -0.00237745 0.03123068
v 0.00517347 -0.00315225 0.03123068
v 0.00557320 -0.00400948 0.03123068
v 0.00581800 -0.00492311 0.03123068
v 0.00590044 -0.00586536 0.03123068
v 0.00581800 -0.00680762 0.03123068
v 0.00557320 -0.00772124 0.03123068
v 0.00517347 -0.00857848 0.03123068
v 0.00463094 -0.00935327 0.03123068
v 0.00396213 -0.01002209 0.03123068
v 0.00318733 -0.01056461 0.03123068
v 0.00233009 -0.01096435 0.03123068
v 0.00141647 -0.01120915 0.03123068
v -0.02895985 0.00415424 0.03258724
v -0.03072658 0.00430881 0.03258724
v -0.03249330 0.00415424 0.03258724
v -0.03420635 0.00369523 0.03258724
v -0.03581367 0.00294573 0.03258724
v -0.03726642 0.00192850 0.03258724
v -0.03852045 0.00067447 0.03258724
v -0.03953768 -0.00077828 0.03258724
v -0.04028718 -0.00238559 0.03258724
v -0.04074619 -0.00409864 0.03258724
v -0.04090076 -0.00586536 0.03258724
v -0.04074619 -0.00763209 0.03258724
v -0.04028718 -0.00934513 0.03258724
v -0.03953768 -0.01095245 0.03258724
v -0.03852045 -0.01240519 0.03258724
v -0.03726642 -0.01365923 0.03258724
v -0.03581367 -0.01467645 0.03258724
v -0.03420635 -0.01542596 0.03258724
v -0.03249330 -0.01588497 0.03258724
v -0.03072658 -0.01603954 0.03258724
v -0.02895985 -0.01588497 0.03258724
v -0.02724681 -0.01542596 0.03258724
v -0.02563949 -0.01467645 0.03258724
v -0.02418675 -0.01365923 0.03258724
v -0.02293271 -0.01240519 0.03258724
v -0.02191548 -0.01095245 0.03258724
v -0.02116598 -0.00934513 0.03258724
v -0.02070698 -0.00763209 0.03258724
v -0.02055240 -0.00586536 0.03258724
v -0.02070698 -0.00409864 0.03258724
v -0.02116598 -0.00238559 0.03258724
v -0.02191548 -0.00077828 0.03258724
v -0.02293271 0.00067447 0.03258724
v -0.02418675 0.00192850 0.03258724
v -0.02563949 0.00294573 0.03258724
v -0.02724681 0.00369523 0.03258724
v 0.01471806 -0.00483063 0.02851758
v 0.01472245 -0.00488639 0.02851758
v 0.01473550 -0.00494078 0.02851758
v 0.01475691 -0.00499246 0.02851758
v 0.01478613 -0.00504015 0.02851758
v 0.01482246 -0.00508268 0.02851758
v 0.01486500 -0.00511901 0.02851758
v 0.01491269 -0.00514823 0.02851758
v 0.01496437 -0.00516964 0.02851758
v 0.01501875 -0.00518270 0.02851758
v 0.01507451 -0.00518708 0.02851758
v 0.01471806 -0.00147387 0.02851758
v 0.01507451 -0.00111741 0.02851758
v 0.01501875 -0.00112180 0.02851758
v 0.01496437 -0.00113486 0.02851758
v 0.01491269 -0.00115626 0.02851758
v 0.01486500 -0.00118549 0.02851758
v 0.01482246 -0.00122182 0.02851758
v 0.01478613 -0.00126435 0.02851758
v 0.01475691 -0.00131204 0.02851758
v 0.01473550 -0.00136372 0.02851758
v 0.01472245 -0.00141811 0.02851758
v 0.01571817 -0.00111741 0.02851758
v 0.01607462 -0.00147387 0.02851758
v 0.01607023 -0.00141811 0.02851758
v 0.01605717 -0.00136372 0.02851758
v 0.01603577 -0.00131204 0.02851758
v 0.01600654 -0.00126435 0.02851758
v 0.01597022 -0.00122182 0.02851758
v 0.01592768 -0.00118549 0.02851758
v 0.01587999 -0.00115626 0.02851758
v 0.01582831 -0.00113486 0.02851758
v 0.01577393 -0.00112180 0.02851758
v 0.01607462 -0.00483063 0.02851758
v 0.01571817 -0.00518708 0.02851758
v 0.01577393 -0.00518270 0.02851758
v 0.01582831 -0.00516964 0.02851758
v 0.01587999 -0.00514823 0.02851758
v 0.01592768 -0.00511901 0.02851758
v 0.01597022 -0.00508268 0.02851758
v 0.01600654 -0.00504015 0.02851758
v 0.01603577 -0.00499246 0.02851758
v 0.01605717 -0.00494078 0.02851758
v 0.01607023 -0.00488639 0.02851758
v -0.04736172 -0.00450881 0.02851758
v -0.04730595 -0.00450442 0.02851758
v -0.04725156 -0.00449136 0.02851758
v -0.04719989 -0.00446996 0.02851758
v -0.04715219 -0.00444073 0.02851758
v -0.04710966 -0.00440440 0.02851758
v -0.04707333 -0.00436187 0.02851758
v -0.04704411 -0.00431418 0.02851758
v -0.04702270 -0.00426250 0.02851758
v -0.04700965 -0.00420811 0.02851758
v -0.04700525 -0.00415235 0.02851758
v -0.05478815 -0.00450881 0.02851758
v -0.05514460 -0.00415235 0.02851758
v -0.05514020 -0.00420811 0.02851758
v -0.05512715 -0.00426250 0.02851758
v -0.05510575 -0.00431418 0.02851758
v -0.05507653 -0.00436187 0.02851758
v -0.05504019 -0.00440440 0.02851758
v -0.05499766 -0.00444073 0.02851758
v -0.05494997 -0.00446996 0.02851758
v -0.05489829 -0.00449136 0.02851758
v -0.05484391 -0.00450442 0.02851758
v -0.05514460 -0.00215215 0.02851758
v -0.05478815 -0.00179569 0.02851758
v -0.05484391 -0.00180008 0.02851758
v -0.05489829 -0.00181314 0.02851758
v -0.05494997 -0.00183454 0.02851758
v -0.05499766 -0.00186377 0.02851758
v -0.05504019 -0.00190010 0.02851758
v -0.05507653 -0.00194263 0.02851758
v -0.05510575 -0.00199032 0.02851758
v -0.05512715 -0.00204200 0.02851758
v -0.05514020 -0.00209638 0.02851758
v -0.04736172 -0.00179569 0.02851758
v -0.04700525 -0.00215215 0.02851758
v -0.04700965 -0.00209638 0.02851758
v -0.04702270 -0.00204200 0.02851758
v -0.04704411 -0.00199032 0.02851758
v -0.04707333 -0.00194263 0.02851758
v -0.04710966 -0.00190010 0.02851758
v -0.04715219 -0.00186377 0.02851758
v -0.04719989 -0.00183454 0.02851758
v -0.04725156 -0.00181314 0.02851758
v -0.04730595 -0.00180008 0.02851758
v -0.02219531 0.01719610 -0.03926850
v -0.02166479 0.01719610 -0.03931025
v -0.02462208 0.01719610 -0.03931025
v -0.02271278 0.01719610 -0.03914426
v -0.02468653 0.01719610 0.02395273
v -0.02489019 0.01719610 0.02346107
v -0.02597863 0.01719610 0.02444791
v -0.02558131 0.01719610 -0.03891293
v -0.02571955 0.01719610 -0.03875106
v -0.02440847 0.01719610 -0.03791227
v -0.02541944 0.01719610 -0.03905117
v -0.02406286 0.01719610 -0.03831694
v -0.02365820 0.01719610 -0.03866255
v -0.02320444 0.01719610 -0.03894061
v -0.02166479 0.01719610 0.02580446
v -0.02219531 0.01719610 0.02576270
v -0.02462208 0.01719610 0.02580446
v -0.02271278 0.01719610 0.02563847
v -0.02596193 0.01719610 0.02466012
v -0.02591224 0.01719610 0.02486711
v -0.02440847 0.01719610 0.02440647
v -0.02583078 0.01719610 -0.03856956
v -0.02591224 0.01719610 -0.03837289
v -0.02468653 0.01719610 -0.03745852
v -0.02596193 0.01719610 -0.03816591
v -0.02489019 0.01719610 -0.03696686
v -0.02597863 0.01719610 -0.03795369
v -0.02501442 0.01719610 -0.03644939
v -0.02501442 0.01719610 0.02294360
v -0.02505617 0.01719610 0.02241306
v -0.02505617 0.01719610 -0.03591886
v -0.02483429 0.01719610 -0.03929355
v -0.02504127 0.01719610 -0.03924386
v -0.02523794 0.01719610 -0.03916239
v -0.02320444 0.01719610 0.02543483
v -0.02365820 0.01719610 0.02515676
v -0.02483429 0.01719610 0.02578776
v -0.02406286 0.01719610 0.02481114
v -0.02583078 0.01719610 0.02506376
v -0.02571955 0.01719610 0.02524528
v -0.02558131 0.01719610 0.02540714
v -0.02541944 0.01719610 0.02554538
v -0.02523794 0.01719610 0.02565661
v -0.02504127 0.01719610 0.02573807
v -0.02733519 0.01583954 0.02444791
v -0.02730178 0.01583954 0.02487233
v -0.02720240 0.01583954 0.02528630
v -0.02703948 0.01583954 0.02567964
v -0.02681703 0.01583954 0.02604263
v -0.02654054 0.01583954 0.02636637
v -0.02621680 0.01583954 0.02664286
v -0.02585380 0.01583954 0.02686530
v -0.02546047 0.01583954 0.02702824
v -0.02504650 0.01583954 0.02712761
v -0.02462208 0.01583954 0.02716102
v 0.06084098 0.01583954 0.02716102
v 0.06126540 0.01583954 0.02712761
v 0.06167937 0.01583954 0.02702824
v 0.06207270 0.01583954 0.02686530
v 0.06243570 0.01583954 0.02664286
v 0.06275943 0.01583954 0.02636637
v 0.06303593 0.01583954 0.02604263
v 0.06325836 0.01583954 0.02567964
v 0.06342128 0.01583954 0.02528630
v 0.06352069 0.01583954 0.02487233
v 0.06355409 0.01583954 0.02444791
v 0.06355409 0.01583955 -0.03795369
v 0.06352069 0.01583955 -0.03837812
v 0.06342128 0.01583955 -0.03879209
v 0.06325836 0.01583955 -0.03918542
v 0.06303593 0.01583955 -0.03954842
v 0.06275943 0.01583955 -0.03987215
v 0.06243570 0.01583955 -0.04014865
v 0.06207270 0.01583955 -0.04037110
v 0.06167937 0.01583955 -0.04053402
v 0.06126540 0.01583955 -0.04063340
v 0.06084098 0.01583955 -0.04066681
v -0.02462208 0.01583955 -0.04066681
v -0.02504650 0.01583955 -0.04063340
v -0.02546047 0.01583955 -0.04053402
v -0.02585380 0.01583955 -0.04037110
v -0.02621680 0.01583955 -0.04014865
v -0.02654054 0.01583955 -0.03987215
v -0.02681703 0.01583955 -0.03954842
v -0.02703948 0.01583955 -0.03918542
v -0.02720240 0.01583955 -0.03879209
v -0.02730178 0.01583955 -0.03837812
v -0.02733519 0.01583955 -0.03795369
v -0.02166479 0.01583954 0.02444791
v -0.02166479 0.01448299 0.02444791
v -0.02198310 0.01448299 0.02442285
v -0.02198310 0.01583954 0.02442285
v -0.02229358 0.01448299 0.02434831
v -0.02229358 0.01583954 0.02434831
v -0.02258858 0.01448299 0.02422613
v -0.02258858 0.01583954 0.02422613
v -0.02286083 0.01448299 0.02405929
v -0.02286083 0.01583954 0.02405929
v -0.02310363 0.01448299 0.02385191
v -0.02310363 0.01583954 0.02385191
v -0.02331100 0.01448299 0.02360912
v -0.02331100 0.01583954 0.02360912
v -0.02347783 0.01448299 0.02333685
v -0.02347783 0.01583954 0.02333685
v -0.02360003 0.01448299 0.02304186
v -0.02360003 0.01583954 0.02304186
v -0.02367457 0.01448299 0.02273138
v -0.02367457 0.01583954 0.02273138
v -0.02369962 0.01448299 0.02241306
v -0.02369962 0.01583954 0.02241306
v 0.05788369 0.01583954 0.02444791
v 0.05788369 0.01448299 0.02444791
v 0.05991852 0.01583954 0.02241306
v 0.05991852 0.01448299 0.02241306
v 0.05989345 0.01448299 0.02273138
v 0.05989345 0.01583954 0.02273138
v 0.05981893 0.01448299 0.02304186
v 0.05981893 0.01583954 0.02304186
v 0.05969673 0.01448299 0.02333685
v 0.05969673 0.01583954 0.02333685
v 0.05952990 0.01448299 0.02360912
v 0.05952990 0.01583954 0.02360912
v 0.05932252 0.01448299 0.02385191
v 0.05932252 0.01583954 0.02385191
v 0.05907973 0.01448299 0.02405929
v 0.05907973 0.01583954 0.02405929
v 0.05880747 0.01448299 0.02422613
v 0.05880747 0.01583954 0.02422613
v 0.05851247 0.01448299 0.02434831
v 0.05851247 0.01583954 0.02434831
v 0.05820199 0.01448299 0.02442285
v 0.05820199 0.01583954 0.02442285
v 0.05991852 0.01583955 -0.03591886
v 0.05991852 0.01448299 -0.03591886
v 0.05788369 0.01583955 -0.03795369
v 0.05788369 0.01448299 -0.03795369
v 0.05820199 0.01448299 -0.03792864
v 0.05820199 0.01583955 -0.03792864
v 0.05851247 0.01448299 -0.03785410
v 0.05851247 0.01583955 -0.03785410
v 0.05880747 0.01448299 -0.03773191
v 0.05880747 0.01583955 -0.03773191
v 0.05907973 0.01448299 -0.03756507
v 0.05907973 0.01583955 -0.03756507
v 0.05932252 0.01448299 -0.03735770
v 0.05932252 0.01583955 -0.03735770
v 0.05952990 0.01448299 -0.03711491
v 0.05952990 0.01583955 -0.03711491
v 0.05969673 0.01448299 -0.03684266
v 0.05969673 0.01583955 -0.03684266
v 0.05981893 0.01448299 -0.03654766
v 0.05981893 0.01583955 -0.03654766
v 0.05989345 0.01448299 -0.03623718
v 0.05989345 0.01583955 -0.03623718
v -0.02166479 0.01583955 -0.03795369
v -0.02166479 0.01448299 -0.03795369
v -0.02369962 0.01583955 -0.03591886
v -0.02369962 0.01448299 -0.03591886
v -0.02367457 0.01448299 -0.03623718
v -0.02367457 0.01583955 -0.03623718
v -0.02360003 0.01448299 -0.03654766
v -0.02360003 0.01583955 -0.03654766
v -0.02347783 0.01448299 -0.03684266
v -0.02347783 0.01583955 -0.03684266
v -0.02331100 0.01448299 -0.03711491
v -0.02331100 0.01583955 -0.03711491
v -0.02310363 0.01448299 -0.03735770
v -0.02310363 0.01583955 -0.03735770
v -0.02286083 0.01448299 -0.03756507
v -0.02286083 0.01583955 -0.03756507
v -0.02258858 0.01448299 -0.03773191
v -0.02258858 0.01583955 -0.03773191
v -0.02229358 0.01448299 -0.03785410
v -0.02229358 0.01583955 -0.03785410
v -0.02198310 0.01448299 -0.03792864
v -0.02198310 0.01583955 -0.03792864
v -0.03417980 0.01583954 0.01837182
v -0.03411798 0.01583954 0.01766512
v -0.03417980 0.01583954 0.01695844
v -0.03436341 0.01583954 0.01627321
v -0.03466320 0.01583954 0.01563029
v -0.03507010 0.01583954 0.01504919
v -0.03557171 0.01583954 0.01454757
v -0.03615281 0.01583954 0.01414069
v -0.03679574 0.01583954 0.01384088
v -0.03748095 0.01583954 0.01365728
v -0.03818764 0.01583954 0.01359546
v -0.03889434 0.01583954 0.01365728
v -0.03957955 0.01583954 0.01384088
v -0.04022247 0.01583954 0.01414069
v -0.04080357 0.01583954 0.01454757
v -0.04130519 0.01583954 0.01504919
v -0.04171208 0.01583954 0.01563029
v -0.04201188 0.01583954 0.01627321
v -0.04219548 0.01583954 0.01695844
v -0.04225731 0.01583954 0.01766512
v -0.04219548 0.01583954 0.01837182
v -0.04201188 0.01583954 0.01905703
v -0.04171208 0.01583954 0.01969995
v -0.04130519 0.01583954 0.02028106
v -0.04080357 0.01583954 0.02078268
v -0.04022247 0.01583954 0.02118957
v -0.03957955 0.01583954 0.02148936
v -0.03889434 0.01583954 0.02167296
v -0.03818764 0.01583954 0.02173479
v -0.03748095 0.01583954 0.02167296
v -0.03679574 0.01583954 0.02148936
v -0.03615281 0.01583954 0.02118957
v -0.03557171 0.01583954 0.02078268
v -0.03507010 0.01583954 0.02028106
v -0.03466320 0.01583954 0.01969995
v -0.03436341 0.01583954 0.01905703
v -0.04503225 0.01583954 0.01430213
v -0.04497043 0.01583954 0.01359546
v -0.04503225 0.01583954 0.01288876
v -0.04521586 0.01583954 0.01220355
v -0.04551565 0.01583954 0.01156062
v -0.04592255 0.01583954 0.01097951
v -0.04642417 0.01583954 0.01047790
v -0.04700525 0.01583954 0.01007102
v -0.04764818 0.01583954 0.00977122
v -0.04833340 0.01583954 0.00958762
v -0.04904010 0.01583954 0.00952578
v -0.04974679 0.01583954 0.00958762
v -0.05043200 0.01583954 0.00977122
v -0.05107492 0.01583954 0.01007102
v -0.05165603 0.01583954 0.01047790
v -0.05215764 0.01583954 0.01097951
v -0.05256453 0.01583954 0.01156062
v -0.05286433 0.01583954 0.01220355
v -0.05304793 0.01583954 0.01288876
v -0.05310977 0.01583954 0.01359546
v -0.05304793 0.01583954 0.01430213
v -0.05286433 0.01583954 0.01498736
v -0.05256453 0.01583954 0.01563029
v -0.05215764 0.01583954 0.01621139
v -0.05165603 0.01583954 0.01671300
v -0.05107492 0.01583954 0.01711989
v -0.05043200 0.01583954 0.01741969
v -0.04974679 0.01583954 0.01760330
v -0.04904010 0.01583954 0.01766512
v -0.04833340 0.01583954 0.01760330
v -0.04764818 0.01583954 0.01741969
v -0.04700525 0.01583954 0.01711989
v -0.04642417 0.01583954 0.01671300
v -0.04592255 0.01583954 0.01621139
v -0.04551565 0.01583954 0.01563029
v -0.04521586 0.01583954 0.01498736
v -0.04429215 0.01583955 -0.01896190
v -0.04641222 0.01583955 -0.01877642
v -0.04846787 0.01583955 -0.01822561
v -0.05039665 0.01583955 -0.01732621
v -0.05213995 0.01583955 -0.01610554
v -0.05364479 0.01583954 -0.01460070
v -0.05486546 0.01583954 -0.01285740
v -0.05576485 0.01583954 -0.01092862
v -0.05631567 0.01583954 -0.00887297
v -0.05650115 0.01583954 -0.00675289
v -0.05631567 0.01583954 -0.00463282
v -0.05576485 0.01583954 -0.00257717
v -0.05486546 0.01583954 -0.00064839
v -0.05364479 0.01583954 0.00109490
v -0.05213995 0.01583954 0.00259975
v -0.05039665 0.01583954 0.00382042
v -0.04846787 0.01583954 0.00471982
v -0.04641222 0.01583954 0.00527063
v -0.04429215 0.01583954 0.00545611
v -0.04217207 0.01583954 0.00527063
v -0.04011642 0.01583954 0.00471982
v -0.03818764 0.01583954 0.00382042
v -0.03644435 0.01583954 0.00259975
v -0.03493950 0.01583954 0.00109490
v -0.03371884 0.01583954 -0.00064839
v -0.03281943 0.01583954 -0.00257717
v -0.03226862 0.01583954 -0.00463282
v -0.03208314 0.01583954 -0.00675289
v -0.03226862 0.01583954 -0.00887297
v -0.03281943 0.01583954 -0.01092862
v -0.03371884 0.01583954 -0.01285740
v -0.03493950 0.01583954 -0.01460070
v -0.03644435 0.01583955 -0.01610554
v -0.03818764 0.01583955 -0.01732621
v -0.04011642 0.01583955 -0.01822561
v -0.04217207 0.01583955 -0.01877642
v -0.03417980 0.01583955 -0.03182078
v -0.03411798 0.01583955 -0.03252747
v -0.03417980 0.01583955 -0.03323416
v -0.03436341 0.01583955 -0.03391938
v -0.03466320 0.01583955 -0.03456230
v -0.03507010 0.01583955 -0.03514340
v -0.03557171 0.01583955 -0.03564502
v -0.03615281 0.01583955 -0.03605191
v -0.03679574 0.01583955 -0.03635171
v -0.03748095 0.01583955 -0.03653531
v -0.03818764 0.01583955 -0.03659714
v -0.03889434 0.01583955 -0.03653531
v -0.03957955 0.01583955 -0.03635171
v -0.04022247 0.01583955 -0.03605191
v -0.04080357 0.01583955 -0.03564502
v -0.04130519 0.01583955 -0.03514340
v -0.04171208 0.01583955 -0.03456230
v -0.04201188 0.01583955 -0.03391938
v -0.04219548 0.01583955 -0.03323416
v -0.04225731 0.01583955 -0.03252747
v -0.04219548 0.01583955 -0.03182078
v -0.04201188 0.01583955 -0.03113556
v -0.04171208 0.01583955 -0.03049263
v -0.04130519 0.01583955 -0.02991153
v -0.04080357 0.01583955 -0.02940992
v -0.04022247 0.01583955 -0.02900303
v -0.03957955 0.01583955 -0.02870323
v -0.03889434 0.01583955 -0.02851962
v -0.03818764 0.01583955 -0.02845780
v -0.03748095 0.01583955 -0.02851962
v -0.03679574 0.01583955 -0.02870323
v -0.03615281 0.01583955 -0.02900303
v -0.03557171 0.01583955 -0.02940992
v -0.03507010 0.01583955 -0.02991153
v -0.03466320 0.01583955 -0.03049263
v -0.03436341 0.01583955 -0.03113556
v -0.04503225 0.01583955 -0.02775111
v -0.04497043 0.01583955 -0.02845780
v -0.04503225 0.01583955 -0.02916449
v -0.04521586 0.01583955 -0.02984971
v -0.04551565 0.01583955 -0.03049263
v -0.04592255 0.01583955 -0.03107373
v -0.04642417 0.01583955 -0.03157535
v -0.04700525 0.01583955 -0.03198224
v -0.04764818 0.01583955 -0.03228204
v -0.04833340 0.01583955 -0.03246564
v -0.04904010 0.01583955 -0.03252747
v -0.04974679 0.01583955 -0.03246564
v -0.05043200 0.01583955 -0.03228204
v -0.05107492 0.01583955 -0.03198224
v -0.05165603 0.01583955 -0.03157535
v -0.05215764 0.01583955 -0.03107373
v -0.05256453 0.01583955 -0.03049263
v -0.05286433 0.01583955 -0.02984971
v -0.05304793 0.01583955 -0.02916449
v -0.05310977 0.01583955 -0.02845780
v -0.05304793 0.01583955 -0.02775111
v -0.05286433 0.01583955 -0.02706589
v -0.05256453 0.01583955 -0.02642296
v -0.05215764 0.01583955 -0.02584186
v -0.05165603 0.01583955 -0.02534025
v -0.05107492 0.01583955 -0.02493336
v -0.05043200 0.01583955 -0.02463356
v -0.04974679 0.01583955 -0.02444996
v -0.04904010 0.01583955 -0.02438813
v -0.04833340 0.01583955 -0.02444996
v -0.04764818 0.01583955 -0.02463356
v -0.04700525 0.01583955 -0.02493336
v -0.04642417 0.01583955 -0.02534025
v -0.04592255 0.01583955 -0.02584186
v -0.04551565 0.01583955 -0.02642296
v -0.04521586 0.01583955 -0.02706589
v -0.05819178 0.01444177 0.02763214
v 0.06423237 0.01224100 0.02983291
v 0.06423237 0.01444177 0.02763214
v -0.05819178 0.01224100 0.02983291
v 0.06423237 0.01269781 0.02971051
v -0.05819178 0.01269781 0.02971051
v 0.06423237 0.01312643 0.02951065
v -0.05819178 0.01312643 0.02951065
v 0.06423237 0.01351383 0.02923938
v -0.05819178 0.01351383 0.02923938
v 0.06423237 0.01384823 0.02890497
v -0.05819178 0.01384823 0.02890497
v 0.06423237 0.01411950 0.02851758
v -0.05819178 0.01411950 0.02851758
v 0.06423237 0.01431937 0.02808895
v -0.05819178 0.01431937 0.02808895
v -0.06079386 0.01176987 0.02792921
v -0.06075433 0.01224100 0.02791754
v -0.06084228 0.01224100 0.02749838
v -0.06063693 0.01269781 0.02788289
v -0.06072086 0.01269781 0.02748292
v -0.06030999 0.01312643 0.02817779
v -0.06049019 0.01269781 0.02826430
v -0.06060053 0.01224100 0.02831725
v -0.06063769 0.01176987 0.02833509
v -0.06044524 0.01312643 0.02782630
v -0.06052259 0.01312643 0.02745769
v -0.05989768 0.01351383 0.02834823
v -0.06012033 0.01312643 0.02850319
v -0.06028438 0.01269781 0.02861735
v -0.06038484 0.01224100 0.02868728
v -0.06041868 0.01176987 0.02871082
v -0.06018508 0.01351383 0.02774948
v -0.06025351 0.01351383 0.02742342
v -0.05944564 0.01384823 0.02837312
v -0.05968606 0.01351383 0.02860555
v -0.05988110 0.01312643 0.02879408
v -0.06002480 0.01269781 0.02893300
v -0.06011281 0.01224100 0.02901808
v -0.06014244 0.01176987 0.02904673
v -0.05986436 0.01384823 0.02765481
v -0.05992177 0.01384823 0.02738121
v -0.05900393 0.01411950 0.02824759
v -0.05923586 0.01384823 0.02855789
v -0.05943606 0.01351383 0.02882576
v -0.05959847 0.01312643 0.02904303
v -0.05971813 0.01269781 0.02920311
v -0.05979140 0.01224100 0.02930116
v -0.05981608 0.01176987 0.02933417
v -0.05949282 0.01411950 0.02754511
v -0.05953747 0.01411950 0.02733231
v -0.05862143 0.01431937 0.02798349
v -0.05881989 0.01411950 0.02836339
v -0.05899926 0.01384823 0.02870677
v -0.05915409 0.01351383 0.02900318
v -0.05927969 0.01312643 0.02924361
v -0.05937224 0.01269781 0.02942076
v -0.05942891 0.01224100 0.02952924
v -0.05944800 0.01176987 0.02956577
v -0.05908174 0.01431937 0.02742376
v -0.05911229 0.01431937 0.02727817
v -0.05834039 0.01444177 0.02760809
v -0.05848449 0.01431937 0.02804157
v -0.05861970 0.01411950 0.02844831
v -0.05874190 0.01384823 0.02881594
v -0.05884740 0.01351383 0.02913326
v -0.05893296 0.01312643 0.02939068
v -0.05899602 0.01269781 0.02958035
v -0.05903463 0.01224100 0.02969648
v -0.05904762 0.01176987 0.02973560
v -0.05865913 0.01444177 0.02722051
v -0.05864362 0.01444177 0.02729442
v -0.05861650 0.01444177 0.02736489
v -0.05902832 0.01431937 0.02756257
v -0.05857847 0.01444177 0.02743014
v -0.05941474 0.01411950 0.02774806
v -0.05895342 0.01431937 0.02769108
v -0.05853050 0.01444177 0.02748847
v -0.05976398 0.01384823 0.02791570
v -0.05930522 0.01411950 0.02793593
v -0.05885895 0.01431937 0.02780596
v -0.05847383 0.01444177 0.02753839
v -0.06006546 0.01351383 0.02806040
v -0.05962319 0.01384823 0.02815721
v -0.05916710 0.01411950 0.02810388
v -0.05874732 0.01431937 0.02790427
v -0.05840991 0.01444177 0.02757860
v -0.05826704 0.01444177 0.02762609
v -0.05834003 0.01431937 0.02807704
v -0.05840852 0.01411950 0.02850014
v -0.05847041 0.01384823 0.02888257
v -0.05852384 0.01351383 0.02921269
v -0.05856718 0.01312643 0.02948045
v -0.05859913 0.01269781 0.02967775
v -0.05861868 0.01224100 0.02979859
v -0.05862526 0.01176987 0.02983927
v 0.06470349 0.01176987 0.02983291
v 0.06469634 0.01224100 0.02979233
v 0.06467509 0.01269781 0.02967178
v 0.06503599 0.01312643 0.02936894
v 0.06510436 0.01269781 0.02955676
v 0.06514621 0.01224100 0.02967178
v 0.06516031 0.01176987 0.02971051
v 0.06464037 0.01312643 0.02947496
v 0.06527155 0.01351383 0.02896094
v 0.06540718 0.01312643 0.02919586
v 0.06550711 0.01269781 0.02936894
v 0.06556831 0.01224100 0.02947496
v 0.06558892 0.01176987 0.02951065
v 0.06459329 0.01351383 0.02920780
v 0.06535336 0.01384823 0.02849695
v 0.06556831 0.01351383 0.02875314
v 0.06574267 0.01312643 0.02896094
v 0.06587114 0.01269781 0.02911404
v 0.06594983 0.01224100 0.02920780
v 0.06597631 0.01176987 0.02923938
v 0.06453519 0.01384823 0.02887847
v 0.06527155 0.01411950 0.02803299
v 0.06556831 0.01384823 0.02828201
v 0.06582449 0.01351383 0.02849695
v 0.06603229 0.01312643 0.02867132
v 0.06618539 0.01269781 0.02879981
v 0.06627914 0.01224100 0.02887847
v 0.06631073 0.01176987 0.02890497
v 0.06446791 0.01411950 0.02849695
v 0.06503599 0.01431937 0.02762500
v 0.06540718 0.01411950 0.02783930
v 0.06574267 0.01384823 0.02803299
v 0.06603229 0.01351383 0.02820021
v 0.06626720 0.01312643 0.02833583
v 0.06644029 0.01269781 0.02843576
v 0.06654628 0.01224100 0.02849695
v 0.06658200 0.01176987 0.02851758
v 0.06439350 0.01431937 0.02807486
v 0.06467509 0.01444177 0.02732215
v 0.06510436 0.01431937 0.02747839
v 0.06550711 0.01411950 0.02762500
v 0.06587114 0.01384823 0.02775749
v 0.06618539 0.01351383 0.02787187
v 0.06644029 0.01312643 0.02796463
v 0.06662811 0.01269781 0.02803299
v 0.06674311 0.01224100 0.02807486
v 0.06678185 0.01176987 0.02808895
v 0.06431417 0.01444177 0.02762500
v 0.06439350 0.01444177 0.02760373
v 0.06454974 0.01431937 0.02803299
v 0.06446791 0.01444177 0.02756902
v 0.06469634 0.01411950 0.02843576
v 0.06469634 0.01431937 0.02796463
v 0.06453519 0.01444177 0.02752192
v 0.06482882 0.01384823 0.02879981
v 0.06491064 0.01411950 0.02833583
v 0.06482882 0.01431937 0.02787187
v 0.06459329 0.01444177 0.02746385
v 0.06494320 0.01351383 0.02911404
v 0.06510436 0.01384823 0.02867132
v 0.06510436 0.01411950 0.02820021
v 0.06494320 0.01431937 0.02775749
v 0.06464037 0.01444177 0.02739659
v 0.06469634 0.01444177 0.02724284
v 0.06514621 0.01431937 0.02732215
v 0.06556831 0.01411950 0.02739659
v 0.06594983 0.01384823 0.02746385
v 0.06627914 0.01351383 0.02752192
v 0.06654628 0.01312643 0.02756902
v 0.06674311 0.01269781 0.02760373
v 0.06686368 0.01224100 0.02762500
v 0.06690426 0.01176987 0.02763214
v 0.06470349 0.01444177 0.02716102
v 0.06516031 0.01431937 0.02716102
v 0.06558892 0.01411950 0.02716102
v 0.06597631 0.01384823 0.02716102
v 0.06631073 0.01351383 0.02716102
v 0.06658200 0.01312643 0.02716102
v 0.06678185 0.01269781 0.02716102
v 0.06690426 0.01224100 0.02716102
v -0.06179139 0.01224100 0.01896562
v -0.06301329 0.01224100 -0.00675289
v -0.06179139 0.01224100 -0.03247141
v -0.06247000 0.01224100 -0.02391290
v -0.06287744 0.01224100 0.00183140
v -0.06247000 0.01224100 0.01040712
v -0.06048197 0.01411950 -0.03234671
v -0.05992177 0.01384824 -0.04088701
v -0.06086762 0.01384824 -0.03238344
v -0.06025351 0.01351383 -0.04092923
v -0.06120053 0.01351383 -0.03241514
v -0.06052259 0.01312643 -0.04096348
v -0.06147056 0.01312643 -0.03244086
v -0.06072086 0.01269781 -0.04098871
v -0.06166953 0.01269781 -0.03245981
v -0.06084228 0.01224100 -0.04100417
v -0.06072954 0.01431937 -0.02380258
v -0.06115730 0.01411950 -0.02382969
v -0.06154392 0.01384824 -0.02385420
v -0.06187766 0.01351383 -0.02387535
v -0.06214837 0.01312643 -0.02389251
v -0.06234784 0.01269781 -0.02390515
v -0.06005529 0.01431937 -0.03230608
v -0.05911229 0.01431937 -0.04078397
v -0.05953747 0.01411950 -0.04083809
v -0.06067777 0.01444177 -0.01526755
v -0.06113436 0.01431937 -0.01528201
v -0.06156276 0.01411950 -0.01529557
v -0.06194997 0.01384824 -0.01530783
v -0.06228421 0.01351383 -0.01531842
v -0.06255533 0.01312643 -0.01532700
v -0.06275510 0.01269781 -0.01533332
v -0.06287744 0.01224100 -0.01533720
v -0.05865913 0.01444177 -0.04072629
v -0.05960053 0.01444177 -0.03226276
v -0.06027364 0.01444177 -0.02377368
v -0.06289089 0.01269781 -0.00675289
v -0.06269103 0.01312643 -0.00675289
v -0.06241977 0.01351383 -0.00675289
v -0.06208536 0.01384824 -0.00675289
v -0.06169796 0.01411950 -0.00675289
v -0.06126934 0.01431937 -0.00675289
v -0.06081253 0.01444177 -0.00675289
v -0.06275510 0.01269781 0.00182754
v -0.06255533 0.01312643 0.00182121
v -0.06228421 0.01351383 0.00181263
v -0.06194997 0.01384824 0.00180204
v -0.06156276 0.01411950 0.00178978
v -0.06113436 0.01431937 0.00177622
v -0.06067777 0.01444177 0.00176176
v -0.06234784 0.01269781 0.01039938
v -0.06214837 0.01312643 0.01038673
v -0.06187766 0.01351383 0.01036957
v -0.06154392 0.01384824 0.01034841
v -0.06115730 0.01411950 0.01032390
v -0.06072954 0.01431937 0.01029679
v -0.06027364 0.01444177 0.01026789
v -0.06166953 0.01269781 0.01895402
v -0.06147056 0.01312643 0.01893508
v -0.06120053 0.01351383 0.01890935
v -0.06086762 0.01384823 0.01887764
v -0.06048197 0.01411950 0.01884092
v -0.06005529 0.01431937 0.01880028
v -0.05960053 0.01444177 0.01875699
v -0.06079386 -0.01264814 0.02792921
v -0.06063769 -0.01264814 0.02833509
v -0.06041868 -0.01264814 0.02871082
v -0.06014244 -0.01264814 0.02904673
v -0.05981608 -0.01264814 0.02933417
v -0.05944800 -0.01264814 0.02956577
v -0.05904762 -0.01264814 0.02973560
v -0.05862526 -0.01264814 0.02983927
v -0.04025664 -0.01349141 0.02973976
v -0.04057921 -0.01307510 0.02984032
v -0.05819178 -0.01307479 0.02983679
v -0.05819178 -0.01311927 0.02983291
v -0.05819178 -0.01348978 0.02973364
v -0.03990884 -0.01388672 0.02957491
v -0.03969400 -0.01409316 0.02944748
v -0.03980247 -0.01398893 0.02951181
v -0.05819178 -0.01424559 0.02934198
v -0.05819178 -0.01357609 0.02971051
v -0.05819178 -0.01388317 0.02956731
v -0.05819178 -0.01400470 0.02951065
v -0.05819178 -0.01484380 0.02873746
v -0.03862154 -0.01485210 0.02874329
v -0.03904943 -0.01460845 0.02903159
v -0.03952958 -0.01425115 0.02934993
v -0.05819178 -0.01439210 0.02923938
v -0.03910704 -0.01457565 0.02907040
v -0.05819178 -0.01456837 0.02906312
v -0.05819178 -0.01472651 0.02890497
v -0.03845469 -0.01491552 0.02863834
v -0.05819178 -0.01499777 0.02851758
v -0.03823397 -0.01499941 0.02849954
v -0.03650381 -0.01531074 0.02767367
v -0.03673684 -0.01529660 0.02774979
v -0.05819178 -0.01532616 0.02756219
v -0.03721222 -0.01524321 0.02794834
v -0.03803869 -0.01507364 0.02837673
v -0.05819178 -0.01506527 0.02837284
v -0.03784832 -0.01511448 0.02827613
v -0.05819178 -0.01519764 0.02808895
v -0.03728777 -0.01523473 0.02797990
v -0.05819178 -0.01522739 0.02797792
v -0.05819178 -0.01532004 0.02763214
v -0.03145960 -0.01536122 0.02716838
v -0.03295643 -0.01536114 0.02718342
v -0.03345804 -0.01536112 0.02718846
v -0.03350618 -0.01536101 0.02719222
v -0.03454798 -0.01535860 0.02727350
v -0.03475011 -0.01535813 0.02728928
v -0.03481697 -0.01535797 0.02729449
v -0.03566443 -0.01534123 0.02746322
v -0.03616386 -0.01533137 0.02756264
v -0.03633226 -0.01532115 0.02761766
v 0.06423237 -0.01522743 0.02797778
v 0.06423237 -0.01532004 0.02763214
v 0.06423237 -0.01506532 0.02837272
v 0.06423237 -0.01519764 0.02808895
v -0.02283176 -0.01485217 0.02874318
v -0.02299847 -0.01491553 0.02863834
v -0.02321920 -0.01499941 0.02849954
v -0.02341467 -0.01507369 0.02837662
v 0.06423237 -0.01484386 0.02873738
v 0.06423237 -0.01499777 0.02851758
v -0.02360484 -0.01511448 0.02827613
v -0.02416570 -0.01523477 0.02797975
v -0.02424093 -0.01524322 0.02794833
v -0.02471687 -0.01529665 0.02774958
v -0.02494935 -0.01531075 0.02767367
v -0.02512090 -0.01532114 0.02761766
v -0.02528988 -0.01533139 0.02756248
v -0.02578816 -0.01534127 0.02746305
v -0.02662729 -0.01535792 0.02729562
v -0.02670475 -0.01535810 0.02728953
v -0.02690504 -0.01535857 0.02727381
v -0.02794552 -0.01536102 0.02719206
v -0.02798754 -0.01536112 0.02718877
v -0.02849654 -0.01536114 0.02718361
v -0.02999354 -0.01536122 0.02716844
v -0.02240373 -0.01460846 0.02903159
v -0.02234622 -0.01457571 0.02907033
v 0.06423237 -0.01472651 0.02890497
v 0.06423237 -0.01456843 0.02906305
v -0.02192366 -0.01425121 0.02934989
v -0.02154437 -0.01388677 0.02957489
v -0.02165069 -0.01398893 0.02951181
v 0.06423237 -0.01424564 0.02934194
v 0.06423237 -0.01439210 0.02923938
v -0.02175916 -0.01409316 0.02944748
v 0.06423237 -0.01400470 0.02951065
v 0.06423237 -0.01388322 0.02956728
v -0.02119656 -0.01349145 0.02973974
v 0.06423237 -0.01357609 0.02971051
v 0.06423237 -0.01348981 0.02973362
v -0.02087395 -0.01307512 0.02984032
v 0.06423237 -0.01311927 0.02983291
v 0.06423237 -0.01307481 0.02983679
v 0.06423237 -0.01532617 0.02756203
v 0.06470349 -0.01264814 0.02983291
v 0.06516031 -0.01264814 0.02971051
v 0.06558892 -0.01264814 0.02951065
v 0.06597631 -0.01264814 0.02923938
v 0.06631073 -0.01264814 0.02890497
v 0.06658200 -0.01264814 0.02851758
v 0.06678185 -0.01264814 0.02808895
v 0.06690426 -0.01264814 0.02763214
v 0.06690426 0.01224100 -0.04066681
v 0.06678185 0.01269781 -0.04066681
v 0.06658200 0.01312643 -0.04066681
v 0.06631073 0.01351383 -0.04066681
v 0.06597631 0.01384824 -0.04066681
v 0.06558892 0.01411950 -0.04066681
v 0.06516031 0.01431937 -0.04066681
v 0.06470349 0.01444177 -0.04066681
v 0.06423237 0.01444177 -0.04113793
v -0.05819178 0.01224100 -0.04333870
v -0.05819178 0.01444177 -0.04113793
v 0.06423237 0.01224100 -0.04333870
v -0.05819178 0.01269781 -0.04321630
v 0.06423237 0.01269781 -0.04321630
v -0.05819178 0.01312643 -0.04301643
v 0.06423237 0.01312643 -0.04301643
v -0.05819178 0.01351383 -0.04274517
v 0.06423237 0.01351383 -0.04274517
v -0.05819178 0.01384824 -0.04241076
v 0.06423237 0.01384824 -0.04241076
v -0.05819178 0.01411950 -0.04202336
v 0.06423237 0.01411950 -0.04202336
v -0.05819178 0.01431937 -0.04159475
v 0.06423237 0.01431937 -0.04159475
v -0.05862526 0.01176987 -0.04334506
v -0.05861868 0.01224100 -0.04330438
v -0.05859913 0.01269781 -0.04318355
v -0.05893296 0.01312643 -0.04289646
v -0.05899602 0.01269781 -0.04308613
v -0.05903463 0.01224100 -0.04320228
v -0.05904762 0.01176987 -0.04324139
v -0.05856718 0.01312643 -0.04298625
v -0.05915409 0.01351383 -0.04250896
v -0.05927969 0.01312643 -0.04274939
v -0.05937224 0.01269781 -0.04292655
v -0.05942891 0.01224100 -0.04303504
v -0.05944800 0.01176987 -0.04307157
v -0.05852384 0.01351383 -0.04271847
v -0.05923586 0.01384824 -0.04206368
v -0.05943606 0.01351383 -0.04233154
v -0.05959847 0.01312643 -0.04254881
v -0.05971813 0.01269781 -0.04270890
v -0.05979140 0.01224100 -0.04280694
v -0.05981608 0.01176987 -0.04283996
v -0.05847041 0.01384824 -0.04238836
v -0.05916710 0.01411950 -0.04160966
v -0.05944564 0.01384824 -0.04187891
v -0.05968606 0.01351383 -0.04211134
v -0.05988110 0.01312643 -0.04229987
v -0.06002480 0.01269781 -0.04243879
v -0.06011281 0.01224100 -0.04252386
v -0.06014244 0.01176987 -0.04255251
v -0.05840852 0.01411950 -0.04200593
v -0.05895342 0.01431937 -0.04119687
v -0.05930522 0.01411950 -0.04144171
v -0.05962319 0.01384824 -0.04166300
v -0.05989768 0.01351383 -0.04185402
v -0.06012033 0.01312643 -0.04200897
v -0.06028438 0.01269781 -0.04212315
v -0.06038484 0.01224100 -0.04219306
v -0.06041868 0.01176987 -0.04221661
v -0.05834003 0.01431937 -0.04158283
v -0.05861650 0.01444177 -0.04087069
v -0.05902832 0.01431937 -0.04106837
v -0.05941474 0.01411950 -0.04125385
v -0.05976398 0.01384824 -0.04142149
v -0.06006546 0.01351383 -0.04156620
v -0.06030999 0.01312643 -0.04168359
v -0.06049019 0.01269781 -0.04177008
v -0.06060053 0.01224100 -0.04182305
v -0.06063769 0.01176987 -0.04184089
v -0.05826704 0.01444177 -0.04113188
v -0.05834039 0.01444177 -0.04111388
v -0.05848449 0.01431937 -0.04154737
v -0.05840991 0.01444177 -0.04108439
v -0.05861970 0.01411950 -0.04195410
v -0.05862143 0.01431937 -0.04148928
v -0.05847383 0.01444177 -0.04104417
v -0.05874190 0.01384824 -0.04232172
v -0.05881989 0.01411950 -0.04186919
v -0.05874732 0.01431937 -0.04141007
v -0.05853050 0.01444177 -0.04099426
v -0.05884740 0.01351383 -0.04263905
v -0.05899926 0.01384824 -0.04221256
v -0.05900393 0.01411950 -0.04175338
v -0.05885895 0.01431937 -0.04131176
v -0.05857847 0.01444177 -0.04093593
v -0.05864362 0.01444177 -0.04080020
v -0.05908174 0.01431937 -0.04092954
v -0.05949282 0.01411950 -0.04105090
v -0.05986436 0.01384824 -0.04116059
v -0.06018508 0.01351383 -0.04125528
v -0.06044524 0.01312643 -0.04133208
v -0.06063693 0.01269781 -0.04138867
v -0.06075433 0.01224100 -0.04142333
v -0.06079386 0.01176987 -0.04143500
v -0.05847041 -0.01472651 0.02888257
v -0.05840852 -0.01499777 0.02850014
v -0.05834039 -0.01532004 0.02760809
v -0.05826704 -0.01532004 0.02762609
v -0.05834003 -0.01519764 0.02807704
v -0.05840991 -0.01532004 0.02757860
v -0.05861650 -0.01532004 0.02736489
v -0.05864362 -0.01532004 0.02729442
v -0.05908174 -0.01519764 0.02742376
v -0.05911229 -0.01519764 0.02727817
v -0.05865913 -0.01532004 0.02722051
v -0.05953747 -0.01499777 0.02733231
v -0.05949282 -0.01499777 0.02754511
v -0.05941474 -0.01499777 0.02774806
v -0.05848449 -0.01519764 0.02804157
v -0.05847383 -0.01532004 0.02753839
v -0.05992177 -0.01472651 0.02738121
v -0.05986436 -0.01472651 0.02765481
v -0.05976398 -0.01472651 0.02791570
v -0.05962319 -0.01472651 0.02815721
v -0.05862143 -0.01519764 0.02798349
v -0.05861970 -0.01499777 0.02844831
v -0.05853050 -0.01532004 0.02748847
v -0.06025351 -0.01439210 0.02742342
v -0.06018508 -0.01439210 0.02774948
v -0.06006546 -0.01439210 0.02806040
v -0.05989768 -0.01439210 0.02834823
v -0.05968606 -0.01439210 0.02860555
v -0.05857847 -0.01532004 0.02743014
v -0.05885895 -0.01519764 0.02780596
v -0.05874732 -0.01519764 0.02790427
v -0.05900393 -0.01499777 0.02824759
v -0.05881989 -0.01499777 0.02836339
v -0.05899926 -0.01472651 0.02870677
v -0.05874190 -0.01472651 0.02881594
v -0.05884740 -0.01439210 0.02913326
v -0.05852384 -0.01439210 0.02921269
v -0.05856718 -0.01400470 0.02948045
v -0.06052259 -0.01400470 0.02745769
v -0.06044524 -0.01400470 0.02782630
v -0.06030999 -0.01400470 0.02817779
v -0.06012033 -0.01400470 0.02850319
v -0.05988110 -0.01400470 0.02879408
v -0.05959847 -0.01400470 0.02904303
v -0.06072086 -0.01357609 0.02748292
v -0.06063693 -0.01357609 0.02788289
v -0.06049019 -0.01357609 0.02826430
v -0.06028438 -0.01357609 0.02861735
v -0.06002480 -0.01357609 0.02893300
v -0.05971813 -0.01357609 0.02920311
v -0.05937224 -0.01357609 0.02942076
v -0.05902832 -0.01519764 0.02756257
v -0.05895342 -0.01519764 0.02769108
v -0.05930522 -0.01499777 0.02793593
v -0.05916710 -0.01499777 0.02810388
v -0.05944564 -0.01472651 0.02837312
v -0.05923586 -0.01472651 0.02855789
v -0.05943606 -0.01439210 0.02882576
v -0.05915409 -0.01439210 0.02900318
v -0.05927969 -0.01400470 0.02924361
v -0.05893296 -0.01400470 0.02939068
v -0.05899602 -0.01357609 0.02958035
v -0.05859913 -0.01357609 0.02967775
v -0.05861868 -0.01311927 0.02979859
v -0.06084228 -0.01311927 0.02749838
v -0.06075433 -0.01311927 0.02791754
v -0.06060053 -0.01311927 0.02831725
v -0.06038484 -0.01311927 0.02868728
v -0.06011281 -0.01311927 0.02901808
v -0.05979140 -0.01311927 0.02930116
v -0.05942891 -0.01311927 0.02952924
v -0.05903463 -0.01311927 0.02969648
v 0.06469634 -0.01311927 0.02979233
v 0.06467509 -0.01357609 0.02967178
v 0.06464037 -0.01400470 0.02947496
v 0.06459329 -0.01439210 0.02920780
v 0.06453519 -0.01472651 0.02887847
v 0.06446791 -0.01499777 0.02849695
v 0.06510436 -0.01519764 0.02747839
v 0.06514621 -0.01519764 0.02732215
v 0.06556831 -0.01499777 0.02739659
v 0.06431417 -0.01532004 0.02762500
v 0.06464037 -0.01532004 0.02739659
v 0.06459329 -0.01532004 0.02746385
v 0.06467509 -0.01532004 0.02732215
v 0.06470349 -0.01532004 0.02716102
v 0.06469634 -0.01532004 0.02724284
v 0.06465647 -0.01532415 0.02716102
v 0.06439350 -0.01519764 0.02807486
v 0.06506905 -0.01522209 0.02716102
v 0.06469634 -0.01499777 0.02843576
v 0.06482882 -0.01472651 0.02879981
v 0.06510436 -0.01472651 0.02867132
v 0.06516031 -0.01519764 0.02716102
v 0.06546043 -0.01505769 0.02716102
v 0.06558892 -0.01499777 0.02716102
v 0.06582141 -0.01483498 0.02716102
v 0.06503599 -0.01519764 0.02762500
v 0.06550711 -0.01499777 0.02762500
v 0.06594983 -0.01472651 0.02746385
v 0.06597631 -0.01472651 0.02716102
v 0.06453519 -0.01532004 0.02752192
v 0.06494320 -0.01439210 0.02911404
v 0.06527155 -0.01439210 0.02896094
v 0.06556831 -0.01439210 0.02875314
v 0.06446791 -0.01532004 0.02756902
v 0.06482882 -0.01519764 0.02787187
v 0.06494320 -0.01519764 0.02775749
v 0.06527155 -0.01499777 0.02803299
v 0.06540718 -0.01499777 0.02783930
v 0.06574267 -0.01472651 0.02803299
v 0.06587114 -0.01472651 0.02775749
v 0.06618539 -0.01439210 0.02787187
v 0.06627914 -0.01439210 0.02752192
v 0.06654628 -0.01400470 0.02756902
v 0.06614353 -0.01455931 0.02716102
v 0.06503599 -0.01400470 0.02936894
v 0.06540718 -0.01400470 0.02919586
v 0.06574267 -0.01400470 0.02896094
v 0.06603229 -0.01400470 0.02867132
v 0.06510436 -0.01357609 0.02955676
v 0.06550711 -0.01357609 0.02936894
v 0.06587114 -0.01357609 0.02911404
v 0.06618539 -0.01357609 0.02879981
v 0.06644029 -0.01357609 0.02843576
v 0.06439350 -0.01532004 0.02760373
v 0.06454974 -0.01519764 0.02803299
v 0.06469634 -0.01519764 0.02796463
v 0.06491064 -0.01499777 0.02833583
v 0.06510436 -0.01499777 0.02820021
v 0.06535336 -0.01472651 0.02849695
v 0.06556831 -0.01472651 0.02828201
v 0.06582449 -0.01439210 0.02849695
v 0.06603229 -0.01439210 0.02820021
v 0.06626720 -0.01400470 0.02833583
v 0.06644029 -0.01400470 0.02796463
v 0.06662811 -0.01357609 0.02803299
v 0.06674311 -0.01357609 0.02760373
v 0.06686368 -0.01311927 0.02762500
v 0.06631073 -0.01439210 0.02716102
v 0.06641921 -0.01423719 0.02716102
v 0.06658200 -0.01400470 0.02716102
v 0.06664190 -0.01387621 0.02716102
v 0.06514621 -0.01311927 0.02967178
v 0.06556831 -0.01311927 0.02947496
v 0.06594983 -0.01311927 0.02920780
v 0.06627914 -0.01311927 0.02887847
v 0.06654628 -0.01311927 0.02849695
v 0.06674311 -0.01311927 0.02807486
v 0.06678185 -0.01357609 0.02716102
v 0.06680631 -0.01348483 0.02716102
v 0.06690426 -0.01311927 0.02716102
v 0.06690837 -0.01307224 0.02716102
v 0.06690426 0.01176987 -0.04113793
v 0.06686368 0.01224100 -0.04113078
v 0.06674311 0.01269781 -0.04110952
v 0.06644029 0.01312643 -0.04147043
v 0.06662811 0.01269781 -0.04153879
v 0.06674311 0.01224100 -0.04158065
v 0.06678185 0.01176987 -0.04159475
v 0.06654628 0.01312643 -0.04107482
v 0.06603229 0.01351383 -0.04170599
v 0.06626720 0.01312643 -0.04184162
v 0.06644029 0.01269781 -0.04194155
v 0.06654628 0.01224100 -0.04200275
v 0.06658200 0.01176987 -0.04202336
v 0.06627914 0.01351383 -0.04102771
v 0.06556831 0.01384824 -0.04178780
v 0.06582449 0.01351383 -0.04200275
v 0.06603229 0.01312643 -0.04217712
v 0.06618539 0.01269781 -0.04230559
v 0.06627914 0.01224100 -0.04238427
v 0.06631073 0.01176987 -0.04241076
v 0.06594983 0.01384824 -0.04096964
v 0.06510436 0.01411950 -0.04170599
v 0.06535336 0.01384824 -0.04200275
v 0.06556831 0.01351383 -0.04225893
v 0.06574267 0.01312643 -0.04246673
v 0.06587114 0.01269781 -0.04261983
v 0.06594983 0.01224100 -0.04271360
v 0.06597631 0.01176987 -0.04274517
v 0.06556831 0.01411950 -0.04090237
v 0.06469634 0.01431937 -0.04147043
v 0.06491064 0.01411950 -0.04184162
v 0.06510436 0.01384824 -0.04217712
v 0.06527155 0.01351383 -0.04246673
v 0.06540718 0.01312643 -0.04270164
v 0.06550711 0.01269781 -0.04287473
v 0.06556831 0.01224100 -0.04298073
v 0.06558892 0.01176987 -0.04301643
v 0.06514621 0.01431937 -0.04082794
v 0.06439350 0.01444177 -0.04110952
v 0.06454974 0.01431937 -0.04153879
v 0.06469634 0.01411950 -0.04194155
v 0.06482882 0.01384824 -0.04230559
v 0.06494320 0.01351383 -0.04261983
v 0.06503599 0.01312643 -0.04287473
v 0.06510436 0.01269781 -0.04306255
v 0.06514621 0.01224100 -0.04317757
v 0.06516031 0.01176987 -0.04321630
v 0.06469634 0.01444177 -0.04074862
v 0.06467509 0.01444177 -0.04082794
v 0.06510436 0.01431937 -0.04098418
v 0.06464037 0.01444177 -0.04090237
v 0.06550711 0.01411950 -0.04113078
v 0.06503599 0.01431937 -0.04113078
v 0.06459329 0.01444177 -0.04096964
v 0.06587114 0.01384824 -0.04126327
v 0.06540718 0.01411950 -0.04134509
v 0.06494320 0.01431937 -0.04126327
v 0.06453519 0.01444177 -0.04102771
v 0.06618539 0.01351383 -0.04137765
v 0.06574267 0.01384824 -0.04153879
v 0.06527155 0.01411950 -0.04153879
v 0.06482882 0.01431937 -0.04137765
v 0.06446791 0.01444177 -0.04107482
v 0.06431417 0.01444177 -0.04113078
v 0.06439350 0.01431937 -0.04158065
v 0.06446791 0.01411950 -0.04200275
v 0.06453519 0.01384824 -0.04238427
v 0.06459329 0.01351383 -0.04271360
v 0.06464037 0.01312643 -0.04298073
v 0.06467509 0.01269781 -0.04317757
v 0.06469634 0.01224100 -0.04329811
v 0.06470349 0.01176987 -0.04333870
v -0.05862526 -0.01264814 -0.04334507
v -0.05904762 -0.01264814 -0.04324139
v -0.05944800 -0.01264814 -0.04307157
v -0.05981608 -0.01264814 -0.04283996
v -0.06014244 -0.01264814 -0.04255251
v -0.06041868 -0.01264814 -0.04221661
v -0.06063769 -0.01264814 -0.04184089
v -0.06079386 -0.01264814 -0.04143500
v -0.05960053 -0.01532004 0.01875699
v -0.05861248 -0.01532415 -0.04072036
v -0.05960053 -0.01532003 -0.03226276
v -0.05865913 -0.01532003 -0.04072630
v -0.05902176 -0.01522209 -0.04077245
v -0.06005529 -0.01519763 -0.03230608
v -0.05911229 -0.01519763 -0.04078398
v -0.05941001 -0.01505769 -0.04082187
v -0.06048197 -0.01499777 -0.03234671
v -0.05953747 -0.01499777 -0.04083809
v -0.06154392 -0.01472651 -0.02385420
v -0.06115730 -0.01499777 -0.02382969
v -0.06072954 -0.01519763 -0.02380258
v -0.06027364 -0.01532003 -0.02377369
v -0.06086762 -0.01472651 -0.03238344
v -0.05992177 -0.01472651 -0.04088701
v -0.05976810 -0.01483498 -0.04086745
v -0.06228421 -0.01439210 -0.01531842
v -0.06194997 -0.01472651 -0.01530784
v -0.06156276 -0.01499777 -0.01529557
v -0.06113436 -0.01519763 -0.01528201
v -0.06067777 -0.01532003 -0.01526756
v -0.06120053 -0.01439210 -0.03241514
v -0.06025351 -0.01439210 -0.04092923
v -0.06008763 -0.01455930 -0.04090812
v -0.06269103 -0.01400470 -0.00675290
v -0.06241977 -0.01439210 -0.00675290
v -0.06208536 -0.01472651 -0.00675290
v -0.06169796 -0.01499777 -0.00675290
v -0.06126934 -0.01519764 -0.00675290
v -0.06081253 -0.01532004 -0.00675290
v -0.06147056 -0.01400470 -0.03244086
v -0.06052259 -0.01400470 -0.04096348
v -0.06036111 -0.01423719 -0.04094292
v -0.06275510 -0.01357609 0.00182754
v -0.06255533 -0.01400470 0.00182121
v -0.06228421 -0.01439210 0.00181263
v -0.06194997 -0.01472651 0.00180204
v -0.06156276 -0.01499777 0.00178978
v -0.06113436 -0.01519764 0.00177622
v -0.06067777 -0.01532004 0.00176176
v -0.06058203 -0.01387620 -0.04097104
v -0.06166953 -0.01357608 -0.03245981
v -0.06072086 -0.01357608 -0.04098871
v -0.06247000 -0.01311927 0.01040712
v -0.06234784 -0.01357609 0.01039938
v -0.06214837 -0.01400470 0.01038673
v -0.06187766 -0.01439210 0.01036957
v -0.06154392 -0.01472651 0.01034841
v -0.06115730 -0.01499777 0.01032390
v -0.06072954 -0.01519764 0.01029679
v -0.06027364 -0.01532004 0.01026789
v -0.06074512 -0.01348483 -0.04099180
v -0.06179139 -0.01311927 -0.03247141
v -0.06084228 -0.01311927 -0.04100417
v -0.06287744 -0.01311927 -0.01533720
v -0.06247000 -0.01311927 -0.02391290
v -0.06234784 -0.01357608 -0.02390516
v -0.06287744 -0.01311927 0.00183140
v -0.06301329 -0.01311927 -0.00675290
v -0.06289089 -0.01357609 -0.00675290
v -0.06275510 -0.01357608 -0.01533332
v -0.06255533 -0.01400470 -0.01532700
v -0.06214837 -0.01400470 -0.02389251
v -0.06187766 -0.01439210 -0.02387536
v -0.06084637 -0.01307224 -0.04100469
v -0.06179139 -0.01311927 0.01896562
v -0.06005529 -0.01519764 0.01880028
v -0.06048197 -0.01499777 0.01884092
v -0.06086762 -0.01472651 0.01887764
v -0.06120053 -0.01439210 0.01890935
v -0.06147056 -0.01400470 0.01893508
v -0.06166953 -0.01357609 0.01895402
v 0.06465647 -0.01532415 -0.04066681
v 0.06690837 -0.01307224 -0.04066681
v 0.06690426 -0.01311927 -0.04066681
v 0.06680631 -0.01348483 -0.04066681
v 0.06678185 -0.01357608 -0.04066681
v 0.06664190 -0.01387620 -0.04066681
v 0.06658200 -0.01400470 -0.04066681
v 0.06641921 -0.01423719 -0.04066681
v 0.06631073 -0.01439210 -0.04066681
v 0.06614353 -0.01455930 -0.04066681
v 0.06597631 -0.01472651 -0.04066681
v 0.06582141 -0.01483498 -0.04066681
v 0.06558892 -0.01499777 -0.04066681
v 0.06546043 -0.01505769 -0.04066681
v 0.06516031 -0.01519763 -0.04066681
v 0.06506905 -0.01522209 -0.04066681
v 0.06470349 -0.01532003 -0.04066681
v 0.06691208 -0.01264814 -0.04109123
v 0.06690107 -0.01264814 -0.04113717
v 0.06681270 -0.01264814 -0.04150521
v 0.06677652 -0.01264814 -0.04159254
v 0.06664977 -0.01264814 -0.04189853
v 0.06657565 -0.01264814 -0.04201948
v 0.06642732 -0.01264814 -0.04226154
v 0.06630445 -0.01264814 -0.04240540
v 0.06615083 -0.01264814 -0.04258527
v 0.06597095 -0.01264814 -0.04273889
v 0.06582709 -0.01264814 -0.04286176
v 0.06558504 -0.01264814 -0.04301009
v 0.06546409 -0.01264814 -0.04308421
v 0.06515809 -0.01264814 -0.04321096
v 0.06507076 -0.01264814 -0.04324713
v 0.06470273 -0.01264814 -0.04333549
v 0.06465678 -0.01264814 -0.04334652
v -0.06076182 -0.01307257 -0.04142554
v -0.06066651 -0.01348654 -0.04139740
v -0.06051025 -0.01387987 -0.04135127
v -0.06029691 -0.01424287 -0.04128829
v -0.06003173 -0.01456660 -0.04121000
v -0.05857440 -0.01532785 -0.04085048
v -0.05854014 -0.01532785 -0.04090925
v -0.05857997 -0.01522847 -0.04140992
v -0.05838829 -0.01532785 -0.04104300
v -0.05869371 -0.01522847 -0.04133835
v -0.05844587 -0.01532785 -0.04100677
v -0.05879457 -0.01522847 -0.04124952
v -0.05894760 -0.01522847 -0.04102962
v -0.05899587 -0.01522847 -0.04090419
v -0.05937309 -0.01506554 -0.04101556
v -0.05849693 -0.01532785 -0.04096180
v -0.05859882 -0.01532785 -0.04078698
v -0.05876209 -0.01506554 -0.04175855
v -0.05892919 -0.01506554 -0.04165340
v -0.05907736 -0.01506554 -0.04152290
v -0.05920277 -0.01506554 -0.04137041
v -0.05893016 -0.01484310 -0.04208029
v -0.05914652 -0.01484310 -0.04194415
v -0.05933834 -0.01484310 -0.04177520
v -0.05950071 -0.01484310 -0.04157776
v -0.05962945 -0.01484310 -0.04135692
v -0.05887993 -0.01522847 -0.04114572
v -0.05930219 -0.01506554 -0.04119983
v -0.05972124 -0.01484310 -0.04111834
v -0.05908006 -0.01456660 -0.04236723
v -0.05879695 -0.01456660 -0.04248732
v -0.05869482 -0.01484310 -0.04218011
v -0.05934033 -0.01456660 -0.04220346
v -0.05957110 -0.01456660 -0.04200020
v -0.05976643 -0.01456660 -0.04176268
v -0.05992130 -0.01456660 -0.04149701
v -0.05858033 -0.01506554 -0.04183565
v -0.05845625 -0.01522847 -0.04146240
v -0.05832566 -0.01532785 -0.04106956
v -0.05888417 -0.01424287 -0.04274969
v -0.05854247 -0.01424287 -0.04283356
v -0.05849830 -0.01456660 -0.04256062
v -0.06017056 -0.01424287 -0.04161666
v -0.05999337 -0.01424287 -0.04192062
v -0.05976990 -0.01424287 -0.04219237
v -0.05950586 -0.01424287 -0.04242492
v -0.05920807 -0.01424287 -0.04261230
v -0.05844657 -0.01484310 -0.04224105
v -0.05838857 -0.01506554 -0.04188271
v -0.05832573 -0.01522847 -0.04149444
v -0.05825959 -0.01532785 -0.04108578
v -0.05857801 -0.01387987 -0.04305315
v -0.05819178 -0.01387987 -0.04308421
v -0.05819178 -0.01424287 -0.04286176
v -0.06037110 -0.01387987 -0.04171292
v -0.06017595 -0.01387987 -0.04204769
v -0.05992983 -0.01387987 -0.04234698
v -0.05963904 -0.01387987 -0.04260310
v -0.05931107 -0.01387987 -0.04280947
v -0.05895434 -0.01387987 -0.04296078
v -0.05819178 -0.01456660 -0.04258527
v -0.05819178 -0.01484310 -0.04226154
v -0.05819178 -0.01506554 -0.04189853
v -0.05819178 -0.01522847 -0.04150521
v -0.05819178 -0.01532785 -0.04109123
v -0.06051797 -0.01348654 -0.04178343
v -0.06030968 -0.01348654 -0.04214076
v -0.06004696 -0.01348654 -0.04246022
v -0.05973659 -0.01348654 -0.04273360
v -0.05938652 -0.01348654 -0.04295387
v -0.05900574 -0.01348654 -0.04311538
v -0.05860405 -0.01348654 -0.04321398
v -0.05819178 -0.01348654 -0.04324713
v -0.06060758 -0.01307257 -0.04182643
v -0.06039126 -0.01307257 -0.04219753
v -0.06011842 -0.01307257 -0.04252929
v -0.05979608 -0.01307257 -0.04281320
v -0.05943253 -0.01307257 -0.04304197
v -0.05903709 -0.01307257 -0.04320970
v -0.05861993 -0.01307257 -0.04331209
v -0.05819178 -0.01307257 -0.04334652
v 0.06469770 -0.01532003 -0.04074051
v 0.06514888 -0.01519763 -0.04081197
v 0.06557222 -0.01499777 -0.04087902
v 0.06423237 -0.01532415 -0.04109091
v 0.06423237 -0.01532003 -0.04113793
v 0.06430608 -0.01532003 -0.04113214
v 0.06423237 -0.01522209 -0.04150350
v 0.06437753 -0.01519763 -0.04158333
v 0.06423237 -0.01519763 -0.04159475
v 0.06444457 -0.01499777 -0.04200666
v 0.06595484 -0.01472651 -0.04093963
v 0.06423237 -0.01505769 -0.04189487
v 0.06423237 -0.01499777 -0.04202336
v 0.06450517 -0.01472651 -0.04238929
v 0.06628515 -0.01439210 -0.04099194
v 0.06423237 -0.01483498 -0.04225585
v 0.06423237 -0.01472651 -0.04241076
v 0.06455749 -0.01439210 -0.04271959
v 0.06423237 -0.01455930 -0.04257797
v 0.06423237 -0.01439210 -0.04274517
v 0.06423237 -0.01423719 -0.04285365
v 0.06459992 -0.01400470 -0.04298751
v 0.06655306 -0.01400470 -0.04103437
v 0.06675047 -0.01357608 -0.04106564
v 0.06423237 -0.01400470 -0.04301643
v 0.06423237 -0.01387620 -0.04307635
v 0.06463119 -0.01357608 -0.04318491
v 0.06687137 -0.01311927 -0.04108479
v 0.06437795 -0.01532003 -0.04111488
v 0.06451911 -0.01519763 -0.04154933
v 0.06465156 -0.01499777 -0.04195697
v 0.06477127 -0.01472651 -0.04232541
v 0.06487461 -0.01439210 -0.04264345
v 0.06495844 -0.01400470 -0.04290144
v 0.06502020 -0.01357608 -0.04309152
v 0.06465033 -0.01311927 -0.04330581
v 0.06505802 -0.01311927 -0.04320793
v 0.06677348 -0.01311927 -0.04149247
v 0.06468043 -0.01532003 -0.04081240
v 0.06511488 -0.01519763 -0.04095356
v 0.06552253 -0.01499777 -0.04108601
v 0.06589096 -0.01472651 -0.04120572
v 0.06620901 -0.01439210 -0.04130906
v 0.06646699 -0.01400470 -0.04139288
v 0.06665707 -0.01357608 -0.04145465
v 0.06661305 -0.01311927 -0.04187983
v 0.06465213 -0.01532003 -0.04088069
v 0.06505918 -0.01519763 -0.04108809
v 0.06544106 -0.01499777 -0.04128267
v 0.06578624 -0.01472651 -0.04145855
v 0.06608419 -0.01439210 -0.04161037
v 0.06632590 -0.01400470 -0.04173351
v 0.06650399 -0.01357608 -0.04182425
v 0.06639398 -0.01311927 -0.04223731
v 0.06461351 -0.01532003 -0.04094373
v 0.06498308 -0.01519763 -0.04121224
v 0.06532984 -0.01499777 -0.04146417
v 0.06564326 -0.01472651 -0.04169188
v 0.06591378 -0.01439210 -0.04188844
v 0.06613327 -0.01400470 -0.04204788
v 0.06629496 -0.01357608 -0.04216537
v 0.06612167 -0.01311927 -0.04255612
v 0.06456549 -0.01532003 -0.04099995
v 0.06488852 -0.01519763 -0.04132296
v 0.06519160 -0.01499777 -0.04162604
v 0.06546552 -0.01472651 -0.04189997
v 0.06570199 -0.01439210 -0.04213643
v 0.06589380 -0.01400470 -0.04232825
v 0.06603512 -0.01357608 -0.04246957
v 0.06580287 -0.01311927 -0.04282842
v 0.06450928 -0.01532003 -0.04104796
v 0.06477779 -0.01519763 -0.04141753
v 0.06502974 -0.01499777 -0.04176429
v 0.06525744 -0.01472651 -0.04207770
v 0.06545400 -0.01439210 -0.04234824
v 0.06561345 -0.01400470 -0.04256770
v 0.06573091 -0.01357608 -0.04272939
v 0.06544539 -0.01311927 -0.04304748
v 0.06444627 -0.01532003 -0.04108659
v 0.06465364 -0.01519763 -0.04149361
v 0.06484824 -0.01499777 -0.04187551
v 0.06502411 -0.01472651 -0.04222069
v 0.06517593 -0.01439210 -0.04251865
v 0.06529908 -0.01400470 -0.04276034
v 0.06538981 -0.01357608 -0.04293842
v 0.06423237 -0.01357608 -0.04321630
v 0.06423237 -0.01348483 -0.04324075
v 0.06423237 -0.01311927 -0.04333870
v 0.06423237 -0.01307224 -0.04334282
v -0.03349372 -0.01772195 0.02944718
v -0.03637457 -0.01539565 0.02767020
v -0.03457299 -0.01543618 0.02728756
v -0.02299691 -0.01527216 0.02944718
v -0.02306076 -0.01519446 0.02903087
v -0.02316540 -0.01506711 0.02863558
v -0.02476931 -0.01591753 0.02827113
v -0.02491182 -0.01567706 0.02794665
v -0.02465461 -0.01611108 0.02863558
v -0.02507859 -0.01539565 0.02767020
v -0.02673220 -0.01580439 0.02744865
v -0.02659552 -0.01614449 0.02767020
v -0.02688018 -0.01543618 0.02728756
v -0.02847709 -0.01550392 0.02719092
v -0.02838227 -0.01591024 0.02728756
v -0.02997088 -0.01573404 0.02719092
v -0.03148228 -0.01573404 0.02719092
v -0.03297606 -0.01550392 0.02719092
v -0.03307090 -0.01591024 0.02728756
v -0.03472096 -0.01580439 0.02744865
v -0.03485765 -0.01614449 0.02767020
v -0.03654134 -0.01567706 0.02794665
v -0.03668385 -0.01591753 0.02827113
v -0.03679855 -0.01611108 0.02863558
v -0.03839241 -0.01519446 0.02903087
v -0.03828776 -0.01506711 0.02863558
v -0.03845625 -0.01527216 0.02944718
v -0.02451930 -0.01633939 0.02944718
v -0.02618644 -0.01716238 0.02944718
v -0.02795944 -0.01772195 0.02944718
v -0.02979697 -0.01800503 0.02944718
v -0.03526673 -0.01716238 0.02944718
v -0.02457058 -0.01625288 0.02903087
v -0.03688259 -0.01625288 0.02903087
v -0.03693385 -0.01633939 0.02944718
v -0.02647354 -0.01644801 0.02794665
v -0.02636930 -0.01670737 0.02827113
v -0.02628540 -0.01691613 0.02863558
v -0.02622394 -0.01706907 0.02903087
v -0.03497963 -0.01644801 0.02794665
v -0.03508386 -0.01670737 0.02827113
v -0.03516776 -0.01691613 0.02863558
v -0.03522922 -0.01706907 0.02903087
v -0.02829207 -0.01629669 0.02744865
v -0.02820877 -0.01665363 0.02767020
v -0.02813443 -0.01697218 0.02794665
v -0.02807090 -0.01724440 0.02827113
v -0.02801976 -0.01746349 0.02863558
v -0.02798230 -0.01762401 0.02903087
v -0.03316109 -0.01629669 0.02744865
v -0.03324440 -0.01665363 0.02767020
v -0.03331874 -0.01697218 0.02794665
v -0.03338227 -0.01724440 0.02827113
v -0.03343340 -0.01746349 0.02863558
v -0.03347086 -0.01762401 0.02903087
v -0.02993902 -0.01615006 0.02728756
v -0.02990872 -0.01654574 0.02744865
v -0.02988074 -0.01691121 0.02767020
v -0.02985576 -0.01723737 0.02794665
v -0.02983441 -0.01751608 0.02827113
v -0.02981724 -0.01774040 0.02863558
v -0.02980465 -0.01790475 0.02903087
v -0.03151414 -0.01615006 0.02728756
v -0.03154444 -0.01654574 0.02744865
v -0.03157242 -0.01691121 0.02767020
v -0.03159740 -0.01723737 0.02794665
v -0.03161874 -0.01751608 0.02827113
v -0.03163592 -0.01774040 0.02863558
v -0.03164851 -0.01790475 0.02903087
v -0.03165618 -0.01800503 0.02944718
v 0.06084098 0.01717549 -0.03954582
v -0.02462208 0.01607511 -0.04064620
v -0.02462208 0.01717549 -0.03954582
v 0.06084098 0.01607511 -0.04064620
v -0.02462208 0.01630351 -0.04058500
v 0.06084098 0.01630351 -0.04058500
v -0.02462208 0.01651782 -0.04048507
v 0.06084098 0.01651782 -0.04048507
v -0.02462208 0.01671153 -0.04034944
v 0.06084098 0.01671153 -0.04034944
v -0.02462208 0.01687872 -0.04018223
v 0.06084098 0.01687872 -0.04018223
v -0.02462208 0.01701436 -0.03998853
v 0.06084098 0.01701436 -0.03998853
v -0.02462208 0.01711429 -0.03977422
v 0.06084098 0.01711429 -0.03977422
v 0.06126218 0.01607511 -0.04061305
v 0.06167299 0.01607511 -0.04051442
v 0.06206334 0.01607511 -0.04035273
v 0.06242359 0.01607511 -0.04013197
v 0.06274486 0.01607511 -0.03985758
v 0.06301925 0.01607511 -0.03953631
v 0.06324001 0.01607511 -0.03917607
v 0.06340170 0.01607511 -0.03878572
v 0.06350032 0.01607511 -0.03837489
v 0.06353348 0.01607511 -0.03795369
v 0.06125260 0.01630351 -0.04055260
v 0.06165409 0.01630351 -0.04045621
v 0.06203557 0.01630351 -0.04029820
v 0.06238761 0.01630351 -0.04008247
v 0.06270158 0.01630351 -0.03981431
v 0.06296974 0.01630351 -0.03950034
v 0.06318548 0.01630351 -0.03914828
v 0.06334349 0.01630351 -0.03876681
v 0.06343988 0.01630351 -0.03836532
v 0.06347228 0.01630351 -0.03795369
v 0.06123698 0.01651782 -0.04045390
v 0.06162322 0.01651782 -0.04036117
v 0.06199019 0.01651782 -0.04020916
v 0.06232888 0.01651782 -0.04000162
v 0.06263092 0.01651782 -0.03974364
v 0.06288889 0.01651782 -0.03944160
v 0.06309646 0.01651782 -0.03910291
v 0.06324845 0.01651782 -0.03873593
v 0.06334118 0.01651782 -0.03834969
v 0.06337234 0.01651782 -0.03795369
v 0.06121576 0.01671153 -0.04031994
v 0.06158130 0.01671153 -0.04023218
v 0.06192861 0.01671153 -0.04008831
v 0.06224915 0.01671153 -0.03989189
v 0.06253503 0.01671153 -0.03964774
v 0.06277916 0.01671153 -0.03936187
v 0.06297559 0.01671153 -0.03904134
v 0.06311945 0.01671153 -0.03869402
v 0.06320722 0.01671153 -0.03832847
v 0.06323671 0.01671153 -0.03795369
v 0.06118959 0.01687872 -0.04015479
v 0.06152964 0.01687872 -0.04007316
v 0.06185271 0.01687872 -0.03993933
v 0.06215087 0.01687872 -0.03975662
v 0.06241679 0.01687872 -0.03952951
v 0.06264389 0.01687872 -0.03926359
v 0.06282660 0.01687872 -0.03896543
v 0.06296042 0.01687872 -0.03864235
v 0.06304207 0.01687872 -0.03830231
v 0.06306949 0.01687872 -0.03795369
v 0.06115930 0.01701436 -0.03996348
v 0.06146978 0.01701436 -0.03988894
v 0.06176478 0.01701436 -0.03976674
v 0.06203701 0.01701436 -0.03959991
v 0.06227981 0.01701436 -0.03939254
v 0.06248719 0.01701436 -0.03914974
v 0.06265402 0.01701436 -0.03887749
v 0.06277621 0.01701436 -0.03858249
v 0.06285076 0.01701436 -0.03827201
v 0.06287581 0.01701436 -0.03795369
v 0.06112577 0.01711429 -0.03975181
v 0.06140354 0.01711429 -0.03968512
v 0.06166747 0.01711429 -0.03957580
v 0.06191105 0.01711429 -0.03942653
v 0.06212829 0.01711429 -0.03924100
v 0.06231382 0.01711429 -0.03902377
v 0.06246307 0.01711429 -0.03878020
v 0.06257240 0.01711429 -0.03851627
v 0.06263908 0.01711429 -0.03823849
v 0.06266149 0.01711429 -0.03795369
v 0.06109004 0.01717549 -0.03952621
v 0.06133297 0.01717549 -0.03946789
v 0.06156378 0.01717549 -0.03937228
v 0.06177679 0.01717549 -0.03924175
v 0.06196677 0.01717549 -0.03907949
v 0.06212904 0.01717549 -0.03888952
v 0.06225955 0.01717549 -0.03867650
v 0.06235518 0.01717549 -0.03844569
v 0.06241348 0.01717549 -0.03820276
v 0.06243309 0.01717549 -0.03795369
v -0.02731458 0.01607511 -0.03795369
v -0.02728143 0.01607511 -0.03837489
v -0.02718280 0.01607511 -0.03878572
v -0.02702111 0.01607511 -0.03917607
v -0.02680036 0.01607511 -0.03953631
v -0.02652596 0.01607511 -0.03985758
v -0.02620469 0.01607511 -0.04013197
v -0.02584445 0.01607511 -0.04035273
v -0.02545411 0.01607511 -0.04051442
v -0.02504328 0.01607511 -0.04061305
v -0.02725338 0.01630351 -0.03795369
v -0.02722098 0.01630351 -0.03836532
v -0.02712459 0.01630351 -0.03876681
v -0.02696658 0.01630351 -0.03914828
v -0.02675084 0.01630351 -0.03950034
v -0.02648269 0.01630351 -0.03981431
v -0.02616872 0.01630351 -0.04008247
v -0.02581666 0.01630351 -0.04029820
v -0.02543519 0.01630351 -0.04045621
v -0.02503370 0.01630351 -0.04055260
v -0.02715344 0.01651782 -0.03795369
v -0.02712228 0.01651782 -0.03834969
v -0.02702955 0.01651782 -0.03873593
v -0.02687754 0.01651782 -0.03910291
v -0.02667000 0.01651782 -0.03944160
v -0.02641203 0.01651782 -0.03974364
v -0.02610998 0.01651782 -0.04000162
v -0.02577129 0.01651782 -0.04020916
v -0.02540431 0.01651782 -0.04036117
v -0.02501807 0.01651782 -0.04045390
v -0.02701782 0.01671153 -0.03795369
v -0.02698832 0.01671153 -0.03832847
v -0.02690056 0.01671153 -0.03869402
v -0.02675669 0.01671153 -0.03904134
v -0.02656027 0.01671153 -0.03936187
v -0.02631612 0.01671153 -0.03964774
v -0.02603026 0.01671153 -0.03989189
v -0.02570972 0.01671153 -0.04008831
v -0.02536240 0.01671153 -0.04023218
v -0.02499685 0.01671153 -0.04031994
v -0.02685061 0.01687872 -0.03795369
v -0.02682317 0.01687872 -0.03830231
v -0.02674154 0.01687872 -0.03864235
v -0.02660772 0.01687872 -0.03896543
v -0.02642500 0.01687872 -0.03926359
v -0.02619788 0.01687872 -0.03952951
v -0.02593197 0.01687872 -0.03975662
v -0.02563381 0.01687872 -0.03993933
v -0.02531073 0.01687872 -0.04007316
v -0.02497069 0.01687872 -0.04015479
v -0.02665691 0.01701436 -0.03795369
v -0.02663186 0.01701436 -0.03827201
v -0.02655732 0.01701436 -0.03858249
v -0.02643513 0.01701436 -0.03887749
v -0.02626829 0.01701436 -0.03914974
v -0.02606092 0.01701436 -0.03939254
v -0.02581812 0.01701436 -0.03959991
v -0.02554587 0.01701436 -0.03976674
v -0.02525087 0.01701436 -0.03988894
v -0.02494039 0.01701436 -0.03996348
v -0.02644260 0.01711429 -0.03795369
v -0.02642019 0.01711429 -0.03823849
v -0.02635350 0.01711429 -0.03851627
v -0.02624418 0.01711429 -0.03878020
v -0.02609491 0.01711429 -0.03902377
v -0.02590938 0.01711429 -0.03924100
v -0.02569215 0.01711429 -0.03942653
v -0.02544858 0.01711429 -0.03957580
v -0.02518465 0.01711429 -0.03968512
v -0.02490687 0.01711429 -0.03975181
v -0.02621420 0.01717549 -0.03795369
v -0.02619460 0.01717549 -0.03820276
v -0.02613627 0.01717549 -0.03844569
v -0.02604067 0.01717549 -0.03867650
v -0.02591013 0.01717549 -0.03888952
v -0.02574787 0.01717549 -0.03907949
v -0.02555790 0.01717549 -0.03924175
v -0.02534488 0.01717549 -0.03937228
v -0.02511407 0.01717549 -0.03946789
v -0.02487114 0.01717549 -0.03952621
v 0.05788369 0.01607511 -0.03797430
v -0.02166479 0.01607511 -0.03797430
v 0.05788369 0.01630351 -0.03803550
v -0.02166479 0.01630351 -0.03803550
v 0.05788369 0.01651782 -0.03813544
v -0.02166479 0.01651782 -0.03813544
v 0.05788369 0.01671153 -0.03827107
v -0.02166479 0.01671153 -0.03827107
v 0.05788369 0.01687872 -0.03843828
v -0.02166479 0.01687872 -0.03843828
v 0.05788369 0.01701436 -0.03863197
v -0.02166479 0.01701436 -0.03863197
v 0.05788369 0.01711429 -0.03884628
v -0.02166479 0.01711429 -0.03884628
v 0.05788369 0.01717549 -0.03907469
v -0.02166479 0.01717549 -0.03907469
v 0.06353348 0.01607511 0.02444791
v 0.06347228 0.01630351 0.02444791
v 0.06337234 0.01651782 0.02444791
v 0.06323671 0.01671152 0.02444791
v 0.06306949 0.01687872 0.02444791
v 0.06287581 0.01701435 0.02444791
v 0.06266149 0.01711429 0.02444791
v 0.06243309 0.01717549 0.02444791
v -0.02731458 0.01607511 0.02444791
v -0.02725338 0.01630351 0.02444791
v -0.02715344 0.01651782 0.02444791
v -0.02701782 0.01671152 0.02444791
v -0.02685061 0.01687872 0.02444791
v -0.02665691 0.01701435 0.02444791
v -0.02644260 0.01711429 0.02444791
v -0.02621420 0.01717549 0.02444791
v -0.02482061 0.01717549 -0.03591886
v -0.02478176 0.01717549 -0.03641254
v -0.02466615 0.01717549 -0.03689406
v -0.02447665 0.01717549 -0.03735157
v -0.02421790 0.01717549 -0.03777381
v -0.02389629 0.01717549 -0.03815037
v -0.02351973 0.01717549 -0.03847198
v -0.02309750 0.01717549 -0.03873072
v -0.02263998 0.01717549 -0.03892023
v -0.02215847 0.01717549 -0.03903583
v -0.02459221 0.01711429 -0.03591886
v -0.02455616 0.01711429 -0.03637681
v -0.02444893 0.01711429 -0.03682348
v -0.02427314 0.01711429 -0.03724788
v -0.02403312 0.01711429 -0.03763955
v -0.02373478 0.01711429 -0.03798886
v -0.02338548 0.01711429 -0.03828719
v -0.02299381 0.01711429 -0.03852721
v -0.02256940 0.01711429 -0.03870300
v -0.02212273 0.01711429 -0.03881024
v -0.02437789 0.01701436 -0.03591886
v -0.02434449 0.01701436 -0.03634328
v -0.02424511 0.01701436 -0.03675726
v -0.02408218 0.01701436 -0.03715058
v -0.02385974 0.01701436 -0.03751359
v -0.02358324 0.01701436 -0.03783732
v -0.02325951 0.01701436 -0.03811381
v -0.02289651 0.01701436 -0.03833626
v -0.02250318 0.01701436 -0.03849918
v -0.02208921 0.01701436 -0.03859857
v -0.02418420 0.01687872 -0.03591886
v -0.02415317 0.01687872 -0.03631298
v -0.02406089 0.01687872 -0.03669740
v -0.02390960 0.01687872 -0.03706265
v -0.02370303 0.01687872 -0.03739973
v -0.02344628 0.01687872 -0.03770036
v -0.02314566 0.01687872 -0.03795711
v -0.02280857 0.01687872 -0.03816367
v -0.02244332 0.01687872 -0.03831496
v -0.02205891 0.01687872 -0.03840725
v -0.02401699 0.01671153 -0.03591886
v -0.02398803 0.01671153 -0.03628683
v -0.02390186 0.01671153 -0.03664573
v -0.02376061 0.01671153 -0.03698674
v -0.02356776 0.01671153 -0.03730145
v -0.02332804 0.01671153 -0.03758212
v -0.02304738 0.01671153 -0.03782184
v -0.02273266 0.01671153 -0.03801470
v -0.02239166 0.01671153 -0.03815594
v -0.02203275 0.01671153 -0.03824211
v -0.02388136 0.01651782 -0.03591886
v -0.02385407 0.01651782 -0.03626561
v -0.02377287 0.01651782 -0.03660382
v -0.02363977 0.01651782 -0.03692516
v -0.02345803 0.01651782 -0.03722173
v -0.02323214 0.01651782 -0.03748622
v -0.02296766 0.01651782 -0.03771211
v -0.02267109 0.01651782 -0.03789385
v -0.02234974 0.01651782 -0.03802695
v -0.02201153 0.01651782 -0.03810815
v -0.02378143 0.01630351 -0.03591886
v -0.02375537 0.01630351 -0.03624998
v -0.02367783 0.01630351 -0.03657294
v -0.02355073 0.01630351 -0.03687980
v -0.02337718 0.01630351 -0.03716299
v -0.02316148 0.01630351 -0.03741555
v -0.02290891 0.01630351 -0.03763126
v -0.02262572 0.01630351 -0.03780480
v -0.02231886 0.01630351 -0.03793191
v -0.02199590 0.01630351 -0.03800945
v -0.02372023 0.01607511 -0.03591886
v -0.02369493 0.01607511 -0.03624040
v -0.02361963 0.01607511 -0.03655403
v -0.02349620 0.01607511 -0.03685201
v -0.02332767 0.01607511 -0.03712702
v -0.02311820 0.01607511 -0.03737228
v -0.02287294 0.01607511 -0.03758175
v -0.02259793 0.01607511 -0.03775027
v -0.02229995 0.01607511 -0.03787370
v -0.02198633 0.01607511 -0.03794900
v 0.05837737 0.01717549 -0.03903583
v 0.05885889 0.01717549 -0.03892023
v 0.05931639 0.01717549 -0.03873072
v 0.05973863 0.01717549 -0.03847198
v 0.06011518 0.01717549 -0.03815037
v 0.06043679 0.01717549 -0.03777381
v 0.06069554 0.01717549 -0.03735157
v 0.06088505 0.01717549 -0.03689406
v 0.06100066 0.01717549 -0.03641254
v 0.06103951 0.01717549 -0.03591886
v 0.05834163 0.01711429 -0.03881024
v 0.05878830 0.01711429 -0.03870300
v 0.05921270 0.01711429 -0.03852721
v 0.05960437 0.01711429 -0.03828719
v 0.05995367 0.01711429 -0.03798886
v 0.06025202 0.01711429 -0.03763955
v 0.06049202 0.01711429 -0.03724788
v 0.06066782 0.01711429 -0.03682348
v 0.06077507 0.01711429 -0.03637681
v 0.06081110 0.01711429 -0.03591886
v 0.05830811 0.01701436 -0.03859857
v 0.05872207 0.01701436 -0.03849918
v 0.05911541 0.01701436 -0.03833626
v 0.05947841 0.01701436 -0.03811381
v 0.05980215 0.01701436 -0.03783732
v 0.06007864 0.01701436 -0.03751359
v 0.06030108 0.01701436 -0.03715058
v 0.06046401 0.01701436 -0.03675726
v 0.06056340 0.01701436 -0.03634328
v 0.06059679 0.01701436 -0.03591886
v 0.05827781 0.01687872 -0.03840725
v 0.05866222 0.01687872 -0.03831496
v 0.05902747 0.01687872 -0.03816367
v 0.05936456 0.01687872 -0.03795711
v 0.05966517 0.01687872 -0.03770036
v 0.05992193 0.01687872 -0.03739973
v 0.06012849 0.01687872 -0.03706265
v 0.06027979 0.01687872 -0.03669740
v 0.06037206 0.01687872 -0.03631298
v 0.06040310 0.01687872 -0.03591886
v 0.05825165 0.01671153 -0.03824211
v 0.05861055 0.01671153 -0.03815594
v 0.05895156 0.01671153 -0.03801470
v 0.05926627 0.01671153 -0.03782184
v 0.05954694 0.01671153 -0.03758212
v 0.05978667 0.01671153 -0.03730145
v 0.05997951 0.01671153 -0.03698674
v 0.06012076 0.01671153 -0.03664573
v 0.06020692 0.01671153 -0.03628683
v 0.06023588 0.01671153 -0.03591886
v 0.05823044 0.01651782 -0.03810815
v 0.05856864 0.01651782 -0.03802695
v 0.05888997 0.01651782 -0.03789385
v 0.05918655 0.01651782 -0.03771211
v 0.05945104 0.01651782 -0.03748622
v 0.05967693 0.01651782 -0.03722173
v 0.05985867 0.01651782 -0.03692516
v 0.05999177 0.01651782 -0.03660382
v 0.06007297 0.01651782 -0.03626561
v 0.06010026 0.01651782 -0.03591886
v 0.05821481 0.01630351 -0.03800945
v 0.05853777 0.01630351 -0.03793191
v 0.05884461 0.01630351 -0.03780480
v 0.05912782 0.01630351 -0.03763126
v 0.05938038 0.01630351 -0.03741555
v 0.05959608 0.01630351 -0.03716299
v 0.05976962 0.01630351 -0.03687980
v 0.05989674 0.01630351 -0.03657294
v 0.05997428 0.01630351 -0.03624998
v 0.06000032 0.01630351 -0.03591886
v 0.05820522 0.01607511 -0.03794900
v 0.05851885 0.01607511 -0.03787370
v 0.05881684 0.01607511 -0.03775027
v 0.05909184 0.01607511 -0.03758175
v 0.05933709 0.01607511 -0.03737228
v 0.05954657 0.01607511 -0.03712702
v 0.05971510 0.01607511 -0.03685201
v 0.05983853 0.01607511 -0.03655403
v 0.05991382 0.01607511 -0.03624040
v 0.05993913 0.01607511 -0.03591886
v 0.06350032 0.01607511 0.02486910
v 0.06340170 0.01607511 0.02527994
v 0.06324001 0.01607511 0.02567027
v 0.06301925 0.01607511 0.02603051
v 0.06274486 0.01607511 0.02635179
v 0.06242359 0.01607511 0.02662620
v 0.06206334 0.01607511 0.02684694
v 0.06167299 0.01607511 0.02700863
v 0.06126218 0.01607511 0.02710726
v 0.06084098 0.01607511 0.02714041
v 0.06343988 0.01630351 0.02485953
v 0.06334349 0.01630351 0.02526103
v 0.06318548 0.01630351 0.02564250
v 0.06296974 0.01630351 0.02599454
v 0.06270158 0.01630351 0.02630851
v 0.06238761 0.01630351 0.02657667
v 0.06203557 0.01630351 0.02679242
v 0.06165409 0.01630351 0.02695043
v 0.06125260 0.01630351 0.02704681
v 0.06084098 0.01630351 0.02707921
v 0.06334118 0.01651782 0.02484390
v 0.06324845 0.01651782 0.02523014
v 0.06309646 0.01651782 0.02559712
v 0.06288889 0.01651782 0.02593581
v 0.06263092 0.01651782 0.02623785
v 0.06232888 0.01651782 0.02649583
v 0.06199019 0.01651782 0.02670337
v 0.06162322 0.01651782 0.02685538
v 0.06123698 0.01651782 0.02694811
v 0.06084098 0.01651782 0.02697926
v 0.06320722 0.01671152 0.02482269
v 0.06311945 0.01671152 0.02518823
v 0.06297559 0.01671152 0.02553555
v 0.06277916 0.01671152 0.02585608
v 0.06253503 0.01671152 0.02614195
v 0.06224915 0.01671152 0.02638609
v 0.06192861 0.01671152 0.02658252
v 0.06158130 0.01671152 0.02672639
v 0.06121576 0.01671152 0.02681415
v 0.06084098 0.01671152 0.02684364
v 0.06304207 0.01687872 0.02479653
v 0.06296042 0.01687872 0.02513656
v 0.06282660 0.01687872 0.02545964
v 0.06264389 0.01687872 0.02575782
v 0.06241679 0.01687872 0.02602372
v 0.06215087 0.01687872 0.02625084
v 0.06185271 0.01687872 0.02643354
v 0.06152964 0.01687872 0.02656737
v 0.06118959 0.01687872 0.02664900
v 0.06084098 0.01687872 0.02667644
v 0.06285076 0.01701435 0.02476623
v 0.06277621 0.01701435 0.02507670
v 0.06265402 0.01701435 0.02537170
v 0.06248719 0.01701435 0.02564395
v 0.06227981 0.01701435 0.02588675
v 0.06203701 0.01701435 0.02609412
v 0.06176478 0.01701435 0.02626096
v 0.06146978 0.01701435 0.02638315
v 0.06115930 0.01701435 0.02645769
v 0.06084098 0.01701435 0.02648274
v 0.06263908 0.01711429 0.02473270
v 0.06257240 0.01711429 0.02501048
v 0.06246307 0.01711429 0.02527441
v 0.06231382 0.01711429 0.02551798
v 0.06212829 0.01711429 0.02573521
v 0.06191105 0.01711429 0.02592074
v 0.06166747 0.01711429 0.02607000
v 0.06140354 0.01711429 0.02617932
v 0.06112577 0.01711429 0.02624603
v 0.06084098 0.01711429 0.02626844
v 0.06241348 0.01717549 0.02469697
v 0.06235518 0.01717549 0.02493990
v 0.06225955 0.01717549 0.02517071
v 0.06212904 0.01717549 0.02538374
v 0.06196677 0.01717549 0.02557370
v 0.06177679 0.01717549 0.02573596
v 0.06156378 0.01717549 0.02586650
v 0.06133297 0.01717549 0.02596210
v 0.06109004 0.01717549 0.02602043
v 0.06084098 0.01717549 0.02604003
v -0.02462208 0.01607511 0.02714041
v -0.02504328 0.01607511 0.02710726
v -0.02545411 0.01607511 0.02700863
v -0.02584445 0.01607511 0.02684694
v -0.02620469 0.01607511 0.02662620
v -0.02652596 0.01607511 0.02635179
v -0.02680036 0.01607511 0.02603051
v -0.02702111 0.01607511 0.02567027
v -0.02718280 0.01607511 0.02527994
v -0.02728143 0.01607511 0.02486910
v -0.02462208 0.01630351 0.02707921
v -0.02503370 0.01630351 0.02704681
v -0.02543519 0.01630351 0.02695043
v -0.02581666 0.01630351 0.02679242
v -0.02616872 0.01630351 0.02657667
v -0.02648269 0.01630351 0.02630851
v -0.02675084 0.01630351 0.02599454
v -0.02696658 0.01630351 0.02564250
v -0.02712459 0.01630351 0.02526103
v -0.02722098 0.01630351 0.02485953
v -0.02462208 0.01651782 0.02697926
v -0.02501807 0.01651782 0.02694811
v -0.02540431 0.01651782 0.02685538
v -0.02577129 0.01651782 0.02670337
v -0.02610998 0.01651782 0.02649583
v -0.02641203 0.01651782 0.02623785
v -0.02667000 0.01651782 0.02593581
v -0.02687754 0.01651782 0.02559712
v -0.02702955 0.01651782 0.02523014
v -0.02712228 0.01651782 0.02484390
v -0.02462208 0.01671152 0.02684364
v -0.02499685 0.01671152 0.02681415
v -0.02536240 0.01671152 0.02672639
v -0.02570972 0.01671152 0.02658252
v -0.02603026 0.01671152 0.02638609
v -0.02631612 0.01671152 0.02614195
v -0.02656027 0.01671152 0.02585608
v -0.02675669 0.01671152 0.02553555
v -0.02690056 0.01671152 0.02518823
v -0.02698832 0.01671152 0.02482269
v -0.02462208 0.01687872 0.02667644
v -0.02497069 0.01687872 0.02664900
v -0.02531073 0.01687872 0.02656737
v -0.02563381 0.01687872 0.02643354
v -0.02593197 0.01687872 0.02625084
v -0.02619788 0.01687872 0.02602372
v -0.02642500 0.01687872 0.02575782
v -0.02660772 0.01687872 0.02545964
v -0.02674154 0.01687872 0.02513656
v -0.02682317 0.01687872 0.02479653
v -0.02462208 0.01701435 0.02648274
v -0.02494039 0.01701435 0.02645769
v -0.02525087 0.01701435 0.02638315
v -0.02554587 0.01701435 0.02626096
v -0.02581812 0.01701435 0.02609412
v -0.02606092 0.01701435 0.02588675
v -0.02626829 0.01701435 0.02564395
v -0.02643513 0.01701435 0.02537170
v -0.02655732 0.01701435 0.02507670
v -0.02663186 0.01701435 0.02476623
v -0.02462208 0.01711429 0.02626844
v -0.02490687 0.01711429 0.02624603
v -0.02518465 0.01711429 0.02617932
v -0.02544858 0.01711429 0.02607000
v -0.02569215 0.01711429 0.02592074
v -0.02590938 0.01711429 0.02573521
v -0.02609491 0.01711429 0.02551798
v -0.02624418 0.01711429 0.02527441
v -0.02635350 0.01711429 0.02501048
v -0.02642019 0.01711429 0.02473270
v -0.02462208 0.01717549 0.02604003
v -0.02487114 0.01717549 0.02602043
v -0.02511407 0.01717549 0.02596210
v -0.02534488 0.01717549 0.02586650
v -0.02555790 0.01717549 0.02573596
v -0.02574787 0.01717549 0.02557370
v -0.02591013 0.01717549 0.02538374
v -0.02604067 0.01717549 0.02517071
v -0.02613627 0.01717549 0.02493990
v -0.02619460 0.01717549 0.02469697
v -0.02372023 0.01607511 0.02241306
v -0.02378143 0.01630351 0.02241306
v -0.02388136 0.01651782 0.02241306
v -0.02401699 0.01671152 0.02241306
v -0.02418420 0.01687872 0.02241306
v -0.02437789 0.01701435 0.02241306
v -0.02459221 0.01711429 0.02241306
v -0.02482061 0.01717549 0.02241306
v 0.05993913 0.01607511 0.02241306
v 0.06000032 0.01630351 0.02241306
v 0.06010026 0.01651782 0.02241306
v 0.06023588 0.01671152 0.02241306
v 0.06040310 0.01687872 0.02241306
v 0.06059679 0.01701435 0.02241306
v 0.06081110 0.01711429 0.02241306
v 0.06103951 0.01717549 0.02241306
v -0.02166479 0.01717549 0.02556890
v -0.02215847 0.01717549 0.02553004
v -0.02263998 0.01717549 0.02541444
v -0.02309750 0.01717549 0.02522493
v -0.02351973 0.01717549 0.02496618
v -0.02389629 0.01717549 0.02464457
v -0.02421790 0.01717549 0.02426802
v -0.02447665 0.01717549 0.02384579
v -0.02466615 0.01717549 0.02338828
v -0.02478176 0.01717549 0.02290675
v -0.02166479 0.01711429 0.02534049
v -0.02212273 0.01711429 0.02530446
v -0.02256940 0.01711429 0.02519722
v -0.02299381 0.01711429 0.02502143
v -0.02338548 0.01711429 0.02478140
v -0.02373478 0.01711429 0.02448307
v -0.02403312 0.01711429 0.02413376
v -0.02427314 0.01711429 0.02374209
v -0.02444893 0.01711429 0.02331768
v -0.02455616 0.01711429 0.02287102
v -0.02166479 0.01701435 0.02512618
v -0.02208921 0.01701435 0.02509278
v -0.02250318 0.01701435 0.02499339
v -0.02289651 0.01701435 0.02483048
v -0.02325951 0.01701435 0.02460803
v -0.02358324 0.01701435 0.02433154
v -0.02385974 0.01701435 0.02400779
v -0.02408218 0.01701435 0.02364479
v -0.02424511 0.01701435 0.02325147
v -0.02434449 0.01701435 0.02283750
v -0.02166479 0.01687872 0.02493249
v -0.02205891 0.01687872 0.02490147
v -0.02244332 0.01687872 0.02480918
v -0.02280857 0.01687872 0.02465789
v -0.02314566 0.01687872 0.02445131
v -0.02344628 0.01687872 0.02419456
v -0.02370303 0.01687872 0.02389394
v -0.02390960 0.01687872 0.02355687
v -0.02406089 0.01687872 0.02319162
v -0.02415317 0.01687872 0.02280719
v -0.02166479 0.01671152 0.02476527
v -0.02203275 0.01671152 0.02473632
v -0.02239166 0.01671152 0.02465015
v -0.02273266 0.01671152 0.02450891
v -0.02304738 0.01671152 0.02431605
v -0.02332804 0.01671152 0.02407633
v -0.02356776 0.01671152 0.02379566
v -0.02376061 0.01671152 0.02348095
v -0.02390186 0.01671152 0.02313995
v -0.02398803 0.01671152 0.02278104
v -0.02166479 0.01651782 0.02462964
v -0.02201153 0.01651782 0.02460236
v -0.02234974 0.01651782 0.02452116
v -0.02267109 0.01651782 0.02438806
v -0.02296766 0.01651782 0.02420633
v -0.02323214 0.01651782 0.02398043
v -0.02345803 0.01651782 0.02371593
v -0.02363977 0.01651782 0.02341937
v -0.02377287 0.01651782 0.02309804
v -0.02385407 0.01651782 0.02275982
v -0.02166479 0.01630351 0.02452971
v -0.02199590 0.01630351 0.02450366
v -0.02231886 0.01630351 0.02442611
v -0.02262572 0.01630351 0.02429901
v -0.02290891 0.01630351 0.02412548
v -0.02316148 0.01630351 0.02390977
v -0.02337718 0.01630351 0.02365720
v -0.02355073 0.01630351 0.02337400
v -0.02367783 0.01630351 0.02306715
v -0.02375537 0.01630351 0.02274419
v -0.02166479 0.01607511 0.02446852
v -0.02198633 0.01607511 0.02444321
v -0.02229995 0.01607511 0.02436792
v -0.02259793 0.01607511 0.02424448
v -0.02287294 0.01607511 0.02407595
v -0.02311820 0.01607511 0.02386649
v -0.02332767 0.01607511 0.02362122
v -0.02349620 0.01607511 0.02334623
v -0.02361963 0.01607511 0.02304823
v -0.02369493 0.01607511 0.02273460
v 0.06100066 0.01717549 0.02290675
v 0.06088505 0.01717549 0.02338828
v 0.06069554 0.01717549 0.02384579
v 0.06043679 0.01717549 0.02426802
v 0.06011518 0.01717549 0.02464457
v 0.05973863 0.01717549 0.02496618
v 0.05931639 0.01717549 0.02522493
v 0.05885889 0.01717549 0.02541444
v 0.05837737 0.01717549 0.02553004
v 0.05788369 0.01717549 0.02556890
v 0.06077507 0.01711429 0.02287102
v 0.06066782 0.01711429 0.02331768
v 0.06049202 0.01711429 0.02374209
v 0.06025202 0.01711429 0.02413376
v 0.05995367 0.01711429 0.02448307
v 0.05960437 0.01711429 0.02478140
v 0.05921270 0.01711429 0.02502143
v 0.05878830 0.01711429 0.02519722
v 0.05834163 0.01711429 0.02530446
v 0.05788369 0.01711429 0.02534049
v 0.06056340 0.01701435 0.02283750
v 0.06046401 0.01701435 0.02325147
v 0.06030108 0.01701435 0.02364479
v 0.06007864 0.01701435 0.02400779
v 0.05980215 0.01701435 0.02433154
v 0.05947841 0.01701435 0.02460803
v 0.05911541 0.01701435 0.02483048
v 0.05872207 0.01701435 0.02499339
v 0.05830811 0.01701435 0.02509278
v 0.05788369 0.01701435 0.02512618
v 0.06037206 0.01687872 0.02280719
v 0.06027979 0.01687872 0.02319162
v 0.06012849 0.01687872 0.02355687
v 0.05992193 0.01687872 0.02389394
v 0.05966517 0.01687872 0.02419456
v 0.05936456 0.01687872 0.02445131
v 0.05902747 0.01687872 0.02465789
v 0.05866222 0.01687872 0.02480918
v 0.05827781 0.01687872 0.02490147
v 0.05788369 0.01687872 0.02493249
v 0.06020692 0.01671152 0.02278104
v 0.06012076 0.01671152 0.02313995
v 0.05997951 0.01671152 0.02348095
v 0.05978667 0.01671152 0.02379566
v 0.05954694 0.01671152 0.02407633
v 0.05926627 0.01671152 0.02431605
v 0.05895156 0.01671152 0.02450891
v 0.05861055 0.01671152 0.02465015
v 0.05825165 0.01671152 0.02473632
v 0.05788369 0.01671152 0.02476527
v 0.06007297 0.01651782 0.02275982
v 0.05999177 0.01651782 0.02309804
v 0.05985867 0.01651782 0.02341937
v 0.05967693 0.01651782 0.02371593
v 0.05945104 0.01651782 0.02398043
v 0.05918655 0.01651782 0.02420633
v 0.05888997 0.01651782 0.02438806
v 0.05856864 0.01651782 0.02452116
v 0.05823044 0.01651782 0.02460236
v 0.05788369 0.01651782 0.02462964
v 0.05997428 0.01630351 0.02274419
v 0.05989674 0.01630351 0.02306715
v 0.05976962 0.01630351 0.02337400
v 0.05959608 0.01630351 0.02365720
v 0.05938038 0.01630351 0.02390977
v 0.05912782 0.01630351 0.02412548
v 0.05884461 0.01630351 0.02429901
v 0.05853777 0.01630351 0.02442611
v 0.05821481 0.01630351 0.02450366
v 0.05788369 0.01630351 0.02452971
v 0.05991382 0.01607511 0.02273460
v 0.05983853 0.01607511 0.02304823
v 0.05971510 0.01607511 0.02334623
v 0.05954657 0.01607511 0.02362122
v 0.05933709 0.01607511 0.02386649
v 0.05909184 0.01607511 0.02407595
v 0.05881684 0.01607511 0.02424448
v 0.05851885 0.01607511 0.02436792
v 0.05820522 0.01607511 0.02444321
v 0.05788369 0.01607511 0.02446852
f 1 2 3
f 4 5 6
f 6 5 7
f 8 9 10
f 1 3 11
f 4 12 5
f 5 12 13
f 5 13 14
f 14 13 15
f 9 8 16
f 10 17 8
f 8 17 18
f 8 18 15
f 15 18 19
f 15 19 14
f 20 21 22
f 23 24 25
f 25 24 26
f 25 26 8
f 8 26 27
f 8 27 16
f 28 29 30
f 30 29 24
f 30 24 31
f 31 24 23
f 20 22 32
f 33 34 3
f 3 34 35
f 3 35 11
f 28 36 29
f 29 36 37
f 29 37 38
f 38 37 39
f 38 39 40
f 40 39 22
f 40 22 41
f 41 22 21
f 3 42 33
f 33 42 43
f 33 43 22
f 22 43 44
f 22 44 32
f 45 46 47
f 47 46 48
f 45 49 46
f 46 49 50
f 46 50 51
f 52 53 54
f 55 54 56
f 56 54 57
f 51 58 46
f 46 58 59
f 46 59 60
f 55 61 54
f 54 61 62
f 54 62 63
f 53 64 54
f 54 64 65
f 54 65 57
f 60 66 46
f 46 66 67
f 46 67 54
f 54 67 68
f 54 68 52
f 69 70 71
f 71 70 72
f 73 74 70
f 70 74 75
f 70 75 76
f 77 78 79
f 79 78 80
f 81 82 83
f 83 82 84
f 69 85 70
f 70 85 86
f 70 86 87
f 76 88 70
f 70 88 89
f 70 89 78
f 78 89 90
f 78 90 80
f 91 92 93
f 93 92 84
f 93 84 94
f 94 84 82
f 87 95 70
f 70 95 96
f 70 96 73
f 97 98 99
f 99 98 100
f 99 100 101
f 81 83 102
f 102 83 103
f 102 103 104
f 101 105 99
f 99 105 106
f 99 106 107
f 107 106 102
f 107 102 108
f 108 102 104
f 109 70 110
f 110 70 111
f 109 112 70
f 70 112 92
f 70 92 72
f 72 92 91
f 113 114 97
f 97 114 115
f 97 115 116
f 117 99 118
f 118 99 119
f 120 121 116
f 116 121 122
f 116 122 97
f 117 123 99
f 99 123 124
f 99 124 125
f 125 126 99
f 99 126 127
f 99 127 97
f 97 127 128
f 97 128 113
f 77 129 78
f 78 129 130
f 78 130 131
f 131 130 132
f 131 132 120
f 120 132 133
f 120 133 121
f 70 134 135
f 136 137 138
f 138 137 139
f 138 139 140
f 141 142 78
f 78 142 143
f 78 143 70
f 70 143 144
f 70 144 134
f 135 145 70
f 70 145 146
f 70 146 147
f 148 149 150
f 150 149 151
f 150 151 138
f 138 151 152
f 138 152 136
f 153 154 155
f 155 154 156
f 155 156 99
f 99 156 157
f 99 157 119
f 158 159 78
f 78 159 160
f 78 160 141
f 161 162 140
f 70 163 164
f 164 163 165
f 164 165 166
f 166 167 164
f 164 167 168
f 164 168 150
f 150 168 169
f 150 169 148
f 147 170 70
f 70 170 171
f 70 171 163
f 172 173 174
f 158 78 175
f 175 78 176
f 175 176 177
f 139 178 140
f 140 178 179
f 140 179 161
f 161 179 180
f 161 180 173
f 173 180 181
f 173 181 174
f 182 183 184
f 184 183 185
f 184 185 155
f 155 185 186
f 155 186 153
f 187 188 189
f 189 188 140
f 189 140 190
f 190 140 162
f 187 191 188
f 188 191 192
f 188 192 193
f 174 194 172
f 172 194 195
f 172 195 177
f 177 195 196
f 177 196 175
f 192 197 193
f 193 197 198
f 193 198 184
f 184 198 199
f 184 199 182
f 200 201 202
f 203 204 205
f 205 204 206
f 99 207 208
f 208 209 99
f 99 209 210
f 99 210 211
f 212 213 155
f 203 214 204
f 204 214 215
f 204 215 216
f 217 218 207
f 207 218 219
f 207 219 208
f 213 220 155
f 155 220 221
f 155 221 222
f 223 224 204
f 225 226 201
f 201 226 227
f 201 227 202
f 216 228 204
f 204 228 229
f 204 229 230
f 223 204 231
f 211 232 99
f 99 232 233
f 99 233 234
f 234 235 99
f 99 235 236
f 99 236 155
f 155 236 237
f 155 237 238
f 238 239 155
f 155 239 240
f 155 240 212
f 230 241 204
f 204 241 242
f 204 242 231
f 231 242 243
f 231 243 202
f 202 243 244
f 202 244 200
f 207 245 217
f 217 245 246
f 217 246 201
f 201 246 247
f 201 247 225
f 248 184 249
f 250 251 204
f 204 251 252
f 204 252 253
f 155 254 255
f 184 256 257
f 249 258 248
f 248 258 259
f 248 259 260
f 260 259 261
f 260 261 262
f 222 206 155
f 155 206 204
f 155 204 254
f 254 204 253
f 255 263 155
f 155 263 264
f 155 264 265
f 257 266 184
f 184 266 267
f 184 267 249
f 262 268 260
f 260 268 269
f 260 269 270
f 269 271 270
f 270 271 272
f 270 272 273
f 274 275 204
f 265 276 155
f 155 276 277
f 155 277 278
f 278 279 155
f 155 279 280
f 155 280 184
f 184 280 281
f 184 281 256
f 275 282 204
f 204 282 283
f 204 283 250
f 273 284 270
f 270 284 285
f 270 285 204
f 204 285 286
f 204 286 274
f 287 288 289
f 289 288 290
f 289 290 291
f 291 290 292
f 291 292 293
f 293 292 294
f 293 294 295
f 295 294 296
f 295 296 297
f 297 296 298
f 297 298 299
f 299 298 300
f 299 300 301
f 301 300 302
f 301 302 303
f 303 302 304
f 303 304 305
f 305 304 306
f 305 306 307
f 307 306 308
f 307 308 309
f 309 308 310
f 309 310 311
f 311 310 312
f 311 312 313
f 313 312 314
f 313 314 315
f 315 314 316
f 315 316 317
f 317 316 318
f 317 318 319
f 319 318 320
f 319 320 321
f 321 320 322
f 321 322 323
f 323 322 324
f 323 324 325
f 325 324 326
f 325 326 327
f 327 326 328
f 327 328 329
f 329 328 330
f 329 330 331
f 331 330 332
f 331 332 333
f 333 332 334
f 333 334 335
f 335 334 336
f 335 336 337
f 337 336 338
f 337 338 339
f 339 338 340
f 339 340 341
f 341 340 342
f 341 342 343
f 343 342 344
f 343 344 345
f 345 344 346
f 345 346 347
f 347 346 348
f 347 348 349
f 349 348 350
f 349 350 351
f 351 350 352
f 351 352 353
f 353 352 354
f 353 354 355
f 355 354 356
f 355 356 357
f 357 356 358
f 357 358 287
f 287 358 288
f 359 360 361
f 362 363 364
f 365 366 367
f 364 363 368
f 368 363 369
f 368 369 370
f 369 371 370
f 370 371 372
f 370 372 367
f 367 372 373
f 367 373 365
f 374 375 376
f 376 375 377
f 376 377 378
f 366 379 367
f 367 379 380
f 367 380 381
f 364 382 362
f 362 382 383
f 362 383 384
f 384 383 385
f 384 385 386
f 386 385 387
f 386 387 388
f 388 387 389
f 388 389 390
f 391 392 393
f 393 392 394
f 393 394 395
f 396 397 398
f 360 399 361
f 361 399 400
f 361 400 401
f 402 403 361
f 404 405 376
f 376 405 406
f 376 406 374
f 359 361 398
f 398 361 407
f 398 407 396
f 401 408 361
f 361 408 409
f 361 409 402
f 381 410 367
f 367 410 411
f 367 411 376
f 376 411 412
f 376 412 404
f 413 414 415
f 416 417 418
f 418 417 419
f 420 421 390
f 390 421 422
f 390 422 403
f 423 424 425
f 425 424 426
f 425 426 427
f 428 429 430
f 430 429 431
f 432 433 378
f 378 433 434
f 378 434 435
f 436 437 390
f 390 437 438
f 402 439 403
f 403 439 440
f 403 440 390
f 390 440 441
f 390 441 388
f 442 443 444
f 444 443 445
f 427 446 425
f 425 446 443
f 425 443 447
f 447 443 442
f 430 448 428
f 428 448 449
f 428 449 417
f 417 449 450
f 417 450 419
f 397 451 398
f 398 451 452
f 398 452 378
f 378 452 453
f 378 453 432
f 435 454 378
f 378 454 455
f 378 455 376
f 376 455 456
f 376 456 457
f 416 458 417
f 417 458 459
f 417 459 460
f 460 459 461
f 460 461 456
f 456 461 462
f 456 462 457
f 395 423 393
f 393 423 425
f 393 425 415
f 415 425 463
f 415 463 413
f 438 464 390
f 390 464 465
f 390 465 420
f 429 466 431
f 431 466 467
f 431 467 443
f 443 467 468
f 443 468 445
f 415 469 470
f 471 472 415
f 415 472 473
f 415 473 390
f 390 473 474
f 390 474 436
f 414 475 415
f 415 475 476
f 415 476 469
f 470 477 415
f 415 477 478
f 415 478 471
f 479 480 481
f 481 480 482
f 483 484 485
f 485 484 486
f 487 488 489
f 489 488 490
f 489 490 491
f 491 490 492
f 491 492 493
f 493 492 494
f 493 494 495
f 495 494 496
f 495 496 497
f 497 496 498
f 497 498 499
f 499 498 500
f 499 500 501
f 501 500 502
f 501 502 503
f 503 502 504
f 503 504 505
f 505 504 506
f 505 506 507
f 507 506 508
f 507 508 509
f 509 508 510
f 509 510 511
f 511 510 512
f 513 514 515
f 515 514 516
f 517 518 519
f 519 520 517
f 517 520 521
f 517 521 522
f 516 523 515
f 515 523 524
f 515 524 525
f 526 527 528
f 528 527 529
f 530 531 532
f 529 533 528
f 528 533 534
f 528 534 535
f 535 534 536
f 535 536 524
f 524 536 537
f 524 537 525
f 538 539 528
f 528 539 540
f 528 540 526
f 538 541 539
f 539 541 542
f 539 542 532
f 532 542 543
f 532 543 530
f 544 545 546
f 546 545 532
f 546 532 547
f 547 532 531
f 548 549 550
f 550 549 551
f 552 553 554
f 555 556 557
f 557 556 558
f 559 560 561
f 561 560 562
f 561 562 563
f 563 562 564
f 565 566 567
f 567 566 568
f 567 568 569
f 552 554 570
f 522 571 517
f 517 571 572
f 517 572 573
f 574 575 576
f 576 575 577
f 576 577 557
f 557 577 578
f 557 578 555
f 558 579 557
f 557 579 580
f 557 580 581
f 518 517 574
f 574 517 582
f 574 582 583
f 584 574 585
f 585 574 586
f 584 587 574
f 574 587 588
f 574 588 575
f 581 589 557
f 557 589 590
f 557 590 569
f 569 590 591
f 569 591 567
f 567 591 592
f 567 592 593
f 593 594 567
f 567 594 595
f 567 595 596
f 597 598 567
f 567 598 599
f 567 599 554
f 554 599 600
f 554 600 570
f 554 601 602
f 583 603 574
f 574 603 604
f 574 604 586
f 559 605 560
f 560 605 606
f 560 606 607
f 608 609 548
f 553 610 554
f 554 610 611
f 554 611 601
f 572 612 554
f 554 612 613
f 554 613 515
f 515 613 614
f 515 614 513
f 607 615 560
f 560 615 616
f 560 616 617
f 618 619 620
f 620 619 621
f 622 623 567
f 567 623 624
f 567 624 565
f 596 625 567
f 567 625 626
f 567 626 597
f 602 627 554
f 554 627 628
f 554 628 572
f 572 628 629
f 572 629 573
f 617 630 560
f 560 630 631
f 560 631 548
f 548 631 632
f 548 632 608
f 609 633 548
f 548 633 634
f 548 634 549
f 635 636 637
f 637 636 638
f 619 636 639
f 639 636 640
f 551 549 636
f 636 549 641
f 636 641 638
f 635 642 636
f 636 642 643
f 636 643 644
f 644 645 636
f 636 645 646
f 636 646 640
f 639 647 619
f 619 647 648
f 619 648 649
f 618 650 619
f 619 650 651
f 619 651 652
f 649 653 619
f 619 653 654
f 619 654 655
f 655 656 619
f 619 656 657
f 619 657 658
f 544 622 545
f 545 622 567
f 545 567 659
f 659 567 619
f 659 619 660
f 660 619 652
f 658 661 619
f 619 661 662
f 619 662 663
f 663 664 619
f 619 664 665
f 619 665 621
f 621 665 666
f 621 666 564
f 564 666 667
f 564 667 563
f 425 447 668
f 668 447 442
f 668 442 669
f 669 442 444
f 669 444 670
f 670 444 445
f 670 445 671
f 671 445 468
f 671 468 672
f 672 468 467
f 672 467 673
f 673 467 466
f 673 466 674
f 674 466 429
f 674 429 675
f 675 429 428
f 675 428 676
f 676 428 417
f 676 417 677
f 677 417 460
f 677 460 678
f 678 460 456
f 678 456 679
f 679 456 455
f 679 455 680
f 680 455 454
f 680 454 681
f 681 454 435
f 681 435 682
f 682 435 434
f 682 434 683
f 683 434 433
f 683 433 684
f 684 433 432
f 684 432 685
f 685 432 453
f 685 453 686
f 686 453 452
f 686 452 687
f 687 452 451
f 687 451 688
f 688 451 397
f 688 397 689
f 689 397 396
f 689 396 690
f 690 396 407
f 690 407 691
f 691 407 361
f 691 361 692
f 692 361 403
f 692 403 693
f 693 403 422
f 693 422 694
f 694 422 421
f 694 421 695
f 695 421 420
f 695 420 696
f 696 420 465
f 696 465 697
f 697 465 464
f 697 464 698
f 698 464 438
f 698 438 699
f 699 438 437
f 699 437 700
f 700 437 436
f 700 436 701
f 701 436 474
f 701 474 702
f 702 474 473
f 702 473 703
f 703 473 472
f 703 472 704
f 704 472 471
f 704 471 705
f 705 471 478
f 705 478 706
f 706 478 477
f 706 477 707
f 707 477 470
f 707 470 708
f 708 470 469
f 708 469 709
f 709 469 476
f 709 476 710
f 710 476 475
f 710 475 711
f 711 475 414
f 711 414 712
f 712 414 413
f 712 413 713
f 713 413 463
f 713 463 714
f 714 463 425
f 714 425 668
f 715 673 716
f 716 673 674
f 716 674 717
f 717 674 675
f 717 675 718
f 718 675 676
f 718 676 719
f 719 676 677
f 719 677 720
f 720 677 678
f 720 678 721
f 721 678 679
f 721 679 722
f 722 679 680
f 722 680 723
f 723 680 681
f 723 681 724
f 724 681 682
f 724 682 725
f 725 682 683
f 725 683 726
f 727 709 728
f 728 709 710
f 728 710 729
f 729 710 711
f 729 711 730
f 730 711 712
f 730 712 731
f 731 712 713
f 731 713 732
f 732 713 714
f 732 714 733
f 733 714 668
f 733 668 734
f 734 668 669
f 734 669 735
f 735 669 670
f 735 670 736
f 736 670 671
f 736 671 715
f 715 671 672
f 715 672 673
f 737 697 738
f 738 697 698
f 738 698 739
f 739 698 699
f 739 699 740
f 740 699 700
f 740 700 741
f 741 700 701
f 741 701 742
f 742 701 702
f 742 702 743
f 743 702 703
f 743 703 744
f 744 703 704
f 744 704 745
f 745 704 705
f 745 705 746
f 746 705 706
f 746 706 747
f 747 706 707
f 747 707 727
f 727 707 708
f 727 708 709
f 683 684 726
f 726 684 685
f 726 685 748
f 748 685 686
f 748 686 749
f 749 686 687
f 749 687 750
f 750 687 688
f 750 688 751
f 751 688 689
f 751 689 752
f 752 689 690
f 752 690 753
f 753 690 691
f 753 691 754
f 754 691 692
f 754 692 755
f 755 692 693
f 755 693 756
f 756 693 694
f 756 694 757
f 757 694 695
f 757 695 737
f 737 695 696
f 737 696 697
f 758 753 759
f 759 753 754
f 759 754 760
f 760 754 755
f 760 755 761
f 761 755 756
f 761 756 762
f 762 756 757
f 762 757 763
f 763 757 737
f 763 737 764
f 764 737 738
f 764 738 765
f 765 738 739
f 765 739 766
f 766 739 740
f 766 740 767
f 767 740 741
f 767 741 768
f 768 741 742
f 768 742 769
f 769 742 743
f 769 743 770
f 770 743 744
f 770 744 771
f 771 744 745
f 771 745 772
f 772 745 746
f 772 746 773
f 773 746 747
f 773 747 774
f 774 747 727
f 774 727 775
f 775 727 728
f 775 728 776
f 776 728 729
f 776 729 777
f 777 729 730
f 777 730 778
f 778 730 731
f 778 731 779
f 779 731 732
f 779 732 780
f 780 732 733
f 780 733 781
f 781 733 734
f 781 734 782
f 782 734 735
f 782 735 783
f 783 735 736
f 783 736 784
f 784 736 715
f 784 715 785
f 785 715 716
f 785 716 786
f 786 716 717
f 786 717 787
f 787 717 718
f 787 718 788
f 788 718 719
f 788 719 789
f 789 719 720
f 789 720 790
f 790 720 721
f 790 721 791
f 791 721 722
f 791 722 792
f 792 722 723
f 792 723 793
f 793 723 724
f 793 724 794
f 794 724 725
f 794 725 795
f 795 725 726
f 795 726 796
f 796 726 748
f 796 748 797
f 797 748 749
f 797 749 798
f 798 749 750
f 798 750 799
f 799 750 751
f 799 751 800
f 800 751 752
f 800 752 758
f 758 752 753
f 801 792 802
f 802 792 793
f 802 793 803
f 803 793 794
f 803 794 804
f 804 794 795
f 804 795 805
f 805 795 796
f 805 796 806
f 806 796 797
f 806 797 807
f 807 797 798
f 807 798 808
f 808 798 799
f 808 799 809
f 809 799 800
f 809 800 810
f 810 800 758
f 810 758 811
f 811 758 759
f 811 759 812
f 812 759 760
f 812 760 813
f 813 760 761
f 813 761 814
f 814 761 762
f 814 762 815
f 815 762 763
f 815 763 816
f 816 763 764
f 816 764 817
f 817 764 765
f 817 765 818
f 818 765 766
f 818 766 819
f 819 766 767
f 819 767 820
f 820 767 768
f 820 768 821
f 768 769 821
f 821 769 770
f 821 770 822
f 822 770 771
f 822 771 823
f 823 771 772
f 823 772 824
f 824 772 773
f 824 773 825
f 825 773 774
f 825 774 826
f 826 774 775
f 826 775 827
f 827 775 776
f 827 776 828
f 828 776 777
f 828 777 829
f 829 777 778
f 829 778 830
f 830 778 779
f 830 779 831
f 831 779 780
f 831 780 832
f 832 780 781
f 832 781 833
f 833 781 782
f 833 782 834
f 834 782 783
f 834 783 835
f 835 783 784
f 835 784 836
f 836 784 785
f 836 785 837
f 837 785 786
f 837 786 838
f 838 786 787
f 838 787 839
f 839 787 788
f 839 788 840
f 840 788 789
f 840 789 841
f 841 789 790
f 841 790 801
f 801 790 791
f 801 791 792
f 842 811 843
f 843 811 812
f 843 812 844
f 844 812 813
f 844 813 845
f 845 813 814
f 845 814 846
f 846 814 815
f 846 815 847
f 847 815 816
f 847 816 848
f 848 816 817
f 848 817 849
f 849 817 818
f 849 818 850
f 850 818 819
f 850 819 851
f 851 819 820
f 851 820 852
f 852 820 821
f 852 821 853
f 853 821 822
f 853 822 854
f 854 822 823
f 854 823 855
f 855 823 824
f 855 824 856
f 856 824 825
f 856 825 857
f 857 825 826
f 857 826 858
f 858 826 827
f 858 827 859
f 859 827 828
f 859 828 860
f 860 828 829
f 860 829 861
f 861 829 830
f 861 830 862
f 862 830 831
f 862 831 863
f 863 831 832
f 863 832 864
f 864 832 833
f 864 833 865
f 865 833 834
f 865 834 866
f 866 834 835
f 866 835 867
f 867 835 836
f 867 836 868
f 868 836 837
f 868 837 869
f 869 837 838
f 869 838 870
f 870 838 839
f 870 839 871
f 871 839 840
f 871 840 872
f 872 840 841
f 872 841 873
f 873 841 801
f 873 801 874
f 874 801 802
f 874 802 875
f 875 802 803
f 875 803 876
f 876 803 804
f 876 804 877
f 877 804 805
f 877 805 878
f 878 805 806
f 878 806 879
f 879 806 807
f 879 807 880
f 880 807 808
f 880 808 881
f 881 808 809
f 881 809 882
f 882 809 810
f 882 810 842
f 842 810 811
f 862 863 883
f 883 863 864
f 883 864 884
f 884 864 865
f 884 865 885
f 885 865 866
f 885 866 886
f 886 866 867
f 886 867 887
f 887 867 868
f 887 868 888
f 888 868 869
f 888 869 889
f 889 869 870
f 889 870 890
f 890 870 871
f 890 871 891
f 891 871 872
f 891 872 892
f 892 872 873
f 892 873 893
f 893 873 874
f 893 874 894
f 894 874 875
f 894 875 895
f 895 875 876
f 895 876 896
f 896 876 877
f 896 877 897
f 897 877 878
f 897 878 898
f 898 878 879
f 898 879 899
f 899 879 880
f 899 880 900
f 900 880 881
f 900 881 901
f 901 881 882
f 901 882 902
f 902 882 842
f 902 842 903
f 903 842 843
f 903 843 904
f 904 843 844
f 904 844 905
f 905 844 845
f 905 845 906
f 906 845 846
f 906 846 907
f 907 846 847
f 907 847 908
f 908 847 848
f 908 848 909
f 909 848 849
f 909 849 910
f 910 849 850
f 910 850 911
f 911 850 851
f 911 851 912
f 912 851 852
f 912 852 913
f 913 852 853
f 913 853 914
f 914 853 854
f 914 854 915
f 915 854 855
f 915 855 916
f 916 855 856
f 916 856 917
f 917 856 857
f 917 857 918
f 918 857 858
f 918 858 919
f 919 858 859
f 919 859 920
f 920 859 860
f 920 860 921
f 921 860 861
f 921 861 922
f 922 861 862
f 922 862 883
f 923 903 924
f 924 903 904
f 924 904 925
f 925 904 905
f 925 905 926
f 926 905 906
f 926 906 927
f 927 906 907
f 927 907 928
f 928 907 908
f 928 908 929
f 929 908 909
f 929 909 930
f 930 909 910
f 930 910 931
f 931 910 911
f 931 911 932
f 932 911 912
f 932 912 933
f 933 912 913
f 933 913 934
f 934 913 914
f 934 914 935
f 935 914 915
f 935 915 936
f 936 915 916
f 936 916 937
f 937 916 917
f 937 917 938
f 938 917 918
f 938 918 939
f 939 918 919
f 939 919 940
f 940 919 920
f 940 920 941
f 941 920 921
f 941 921 942
f 942 921 922
f 942 922 943
f 943 922 883
f 943 883 944
f 944 883 884
f 944 884 945
f 945 884 885
f 945 885 946
f 946 885 886
f 946 886 947
f 947 886 887
f 947 887 948
f 948 887 888
f 948 888 949
f 949 888 889
f 949 889 950
f 950 889 890
f 950 890 951
f 951 890 891
f 951 891 952
f 952 891 892
f 952 892 953
f 953 892 893
f 953 893 954
f 954 893 894
f 954 894 955
f 955 894 895
f 955 895 956
f 956 895 896
f 956 896 957
f 957 896 897
f 957 897 958
f 958 897 898
f 958 898 959
f 959 898 899
f 959 899 960
f 960 899 900
f 960 900 961
f 961 900 901
f 961 901 962
f 962 901 902
f 962 902 923
f 923 902 903
f 940 963 939
f 939 963 964
f 939 964 938
f 965 966 942
f 942 966 967
f 942 967 941
f 941 967 968
f 941 968 940
f 940 968 969
f 940 969 963
f 930 970 929
f 929 970 971
f 929 971 928
f 964 972 938
f 938 972 973
f 938 973 937
f 937 973 974
f 937 974 936
f 936 974 975
f 976 977 951
f 948 978 947
f 947 978 979
f 947 979 946
f 932 980 931
f 931 980 981
f 931 981 930
f 930 981 982
f 930 982 970
f 983 984 962
f 962 984 985
f 962 985 961
f 961 985 986
f 961 986 960
f 986 987 960
f 960 987 988
f 960 988 959
f 959 988 989
f 959 989 958
f 951 977 950
f 942 943 965
f 965 943 944
f 965 944 990
f 990 944 945
f 990 945 991
f 991 945 946
f 991 946 992
f 992 946 979
f 971 993 928
f 928 993 994
f 928 994 927
f 927 994 995
f 927 995 926
f 977 996 950
f 950 996 997
f 950 997 949
f 949 997 998
f 949 998 948
f 948 998 999
f 948 999 978
f 932 933 980
f 980 933 934
f 980 934 975
f 975 934 935
f 975 935 936
f 989 1000 958
f 958 1000 1001
f 958 1001 957
f 957 1001 1002
f 957 1002 956
f 956 1002 1003
f 956 1003 955
f 995 1004 926
f 926 1004 1005
f 926 1005 925
f 925 1005 1006
f 925 1006 924
f 924 1006 983
f 924 983 923
f 923 983 962
f 951 952 976
f 976 952 953
f 976 953 1003
f 1003 953 954
f 1003 954 955
f 1007 975 974
f 1007 974 1008
f 1008 974 973
f 1008 973 1009
f 1009 973 972
f 1009 972 1010
f 1010 972 964
f 1010 964 1011
f 1011 964 963
f 1011 963 1012
f 1012 963 969
f 1012 969 1013
f 1013 969 968
f 1013 968 1014
f 1014 968 967
f 1014 967 1015
f 1015 967 966
f 1015 966 1016
f 1016 966 965
f 1016 965 1017
f 1007 1018 975
f 975 1018 980
f 1019 1006 1005
f 1019 1005 1020
f 1020 1005 1004
f 1020 1004 1021
f 1021 1004 995
f 1021 995 1022
f 1022 995 994
f 1022 994 1023
f 1023 994 993
f 1023 993 1024
f 1024 993 971
f 1024 971 1025
f 1025 971 970
f 1025 970 1026
f 1026 970 982
f 1026 982 1027
f 1027 982 981
f 1027 981 1028
f 1028 981 980
f 1028 980 1018
f 1019 1029 1006
f 1006 1029 983
f 1030 1003 1002
f 1030 1002 1031
f 1031 1002 1001
f 1031 1001 1032
f 1032 1001 1000
f 1032 1000 1033
f 1033 1000 989
f 1033 989 1034
f 1034 989 988
f 1034 988 1035
f 1035 988 987
f 1035 987 1036
f 1036 987 986
f 1036 986 1037
f 1037 986 985
f 1037 985 1038
f 1038 985 984
f 1038 984 1039
f 1039 984 983
f 1039 983 1029
f 1030 1040 1003
f 1003 1040 976
f 1041 990 991
f 1041 991 1042
f 1042 991 992
f 1042 992 1043
f 1043 992 979
f 1043 979 1044
f 1044 979 978
f 1044 978 1045
f 1045 978 999
f 1045 999 1046
f 1046 999 998
f 1046 998 1047
f 1047 998 997
f 1047 997 1048
f 1048 997 996
f 1048 996 1049
f 1049 996 977
f 1049 977 1050
f 1050 977 976
f 1050 976 1040
f 1041 1017 990
f 990 1017 965
f 1051 1052 1007
f 1007 1052 1053
f 1054 1055 1017
f 1017 1055 1056
f 1017 1056 1016
f 1016 1056 1057
f 1016 1057 1015
f 1015 1057 1014
f 1057 1010 1011
f 1053 1058 1007
f 1007 1058 1059
f 1007 1059 1018
f 1018 1059 1060
f 1018 1060 1061
f 1062 1036 1037
f 1063 1030 1064
f 1064 1030 1065
f 1054 1017 1066
f 1066 1017 1041
f 1066 1041 1067
f 1067 1041 1042
f 1067 1042 1068
f 1068 1042 1043
f 1068 1043 1044
f 1051 1007 1069
f 1069 1007 1008
f 1069 1008 1057
f 1057 1008 1009
f 1057 1009 1010
f 1011 1012 1057
f 1057 1012 1013
f 1057 1013 1014
f 1033 1034 1062
f 1062 1034 1035
f 1062 1035 1036
f 1063 1070 1030
f 1030 1070 1071
f 1030 1071 1040
f 1040 1071 1072
f 1040 1072 1073
f 1044 1045 1068
f 1068 1045 1046
f 1068 1046 1047
f 1074 1075 1029
f 1029 1075 1076
f 1029 1076 1039
f 1039 1076 1062
f 1039 1062 1038
f 1038 1062 1037
f 1065 1030 1077
f 1077 1030 1031
f 1077 1031 1062
f 1062 1031 1032
f 1062 1032 1033
f 1073 1078 1040
f 1040 1078 1079
f 1040 1079 1050
f 1050 1079 1080
f 1050 1080 1049
f 1049 1080 1068
f 1049 1068 1048
f 1048 1068 1047
f 1074 1029 1081
f 1081 1029 1019
f 1081 1019 1082
f 1082 1019 1020
f 1082 1020 1083
f 1083 1020 1021
f 1083 1021 1022
f 1022 1023 1083
f 1083 1023 1024
f 1083 1024 1025
f 1061 1084 1018
f 1018 1084 1085
f 1018 1085 1028
f 1028 1085 1086
f 1028 1086 1027
f 1027 1086 1083
f 1027 1083 1026
f 1026 1083 1025
f 1087 1054 1088
f 1088 1054 1066
f 1088 1066 1089
f 1089 1066 1067
f 1089 1067 1090
f 1090 1067 1068
f 1090 1068 1091
f 1091 1068 1080
f 1091 1080 1092
f 1092 1080 1079
f 1092 1079 1093
f 1093 1079 1078
f 1093 1078 1094
f 1094 1078 1073
f 1094 1073 1095
f 1095 1073 1072
f 1095 1072 1096
f 1096 1072 1071
f 1096 1071 1097
f 1097 1071 1070
f 1097 1070 1098
f 1098 1070 1063
f 1098 1063 1099
f 1099 1063 1064
f 1099 1064 1100
f 1100 1064 1065
f 1100 1065 1101
f 1101 1065 1077
f 1101 1077 1102
f 1102 1077 1062
f 1102 1062 1103
f 1103 1062 1076
f 1103 1076 1104
f 1104 1076 1075
f 1104 1075 1105
f 1105 1075 1074
f 1105 1074 1106
f 1106 1074 1081
f 1106 1081 1107
f 1107 1081 1082
f 1107 1082 1108
f 1108 1082 1083
f 1108 1083 1109
f 1109 1083 1086
f 1109 1086 1110
f 1110 1086 1085
f 1110 1085 1111
f 1111 1085 1084
f 1111 1084 1112
f 1112 1084 1061
f 1112 1061 1113
f 1113 1061 1060
f 1113 1060 1114
f 1114 1060 1059
f 1114 1059 1115
f 1115 1059 1058
f 1115 1058 1116
f 1116 1058 1053
f 1116 1053 1117
f 1117 1053 1052
f 1117 1052 1118
f 1118 1052 1051
f 1118 1051 1119
f 1119 1051 1069
f 1119 1069 1120
f 1120 1069 1057
f 1120 1057 1121
f 1121 1057 1056
f 1121 1056 1122
f 1122 1056 1055
f 1122 1055 1087
f 1087 1055 1054
f 1121 1122 1106
f 1087 1088 1104
f 1087 1104 1122
f 1122 1104 1105
f 1122 1105 1106
f 1108 1109 1120
f 1088 1089 1104
f 1104 1089 1090
f 1104 1090 1091
f 1121 1106 1120
f 1120 1106 1107
f 1120 1107 1108
f 1091 1092 1104
f 1104 1092 1093
f 1104 1093 1094
f 1109 1110 1120
f 1120 1110 1111
f 1120 1111 1112
f 1094 1095 1104
f 1104 1095 1096
f 1104 1096 1097
f 1097 1098 1104
f 1104 1098 1099
f 1104 1099 1100
f 1100 1101 1104
f 1104 1101 1102
f 1104 1102 1103
f 1112 1113 1120
f 1120 1113 1114
f 1120 1114 1115
f 1118 1119 1117
f 1117 1119 1120
f 1117 1120 1116
f 1116 1120 1115
f 1123 1124 1125
f 1125 1124 1126
f 1125 1126 1127
f 1127 1126 1128
f 1128 1126 1129
f 1128 1129 1130
f 1130 1129 1131
f 1130 1131 1132
f 1132 1131 1133
f 1132 1133 1134
f 1134 1133 1135
f 1135 1133 1136
f 1135 1136 1137
f 1137 1136 1138
f 1137 1138 1139
f 1139 1138 1140
f 1139 1140 1141
f 1141 1140 1142
f 1141 1142 1143
f 1143 1142 1144
f 1144 1142 1145
f 1144 1145 1146
f 1146 1145 1147
f 1146 1147 1148
f 1149 1150 1123
f 1123 1150 1124
f 1151 1152 1153
f 1153 1152 1154
f 1154 1152 1155
f 1155 1152 1156
f 1155 1156 1157
f 1157 1156 1158
f 1157 1158 1159
f 1159 1158 1160
f 1159 1160 1161
f 1161 1160 1162
f 1161 1162 1163
f 1163 1162 1164
f 1164 1162 1165
f 1164 1165 1166
f 1166 1165 1167
f 1166 1167 1168
f 1168 1167 1169
f 1168 1169 1170
f 1170 1169 1171
f 1171 1169 1172
f 1171 1172 1173
f 1173 1172 1174
f 1174 1172 1150
f 1174 1150 1149
f 457 1175 376
f 376 1175 1151
f 376 1151 1176
f 1176 1151 1153
f 1175 457 462
f 1175 462 1177
f 1177 462 461
f 1177 461 1178
f 1178 461 459
f 1178 459 1179
f 1179 459 458
f 1179 458 1180
f 1180 458 416
f 1180 416 1181
f 1181 416 418
f 1181 418 1182
f 1182 418 419
f 1182 419 1183
f 1183 419 450
f 1183 450 1184
f 1184 450 449
f 1184 449 1185
f 1185 449 448
f 1185 448 1186
f 1187 1186 430
f 430 1186 448
f 1187 430 431
f 1187 431 1188
f 1188 431 443
f 1188 443 1189
f 1189 443 446
f 1189 446 1190
f 1190 446 427
f 1190 427 1191
f 1191 427 426
f 1191 426 1192
f 1192 426 424
f 1192 424 1193
f 1193 424 423
f 1193 423 1194
f 1194 423 395
f 1194 395 1195
f 1195 395 394
f 1195 394 1196
f 1196 394 392
f 1196 392 1197
f 1198 1148 1147
f 1197 392 1147
f 1147 392 391
f 1147 391 1198
f 1150 1186 1124
f 1124 1186 1187
f 1160 1158 1156
f 1192 1193 1194
f 1194 1195 1192
f 1192 1195 1196
f 1192 1196 1197
f 1131 1129 1147
f 1151 1150 1172
f 1172 1169 1151
f 1151 1169 1167
f 1151 1167 1165
f 1165 1162 1151
f 1151 1162 1160
f 1151 1160 1152
f 1152 1160 1156
f 1182 1183 1184
f 1197 1188 1189
f 1145 1142 1136
f 1136 1142 1140
f 1136 1140 1138
f 1129 1126 1147
f 1147 1126 1124
f 1147 1124 1197
f 1197 1124 1187
f 1197 1187 1188
f 1150 1151 1186
f 1186 1151 1175
f 1186 1175 1177
f 1177 1178 1186
f 1186 1178 1179
f 1186 1179 1180
f 1180 1181 1186
f 1186 1181 1182
f 1186 1182 1185
f 1185 1182 1184
f 1189 1190 1197
f 1197 1190 1191
f 1197 1191 1192
f 1145 1136 1147
f 1147 1136 1133
f 1147 1133 1131
f 1199 371 1200
f 1200 371 369
f 1200 369 1201
f 1201 369 363
f 1201 363 1202
f 1202 363 362
f 1202 362 1203
f 1203 362 384
f 1203 384 1204
f 1204 384 386
f 1204 386 1205
f 1205 386 388
f 1205 388 1206
f 1206 388 441
f 1206 441 1207
f 1207 441 440
f 1207 440 1208
f 1208 440 439
f 1208 439 1209
f 1209 439 402
f 1209 402 1210
f 1210 402 409
f 1210 409 1211
f 1211 409 408
f 1211 408 1212
f 1212 408 401
f 1212 401 1213
f 1213 401 400
f 1213 400 1214
f 1214 400 399
f 1214 399 1215
f 1215 399 360
f 1215 360 1216
f 1216 360 359
f 1216 359 1217
f 1217 359 398
f 1217 398 1218
f 1218 398 378
f 1218 378 1219
f 1219 378 377
f 1219 377 1220
f 1220 377 375
f 1220 375 1221
f 1221 375 374
f 1221 374 1222
f 1222 374 406
f 1222 406 1223
f 1223 406 405
f 1223 405 1224
f 1224 405 404
f 1224 404 1225
f 1225 404 412
f 1225 412 1226
f 1226 412 411
f 1226 411 1227
f 1227 411 410
f 1227 410 1228
f 1228 410 381
f 1228 381 1229
f 1229 381 380
f 1229 380 1230
f 1230 380 379
f 1230 379 1231
f 1231 379 366
f 1231 366 1232
f 1232 366 365
f 1232 365 1233
f 1233 365 373
f 1233 373 1234
f 1234 373 372
f 1234 372 1199
f 1199 372 371
f 1212 1225 1211
f 1211 1225 1226
f 1211 1226 1227
f 1227 1228 1211
f 1211 1228 1229
f 1211 1229 1230
f 1208 1209 1202
f 1230 1231 1211
f 1211 1231 1232
f 1211 1232 1233
f 1233 1234 1211
f 1211 1234 1199
f 1211 1199 1200
f 1200 1201 1211
f 1211 1201 1202
f 1211 1202 1210
f 1210 1202 1209
f 1212 1213 1225
f 1225 1213 1214
f 1225 1214 1215
f 1215 1216 1225
f 1225 1216 1217
f 1225 1217 1218
f 1218 1219 1225
f 1225 1219 1220
f 1225 1220 1221
f 1221 1222 1225
f 1225 1222 1223
f 1225 1223 1224
f 1204 1205 1203
f 1203 1205 1206
f 1203 1206 1202
f 1202 1206 1207
f 1202 1207 1208
f 1235 328 1236
f 1236 328 326
f 1236 326 1237
f 1237 326 324
f 1237 324 1238
f 1238 324 1239
f 1239 324 322
f 1239 322 1240
f 1240 322 1241
f 1241 322 320
f 1241 320 1242
f 318 1243 320
f 320 1243 1244
f 320 1244 1242
f 515 525 340
f 340 525 537
f 340 537 342
f 342 537 536
f 342 536 344
f 344 536 534
f 344 534 346
f 346 534 533
f 346 533 348
f 348 533 529
f 348 529 350
f 350 529 527
f 350 527 352
f 352 527 526
f 352 526 354
f 354 526 540
f 354 540 356
f 356 540 539
f 356 539 358
f 358 539 532
f 358 532 288
f 288 532 545
f 288 545 290
f 290 545 659
f 290 659 292
f 292 659 660
f 292 660 294
f 294 660 652
f 294 652 296
f 296 652 651
f 296 651 298
f 298 651 650
f 298 650 300
f 300 650 618
f 300 618 302
f 302 618 620
f 302 620 304
f 304 620 621
f 304 621 306
f 306 621 564
f 306 564 308
f 308 564 562
f 308 562 310
f 310 562 560
f 310 560 312
f 312 560 548
f 312 548 314
f 314 548 550
f 314 550 316
f 316 550 551
f 316 551 318
f 318 551 1245
f 318 1245 1243
f 515 340 1246
f 1246 340 338
f 1246 338 1247
f 1247 338 336
f 1247 336 1248
f 1248 336 1249
f 1249 336 334
f 1249 334 1250
f 332 1251 334
f 334 1251 1252
f 334 1252 1250
f 330 1253 332
f 332 1253 1254
f 332 1254 1251
f 1235 1255 328
f 328 1255 1256
f 328 1256 330
f 330 1256 1257
f 330 1257 1253
f 612 1258 613
f 613 1258 1259
f 613 1259 614
f 614 1259 1260
f 614 1260 513
f 513 1260 1261
f 513 1261 514
f 514 1261 1262
f 514 1262 516
f 516 1262 1263
f 516 1263 523
f 523 1263 1264
f 523 1264 524
f 524 1264 1265
f 524 1265 535
f 535 1265 1266
f 535 1266 528
f 528 1266 1267
f 528 1267 538
f 538 1267 1268
f 538 1268 541
f 541 1268 1269
f 541 1269 542
f 542 1269 1270
f 542 1270 543
f 543 1270 1271
f 543 1271 530
f 530 1271 1272
f 530 1272 531
f 531 1272 1273
f 531 1273 547
f 547 1273 1274
f 547 1274 546
f 546 1274 1275
f 546 1275 544
f 544 1275 1276
f 544 1276 622
f 622 1276 1277
f 622 1277 623
f 623 1277 1278
f 623 1278 624
f 624 1278 1279
f 624 1279 565
f 565 1279 1280
f 565 1280 566
f 566 1280 1281
f 566 1281 568
f 568 1281 1282
f 568 1282 569
f 569 1282 1283
f 569 1283 557
f 557 1283 1284
f 557 1284 576
f 576 1284 1285
f 576 1285 574
f 574 1285 1286
f 574 1286 518
f 518 1286 1287
f 518 1287 519
f 519 1287 1288
f 519 1288 520
f 520 1288 1289
f 520 1289 521
f 521 1289 1290
f 521 1290 522
f 522 1290 1291
f 522 1291 571
f 571 1291 1292
f 571 1292 572
f 572 1292 1293
f 572 1293 612
f 612 1293 1258
f 1291 1290 1265
f 1283 1282 1288
f 1288 1273 1272
f 1269 1268 1288
f 1288 1268 1267
f 1286 1285 1284
f 1276 1275 1288
f 1288 1275 1274
f 1288 1274 1273
f 1272 1271 1288
f 1288 1271 1270
f 1288 1270 1269
f 1290 1289 1265
f 1265 1289 1288
f 1265 1288 1266
f 1266 1288 1267
f 1282 1281 1288
f 1288 1281 1280
f 1288 1280 1279
f 1279 1278 1288
f 1288 1278 1277
f 1288 1277 1276
f 1283 1288 1284
f 1284 1288 1287
f 1284 1287 1286
f 1264 1293 1265
f 1265 1293 1292
f 1265 1292 1291
f 1264 1263 1293
f 1293 1263 1262
f 1293 1262 1261
f 1261 1260 1293
f 1293 1260 1259
f 1293 1259 1258
f 1294 291 1295
f 1295 291 293
f 1295 293 1296
f 1296 293 295
f 1296 295 1297
f 1297 295 297
f 1297 297 1298
f 1298 297 299
f 1298 299 1299
f 1299 299 301
f 1299 301 1300
f 1300 301 303
f 1300 303 1301
f 1301 303 305
f 1301 305 1302
f 1302 305 307
f 1302 307 1303
f 1303 307 309
f 1303 309 1304
f 1304 309 311
f 1304 311 1305
f 1305 311 313
f 1305 313 1306
f 1306 313 315
f 1306 315 1307
f 1307 315 317
f 1307 317 1308
f 1308 317 319
f 1308 319 1309
f 1309 319 321
f 1309 321 1310
f 1310 321 323
f 1310 323 1311
f 1311 323 325
f 1311 325 1312
f 1312 325 327
f 1312 327 1313
f 1313 327 329
f 1313 329 1314
f 1314 329 331
f 1314 331 1315
f 1315 331 333
f 1315 333 1316
f 1316 333 335
f 1316 335 1317
f 1317 335 337
f 1317 337 1318
f 1318 337 339
f 1318 339 1319
f 1319 339 341
f 1319 341 1320
f 1320 341 343
f 1320 343 1321
f 1321 343 345
f 1321 345 1322
f 1322 345 347
f 1322 347 1323
f 1323 347 349
f 1323 349 1324
f 1324 349 351
f 1324 351 1325
f 1325 351 353
f 1325 353 1326
f 1326 353 355
f 1326 355 1327
f 1327 355 357
f 1327 357 1328
f 1328 357 287
f 1328 287 1329
f 1329 287 289
f 1329 289 1294
f 1294 289 291
f 1322 1323 1302
f 1320 1303 1304
f 1303 1320 1302
f 1302 1320 1321
f 1302 1321 1322
f 1323 1324 1302
f 1302 1324 1325
f 1302 1325 1326
f 1295 1296 1297
f 1304 1305 1320
f 1320 1305 1306
f 1320 1306 1307
f 1307 1308 1320
f 1320 1308 1309
f 1320 1309 1310
f 1326 1327 1302
f 1302 1327 1328
f 1302 1328 1329
f 1297 1298 1295
f 1295 1298 1299
f 1295 1299 1300
f 1329 1294 1302
f 1302 1294 1295
f 1302 1295 1301
f 1301 1295 1300
f 1317 1318 1310
f 1310 1318 1319
f 1310 1319 1320
f 1311 1315 1310
f 1310 1315 1316
f 1310 1316 1317
f 1311 1312 1315
f 1315 1312 1313
f 1315 1313 1314
f 1330 577 575
f 1330 575 1331
f 1331 575 588
f 1331 588 1332
f 1332 588 587
f 1332 587 1333
f 1333 587 584
f 1333 584 1334
f 1334 584 585
f 1334 585 1335
f 1335 585 586
f 1335 586 1336
f 1336 586 604
f 1336 604 1337
f 1337 604 603
f 1337 603 1338
f 1338 603 583
f 1338 583 1339
f 1339 583 582
f 1339 582 1340
f 1330 1341 577
f 577 1341 578
f 1342 592 591
f 1342 591 1343
f 1343 591 590
f 1343 590 1344
f 1344 590 589
f 1344 589 1345
f 1345 589 581
f 1345 581 1346
f 1346 581 580
f 1346 580 1347
f 1347 580 579
f 1347 579 1348
f 1348 579 558
f 1348 558 1349
f 1349 558 556
f 1349 556 1350
f 1350 556 555
f 1350 555 1351
f 1351 555 578
f 1351 578 1341
f 1342 1352 592
f 592 1352 593
f 1353 570 600
f 1353 600 1354
f 1354 600 599
f 1354 599 1355
f 1355 599 598
f 1355 598 1356
f 1356 598 597
f 1356 597 1357
f 1357 597 626
f 1357 626 1358
f 1358 626 625
f 1358 625 1359
f 1359 625 596
f 1359 596 1360
f 1360 596 595
f 1360 595 1361
f 1361 595 594
f 1361 594 1362
f 1362 594 593
f 1362 593 1352
f 1353 1363 570
f 570 1363 552
f 1364 517 573
f 1364 573 1365
f 1365 573 629
f 1365 629 1366
f 1366 629 628
f 1366 628 1367
f 1367 628 627
f 1367 627 1368
f 1368 627 602
f 1368 602 1369
f 1369 602 601
f 1369 601 1370
f 1370 601 611
f 1370 611 1371
f 1371 611 610
f 1371 610 1372
f 1372 610 553
f 1372 553 1373
f 1373 553 552
f 1373 552 1363
f 1364 1340 517
f 517 1340 582
f 1333 1334 1340
f 1368 1369 1370
f 1333 1340 1332
f 1337 1334 1336
f 1336 1334 1335
f 1372 1373 1364
f 1364 1373 1363
f 1364 1363 1340
f 1353 1341 1363
f 1363 1341 1330
f 1363 1330 1340
f 1340 1330 1331
f 1340 1331 1332
f 1337 1338 1334
f 1334 1338 1339
f 1334 1339 1340
f 1352 1353 1354
f 1354 1355 1352
f 1352 1355 1356
f 1352 1356 1357
f 1359 1360 1361
f 1353 1352 1341
f 1341 1352 1342
f 1341 1342 1343
f 1365 1366 1370
f 1370 1366 1367
f 1370 1367 1368
f 1365 1370 1364
f 1364 1370 1371
f 1364 1371 1372
f 1357 1358 1352
f 1352 1358 1359
f 1352 1359 1362
f 1362 1359 1361
f 1348 1349 1350
f 1343 1344 1341
f 1341 1344 1345
f 1341 1345 1346
f 1346 1347 1341
f 1341 1347 1348
f 1341 1348 1351
f 1351 1348 1350
f 1374 549 634
f 1374 634 1375
f 1375 634 633
f 1375 633 1376
f 1376 633 609
f 1376 609 1377
f 1377 609 608
f 1377 608 1378
f 1378 608 632
f 1378 632 1379
f 1379 632 631
f 1379 631 1380
f 1380 631 630
f 1380 630 1381
f 1381 630 617
f 1381 617 1382
f 1382 617 616
f 1382 616 1383
f 1383 616 615
f 1383 615 1384
f 1374 1385 549
f 549 1385 641
f 1386 639 640
f 1386 640 1387
f 1387 640 646
f 1387 646 1388
f 1388 646 645
f 1388 645 1389
f 1389 645 644
f 1389 644 1390
f 1390 644 643
f 1390 643 1391
f 1391 643 642
f 1391 642 1392
f 1392 642 635
f 1392 635 1393
f 1393 635 637
f 1393 637 1394
f 1394 637 638
f 1394 638 1395
f 1395 638 641
f 1395 641 1385
f 1386 1396 639
f 639 1396 647
f 1397 662 661
f 1397 661 1398
f 1398 661 658
f 1398 658 1399
f 1399 658 657
f 1399 657 1400
f 1400 657 656
f 1400 656 1401
f 1401 656 655
f 1401 655 1402
f 1402 655 654
f 1402 654 1403
f 1403 654 653
f 1403 653 1404
f 1404 653 649
f 1404 649 1405
f 1405 649 648
f 1405 648 1406
f 1406 648 647
f 1406 647 1396
f 1397 1407 662
f 662 1407 663
f 1408 607 606
f 1408 606 1409
f 1409 606 605
f 1409 605 1410
f 1410 605 559
f 1410 559 1411
f 1411 559 561
f 1411 561 1412
f 1412 561 563
f 1412 563 1413
f 1413 563 667
f 1413 667 1414
f 1414 667 666
f 1414 666 1415
f 1415 666 665
f 1415 665 1416
f 1416 665 664
f 1416 664 1417
f 1417 664 663
f 1417 663 1407
f 1408 1384 607
f 607 1384 615
f 1386 1384 1396
f 1396 1384 1408
f 1386 1385 1384
f 1384 1385 1374
f 1384 1374 1383
f 1386 1387 1385
f 1385 1387 1388
f 1385 1388 1395
f 1395 1388 1394
f 1408 1407 1396
f 1396 1407 1397
f 1396 1397 1406
f 1383 1374 1382
f 1382 1374 1375
f 1382 1375 1376
f 1408 1409 1407
f 1407 1409 1410
f 1407 1410 1417
f 1417 1410 1416
f 1390 1391 1389
f 1389 1391 1392
f 1389 1392 1388
f 1388 1392 1393
f 1388 1393 1394
f 1406 1397 1405
f 1405 1397 1398
f 1405 1398 1399
f 1376 1377 1382
f 1382 1377 1378
f 1382 1378 1381
f 1381 1378 1379
f 1381 1379 1380
f 1412 1413 1411
f 1411 1413 1414
f 1411 1414 1410
f 1410 1414 1415
f 1410 1415 1416
f 1399 1400 1405
f 1405 1400 1401
f 1405 1401 1404
f 1404 1401 1402
f 1404 1402 1403
f 1418 1419 1420
f 1418 1420 1421
f 1422 1423 1424
f 1425 1426 1427
f 1425 1427 1428
f 1429 1430 1420
f 1420 1430 1431
f 1420 1431 1421
f 1432 1433 1434
f 1434 1433 1435
f 1424 1436 1422
f 1422 1436 1437
f 1422 1437 1438
f 1426 1439 1427
f 1427 1439 1440
f 1427 1440 1441
f 1441 1440 1442
f 1441 1442 1443
f 1443 1442 1444
f 1443 1444 1445
f 1423 1446 1424
f 1424 1446 1447
f 1424 1447 1444
f 1444 1447 1448
f 1444 1448 1445
f 1420 1449 1429
f 1429 1449 1450
f 1429 1450 1427
f 1427 1450 1451
f 1427 1451 1428
f 1435 1452 1434
f 1434 1452 1453
f 1434 1453 1454
f 1454 1453 1455
f 1437 1456 1438
f 1438 1456 1457
f 1438 1457 1458
f 1458 1459 1438
f 1438 1459 1460
f 1438 1460 1455
f 1455 1460 1461
f 1455 1461 1454
f 1462 107 108
f 1462 108 1463
f 1463 108 104
f 1463 104 1464
f 1464 104 103
f 1464 103 1465
f 1465 103 83
f 1465 83 1466
f 1466 83 84
f 1466 84 1467
f 1467 84 92
f 1467 92 1468
f 1468 92 112
f 1468 112 1469
f 1469 112 109
f 1469 109 1470
f 1470 109 110
f 1470 110 1471
f 1471 110 111
f 1471 111 1472
f 1472 111 1473
f 1473 111 63
f 1473 63 62
f 1473 62 1474
f 1474 62 61
f 1474 61 1475
f 1475 61 55
f 1475 55 1476
f 1476 55 56
f 1476 56 1477
f 1477 56 57
f 1477 57 1478
f 1478 57 65
f 1478 65 1479
f 1479 65 64
f 1479 64 1480
f 1480 64 53
f 1480 53 1481
f 1481 53 52
f 1481 52 1482
f 1482 52 68
f 1482 68 1483
f 1483 68 1484
f 1484 68 67
f 1484 67 66
f 1484 66 1485
f 1485 66 60
f 1485 60 1486
f 1486 60 59
f 1486 59 1487
f 1487 59 58
f 1487 58 1488
f 1488 58 51
f 1488 51 1489
f 1489 51 50
f 1489 50 1490
f 1490 50 49
f 1490 49 1491
f 1491 49 45
f 1491 45 1492
f 1492 45 47
f 1492 47 1493
f 1493 47 48
f 1493 48 1494
f 1494 48 1495
f 1495 48 224
f 1495 224 223
f 1495 223 1496
f 1496 223 231
f 1496 231 1497
f 1497 231 202
f 1497 202 1498
f 1498 202 227
f 1498 227 1499
f 1499 227 226
f 1499 226 1500
f 1500 226 225
f 1500 225 1501
f 1501 225 247
f 1501 247 1502
f 1502 247 246
f 1502 246 1503
f 1503 246 245
f 1503 245 1504
f 1504 245 207
f 1504 207 1505
f 107 1462 99
f 99 1462 1505
f 99 1505 207
f 1506 1507 1508
f 1506 1508 1509
f 1509 1508 1510
f 1509 1510 1511
f 1511 1510 1512
f 1511 1512 1513
f 1513 1512 1514
f 1513 1514 1515
f 1515 1514 1516
f 1515 1516 1517
f 1517 1516 1518
f 1517 1518 1519
f 1519 1518 1520
f 1519 1520 1521
f 1521 1520 1522
f 1521 1522 1523
f 1523 1522 1524
f 1523 1524 1525
f 1525 1524 1526
f 1525 1526 1527
f 1528 1529 1506
f 1506 1529 1507
f 1530 1531 1532
f 1530 1532 1533
f 1533 1532 1534
f 1533 1534 1535
f 1535 1534 1536
f 1535 1536 1537
f 1537 1536 1538
f 1537 1538 1539
f 1539 1538 1540
f 1539 1540 1541
f 1541 1540 1542
f 1541 1542 1543
f 1543 1542 1544
f 1543 1544 1545
f 1545 1544 1546
f 1545 1546 1547
f 1547 1546 1548
f 1547 1548 1549
f 1549 1548 1529
f 1549 1529 1528
f 1550 1551 1530
f 1530 1551 1531
f 1552 1553 1554
f 1552 1554 1555
f 1555 1554 1556
f 1555 1556 1557
f 1557 1556 1558
f 1557 1558 1559
f 1559 1558 1560
f 1559 1560 1561
f 1561 1560 1562
f 1561 1562 1563
f 1563 1562 1564
f 1563 1564 1565
f 1565 1564 1566
f 1565 1566 1567
f 1567 1566 1568
f 1567 1568 1569
f 1569 1568 1570
f 1569 1570 1571
f 1571 1570 1551
f 1571 1551 1550
f 1572 1573 1552
f 1552 1573 1553
f 1574 1575 1576
f 1574 1576 1577
f 1577 1576 1578
f 1577 1578 1579
f 1579 1578 1580
f 1579 1580 1581
f 1581 1580 1582
f 1581 1582 1583
f 1583 1582 1584
f 1583 1584 1585
f 1585 1584 1586
f 1585 1586 1587
f 1587 1586 1588
f 1587 1588 1589
f 1589 1588 1590
f 1589 1590 1591
f 1591 1590 1592
f 1591 1592 1593
f 1593 1592 1573
f 1593 1573 1572
f 1527 1526 1574
f 1574 1526 1575
f 1526 1531 1575
f 1575 1531 1551
f 1524 1522 1526
f 1526 1522 1520
f 1526 1520 1518
f 1526 1512 1510
f 1570 1568 1553
f 1553 1568 1566
f 1553 1566 1554
f 1573 1580 1578
f 1518 1516 1526
f 1526 1516 1514
f 1526 1514 1512
f 1529 1531 1507
f 1507 1531 1526
f 1507 1526 1508
f 1508 1526 1510
f 1536 1529 1548
f 1536 1534 1529
f 1529 1534 1532
f 1529 1532 1531
f 1562 1560 1564
f 1564 1560 1558
f 1564 1558 1566
f 1566 1558 1556
f 1566 1556 1554
f 1578 1576 1573
f 1573 1576 1575
f 1573 1575 1553
f 1553 1575 1551
f 1553 1551 1570
f 1548 1546 1536
f 1536 1546 1544
f 1536 1544 1538
f 1538 1544 1542
f 1538 1542 1540
f 1592 1590 1573
f 1573 1590 1588
f 1573 1588 1586
f 1586 1584 1573
f 1573 1584 1582
f 1573 1582 1580
f 1594 81 1595
f 1595 81 102
f 1595 102 1596
f 1596 102 106
f 1596 106 1597
f 1597 106 105
f 1597 105 1598
f 1598 105 101
f 1598 101 1599
f 1599 101 100
f 1599 100 1600
f 1600 100 98
f 1600 98 1601
f 1601 98 97
f 1601 97 1602
f 1602 97 122
f 1602 122 1603
f 1603 122 121
f 1603 121 1604
f 1604 121 133
f 1604 133 1605
f 1605 133 132
f 1605 132 1606
f 1606 132 130
f 1606 130 1607
f 1607 130 129
f 1607 129 1608
f 1608 129 77
f 1608 77 1609
f 1609 77 79
f 1609 79 1610
f 1610 79 80
f 1610 80 1611
f 1611 80 90
f 1611 90 1612
f 1612 90 89
f 1612 89 1613
f 1613 89 88
f 1613 88 1614
f 1614 88 76
f 1614 76 1615
f 1615 76 75
f 1615 75 1616
f 1616 75 74
f 1616 74 1617
f 1617 74 73
f 1617 73 1618
f 1618 73 96
f 1618 96 1619
f 1619 96 95
f 1619 95 1620
f 1620 95 87
f 1620 87 1621
f 1621 87 86
f 1621 86 1622
f 1622 86 85
f 1622 85 1623
f 1623 85 69
f 1623 69 1624
f 1624 69 71
f 1624 71 1625
f 1625 71 72
f 1625 72 1626
f 1626 72 91
f 1626 91 1627
f 1627 91 93
f 1627 93 1628
f 1628 93 94
f 1628 94 1629
f 1629 94 82
f 1629 82 1594
f 1594 82 81
f 1606 1607 1623
f 1625 1626 1605
f 1605 1626 1627
f 1596 1605 1595
f 1595 1605 1594
f 1607 1608 1623
f 1623 1608 1609
f 1623 1609 1610
f 1606 1623 1605
f 1605 1623 1624
f 1605 1624 1625
f 1610 1611 1623
f 1623 1611 1612
f 1623 1612 1613
f 1621 1615 1620
f 1620 1615 1616
f 1616 1617 1620
f 1620 1617 1618
f 1620 1618 1619
f 1613 1614 1623
f 1623 1614 1615
f 1623 1615 1622
f 1622 1615 1621
f 1627 1628 1605
f 1605 1628 1629
f 1605 1629 1594
f 1596 1597 1605
f 1605 1597 1598
f 1605 1598 1604
f 1604 1598 1603
f 1598 1599 1603
f 1603 1599 1600
f 1603 1600 1602
f 1602 1600 1601
f 1630 143 1631
f 1631 143 142
f 1631 142 1632
f 1632 142 141
f 1632 141 1633
f 1633 141 160
f 1633 160 1634
f 1634 160 159
f 1634 159 1635
f 1635 159 158
f 1635 158 1636
f 1636 158 175
f 1636 175 1637
f 1637 175 196
f 1637 196 1638
f 1638 196 195
f 1638 195 1639
f 1639 195 194
f 1639 194 1640
f 1640 194 174
f 1640 174 1641
f 1641 174 181
f 1641 181 1642
f 1642 181 180
f 1642 180 1643
f 1643 180 179
f 1643 179 1644
f 1644 179 178
f 1644 178 1645
f 1645 178 139
f 1645 139 1646
f 1646 139 137
f 1646 137 1647
f 1647 137 136
f 1647 136 1648
f 1648 136 152
f 1648 152 1649
f 1649 152 151
f 1649 151 1650
f 1650 151 149
f 1650 149 1651
f 1651 149 148
f 1651 148 1652
f 1652 148 169
f 1652 169 1653
f 1653 169 168
f 1653 168 1654
f 1654 168 167
f 1654 167 1655
f 1655 167 166
f 1655 166 1656
f 1656 166 165
f 1656 165 1657
f 1657 165 163
f 1657 163 1658
f 1658 163 171
f 1658 171 1659
f 1659 171 170
f 1659 170 1660
f 1660 170 147
f 1660 147 1661
f 1661 147 146
f 1661 146 1662
f 1662 146 145
f 1662 145 1663
f 1663 145 135
f 1663 135 1664
f 1664 135 134
f 1664 134 1665
f 1665 134 144
f 1665 144 1630
f 1630 144 143
f 1648 1664 1647
f 1647 1664 1646
f 1661 1662 1655
f 1636 1643 1644
f 1662 1663 1655
f 1655 1663 1664
f 1655 1664 1654
f 1664 1665 1646
f 1646 1665 1630
f 1646 1630 1631
f 1631 1632 1646
f 1646 1632 1633
f 1646 1633 1634
f 1634 1635 1646
f 1646 1635 1636
f 1646 1636 1645
f 1645 1636 1644
f 1648 1649 1664
f 1664 1649 1650
f 1664 1650 1651
f 1637 1641 1636
f 1636 1641 1642
f 1636 1642 1643
f 1637 1638 1641
f 1641 1638 1639
f 1641 1639 1640
f 1651 1652 1664
f 1664 1652 1653
f 1664 1653 1654
f 1658 1655 1657
f 1657 1655 1656
f 1658 1659 1655
f 1655 1659 1660
f 1655 1660 1661
f 1666 186 1667
f 1667 186 185
f 1667 185 1668
f 1668 185 183
f 1668 183 1669
f 1669 183 182
f 1669 182 1670
f 1670 182 199
f 1670 199 1671
f 1671 199 198
f 1671 198 1672
f 1672 198 197
f 1672 197 1673
f 1673 197 192
f 1673 192 1674
f 1674 192 191
f 1674 191 1675
f 1675 191 187
f 1675 187 1676
f 1676 187 189
f 1676 189 1677
f 1677 189 190
f 1677 190 1678
f 1678 190 162
f 1678 162 1679
f 1679 162 161
f 1679 161 1680
f 1680 161 173
f 1680 173 1681
f 1681 173 172
f 1681 172 1682
f 1682 172 177
f 1682 177 1683
f 1683 177 176
f 1683 176 1684
f 1684 176 78
f 1684 78 1685
f 78 131 1685
f 1685 131 120
f 1685 120 1686
f 1686 120 116
f 1686 116 1687
f 1687 116 115
f 1687 115 1688
f 1688 115 114
f 1688 114 1689
f 1689 114 113
f 1689 113 1690
f 1690 113 128
f 1690 128 1691
f 1691 128 127
f 1691 127 1692
f 1692 127 126
f 1692 126 1693
f 1693 126 125
f 1693 125 1694
f 1694 125 124
f 1694 124 1695
f 1695 124 123
f 1695 123 1696
f 1696 123 117
f 1696 117 1697
f 1697 117 118
f 1697 118 1698
f 1698 118 119
f 1698 119 1699
f 1699 119 157
f 1699 157 1700
f 1700 157 156
f 1700 156 1701
f 1701 156 154
f 1701 154 1666
f 1666 154 153
f 1666 153 186
f 1672 1689 1671
f 1671 1689 1690
f 1690 1691 1671
f 1671 1691 1692
f 1671 1692 1693
f 1672 1673 1689
f 1689 1673 1674
f 1689 1674 1675
f 1669 1670 1697
f 1697 1670 1671
f 1697 1671 1696
f 1693 1694 1671
f 1671 1694 1695
f 1671 1695 1696
f 1699 1700 1668
f 1675 1676 1689
f 1689 1676 1677
f 1689 1677 1678
f 1669 1697 1668
f 1668 1697 1698
f 1668 1698 1699
f 1700 1701 1668
f 1668 1701 1666
f 1668 1666 1667
f 1681 1682 1685
f 1685 1682 1683
f 1685 1683 1684
f 1681 1685 1680
f 1680 1685 1686
f 1680 1686 1687
f 1678 1679 1689
f 1689 1679 1680
f 1689 1680 1688
f 1688 1680 1687
f 1702 208 1703
f 1703 208 219
f 1703 219 1704
f 1704 219 218
f 1704 218 1705
f 1705 218 217
f 1705 217 1706
f 1706 217 201
f 1706 201 1707
f 1707 201 200
f 1707 200 1708
f 1708 200 244
f 1708 244 1709
f 1709 244 243
f 1709 243 1710
f 1710 243 242
f 1710 242 1711
f 1711 242 241
f 1711 241 1712
f 1712 241 230
f 1712 230 1713
f 1713 230 229
f 1713 229 1714
f 1714 229 228
f 1714 228 1715
f 1715 228 216
f 1715 216 1716
f 1716 216 215
f 1716 215 1717
f 1717 215 214
f 1717 214 1718
f 1718 214 203
f 1718 203 1719
f 1719 203 205
f 1719 205 1720
f 1720 205 206
f 1720 206 1721
f 1721 206 222
f 1721 222 1722
f 1722 222 221
f 1722 221 1723
f 1723 221 220
f 1723 220 1724
f 1724 220 213
f 1724 213 1725
f 1725 213 212
f 1725 212 1726
f 1726 212 240
f 1726 240 1727
f 1727 240 239
f 1727 239 1728
f 1728 239 238
f 1728 238 1729
f 1729 238 237
f 1729 237 1730
f 1730 237 236
f 1730 236 1731
f 1731 236 235
f 1731 235 1732
f 1732 235 234
f 1732 234 1733
f 1733 234 233
f 1733 233 1734
f 1734 233 232
f 1734 232 1735
f 1735 232 211
f 1735 211 1736
f 1736 211 210
f 1736 210 1737
f 1737 210 209
f 1737 209 1702
f 1702 209 208
f 1714 1715 1702
f 1717 1718 1731
f 1732 1733 1715
f 1715 1733 1734
f 1715 1734 1735
f 1714 1702 1713
f 1713 1702 1703
f 1713 1703 1704
f 1732 1715 1731
f 1731 1715 1716
f 1731 1716 1717
f 1735 1736 1715
f 1715 1736 1737
f 1715 1737 1702
f 1706 1710 1711
f 1718 1719 1731
f 1731 1719 1720
f 1731 1720 1721
f 1729 1723 1728
f 1728 1723 1724
f 1724 1725 1728
f 1728 1725 1726
f 1728 1726 1727
f 1721 1722 1731
f 1731 1722 1723
f 1731 1723 1730
f 1730 1723 1729
f 1706 1707 1710
f 1710 1707 1708
f 1710 1708 1709
f 1704 1705 1713
f 1713 1705 1706
f 1713 1706 1712
f 1712 1706 1711
f 1738 254 1739
f 1739 254 253
f 1739 253 1740
f 1740 253 252
f 1740 252 1741
f 1741 252 251
f 1741 251 1742
f 1742 251 250
f 1742 250 1743
f 1743 250 283
f 1743 283 1744
f 1744 283 282
f 1744 282 1745
f 1745 282 275
f 1745 275 1746
f 1746 275 274
f 1746 274 1747
f 1747 274 286
f 1747 286 1748
f 1748 286 285
f 1748 285 1749
f 1749 285 284
f 1749 284 1750
f 1750 284 273
f 1750 273 1751
f 1751 273 272
f 1751 272 1752
f 1752 272 271
f 1752 271 1753
f 1753 271 269
f 1753 269 1754
f 1754 269 268
f 1754 268 1755
f 1755 268 262
f 1755 262 1756
f 1756 262 261
f 1756 261 1757
f 1757 261 259
f 1757 259 1758
f 1758 259 258
f 1758 258 1759
f 1759 258 249
f 1759 249 1760
f 1760 249 267
f 1760 267 1761
f 1761 267 266
f 1761 266 1762
f 1762 266 257
f 1762 257 1763
f 1763 257 256
f 1763 256 1764
f 1764 256 281
f 1764 281 1765
f 1765 281 280
f 1765 280 1766
f 1766 280 279
f 1766 279 1767
f 1767 279 278
f 1767 278 1768
f 1768 278 277
f 1768 277 1769
f 1769 277 276
f 1769 276 1770
f 1770 276 265
f 1770 265 1771
f 1771 265 264
f 1771 264 1772
f 1772 264 263
f 1772 263 1773
f 1773 263 255
f 1773 255 1738
f 1738 255 254
f 1764 1765 1770
f 1771 1772 1762
f 1753 1754 1740
f 1740 1754 1755
f 1740 1755 1756
f 1757 1738 1756
f 1756 1738 1739
f 1756 1739 1740
f 1757 1758 1738
f 1738 1758 1759
f 1738 1759 1760
f 1760 1761 1738
f 1738 1761 1762
f 1738 1762 1773
f 1773 1762 1772
f 1741 1742 1751
f 1751 1742 1743
f 1751 1743 1744
f 1741 1751 1740
f 1740 1751 1752
f 1740 1752 1753
f 1771 1762 1770
f 1770 1762 1763
f 1770 1763 1764
f 1765 1766 1770
f 1770 1766 1767
f 1770 1767 1769
f 1769 1767 1768
f 1744 1745 1751
f 1751 1745 1746
f 1751 1746 1747
f 1747 1748 1751
f 1751 1748 1749
f 1751 1749 1750
f 70 164 1774
f 619 567 1775
f 54 63 1776
f 1776 63 111
f 619 1775 1777
f 1777 1775 1778
f 1777 1778 1779
f 1779 1778 1780
f 1779 1780 1781
f 1781 1780 1782
f 1781 1782 1783
f 1783 1782 1784
f 1783 1784 1785
f 1785 1784 1786
f 1785 1786 1787
f 1787 1786 1788
f 1787 1788 1789
f 1789 1788 1776
f 1789 1776 1774
f 1774 1776 111
f 1774 111 70
f 511 1790 1791
f 511 1791 1792
f 1792 1791 1793
f 1792 1793 1794
f 1795 1793 1796
f 1796 1793 1791
f 1796 1791 1797
f 1797 1791 1790
f 1797 1790 1798
f 1799 1800 1794
f 1801 1795 1802
f 1802 1795 1796
f 1802 1796 1803
f 1803 1796 1797
f 1803 1797 1804
f 1804 1797 1798
f 1804 1798 1805
f 1806 1807 1800
f 1808 1801 1809
f 1809 1801 1802
f 1809 1802 1810
f 1810 1802 1803
f 1810 1803 1811
f 1811 1803 1804
f 1811 1804 1812
f 1812 1804 1805
f 1812 1805 1813
f 1814 1815 1807
f 1816 1808 1817
f 1817 1808 1809
f 1817 1809 1818
f 1818 1809 1810
f 1818 1810 1819
f 1819 1810 1811
f 1819 1811 1820
f 1820 1811 1812
f 1820 1812 1821
f 1821 1812 1813
f 1821 1813 1822
f 1823 1824 1815
f 1825 1816 1826
f 1826 1816 1817
f 1826 1817 1827
f 1827 1817 1818
f 1827 1818 1828
f 1828 1818 1819
f 1828 1819 1829
f 1829 1819 1820
f 1829 1820 1830
f 1830 1820 1821
f 1830 1821 1831
f 1831 1821 1822
f 1831 1822 1832
f 1833 1834 1824
f 1835 1825 1836
f 1836 1825 1826
f 1836 1826 1837
f 1837 1826 1827
f 1837 1827 1838
f 1838 1827 1828
f 1838 1828 1839
f 1839 1828 1829
f 1839 1829 1840
f 1840 1829 1830
f 1840 1830 1841
f 1841 1830 1831
f 1841 1831 1842
f 1842 1831 1832
f 1842 1832 1843
f 164 1844 1845
f 1845 1844 1834
f 1834 1833 1845
f 1845 1833 1846
f 1845 1846 164
f 1824 1823 1833
f 1833 1823 1847
f 1833 1847 1846
f 1846 1847 1848
f 1846 1848 164
f 1815 1814 1823
f 1823 1814 1849
f 1823 1849 1847
f 1847 1849 1850
f 1847 1850 1848
f 1848 1850 1851
f 1848 1851 164
f 1807 1806 1814
f 1814 1806 1852
f 1814 1852 1849
f 1849 1852 1853
f 1849 1853 1850
f 1850 1853 1854
f 1850 1854 1851
f 1851 1854 1855
f 1851 1855 164
f 1800 1799 1806
f 1806 1799 1856
f 1806 1856 1852
f 1852 1856 1857
f 1852 1857 1853
f 1853 1857 1858
f 1853 1858 1854
f 1854 1858 1859
f 1854 1859 1855
f 1855 1859 1860
f 1855 1860 164
f 164 1835 1861
f 1861 1835 1836
f 1861 1836 1862
f 1862 1836 1837
f 1862 1837 1863
f 1863 1837 1838
f 1863 1838 1864
f 1864 1838 1839
f 1864 1839 1865
f 1865 1839 1840
f 1865 1840 1866
f 1866 1840 1841
f 1866 1841 1867
f 1867 1841 1842
f 1867 1842 1868
f 1868 1842 1843
f 1868 1843 1869
f 164 1861 1774
f 1774 1861 1862
f 1774 1862 1789
f 1789 1862 1863
f 1789 1863 1787
f 1787 1863 1864
f 1787 1864 1785
f 1785 1864 1865
f 1785 1865 1783
f 1783 1865 1866
f 1783 1866 1781
f 1781 1866 1867
f 1781 1867 1779
f 1779 1867 1868
f 1779 1868 1777
f 1777 1868 1869
f 1777 1869 619
f 1794 1793 1799
f 1799 1793 1795
f 1799 1795 1856
f 1856 1795 1801
f 1856 1801 1857
f 1857 1801 1808
f 1857 1808 1858
f 1858 1808 1816
f 1858 1816 1859
f 1859 1816 1825
f 1859 1825 1860
f 1860 1825 1835
f 1860 1835 164
f 567 1870 1871
f 567 1871 1775
f 1775 1871 1872
f 1775 1872 1778
f 1873 1872 1874
f 1874 1872 1871
f 1874 1871 1875
f 1875 1871 1870
f 1875 1870 1876
f 1877 1780 1778
f 1878 1873 1879
f 1879 1873 1874
f 1879 1874 1880
f 1880 1874 1875
f 1880 1875 1881
f 1881 1875 1876
f 1881 1876 1882
f 1883 1782 1780
f 1884 1878 1885
f 1885 1878 1879
f 1885 1879 1886
f 1886 1879 1880
f 1886 1880 1887
f 1887 1880 1881
f 1887 1881 1888
f 1888 1881 1882
f 1888 1882 1889
f 1890 1784 1782
f 1891 1884 1892
f 1892 1884 1885
f 1892 1885 1893
f 1893 1885 1886
f 1893 1886 1894
f 1894 1886 1887
f 1894 1887 1895
f 1895 1887 1888
f 1895 1888 1896
f 1896 1888 1889
f 1896 1889 1897
f 1898 1786 1784
f 1899 1891 1900
f 1900 1891 1892
f 1900 1892 1901
f 1901 1892 1893
f 1901 1893 1902
f 1902 1893 1894
f 1902 1894 1903
f 1903 1894 1895
f 1903 1895 1904
f 1904 1895 1896
f 1904 1896 1905
f 1905 1896 1897
f 1905 1897 1906
f 1907 1788 1786
f 1908 1899 1909
f 1909 1899 1900
f 1909 1900 1910
f 1910 1900 1901
f 1910 1901 1911
f 1911 1901 1902
f 1911 1902 1912
f 1912 1902 1903
f 1912 1903 1913
f 1913 1903 1904
f 1913 1904 1914
f 1914 1904 1905
f 1914 1905 1915
f 1915 1905 1906
f 1915 1906 1916
f 54 1776 1917
f 1917 1776 1788
f 1788 1907 1917
f 1917 1907 1918
f 1917 1918 54
f 1786 1898 1907
f 1907 1898 1919
f 1907 1919 1918
f 1918 1919 1920
f 1918 1920 54
f 1784 1890 1898
f 1898 1890 1921
f 1898 1921 1919
f 1919 1921 1922
f 1919 1922 1920
f 1920 1922 1923
f 1920 1923 54
f 1782 1883 1890
f 1890 1883 1924
f 1890 1924 1921
f 1921 1924 1925
f 1921 1925 1922
f 1922 1925 1926
f 1922 1926 1923
f 1923 1926 1927
f 1923 1927 54
f 1780 1877 1883
f 1883 1877 1928
f 1883 1928 1924
f 1924 1928 1929
f 1924 1929 1925
f 1925 1929 1930
f 1925 1930 1926
f 1926 1930 1931
f 1926 1931 1927
f 1927 1931 1932
f 1927 1932 54
f 54 1908 1933
f 1933 1908 1909
f 1933 1909 1934
f 1934 1909 1910
f 1934 1910 1935
f 1935 1910 1911
f 1935 1911 1936
f 1936 1911 1912
f 1936 1912 1937
f 1937 1912 1913
f 1937 1913 1938
f 1938 1913 1914
f 1938 1914 1939
f 1939 1914 1915
f 1939 1915 1940
f 1940 1915 1916
f 1940 1916 1941
f 54 1933 1942
f 1942 1933 1934
f 1942 1934 1943
f 1943 1934 1935
f 1943 1935 1944
f 1944 1935 1936
f 1944 1936 1945
f 1945 1936 1937
f 1945 1937 1946
f 1946 1937 1938
f 1946 1938 1947
f 1947 1938 1939
f 1947 1939 1948
f 1948 1939 1940
f 1948 1940 1949
f 1949 1940 1941
f 1949 1941 482
f 1778 1872 1877
f 1877 1872 1873
f 1877 1873 1928
f 1928 1873 1878
f 1928 1878 1929
f 1929 1878 1884
f 1929 1884 1930
f 1930 1884 1891
f 1930 1891 1931
f 1931 1891 1899
f 1931 1899 1932
f 1932 1899 1908
f 1932 1908 54
f 509 511 1792
f 507 509 1950
f 497 499 1951
f 1952 489 491
f 1953 493 495
f 499 501 1954
f 1954 501 503
f 503 505 1955
f 1955 505 507
f 1956 1957 1958
f 1958 1957 1959
f 1958 1959 1960
f 1960 1959 1961
f 1960 1961 1962
f 1962 1961 1963
f 1962 1963 1964
f 1964 1963 1965
f 1964 1965 1952
f 1952 1965 487
f 1952 487 489
f 1966 1956 1967
f 1967 1956 1958
f 1967 1958 1968
f 1968 1958 1960
f 1968 1960 1969
f 1969 1960 1962
f 1969 1962 1970
f 1970 1962 1964
f 1970 1964 1971
f 1971 1964 1952
f 1971 1952 1953
f 1953 1952 491
f 1953 491 493
f 1972 1973 1974
f 1975 1966 1976
f 1976 1966 1967
f 1976 1967 1977
f 1977 1967 1968
f 1977 1968 1978
f 1978 1968 1969
f 1978 1969 1979
f 1979 1969 1970
f 1979 1970 1980
f 1980 1970 1971
f 1980 1971 1981
f 1981 1971 1953
f 1981 1953 1982
f 1982 1953 495
f 1982 495 497
f 1983 1973 1984
f 1984 1973 1972
f 1984 1972 1985
f 270 1983 260
f 260 1983 1984
f 260 1984 248
f 248 1984 1985
f 248 1985 184
f 193 184 1975
f 1975 184 1985
f 1975 1985 1966
f 1966 1985 1972
f 1966 1972 1956
f 1956 1972 1974
f 1956 1974 1957
f 497 1951 1982
f 1982 1951 1986
f 1982 1986 1981
f 1981 1986 1987
f 1981 1987 1980
f 1980 1987 1988
f 1980 1988 1979
f 1979 1988 1989
f 1979 1989 1978
f 1978 1989 1990
f 1978 1990 1977
f 1977 1990 1991
f 1977 1991 1976
f 1976 1991 1992
f 1976 1992 1975
f 1975 1992 188
f 1975 188 193
f 499 1954 1951
f 1951 1954 1993
f 1951 1993 1986
f 1986 1993 1994
f 1986 1994 1987
f 1987 1994 1995
f 1987 1995 1988
f 1988 1995 1996
f 1988 1996 1989
f 1989 1996 1997
f 1989 1997 1990
f 1990 1997 1998
f 1990 1998 1991
f 1991 1998 1999
f 1991 1999 1992
f 1992 1999 140
f 1992 140 188
f 503 1955 1954
f 1954 1955 2000
f 1954 2000 1993
f 1993 2000 2001
f 1993 2001 1994
f 1994 2001 2002
f 1994 2002 1995
f 1995 2002 2003
f 1995 2003 1996
f 1996 2003 2004
f 1996 2004 1997
f 1997 2004 2005
f 1997 2005 1998
f 1998 2005 2006
f 1998 2006 1999
f 1999 2006 138
f 1999 138 140
f 507 1950 1955
f 1955 1950 2007
f 1955 2007 2000
f 2000 2007 2008
f 2000 2008 2001
f 2001 2008 2009
f 2001 2009 2002
f 2002 2009 2010
f 2002 2010 2003
f 2003 2010 2011
f 2003 2011 2004
f 2004 2011 2012
f 2004 2012 2005
f 2005 2012 2013
f 2005 2013 2006
f 2006 2013 150
f 2006 150 138
f 509 1792 1950
f 1950 1792 1794
f 1950 1794 2007
f 2007 1794 1800
f 2007 1800 2008
f 2008 1800 1807
f 2008 1807 2009
f 2009 1807 1815
f 2009 1815 2010
f 2010 1815 1824
f 2010 1824 2011
f 2011 1824 1834
f 2011 1834 2012
f 2012 1834 1844
f 2012 1844 2013
f 2013 1844 164
f 2013 164 150
f 511 512 2014
f 511 2014 1790
f 1790 2014 2015
f 1790 2015 1798
f 1798 2015 2016
f 1798 2016 1805
f 1805 2016 2017
f 1805 2017 1813
f 1813 2017 2018
f 1813 2018 1822
f 1822 2018 2019
f 1822 2019 1832
f 1832 2019 2020
f 1832 2020 1843
f 1843 2020 2021
f 1843 2021 1869
f 1869 2021 636
f 1869 636 619
f 2022 2023 2024
f 2024 2023 551
f 2024 551 636
f 2024 2025 2022
f 2022 2025 2026
f 2022 2026 2027
f 2028 2029 2030
f 2026 2031 2027
f 2027 2031 2032
f 2027 2032 2029
f 2029 2032 2033
f 2029 2033 2030
f 2034 2035 2036
f 2028 2030 2037
f 2037 2030 2038
f 2037 2038 2039
f 2039 2038 2040
f 2039 2040 2036
f 2036 2040 2041
f 2036 2041 2034
f 2035 2034 2042
f 2042 2034 2043
f 2042 2043 2044
f 2045 2046 2047
f 2047 2046 2048
f 2044 2043 2049
f 2049 2043 2050
f 2049 2050 2051
f 2051 2050 2052
f 2051 2052 2053
f 2053 2052 2054
f 2053 2054 2048
f 2048 2054 2055
f 2048 2055 2047
f 370 367 2056
f 2056 2057 370
f 370 2057 2058
f 370 2058 2059
f 2059 2060 370
f 370 2060 2061
f 370 2061 2062
f 2062 2063 370
f 370 2063 2064
f 370 2064 2047
f 2047 2064 2065
f 2047 2065 2045
f 2066 1148 2067
f 2067 1148 1198
f 1135 1137 2068
f 2068 1137 1139
f 1139 1141 2068
f 2068 1141 1143
f 2068 1143 2069
f 2069 1143 1144
f 2069 1144 2066
f 2066 1144 1146
f 2066 1146 1148
f 2070 2071 1164
f 1164 2071 2072
f 1164 2072 2073
f 1164 1166 2070
f 2070 1166 1168
f 2070 1168 1170
f 1170 1171 2070
f 2070 1171 1173
f 2070 1173 1174
f 2074 1149 1123
f 1123 1125 2074
f 2074 1125 1127
f 2074 1127 1128
f 1128 1130 2074
f 2074 1130 1132
f 2074 1132 1134
f 1135 2068 1134
f 1134 2068 2075
f 1134 2075 2074
f 1159 1161 2073
f 2073 1161 1163
f 2073 1163 1164
f 2076 2077 1155
f 2076 1155 2073
f 2073 1155 1157
f 2073 1157 1159
f 1176 1153 2077
f 2077 1153 1154
f 2077 1154 1155
f 2077 2078 1176
f 1176 2078 2079
f 1176 2079 2080
f 2080 2081 1176
f 1176 2081 2082
f 1176 2082 376
f 2082 2083 376
f 376 2083 2084
f 376 2084 2085
f 2085 2086 376
f 376 2086 2087
f 376 2087 2088
f 2088 2089 376
f 376 2089 2090
f 376 2090 367
f 1174 1149 2070
f 2070 1149 2074
f 2070 2074 2091
f 2091 2074 2092
f 2074 2093 2092
f 2092 2093 2094
f 2092 2094 2095
f 2096 2097 2098
f 2094 2099 2095
f 2095 2099 2098
f 2095 2098 2100
f 2100 2098 2097
f 2098 2101 2096
f 2096 2101 2102
f 2096 2102 2103
f 2102 2104 2103
f 2103 2104 2105
f 2103 2105 2106
f 2106 2105 2107
f 2107 2108 2106
f 2106 2108 554
f 2106 554 515
f 391 393 1198
f 1198 393 2109
f 1198 2109 2067
f 567 554 2110
f 567 2110 1870
f 1870 2110 2111
f 1870 2111 1876
f 1876 2111 2112
f 1876 2112 1882
f 1882 2112 2113
f 1882 2113 1889
f 1889 2113 2114
f 1889 2114 1897
f 1897 2114 2115
f 1897 2115 1906
f 1906 2115 2116
f 1906 2116 1916
f 1916 2116 2117
f 1916 2117 1941
f 1941 2117 481
f 1941 481 482
f 482 480 2118
f 482 2118 1949
f 1949 2118 2119
f 1949 2119 1948
f 1948 2119 2120
f 1948 2120 1947
f 1947 2120 2121
f 1947 2121 1946
f 1946 2121 2122
f 1946 2122 1945
f 1945 2122 2123
f 1945 2123 1944
f 1944 2123 2124
f 1944 2124 1943
f 1943 2124 2125
f 1943 2125 1942
f 1942 2125 46
f 1942 46 54
f 48 46 2126
f 486 484 2127
f 224 2128 204
f 204 2128 270
f 486 2127 2129
f 2129 2127 2130
f 2129 2130 2131
f 2131 2130 2132
f 2131 2132 2133
f 2133 2132 2134
f 2133 2134 2135
f 2135 2134 2136
f 2135 2136 2137
f 2137 2136 2138
f 2137 2138 2139
f 2139 2138 2140
f 2139 2140 2141
f 2141 2140 2128
f 2141 2128 2126
f 2126 2128 224
f 2126 224 48
f 484 2142 2143
f 484 2143 2127
f 2127 2143 2144
f 2127 2144 2130
f 2145 2144 2146
f 2146 2144 2143
f 2146 2143 2147
f 2147 2143 2142
f 2147 2142 2148
f 2149 2132 2130
f 2150 2145 2151
f 2151 2145 2146
f 2151 2146 2152
f 2152 2146 2147
f 2152 2147 2153
f 2153 2147 2148
f 2153 2148 2154
f 2155 2134 2132
f 2156 2150 2157
f 2157 2150 2151
f 2157 2151 2158
f 2158 2151 2152
f 2158 2152 2159
f 2159 2152 2153
f 2159 2153 2160
f 2160 2153 2154
f 2160 2154 2161
f 2162 2136 2134
f 2163 2156 2164
f 2164 2156 2157
f 2164 2157 2165
f 2165 2157 2158
f 2165 2158 2166
f 2166 2158 2159
f 2166 2159 2167
f 2167 2159 2160
f 2167 2160 2168
f 2168 2160 2161
f 2168 2161 2169
f 2170 2138 2136
f 2171 2163 2172
f 2172 2163 2164
f 2172 2164 2173
f 2173 2164 2165
f 2173 2165 2174
f 2174 2165 2166
f 2174 2166 2175
f 2175 2166 2167
f 2175 2167 2176
f 2176 2167 2168
f 2176 2168 2177
f 2177 2168 2169
f 2177 2169 2178
f 2179 2140 2138
f 2180 2171 2181
f 2181 2171 2172
f 2181 2172 2182
f 2182 2172 2173
f 2182 2173 2183
f 2183 2173 2174
f 2183 2174 2184
f 2184 2174 2175
f 2184 2175 2185
f 2185 2175 2176
f 2185 2176 2186
f 2186 2176 2177
f 2186 2177 2187
f 2187 2177 2178
f 2187 2178 2188
f 270 2128 2189
f 2189 2128 2140
f 2140 2179 2189
f 2189 2179 2190
f 2189 2190 270
f 2138 2170 2179
f 2179 2170 2191
f 2179 2191 2190
f 2190 2191 2192
f 2190 2192 270
f 2136 2162 2170
f 2170 2162 2193
f 2170 2193 2191
f 2191 2193 2194
f 2191 2194 2192
f 2192 2194 2195
f 2192 2195 270
f 2134 2155 2162
f 2162 2155 2196
f 2162 2196 2193
f 2193 2196 2197
f 2193 2197 2194
f 2194 2197 2198
f 2194 2198 2195
f 2195 2198 2199
f 2195 2199 270
f 2132 2149 2155
f 2155 2149 2200
f 2155 2200 2196
f 2196 2200 2201
f 2196 2201 2197
f 2197 2201 2202
f 2197 2202 2198
f 2198 2202 2203
f 2198 2203 2199
f 2199 2203 2204
f 2199 2204 270
f 270 2180 2205
f 2205 2180 2181
f 2205 2181 2206
f 2206 2181 2182
f 2206 2182 2207
f 2207 2182 2183
f 2207 2183 2208
f 2208 2183 2184
f 2208 2184 2209
f 2209 2184 2185
f 2209 2185 2210
f 2210 2185 2186
f 2210 2186 2211
f 2211 2186 2187
f 2211 2187 2212
f 2212 2187 2188
f 2212 2188 2213
f 270 2205 1983
f 1983 2205 2206
f 1983 2206 1973
f 1973 2206 2207
f 1973 2207 1974
f 1974 2207 2208
f 1974 2208 1957
f 1957 2208 2209
f 1957 2209 1959
f 1959 2209 2210
f 1959 2210 1961
f 1961 2210 2211
f 1961 2211 1963
f 1963 2211 2212
f 1963 2212 1965
f 1965 2212 2213
f 1965 2213 487
f 2130 2144 2149
f 2149 2144 2145
f 2149 2145 2200
f 2200 2145 2150
f 2200 2150 2201
f 2201 2150 2156
f 2201 2156 2202
f 2202 2156 2163
f 2202 2163 2203
f 2203 2163 2171
f 2203 2171 2204
f 2204 2171 2180
f 2204 2180 270
f 2034 2041 2214
f 2050 2043 2215
f 2216 2217 2218
f 2217 2216 370
f 2219 370 2216
f 370 2220 2221
f 2222 2223 2224
f 370 2047 2217
f 2217 2047 2055
f 2217 2055 2218
f 2218 2055 2054
f 2218 2054 2052
f 2225 2223 2226
f 2226 2223 2222
f 2226 2222 2227
f 2219 2216 2228
f 2228 2216 2218
f 2228 2218 2215
f 2215 2218 2052
f 2215 2052 2050
f 2229 370 2219
f 2230 2225 2231
f 2231 2225 2226
f 2231 2226 2232
f 2232 2226 2227
f 2232 2227 2233
f 2229 2219 2234
f 2234 2219 2228
f 2234 2228 2235
f 2235 2228 2215
f 2235 2215 2214
f 2214 2215 2043
f 2214 2043 2034
f 2236 370 2229
f 2237 2230 2238
f 2238 2230 2231
f 2238 2231 2239
f 2239 2231 2232
f 2239 2232 2240
f 2240 2232 2233
f 2240 2233 2241
f 2242 2236 2243
f 2243 2236 2244
f 2243 2244 2245
f 2245 2244 2246
f 2245 2246 2247
f 2247 2246 2248
f 2247 2248 2249
f 2249 2248 2250
f 2249 2250 2251
f 2236 2229 2244
f 2244 2229 2234
f 2244 2234 2246
f 2246 2234 2235
f 2246 2235 2248
f 2248 2235 2214
f 2248 2214 2250
f 2250 2214 2041
f 2250 2041 2040
f 2242 370 2236
f 2252 2237 2253
f 2253 2237 2238
f 2253 2238 2254
f 2254 2238 2239
f 2254 2239 2255
f 2255 2239 2240
f 2255 2240 2256
f 2256 2240 2241
f 2256 2241 2257
f 2258 2252 2259
f 2259 2252 2253
f 2259 2253 2260
f 2260 2253 2254
f 2260 2254 2261
f 2261 2254 2255
f 2261 2255 2262
f 2262 2255 2256
f 2262 2256 2263
f 2263 2256 2257
f 2263 2257 2264
f 2221 2220 2265
f 2265 2220 2266
f 2265 2266 2267
f 2267 2266 2268
f 2267 2268 2269
f 2269 2268 2270
f 2269 2270 2271
f 2271 2270 2272
f 2271 2272 2273
f 2273 2272 2274
f 2273 2274 2275
f 2275 2274 2276
f 2275 2276 2277
f 2224 370 2221
f 2040 2038 2250
f 2250 2038 2030
f 2250 2030 2251
f 2251 2030 2033
f 2251 2033 2032
f 2032 2276 2251
f 2251 2276 2274
f 2251 2274 2249
f 2249 2274 2272
f 2249 2272 2247
f 2247 2272 2270
f 2247 2270 2245
f 2245 2270 2268
f 2245 2268 2243
f 2243 2268 2266
f 2243 2266 2242
f 2242 2266 2220
f 2242 2220 370
f 2278 2258 2279
f 2279 2258 2259
f 2279 2259 2280
f 2280 2259 2260
f 2280 2260 2281
f 2281 2260 2261
f 2281 2261 2282
f 2282 2261 2262
f 2282 2262 2283
f 2283 2262 2263
f 2283 2263 2284
f 2284 2263 2264
f 2284 2264 2285
f 512 2278 2014
f 2014 2278 2279
f 2014 2279 2015
f 2015 2279 2280
f 2015 2280 2016
f 2016 2280 2281
f 2016 2281 2017
f 2017 2281 2282
f 2017 2282 2018
f 2018 2282 2283
f 2018 2283 2019
f 2019 2283 2284
f 2019 2284 2020
f 2020 2284 2285
f 2020 2285 2021
f 2032 2031 2276
f 2276 2031 2026
f 2276 2026 2277
f 2277 2026 2025
f 2277 2025 2024
f 2224 2221 2222
f 2222 2221 2265
f 2222 2265 2227
f 2227 2265 2267
f 2227 2267 2233
f 2233 2267 2269
f 2233 2269 2241
f 2241 2269 2271
f 2241 2271 2257
f 2257 2271 2273
f 2257 2273 2264
f 2264 2273 2275
f 2264 2275 2285
f 2285 2275 2277
f 2285 2277 2021
f 2021 2277 2024
f 2021 2024 636
f 2108 2107 2286
f 2105 2104 2287
f 2102 2101 2288
f 2098 2099 2289
f 2094 2093 2290
f 2074 2075 2291
f 2292 2293 2294
f 2066 2067 2295
f 393 2296 2297
f 2298 2296 393
f 2299 2300 2301
f 2301 2300 393
f 2298 393 2300
f 2068 2069 2302
f 2302 2069 2066
f 2299 2303 2300
f 2300 2303 2293
f 2300 2293 2298
f 2298 2293 2292
f 2298 2292 2296
f 2075 2068 2291
f 2291 2068 2302
f 2291 2302 2304
f 2093 2074 2290
f 2290 2074 2291
f 2290 2291 2305
f 2305 2291 2304
f 2305 2304 2306
f 2303 2307 2293
f 2293 2307 2308
f 2293 2308 2294
f 2294 2308 2309
f 2294 2309 2310
f 2297 2296 2311
f 2311 2296 2292
f 2311 2292 2312
f 2312 2292 2294
f 2312 2294 2313
f 2313 2294 2310
f 2313 2310 2314
f 2315 393 2297
f 2099 2094 2289
f 2289 2094 2290
f 2289 2290 2316
f 2316 2290 2305
f 2316 2305 2317
f 2317 2305 2306
f 2317 2306 2318
f 2319 2315 2320
f 2320 2315 2321
f 2320 2321 2322
f 2322 2321 2323
f 2322 2323 2324
f 2324 2323 2325
f 2324 2325 2326
f 2326 2325 2327
f 2326 2327 2328
f 2315 2297 2321
f 2321 2297 2311
f 2321 2311 2323
f 2323 2311 2312
f 2323 2312 2325
f 2325 2312 2313
f 2325 2313 2327
f 2327 2313 2314
f 2327 2314 2329
f 2319 393 2315
f 2101 2098 2288
f 2288 2098 2289
f 2288 2289 2330
f 2330 2289 2316
f 2330 2316 2331
f 2331 2316 2317
f 2331 2317 2332
f 2332 2317 2318
f 2332 2318 2333
f 2104 2102 2287
f 2287 2102 2288
f 2287 2288 2334
f 2334 2288 2330
f 2334 2330 2335
f 2335 2330 2331
f 2335 2331 2336
f 2336 2331 2332
f 2336 2332 2337
f 2337 2332 2333
f 2337 2333 2338
f 2295 2339 2340
f 2340 2339 2341
f 2340 2341 2342
f 2342 2341 2343
f 2342 2343 2344
f 2344 2343 2345
f 2344 2345 2346
f 2346 2345 2347
f 2346 2347 2348
f 2348 2347 2349
f 2348 2349 2350
f 2350 2349 2351
f 2350 2351 2352
f 2329 2353 2327
f 2327 2353 2354
f 2327 2354 2328
f 2328 2354 2355
f 2328 2355 2356
f 2356 2351 2328
f 2328 2351 2349
f 2328 2349 2326
f 2326 2349 2347
f 2326 2347 2324
f 2324 2347 2345
f 2324 2345 2322
f 2322 2345 2343
f 2322 2343 2320
f 2320 2343 2341
f 2320 2341 2319
f 2319 2341 2339
f 2319 2339 393
f 2295 393 2339
f 2067 2109 2295
f 2295 2109 393
f 2107 2105 2286
f 2286 2105 2287
f 2286 2287 2357
f 2357 2287 2334
f 2357 2334 2358
f 2358 2334 2335
f 2358 2335 2359
f 2359 2335 2336
f 2359 2336 2360
f 2360 2336 2337
f 2360 2337 2361
f 2361 2337 2338
f 2361 2338 2362
f 554 2108 2110
f 2110 2108 2286
f 2110 2286 2111
f 2111 2286 2357
f 2111 2357 2112
f 2112 2357 2358
f 2112 2358 2113
f 2113 2358 2359
f 2113 2359 2114
f 2114 2359 2360
f 2114 2360 2115
f 2115 2360 2361
f 2115 2361 2116
f 2116 2361 2362
f 2116 2362 2117
f 2356 2363 2351
f 2351 2363 2364
f 2351 2364 2352
f 2352 2364 2365
f 2352 2365 2366
f 2066 2295 2302
f 2302 2295 2340
f 2302 2340 2304
f 2304 2340 2342
f 2304 2342 2306
f 2306 2342 2344
f 2306 2344 2318
f 2318 2344 2346
f 2318 2346 2333
f 2333 2346 2348
f 2333 2348 2338
f 2338 2348 2350
f 2338 2350 2362
f 2362 2350 2352
f 2362 2352 2117
f 2117 2352 2366
f 2117 2366 481
f 480 2367 2368
f 480 2368 2118
f 2118 2368 2369
f 2118 2369 2119
f 2370 2369 2371
f 2371 2369 2368
f 2371 2368 2372
f 2372 2368 2367
f 2372 2367 2373
f 2374 2120 2119
f 2375 2370 2376
f 2376 2370 2371
f 2376 2371 2377
f 2377 2371 2372
f 2377 2372 2378
f 2378 2372 2373
f 2378 2373 2379
f 2380 2121 2120
f 2381 2375 2382
f 2382 2375 2376
f 2382 2376 2383
f 2383 2376 2377
f 2383 2377 2384
f 2384 2377 2378
f 2384 2378 2385
f 2385 2378 2379
f 2385 2379 2386
f 2387 2122 2121
f 2388 2381 2389
f 2389 2381 2382
f 2389 2382 2390
f 2390 2382 2383
f 2390 2383 2391
f 2391 2383 2384
f 2391 2384 2392
f 2392 2384 2385
f 2392 2385 2393
f 2393 2385 2386
f 2393 2386 2394
f 2395 2123 2122
f 2396 2388 2397
f 2397 2388 2389
f 2397 2389 2398
f 2398 2389 2390
f 2398 2390 2399
f 2399 2390 2391
f 2399 2391 2400
f 2400 2391 2392
f 2400 2392 2401
f 2401 2392 2393
f 2401 2393 2402
f 2402 2393 2394
f 2402 2394 2403
f 2404 2124 2123
f 2405 2396 2406
f 2406 2396 2397
f 2406 2397 2407
f 2407 2397 2398
f 2407 2398 2408
f 2408 2398 2399
f 2408 2399 2409
f 2409 2399 2400
f 2409 2400 2410
f 2410 2400 2401
f 2410 2401 2411
f 2411 2401 2402
f 2411 2402 2412
f 2412 2402 2403
f 2412 2403 2413
f 46 2125 2414
f 2414 2125 2124
f 2124 2404 2414
f 2414 2404 2415
f 2414 2415 46
f 2123 2395 2404
f 2404 2395 2416
f 2404 2416 2415
f 2415 2416 2417
f 2415 2417 46
f 2122 2387 2395
f 2395 2387 2418
f 2395 2418 2416
f 2416 2418 2419
f 2416 2419 2417
f 2417 2419 2420
f 2417 2420 46
f 2121 2380 2387
f 2387 2380 2421
f 2387 2421 2418
f 2418 2421 2422
f 2418 2422 2419
f 2419 2422 2423
f 2419 2423 2420
f 2420 2423 2424
f 2420 2424 46
f 2120 2374 2380
f 2380 2374 2425
f 2380 2425 2421
f 2421 2425 2426
f 2421 2426 2422
f 2422 2426 2427
f 2422 2427 2423
f 2423 2427 2428
f 2423 2428 2424
f 2424 2428 2429
f 2424 2429 46
f 46 2405 2430
f 2430 2405 2406
f 2430 2406 2431
f 2431 2406 2407
f 2431 2407 2432
f 2432 2407 2408
f 2432 2408 2433
f 2433 2408 2409
f 2433 2409 2434
f 2434 2409 2410
f 2434 2410 2435
f 2435 2410 2411
f 2435 2411 2436
f 2436 2411 2412
f 2436 2412 2437
f 2437 2412 2413
f 2437 2413 2438
f 46 2430 2126
f 2126 2430 2431
f 2126 2431 2141
f 2141 2431 2432
f 2141 2432 2139
f 2139 2432 2433
f 2139 2433 2137
f 2137 2433 2434
f 2137 2434 2135
f 2135 2434 2435
f 2135 2435 2133
f 2133 2435 2436
f 2133 2436 2131
f 2131 2436 2437
f 2131 2437 2129
f 2129 2437 2438
f 2129 2438 486
f 2119 2369 2374
f 2374 2369 2370
f 2374 2370 2425
f 2425 2370 2375
f 2425 2375 2426
f 2426 2375 2381
f 2426 2381 2427
f 2427 2381 2388
f 2427 2388 2428
f 2428 2388 2396
f 2428 2396 2429
f 2429 2396 2405
f 2429 2405 46
f 484 483 2439
f 484 2439 2142
f 2142 2439 2440
f 2142 2440 2148
f 2148 2440 2441
f 2148 2441 2154
f 2154 2441 2442
f 2154 2442 2161
f 2161 2442 2443
f 2161 2443 2169
f 2169 2443 2444
f 2169 2444 2178
f 2178 2444 2445
f 2178 2445 2188
f 2188 2445 2446
f 2188 2446 2213
f 2213 2446 488
f 2213 488 487
f 368 370 2224
f 364 368 2447
f 390 389 2448
f 2448 389 2449
f 2448 2449 2450
f 2450 2449 2451
f 2451 2449 2452
f 2451 2452 2453
f 2453 2452 2454
f 2454 2452 2455
f 2454 2455 2456
f 2457 2455 2458
f 2458 2455 2452
f 2458 2452 2459
f 2459 2452 2449
f 2459 2449 2460
f 2460 2449 389
f 2460 389 387
f 2461 2462 2463
f 2464 2457 2465
f 2465 2457 2458
f 2465 2458 2466
f 2466 2458 2459
f 2466 2459 2467
f 2467 2459 2460
f 2467 2460 2468
f 2468 2460 387
f 2468 387 385
f 2469 2470 2471
f 2472 2464 2473
f 2473 2464 2465
f 2473 2465 2474
f 2474 2465 2466
f 2474 2466 2475
f 2475 2466 2467
f 2475 2467 2476
f 2476 2467 2468
f 2476 2468 2477
f 2477 2468 385
f 2477 385 383
f 2478 2479 2480
f 2481 2472 2482
f 2482 2472 2473
f 2482 2473 2483
f 2483 2473 2474
f 2483 2474 2484
f 2484 2474 2475
f 2484 2475 2485
f 2485 2475 2476
f 2485 2476 2486
f 2486 2476 2477
f 2486 2477 2487
f 2487 2477 383
f 2487 383 382
f 2479 2478 2488
f 2488 2478 2489
f 2488 2489 2490
f 2491 2481 2492
f 2492 2481 2482
f 2492 2482 2493
f 2493 2482 2483
f 2493 2483 2494
f 2494 2483 2484
f 2494 2484 2495
f 2495 2484 2485
f 2495 2485 2496
f 2496 2485 2486
f 2496 2486 2497
f 2497 2486 2487
f 2497 2487 2498
f 2498 2487 382
f 2498 382 364
f 2490 2489 2499
f 2499 2489 2500
f 2499 2500 2501
f 2502 2503 2504
f 504 502 2505
f 2505 502 2506
f 2505 2506 2507
f 2507 2506 2508
f 2507 2508 2509
f 2509 2508 2510
f 2509 2510 2511
f 2511 2510 2469
f 2511 2469 2461
f 2461 2469 2471
f 2461 2471 2462
f 2501 2500 2512
f 2512 2500 490
f 2512 490 488
f 2478 2504 2489
f 2489 2504 2503
f 2489 2503 2500
f 2500 2503 492
f 2500 492 490
f 500 498 2502
f 2502 498 496
f 2502 496 2503
f 2503 496 494
f 2503 494 492
f 502 500 2506
f 2506 500 2502
f 2506 2502 2508
f 2508 2502 2504
f 2508 2504 2510
f 2510 2504 2478
f 2510 2478 2469
f 2469 2478 2480
f 2469 2480 2470
f 506 504 2491
f 2491 504 2505
f 2491 2505 2481
f 2481 2505 2507
f 2481 2507 2472
f 2472 2507 2509
f 2472 2509 2464
f 2464 2509 2511
f 2464 2511 2457
f 2457 2511 2461
f 2457 2461 2455
f 2455 2461 2463
f 2455 2463 2456
f 2513 510 508
f 364 2447 2498
f 2498 2447 2514
f 2498 2514 2497
f 2497 2514 2515
f 2497 2515 2496
f 2496 2515 2516
f 2496 2516 2495
f 2495 2516 2517
f 2495 2517 2494
f 2494 2517 2518
f 2494 2518 2493
f 2493 2518 2519
f 2493 2519 2492
f 2492 2519 2513
f 2492 2513 2491
f 2491 2513 508
f 2491 508 506
f 368 2224 2447
f 2447 2224 2223
f 2447 2223 2514
f 2514 2223 2225
f 2514 2225 2515
f 2515 2225 2230
f 2515 2230 2516
f 2516 2230 2237
f 2516 2237 2517
f 2517 2237 2252
f 2517 2252 2518
f 2518 2252 2258
f 2518 2258 2519
f 2519 2258 2278
f 2519 2278 2513
f 2513 2278 512
f 2513 512 510
f 393 415 2520
f 2521 479 2366
f 2366 479 481
f 2521 2366 2522
f 2522 2366 2365
f 2522 2365 2523
f 2523 2365 2364
f 2523 2364 2524
f 2524 2364 2363
f 2524 2363 2525
f 2525 2363 2356
f 2525 2356 2526
f 2526 2356 2355
f 2526 2355 2527
f 2527 2355 2354
f 2527 2354 2528
f 2528 2354 2353
f 2528 2353 2529
f 2529 2353 2329
f 2529 2329 2530
f 2530 2329 2314
f 2530 2314 2531
f 2531 2314 2310
f 2531 2310 2532
f 2532 2310 2309
f 2532 2309 2533
f 2533 2309 2308
f 2533 2308 2534
f 2534 2308 2307
f 2534 2307 2535
f 2535 2307 2303
f 2535 2303 2536
f 2536 2303 2299
f 2536 2299 2520
f 2520 2299 2301
f 2520 2301 393
f 479 2537 480
f 480 2537 2367
f 2537 2538 2367
f 2367 2538 2539
f 2367 2539 2373
f 2539 2540 2373
f 2373 2540 2541
f 2373 2541 2379
f 2541 2542 2379
f 2379 2542 2543
f 2379 2543 2386
f 2543 2544 2386
f 2386 2544 2545
f 2386 2545 2394
f 2545 2546 2394
f 2394 2546 2547
f 2394 2547 2403
f 2547 2548 2403
f 2403 2548 2549
f 2403 2549 2413
f 2413 2549 2550
f 2413 2550 2438
f 2550 2551 2438
f 2438 2551 2552
f 2438 2552 486
f 486 2552 2553
f 486 2553 485
f 2501 2512 2554
f 2490 2499 2555
f 2479 2488 2556
f 2470 2480 2557
f 2462 2471 2558
f 390 2559 2560
f 2561 2562 2563
f 2563 2562 2564
f 2563 2564 2565
f 2560 2559 2566
f 2566 2559 2567
f 2566 2567 2568
f 2569 390 2560
f 390 2448 2570
f 2570 2448 2450
f 2450 2567 2570
f 2570 2567 2559
f 2570 2559 390
f 2571 2561 2572
f 2572 2561 2563
f 2572 2563 2573
f 2573 2563 2565
f 2573 2565 2574
f 2575 2571 2576
f 2576 2571 2572
f 2576 2572 2577
f 2577 2572 2573
f 2577 2573 2578
f 2578 2573 2574
f 2578 2574 2579
f 2450 2451 2567
f 2567 2451 2453
f 2567 2453 2568
f 2568 2453 2454
f 2568 2454 2456
f 2569 2560 2580
f 2580 2560 2566
f 2580 2566 2581
f 2581 2566 2568
f 2581 2568 2582
f 2582 2568 2456
f 2582 2456 2463
f 2564 390 2569
f 2583 2584 2585
f 2583 2575 2586
f 2586 2575 2576
f 2586 2576 2587
f 2587 2576 2577
f 2587 2577 2588
f 2588 2577 2578
f 2588 2578 2589
f 2589 2578 2579
f 2589 2579 2558
f 2564 2569 2565
f 2565 2569 2580
f 2565 2580 2574
f 2574 2580 2581
f 2574 2581 2579
f 2579 2581 2582
f 2579 2582 2558
f 2558 2582 2463
f 2558 2463 2462
f 2562 390 2564
f 2583 2585 2575
f 2575 2585 2590
f 2575 2590 2571
f 2571 2590 2591
f 2571 2591 2561
f 2561 2591 2592
f 2561 2592 2562
f 2562 2592 390
f 2593 2594 2595
f 2471 2470 2558
f 2558 2470 2557
f 2558 2557 2589
f 2589 2557 2596
f 2589 2596 2588
f 2588 2596 2597
f 2588 2597 2587
f 2587 2597 2598
f 2587 2598 2586
f 2586 2598 2599
f 2586 2599 2583
f 2583 2599 2600
f 2583 2600 2584
f 2584 2600 2593
f 2593 2595 2584
f 2584 2595 2601
f 2584 2601 2585
f 2585 2601 2602
f 2585 2602 2590
f 2590 2602 2603
f 2590 2603 2591
f 2591 2603 2604
f 2591 2604 2592
f 2592 2604 390
f 2605 2606 2607
f 2480 2479 2557
f 2557 2479 2556
f 2557 2556 2596
f 2596 2556 2608
f 2596 2608 2597
f 2597 2608 2609
f 2597 2609 2598
f 2598 2609 2610
f 2598 2610 2599
f 2599 2610 2611
f 2599 2611 2600
f 2600 2611 2612
f 2600 2612 2593
f 2593 2612 2613
f 2593 2613 2594
f 2594 2613 2605
f 2605 2607 2594
f 2594 2607 2614
f 2594 2614 2595
f 2595 2614 2615
f 2595 2615 2601
f 2601 2615 2616
f 2601 2616 2602
f 2602 2616 2617
f 2602 2617 2603
f 2603 2617 2618
f 2603 2618 2604
f 2604 2618 390
f 2488 2490 2556
f 2556 2490 2555
f 2556 2555 2608
f 2608 2555 2619
f 2608 2619 2609
f 2609 2619 2620
f 2609 2620 2610
f 2610 2620 2621
f 2610 2621 2611
f 2611 2621 2622
f 2611 2622 2612
f 2612 2622 2623
f 2612 2623 2613
f 2613 2623 2624
f 2613 2624 2605
f 2605 2624 2625
f 2605 2625 2606
f 2606 2625 2626
f 2499 2501 2555
f 2555 2501 2554
f 2555 2554 2619
f 2619 2554 2627
f 2619 2627 2620
f 2620 2627 2628
f 2620 2628 2621
f 2621 2628 2629
f 2621 2629 2622
f 2622 2629 2630
f 2622 2630 2623
f 2623 2630 2631
f 2623 2631 2624
f 2624 2631 2632
f 2624 2632 2625
f 2625 2632 2633
f 2625 2633 2626
f 2626 2633 2634
f 2512 488 2554
f 2554 488 2446
f 2554 2446 2627
f 2627 2446 2445
f 2627 2445 2628
f 2628 2445 2444
f 2628 2444 2629
f 2629 2444 2443
f 2629 2443 2630
f 2630 2443 2442
f 2630 2442 2631
f 2631 2442 2441
f 2631 2441 2632
f 2632 2441 2440
f 2632 2440 2633
f 2633 2440 2439
f 2633 2439 2634
f 2634 2439 483
f 2520 415 2635
f 2636 2535 2635
f 2635 2535 2536
f 2635 2536 2520
f 2637 2533 2636
f 2636 2533 2534
f 2636 2534 2535
f 2638 2639 2640
f 2640 2639 2641
f 2640 2641 2642
f 2642 2641 2643
f 2642 2643 2644
f 2645 2531 2637
f 2637 2531 2532
f 2637 2532 2533
f 2643 2646 2644
f 2644 2646 2647
f 2644 2647 2648
f 2527 2528 2649
f 2649 2528 2529
f 2649 2529 2645
f 2645 2529 2530
f 2645 2530 2531
f 2647 2650 2648
f 2648 2650 2651
f 2648 2651 2652
f 2652 2651 2653
f 2653 2654 2652
f 2652 2654 2655
f 2652 2655 2656
f 2527 2649 2526
f 2526 2649 2657
f 2526 2657 2525
f 2525 2657 2658
f 2525 2658 2524
f 2655 2659 2656
f 2656 2659 2660
f 2656 2660 2661
f 2524 2658 2523
f 2523 2658 2662
f 2523 2662 2522
f 415 2640 2663
f 2663 2640 2642
f 2663 2642 2664
f 2664 2642 2644
f 2664 2644 2665
f 2665 2644 2648
f 2665 2648 2666
f 2666 2648 2652
f 2666 2652 2667
f 2667 2652 2656
f 2667 2656 2668
f 2668 2656 2661
f 2668 2661 2669
f 2669 2661 2670
f 2669 2670 2671
f 2522 2662 2521
f 2521 2662 2537
f 2521 2537 479
f 2672 2539 2538
f 415 2673 2635
f 2635 2673 2674
f 2635 2674 2636
f 2636 2674 2675
f 2636 2675 2637
f 2637 2675 2676
f 2637 2676 2645
f 2645 2676 2677
f 2645 2677 2649
f 2649 2677 2678
f 2649 2678 2657
f 2657 2678 2679
f 2657 2679 2658
f 2658 2679 2672
f 2658 2672 2662
f 2662 2672 2538
f 2662 2538 2537
f 2680 2541 2540
f 415 2681 2673
f 2673 2681 2682
f 2673 2682 2674
f 2674 2682 2683
f 2674 2683 2675
f 2675 2683 2684
f 2675 2684 2676
f 2676 2684 2685
f 2676 2685 2677
f 2677 2685 2686
f 2677 2686 2678
f 2678 2686 2687
f 2678 2687 2679
f 2679 2687 2680
f 2679 2680 2672
f 2672 2680 2540
f 2672 2540 2539
f 2688 2543 2542
f 415 2689 2681
f 2681 2689 2690
f 2681 2690 2682
f 2682 2690 2691
f 2682 2691 2683
f 2683 2691 2692
f 2683 2692 2684
f 2684 2692 2693
f 2684 2693 2685
f 2685 2693 2694
f 2685 2694 2686
f 2686 2694 2695
f 2686 2695 2687
f 2687 2695 2688
f 2687 2688 2680
f 2680 2688 2542
f 2680 2542 2541
f 2696 2545 2544
f 415 2697 2689
f 2689 2697 2698
f 2689 2698 2690
f 2690 2698 2699
f 2690 2699 2691
f 2691 2699 2700
f 2691 2700 2692
f 2692 2700 2701
f 2692 2701 2693
f 2693 2701 2702
f 2693 2702 2694
f 2694 2702 2703
f 2694 2703 2695
f 2695 2703 2696
f 2695 2696 2688
f 2688 2696 2544
f 2688 2544 2543
f 2704 2547 2546
f 415 2705 2697
f 2697 2705 2706
f 2697 2706 2698
f 2698 2706 2707
f 2698 2707 2699
f 2699 2707 2708
f 2699 2708 2700
f 2700 2708 2709
f 2700 2709 2701
f 2701 2709 2710
f 2701 2710 2702
f 2702 2710 2711
f 2702 2711 2703
f 2703 2711 2704
f 2703 2704 2696
f 2696 2704 2546
f 2696 2546 2545
f 2712 2549 2548
f 415 2713 2705
f 2705 2713 2714
f 2705 2714 2706
f 2706 2714 2715
f 2706 2715 2707
f 2707 2715 2716
f 2707 2716 2708
f 2708 2716 2717
f 2708 2717 2709
f 2709 2717 2718
f 2709 2718 2710
f 2710 2718 2719
f 2710 2719 2711
f 2711 2719 2712
f 2711 2712 2704
f 2704 2712 2548
f 2704 2548 2547
f 2671 2551 2550
f 415 2663 2713
f 2713 2663 2664
f 2713 2664 2714
f 2714 2664 2665
f 2714 2665 2715
f 2715 2665 2666
f 2715 2666 2716
f 2716 2666 2667
f 2716 2667 2717
f 2717 2667 2668
f 2717 2668 2718
f 2718 2668 2669
f 2718 2669 2719
f 2719 2669 2671
f 2719 2671 2712
f 2712 2671 2550
f 2712 2550 2549
f 2638 2640 415
f 2660 2720 2661
f 2661 2720 2721
f 2661 2721 2670
f 2670 2721 2722
f 2670 2722 2723
f 2551 2671 2552
f 2552 2671 2670
f 2552 2670 2553
f 2553 2670 2723
f 2553 2723 485
f 415 390 2618
f 2626 2634 2723
f 2723 2634 483
f 2723 483 485
f 2723 2722 2626
f 2626 2722 2721
f 2626 2721 2606
f 2721 2720 2606
f 2606 2720 2660
f 2606 2660 2607
f 2660 2659 2607
f 2607 2659 2655
f 2607 2655 2614
f 2614 2655 2654
f 2654 2653 2614
f 2614 2653 2651
f 2614 2651 2615
f 2651 2650 2615
f 2615 2650 2647
f 2615 2647 2616
f 2647 2646 2616
f 2616 2646 2643
f 2616 2643 2617
f 2643 2641 2617
f 2617 2641 2639
f 2617 2639 2618
f 2618 2639 2638
f 2618 2638 415
f 1236 1237 2724
f 2065 2725 2045
f 2060 2726 2061
f 2095 2100 2727
f 515 1246 2106
f 2106 1246 2103
f 1249 2727 1248
f 1248 2727 2100
f 1248 2100 1247
f 1247 2100 2097
f 1247 2097 1246
f 1246 2097 2096
f 1246 2096 2103
f 2728 2091 2727
f 2727 2091 2092
f 2727 2092 2095
f 2073 2072 2729
f 2729 2072 2071
f 2729 2071 2728
f 2728 2071 2070
f 2728 2070 2091
f 2730 2731 2078
f 2073 2732 2076
f 2076 2732 2730
f 2076 2730 2077
f 2077 2730 2078
f 2082 2081 2733
f 2733 2081 2080
f 2733 2080 2731
f 2731 2080 2079
f 2731 2079 2078
f 2734 2083 2735
f 2735 2083 2082
f 2087 2086 2736
f 2736 2086 2085
f 2736 2085 2734
f 2734 2085 2084
f 2734 2084 2083
f 2089 2088 2737
f 2737 2088 2087
f 2737 2087 2738
f 367 2090 2739
f 2739 2090 2089
f 2740 2056 367
f 2058 2057 2741
f 2741 2057 2056
f 2058 2741 2059
f 2059 2741 2742
f 2059 2742 2060
f 2061 2726 2062
f 2062 2726 2743
f 2062 2743 2063
f 2063 2743 2064
f 2064 2743 2744
f 2064 2744 2065
f 2045 2725 2046
f 2046 2725 2745
f 2046 2745 2048
f 2048 2745 2053
f 2053 2745 2746
f 2053 2746 2051
f 2051 2746 2049
f 2049 2746 2747
f 2049 2747 2044
f 2748 2035 2749
f 2749 2035 2042
f 2749 2042 2044
f 2028 2037 2750
f 2750 2037 2039
f 2750 2039 2748
f 2748 2039 2036
f 2748 2036 2035
f 2750 1242 1244
f 2750 1244 2028
f 2028 1244 1243
f 2028 1243 2029
f 551 2023 1245
f 1245 2023 2022
f 1245 2022 1243
f 1243 2022 2027
f 1243 2027 2029
f 2751 1250 1252
f 2752 1251 1254
f 2753 1253 1257
f 2754 1256 1255
f 1238 1239 2755
f 2755 1239 1240
f 2073 2729 2732
f 2732 2729 2728
f 2732 2728 2756
f 2756 2728 2727
f 2756 2727 2751
f 2751 2727 1249
f 2751 1249 1250
f 2044 2747 2749
f 2749 2747 2757
f 2749 2757 2748
f 2748 2757 2758
f 2748 2758 2750
f 2750 2758 1241
f 2750 1241 1242
f 2082 2733 2735
f 2735 2733 2731
f 2735 2731 2759
f 2759 2731 2730
f 2759 2730 2760
f 2760 2730 2732
f 2760 2732 2761
f 2761 2732 2756
f 2761 2756 2762
f 2762 2756 2751
f 2762 2751 2752
f 2752 2751 1252
f 2752 1252 1251
f 2065 2744 2725
f 2725 2744 2763
f 2725 2763 2745
f 2745 2763 2764
f 2745 2764 2746
f 2746 2764 2765
f 2746 2765 2747
f 2747 2765 2766
f 2747 2766 2757
f 2757 2766 2755
f 2757 2755 2758
f 2758 2755 1240
f 2758 1240 1241
f 2087 2736 2738
f 2738 2736 2734
f 2738 2734 2767
f 2767 2734 2735
f 2767 2735 2768
f 2768 2735 2759
f 2768 2759 2769
f 2769 2759 2760
f 2769 2760 2770
f 2770 2760 2761
f 2770 2761 2771
f 2771 2761 2762
f 2771 2762 2772
f 2772 2762 2752
f 2772 2752 2753
f 2753 2752 1254
f 2753 1254 1253
f 2060 2742 2726
f 2726 2742 2773
f 2726 2773 2743
f 2743 2773 2774
f 2743 2774 2744
f 2744 2774 2775
f 2744 2775 2763
f 2763 2775 2776
f 2763 2776 2764
f 2764 2776 2777
f 2764 2777 2765
f 2765 2777 2778
f 2765 2778 2766
f 2766 2778 2724
f 2766 2724 2755
f 2755 2724 1237
f 2755 1237 1238
f 2089 2737 2739
f 2739 2737 2738
f 2739 2738 2779
f 2779 2738 2767
f 2779 2767 2780
f 2780 2767 2768
f 2780 2768 2781
f 2781 2768 2769
f 2781 2769 2782
f 2782 2769 2770
f 2782 2770 2783
f 2783 2770 2771
f 2783 2771 2784
f 2784 2771 2772
f 2784 2772 2785
f 2785 2772 2753
f 2785 2753 2754
f 2754 2753 1257
f 2754 1257 1256
f 367 2739 2740
f 2740 2739 2779
f 2740 2779 2786
f 2786 2779 2780
f 2786 2780 2787
f 2787 2780 2781
f 2787 2781 2788
f 2788 2781 2782
f 2788 2782 2789
f 2789 2782 2783
f 2789 2783 2790
f 2790 2783 2784
f 2790 2784 2791
f 2791 2784 2785
f 2791 2785 2792
f 2792 2785 2754
f 2792 2754 2793
f 2793 2754 1255
f 2793 1255 1235
f 2056 2740 2741
f 2741 2740 2786
f 2741 2786 2742
f 2742 2786 2787
f 2742 2787 2773
f 2773 2787 2788
f 2773 2788 2774
f 2774 2788 2789
f 2774 2789 2775
f 2775 2789 2790
f 2775 2790 2776
f 2776 2790 2791
f 2776 2791 2777
f 2777 2791 2792
f 2777 2792 2778
f 2778 2792 2793
f 2778 2793 2724
f 2724 2793 1235
f 2724 1235 1236
f 7 5 2794
f 1494 1495 2795
f 2796 1420 1419
f 1494 2795 2797
f 2797 2795 2798
f 2797 2798 2799
f 2799 2798 2800
f 2799 2800 2801
f 2801 2800 2802
f 2801 2802 2803
f 2803 2802 2804
f 2803 2804 2805
f 2805 2804 2806
f 2805 2806 2807
f 2807 2806 2808
f 2807 2808 2809
f 2809 2808 2796
f 2809 2796 2794
f 2794 2796 1419
f 2794 1419 7
f 1494 2797 1493
f 1493 2797 2810
f 1493 2810 1492
f 1492 2810 2811
f 1492 2811 1491
f 1491 2811 2812
f 1491 2812 1490
f 1490 2812 2813
f 1490 2813 1489
f 1489 2813 2814
f 1489 2814 1488
f 1488 2814 2815
f 1488 2815 1487
f 1487 2815 2816
f 1487 2816 1486
f 1486 2816 2817
f 1486 2817 1485
f 1485 2817 2818
f 1485 2818 1484
f 1484 2818 2819
f 2797 2799 2810
f 2810 2799 2820
f 2810 2820 2811
f 2811 2820 2821
f 2811 2821 2812
f 2812 2821 2822
f 2812 2822 2813
f 2813 2822 2823
f 2813 2823 2814
f 2814 2823 2824
f 2814 2824 2815
f 2815 2824 2825
f 2815 2825 2816
f 2816 2825 2826
f 2816 2826 2817
f 2817 2826 2827
f 2817 2827 2818
f 2818 2827 2828
f 2818 2828 2819
f 2819 2828 2829
f 2799 2801 2820
f 2820 2801 2830
f 2820 2830 2821
f 2821 2830 2831
f 2821 2831 2822
f 2822 2831 2832
f 2822 2832 2823
f 2823 2832 2833
f 2823 2833 2824
f 2824 2833 2834
f 2824 2834 2825
f 2825 2834 2835
f 2825 2835 2826
f 2826 2835 2836
f 2826 2836 2827
f 2827 2836 2837
f 2827 2837 2828
f 2828 2837 2838
f 2828 2838 2829
f 2829 2838 2839
f 2801 2803 2830
f 2830 2803 2840
f 2830 2840 2831
f 2831 2840 2841
f 2831 2841 2832
f 2832 2841 2842
f 2832 2842 2833
f 2833 2842 2843
f 2833 2843 2834
f 2834 2843 2844
f 2834 2844 2835
f 2835 2844 2845
f 2835 2845 2836
f 2836 2845 2846
f 2836 2846 2837
f 2837 2846 2847
f 2837 2847 2838
f 2838 2847 2848
f 2838 2848 2839
f 2839 2848 2849
f 2803 2805 2840
f 2840 2805 2850
f 2840 2850 2841
f 2841 2850 2851
f 2841 2851 2842
f 2842 2851 2852
f 2842 2852 2843
f 2843 2852 2853
f 2843 2853 2844
f 2844 2853 2854
f 2844 2854 2845
f 2845 2854 2855
f 2845 2855 2846
f 2846 2855 2856
f 2846 2856 2847
f 2847 2856 2857
f 2847 2857 2848
f 2848 2857 2858
f 2848 2858 2849
f 2849 2858 2859
f 2805 2807 2850
f 2850 2807 2860
f 2850 2860 2851
f 2851 2860 2861
f 2851 2861 2852
f 2852 2861 2862
f 2852 2862 2853
f 2853 2862 2863
f 2853 2863 2854
f 2854 2863 2864
f 2854 2864 2855
f 2855 2864 2865
f 2855 2865 2856
f 2856 2865 2866
f 2856 2866 2857
f 2857 2866 2867
f 2857 2867 2858
f 2858 2867 2868
f 2858 2868 2859
f 2859 2868 2869
f 2807 2809 2860
f 2860 2809 2870
f 2860 2870 2861
f 2861 2870 2871
f 2861 2871 2862
f 2862 2871 2872
f 2862 2872 2863
f 2863 2872 2873
f 2863 2873 2864
f 2864 2873 2874
f 2864 2874 2865
f 2865 2874 2875
f 2865 2875 2866
f 2866 2875 2876
f 2866 2876 2867
f 2867 2876 2877
f 2867 2877 2868
f 2868 2877 2878
f 2868 2878 2869
f 2869 2878 2879
f 2809 2794 2870
f 2870 2794 2880
f 2870 2880 2871
f 2871 2880 2881
f 2871 2881 2872
f 2872 2881 2882
f 2872 2882 2873
f 2873 2882 2883
f 2873 2883 2874
f 2874 2883 2884
f 2874 2884 2875
f 2875 2884 2885
f 2875 2885 2876
f 2876 2885 2886
f 2876 2886 2877
f 2877 2886 2887
f 2877 2887 2878
f 2878 2887 2888
f 2878 2888 2879
f 2879 2888 2889
f 2794 5 2880
f 2880 5 14
f 2880 14 2881
f 2881 14 19
f 2881 19 2882
f 2882 19 18
f 2882 18 2883
f 2883 18 17
f 2883 17 2884
f 2884 17 10
f 2884 10 2885
f 2885 10 9
f 2885 9 2886
f 2886 9 16
f 2886 16 2887
f 2887 16 27
f 2887 27 2888
f 2888 27 26
f 2888 26 2889
f 2889 26 24
f 1505 2890 1504
f 1504 2890 2891
f 1504 2891 1503
f 1503 2891 2892
f 1503 2892 1502
f 1502 2892 2893
f 1502 2893 1501
f 1501 2893 2894
f 1501 2894 1500
f 1500 2894 2895
f 1500 2895 1499
f 1499 2895 2896
f 1499 2896 1498
f 1498 2896 2897
f 1498 2897 1497
f 1497 2897 2898
f 1497 2898 1496
f 1496 2898 2899
f 1496 2899 1495
f 1495 2899 2795
f 2890 2900 2891
f 2891 2900 2901
f 2891 2901 2892
f 2892 2901 2902
f 2892 2902 2893
f 2893 2902 2903
f 2893 2903 2894
f 2894 2903 2904
f 2894 2904 2895
f 2895 2904 2905
f 2895 2905 2896
f 2896 2905 2906
f 2896 2906 2897
f 2897 2906 2907
f 2897 2907 2898
f 2898 2907 2908
f 2898 2908 2899
f 2899 2908 2909
f 2899 2909 2795
f 2795 2909 2798
f 2900 2910 2901
f 2901 2910 2911
f 2901 2911 2902
f 2902 2911 2912
f 2902 2912 2903
f 2903 2912 2913
f 2903 2913 2904
f 2904 2913 2914
f 2904 2914 2905
f 2905 2914 2915
f 2905 2915 2906
f 2906 2915 2916
f 2906 2916 2907
f 2907 2916 2917
f 2907 2917 2908
f 2908 2917 2918
f 2908 2918 2909
f 2909 2918 2919
f 2909 2919 2798
f 2798 2919 2800
f 2910 2920 2911
f 2911 2920 2921
f 2911 2921 2912
f 2912 2921 2922
f 2912 2922 2913
f 2913 2922 2923
f 2913 2923 2914
f 2914 2923 2924
f 2914 2924 2915
f 2915 2924 2925
f 2915 2925 2916
f 2916 2925 2926
f 2916 2926 2917
f 2917 2926 2927
f 2917 2927 2918
f 2918 2927 2928
f 2918 2928 2919
f 2919 2928 2929
f 2919 2929 2800
f 2800 2929 2802
f 2920 2930 2921
f 2921 2930 2931
f 2921 2931 2922
f 2922 2931 2932
f 2922 2932 2923
f 2923 2932 2933
f 2923 2933 2924
f 2924 2933 2934
f 2924 2934 2925
f 2925 2934 2935
f 2925 2935 2926
f 2926 2935 2936
f 2926 2936 2927
f 2927 2936 2937
f 2927 2937 2928
f 2928 2937 2938
f 2928 2938 2929
f 2929 2938 2939
f 2929 2939 2802
f 2802 2939 2804
f 2930 2940 2931
f 2931 2940 2941
f 2931 2941 2932
f 2932 2941 2942
f 2932 2942 2933
f 2933 2942 2943
f 2933 2943 2934
f 2934 2943 2944
f 2934 2944 2935
f 2935 2944 2945
f 2935 2945 2936
f 2936 2945 2946
f 2936 2946 2937
f 2937 2946 2947
f 2937 2947 2938
f 2938 2947 2948
f 2938 2948 2939
f 2939 2948 2949
f 2939 2949 2804
f 2804 2949 2806
f 2940 2950 2941
f 2941 2950 2951
f 2941 2951 2942
f 2942 2951 2952
f 2942 2952 2943
f 2943 2952 2953
f 2943 2953 2944
f 2944 2953 2954
f 2944 2954 2945
f 2945 2954 2955
f 2945 2955 2946
f 2946 2955 2956
f 2946 2956 2947
f 2947 2956 2957
f 2947 2957 2948
f 2948 2957 2958
f 2948 2958 2949
f 2949 2958 2959
f 2949 2959 2806
f 2806 2959 2808
f 2950 2960 2951
f 2951 2960 2961
f 2951 2961 2952
f 2952 2961 2962
f 2952 2962 2953
f 2953 2962 2963
f 2953 2963 2954
f 2954 2963 2964
f 2954 2964 2955
f 2955 2964 2965
f 2955 2965 2956
f 2956 2965 2966
f 2956 2966 2957
f 2957 2966 2967
f 2957 2967 2958
f 2958 2967 2968
f 2958 2968 2959
f 2959 2968 2969
f 2959 2969 2808
f 2808 2969 2796
f 2960 1444 2961
f 2961 1444 1442
f 2961 1442 2962
f 2962 1442 1440
f 2962 1440 2963
f 2963 1440 1439
f 2963 1439 2964
f 2964 1439 1426
f 2964 1426 2965
f 2965 1426 1425
f 2965 1425 2966
f 2966 1425 1428
f 2966 1428 2967
f 2967 1428 1451
f 2967 1451 2968
f 2968 1451 1450
f 2968 1450 2969
f 2969 1450 1449
f 2969 1449 2796
f 2796 1449 1420
f 1572 1552 2970
f 1572 2970 2971
f 2971 2970 2972
f 2971 2972 2973
f 2973 2972 2974
f 2973 2974 2975
f 2975 2974 2976
f 2975 2976 2977
f 2977 2976 2978
f 2977 2978 2979
f 2979 2978 2980
f 2979 2980 2981
f 2981 2980 2982
f 2981 2982 2983
f 2983 2982 2984
f 2983 2984 2985
f 2985 2984 7
f 2985 7 1419
f 1483 1484 2819
f 1483 2819 2986
f 2986 2819 2829
f 2986 2829 2987
f 2987 2829 2839
f 2987 2839 2988
f 2988 2839 2849
f 2988 2849 2989
f 2989 2849 2859
f 2989 2859 2990
f 2990 2859 2869
f 2990 2869 2991
f 2991 2869 2879
f 2991 2879 2992
f 2992 2879 2889
f 2992 2889 2993
f 2993 2889 24
f 2993 24 29
f 1505 1462 2994
f 1505 2994 2890
f 2890 2994 2995
f 2890 2995 2900
f 2900 2995 2996
f 2900 2996 2910
f 2910 2996 2997
f 2910 2997 2920
f 2920 2997 2998
f 2920 2998 2930
f 2930 2998 2999
f 2930 2999 2940
f 2940 2999 3000
f 2940 3000 2950
f 2950 3000 3001
f 2950 3001 2960
f 2960 3001 1424
f 2960 1424 1444
f 1448 3002 1445
f 1445 3002 3003
f 1445 3003 1443
f 1443 3003 3004
f 1443 3004 1441
f 1441 3004 3005
f 1441 3005 1427
f 1427 3005 3006
f 1427 3006 1429
f 1429 3006 3007
f 1429 3007 1430
f 1430 3007 3008
f 1430 3008 1431
f 1431 3008 3009
f 1431 3009 1421
f 1421 3009 3010
f 1421 3010 1418
f 1418 3010 3011
f 1418 3011 1419
f 1419 3011 2985
f 3002 3012 3003
f 3003 3012 3013
f 3003 3013 3004
f 3004 3013 3014
f 3004 3014 3005
f 3005 3014 3015
f 3005 3015 3006
f 3006 3015 3016
f 3006 3016 3007
f 3007 3016 3017
f 3007 3017 3008
f 3008 3017 3018
f 3008 3018 3009
f 3009 3018 3019
f 3009 3019 3010
f 3010 3019 3020
f 3010 3020 3011
f 3011 3020 3021
f 3011 3021 2985
f 2985 3021 2983
f 3012 3022 3013
f 3013 3022 3023
f 3013 3023 3014
f 3014 3023 3024
f 3014 3024 3015
f 3015 3024 3025
f 3015 3025 3016
f 3016 3025 3026
f 3016 3026 3017
f 3017 3026 3027
f 3017 3027 3018
f 3018 3027 3028
f 3018 3028 3019
f 3019 3028 3029
f 3019 3029 3020
f 3020 3029 3030
f 3020 3030 3021
f 3021 3030 3031
f 3021 3031 2983
f 2983 3031 2981
f 3022 3032 3023
f 3023 3032 3033
f 3023 3033 3024
f 3024 3033 3034
f 3024 3034 3025
f 3025 3034 3035
f 3025 3035 3026
f 3026 3035 3036
f 3026 3036 3027
f 3027 3036 3037
f 3027 3037 3028
f 3028 3037 3038
f 3028 3038 3029
f 3029 3038 3039
f 3029 3039 3030
f 3030 3039 3040
f 3030 3040 3031
f 3031 3040 3041
f 3031 3041 2981
f 2981 3041 2979
f 3032 3042 3033
f 3033 3042 3043
f 3033 3043 3034
f 3034 3043 3044
f 3034 3044 3035
f 3035 3044 3045
f 3035 3045 3036
f 3036 3045 3046
f 3036 3046 3037
f 3037 3046 3047
f 3037 3047 3038
f 3038 3047 3048
f 3038 3048 3039
f 3039 3048 3049
f 3039 3049 3040
f 3040 3049 3050
f 3040 3050 3041
f 3041 3050 3051
f 3041 3051 2979
f 2979 3051 2977
f 3042 3052 3043
f 3043 3052 3053
f 3043 3053 3044
f 3044 3053 3054
f 3044 3054 3045
f 3045 3054 3055
f 3045 3055 3046
f 3046 3055 3056
f 3046 3056 3047
f 3047 3056 3057
f 3047 3057 3048
f 3048 3057 3058
f 3048 3058 3049
f 3049 3058 3059
f 3049 3059 3050
f 3050 3059 3060
f 3050 3060 3051
f 3051 3060 3061
f 3051 3061 2977
f 2977 3061 2975
f 3052 3062 3053
f 3053 3062 3063
f 3053 3063 3054
f 3054 3063 3064
f 3054 3064 3055
f 3055 3064 3065
f 3055 3065 3056
f 3056 3065 3066
f 3056 3066 3057
f 3057 3066 3067
f 3057 3067 3058
f 3058 3067 3068
f 3058 3068 3059
f 3059 3068 3069
f 3059 3069 3060
f 3060 3069 3070
f 3060 3070 3061
f 3061 3070 3071
f 3061 3071 2975
f 2975 3071 2973
f 3062 3072 3063
f 3063 3072 3073
f 3063 3073 3064
f 3064 3073 3074
f 3064 3074 3065
f 3065 3074 3075
f 3065 3075 3066
f 3066 3075 3076
f 3066 3076 3067
f 3067 3076 3077
f 3067 3077 3068
f 3068 3077 3078
f 3068 3078 3069
f 3069 3078 3079
f 3069 3079 3070
f 3070 3079 3080
f 3070 3080 3071
f 3071 3080 3081
f 3071 3081 2973
f 2973 3081 2971
f 3072 1574 3073
f 3073 1574 1577
f 3073 1577 3074
f 3074 1577 1579
f 3074 1579 3075
f 3075 1579 1581
f 3075 1581 3076
f 3076 1581 1583
f 3076 1583 3077
f 3077 1583 1585
f 3077 1585 3078
f 3078 1585 1587
f 3078 1587 3079
f 3079 1587 1589
f 3079 1589 3080
f 3080 1589 1591
f 3080 1591 3081
f 3081 1591 1593
f 3081 1593 2971
f 2971 1593 1572
f 7 2984 6
f 6 2984 3082
f 6 3082 4
f 4 3082 3083
f 4 3083 12
f 12 3083 3084
f 12 3084 13
f 13 3084 3085
f 13 3085 15
f 15 3085 3086
f 15 3086 8
f 8 3086 3087
f 8 3087 25
f 25 3087 3088
f 25 3088 23
f 23 3088 3089
f 23 3089 31
f 31 3089 3090
f 31 3090 30
f 30 3090 3091
f 2984 2982 3082
f 3082 2982 3092
f 3082 3092 3083
f 3083 3092 3093
f 3083 3093 3084
f 3084 3093 3094
f 3084 3094 3085
f 3085 3094 3095
f 3085 3095 3086
f 3086 3095 3096
f 3086 3096 3087
f 3087 3096 3097
f 3087 3097 3088
f 3088 3097 3098
f 3088 3098 3089
f 3089 3098 3099
f 3089 3099 3090
f 3090 3099 3100
f 3090 3100 3091
f 3091 3100 3101
f 2982 2980 3092
f 3092 2980 3102
f 3092 3102 3093
f 3093 3102 3103
f 3093 3103 3094
f 3094 3103 3104
f 3094 3104 3095
f 3095 3104 3105
f 3095 3105 3096
f 3096 3105 3106
f 3096 3106 3097
f 3097 3106 3107
f 3097 3107 3098
f 3098 3107 3108
f 3098 3108 3099
f 3099 3108 3109
f 3099 3109 3100
f 3100 3109 3110
f 3100 3110 3101
f 3101 3110 3111
f 2980 2978 3102
f 3102 2978 3112
f 3102 3112 3103
f 3103 3112 3113
f 3103 3113 3104
f 3104 3113 3114
f 3104 3114 3105
f 3105 3114 3115
f 3105 3115 3106
f 3106 3115 3116
f 3106 3116 3107
f 3107 3116 3117
f 3107 3117 3108
f 3108 3117 3118
f 3108 3118 3109
f 3109 3118 3119
f 3109 3119 3110
f 3110 3119 3120
f 3110 3120 3111
f 3111 3120 3121
f 2978 2976 3112
f 3112 2976 3122
f 3112 3122 3113
f 3113 3122 3123
f 3113 3123 3114
f 3114 3123 3124
f 3114 3124 3115
f 3115 3124 3125
f 3115 3125 3116
f 3116 3125 3126
f 3116 3126 3117
f 3117 3126 3127
f 3117 3127 3118
f 3118 3127 3128
f 3118 3128 3119
f 3119 3128 3129
f 3119 3129 3120
f 3120 3129 3130
f 3120 3130 3121
f 3121 3130 3131
f 2976 2974 3122
f 3122 2974 3132
f 3122 3132 3123
f 3123 3132 3133
f 3123 3133 3124
f 3124 3133 3134
f 3124 3134 3125
f 3125 3134 3135
f 3125 3135 3126
f 3126 3135 3136
f 3126 3136 3127
f 3127 3136 3137
f 3127 3137 3128
f 3128 3137 3138
f 3128 3138 3129
f 3129 3138 3139
f 3129 3139 3130
f 3130 3139 3140
f 3130 3140 3131
f 3131 3140 3141
f 2974 2972 3132
f 3132 2972 3142
f 3132 3142 3133
f 3133 3142 3143
f 3133 3143 3134
f 3134 3143 3144
f 3134 3144 3135
f 3135 3144 3145
f 3135 3145 3136
f 3136 3145 3146
f 3136 3146 3137
f 3137 3146 3147
f 3137 3147 3138
f 3138 3147 3148
f 3138 3148 3139
f 3139 3148 3149
f 3139 3149 3140
f 3140 3149 3150
f 3140 3150 3141
f 3141 3150 3151
f 2972 2970 3142
f 3142 2970 3152
f 3142 3152 3143
f 3143 3152 3153
f 3143 3153 3144
f 3144 3153 3154
f 3144 3154 3145
f 3145 3154 3155
f 3145 3155 3146
f 3146 3155 3156
f 3146 3156 3147
f 3147 3156 3157
f 3147 3157 3148
f 3148 3157 3158
f 3148 3158 3149
f 3149 3158 3159
f 3149 3159 3150
f 3150 3159 3160
f 3150 3160 3151
f 3151 3160 3161
f 2970 1552 3152
f 3152 1552 1555
f 3152 1555 3153
f 3153 1555 1557
f 3153 1557 3154
f 3154 1557 1559
f 3154 1559 3155
f 3155 1559 1561
f 3155 1561 3156
f 3156 1561 1563
f 3156 1563 3157
f 3157 1563 1565
f 3157 1565 3158
f 3158 1565 1567
f 3158 1567 3159
f 3159 1567 1569
f 3159 1569 3160
f 3160 1569 1571
f 3160 1571 3161
f 3161 1571 1550
f 1483 2986 1482
f 1482 2986 3162
f 1482 3162 1481
f 1481 3162 3163
f 1481 3163 1480
f 1480 3163 3164
f 1480 3164 1479
f 1479 3164 3165
f 1479 3165 1478
f 1478 3165 3166
f 1478 3166 1477
f 1477 3166 3167
f 1477 3167 1476
f 1476 3167 3168
f 1476 3168 1475
f 1475 3168 3169
f 1475 3169 1474
f 1474 3169 3170
f 1474 3170 1473
f 1473 3170 3171
f 2986 2987 3162
f 3162 2987 3172
f 3162 3172 3163
f 3163 3172 3173
f 3163 3173 3164
f 3164 3173 3174
f 3164 3174 3165
f 3165 3174 3175
f 3165 3175 3166
f 3166 3175 3176
f 3166 3176 3167
f 3167 3176 3177
f 3167 3177 3168
f 3168 3177 3178
f 3168 3178 3169
f 3169 3178 3179
f 3169 3179 3170
f 3170 3179 3180
f 3170 3180 3171
f 3171 3180 3181
f 2987 2988 3172
f 3172 2988 3182
f 3172 3182 3173
f 3173 3182 3183
f 3173 3183 3174
f 3174 3183 3184
f 3174 3184 3175
f 3175 3184 3185
f 3175 3185 3176
f 3176 3185 3186
f 3176 3186 3177
f 3177 3186 3187
f 3177 3187 3178
f 3178 3187 3188
f 3178 3188 3179
f 3179 3188 3189
f 3179 3189 3180
f 3180 3189 3190
f 3180 3190 3181
f 3181 3190 3191
f 2988 2989 3182
f 3182 2989 3192
f 3182 3192 3183
f 3183 3192 3193
f 3183 3193 3184
f 3184 3193 3194
f 3184 3194 3185
f 3185 3194 3195
f 3185 3195 3186
f 3186 3195 3196
f 3186 3196 3187
f 3187 3196 3197
f 3187 3197 3188
f 3188 3197 3198
f 3188 3198 3189
f 3189 3198 3199
f 3189 3199 3190
f 3190 3199 3200
f 3190 3200 3191
f 3191 3200 3201
f 2989 2990 3192
f 3192 2990 3202
f 3192 3202 3193
f 3193 3202 3203
f 3193 3203 3194
f 3194 3203 3204
f 3194 3204 3195
f 3195 3204 3205
f 3195 3205 3196
f 3196 3205 3206
f 3196 3206 3197
f 3197 3206 3207
f 3197 3207 3198
f 3198 3207 3208
f 3198 3208 3199
f 3199 3208 3209
f 3199 3209 3200
f 3200 3209 3210
f 3200 3210 3201
f 3201 3210 3211
f 2990 2991 3202
f 3202 2991 3212
f 3202 3212 3203
f 3203 3212 3213
f 3203 3213 3204
f 3204 3213 3214
f 3204 3214 3205
f 3205 3214 3215
f 3205 3215 3206
f 3206 3215 3216
f 3206 3216 3207
f 3207 3216 3217
f 3207 3217 3208
f 3208 3217 3218
f 3208 3218 3209
f 3209 3218 3219
f 3209 3219 3210
f 3210 3219 3220
f 3210 3220 3211
f 3211 3220 3221
f 2991 2992 3212
f 3212 2992 3222
f 3212 3222 3213
f 3213 3222 3223
f 3213 3223 3214
f 3214 3223 3224
f 3214 3224 3215
f 3215 3224 3225
f 3215 3225 3216
f 3216 3225 3226
f 3216 3226 3217
f 3217 3226 3227
f 3217 3227 3218
f 3218 3227 3228
f 3218 3228 3219
f 3219 3228 3229
f 3219 3229 3220
f 3220 3229 3230
f 3220 3230 3221
f 3221 3230 3231
f 2992 2993 3222
f 3222 2993 3232
f 3222 3232 3223
f 3223 3232 3233
f 3223 3233 3224
f 3224 3233 3234
f 3224 3234 3225
f 3225 3234 3235
f 3225 3235 3226
f 3226 3235 3236
f 3226 3236 3227
f 3227 3236 3237
f 3227 3237 3228
f 3228 3237 3238
f 3228 3238 3229
f 3229 3238 3239
f 3229 3239 3230
f 3230 3239 3240
f 3230 3240 3231
f 3231 3240 3241
f 2993 29 3232
f 3232 29 38
f 3232 38 3233
f 3233 38 40
f 3233 40 3234
f 3234 40 41
f 3234 41 3235
f 3235 41 21
f 3235 21 3236
f 3236 21 20
f 3236 20 3237
f 3237 20 32
f 3237 32 3238
f 3238 32 44
f 3238 44 3239
f 3239 44 43
f 3239 43 3240
f 3240 43 42
f 3240 42 3241
f 3241 42 3
f 1472 3242 1471
f 1471 3242 3243
f 1471 3243 1470
f 1470 3243 3244
f 1470 3244 1469
f 1469 3244 3245
f 1469 3245 1468
f 1468 3245 3246
f 1468 3246 1467
f 1467 3246 3247
f 1467 3247 1466
f 1466 3247 3248
f 1466 3248 1465
f 1465 3248 3249
f 1465 3249 1464
f 1464 3249 3250
f 1464 3250 1463
f 1463 3250 3251
f 1463 3251 1462
f 1462 3251 2994
f 3242 3252 3243
f 3243 3252 3253
f 3243 3253 3244
f 3244 3253 3254
f 3244 3254 3245
f 3245 3254 3255
f 3245 3255 3246
f 3246 3255 3256
f 3246 3256 3247
f 3247 3256 3257
f 3247 3257 3248
f 3248 3257 3258
f 3248 3258 3249
f 3249 3258 3259
f 3249 3259 3250
f 3250 3259 3260
f 3250 3260 3251
f 3251 3260 3261
f 3251 3261 2994
f 2994 3261 2995
f 3252 3262 3253
f 3253 3262 3263
f 3253 3263 3254
f 3254 3263 3264
f 3254 3264 3255
f 3255 3264 3265
f 3255 3265 3256
f 3256 3265 3266
f 3256 3266 3257
f 3257 3266 3267
f 3257 3267 3258
f 3258 3267 3268
f 3258 3268 3259
f 3259 3268 3269
f 3259 3269 3260
f 3260 3269 3270
f 3260 3270 3261
f 3261 3270 3271
f 3261 3271 2995
f 2995 3271 2996
f 3262 3272 3263
f 3263 3272 3273
f 3263 3273 3264
f 3264 3273 3274
f 3264 3274 3265
f 3265 3274 3275
f 3265 3275 3266
f 3266 3275 3276
f 3266 3276 3267
f 3267 3276 3277
f 3267 3277 3268
f 3268 3277 3278
f 3268 3278 3269
f 3269 3278 3279
f 3269 3279 3270
f 3270 3279 3280
f 3270 3280 3271
f 3271 3280 3281
f 3271 3281 2996
f 2996 3281 2997
f 3272 3282 3273
f 3273 3282 3283
f 3273 3283 3274
f 3274 3283 3284
f 3274 3284 3275
f 3275 3284 3285
f 3275 3285 3276
f 3276 3285 3286
f 3276 3286 3277
f 3277 3286 3287
f 3277 3287 3278
f 3278 3287 3288
f 3278 3288 3279
f 3279 3288 3289
f 3279 3289 3280
f 3280 3289 3290
f 3280 3290 3281
f 3281 3290 3291
f 3281 3291 2997
f 2997 3291 2998
f 3282 3292 3283
f 3283 3292 3293
f 3283 3293 3284
f 3284 3293 3294
f 3284 3294 3285
f 3285 3294 3295
f 3285 3295 3286
f 3286 3295 3296
f 3286 3296 3287
f 3287 3296 3297
f 3287 3297 3288
f 3288 3297 3298
f 3288 3298 3289
f 3289 3298 3299
f 3289 3299 3290
f 3290 3299 3300
f 3290 3300 3291
f 3291 3300 3301
f 3291 3301 2998
f 2998 3301 2999
f 3292 3302 3293
f 3293 3302 3303
f 3293 3303 3294
f 3294 3303 3304
f 3294 3304 3295
f 3295 3304 3305
f 3295 3305 3296
f 3296 3305 3306
f 3296 3306 3297
f 3297 3306 3307
f 3297 3307 3298
f 3298 3307 3308
f 3298 3308 3299
f 3299 3308 3309
f 3299 3309 3300
f 3300 3309 3310
f 3300 3310 3301
f 3301 3310 3311
f 3301 3311 2999
f 2999 3311 3000
f 3302 3312 3303
f 3303 3312 3313
f 3303 3313 3304
f 3304 3313 3314
f 3304 3314 3305
f 3305 3314 3315
f 3305 3315 3306
f 3306 3315 3316
f 3306 3316 3307
f 3307 3316 3317
f 3307 3317 3308
f 3308 3317 3318
f 3308 3318 3309
f 3309 3318 3319
f 3309 3319 3310
f 3310 3319 3320
f 3310 3320 3311
f 3311 3320 3321
f 3311 3321 3000
f 3000 3321 3001
f 3312 1434 3313
f 3313 1434 1454
f 3313 1454 3314
f 3314 1454 1461
f 3314 1461 3315
f 3315 1461 1460
f 3315 1460 3316
f 3316 1460 1459
f 3316 1459 3317
f 3317 1459 1458
f 3317 1458 3318
f 3318 1458 1457
f 3318 1457 3319
f 3319 1457 1456
f 3319 1456 3320
f 3320 1456 1437
f 3320 1437 3321
f 3321 1437 1436
f 3321 1436 3001
f 3001 1436 1424
f 1527 1574 3072
f 1527 3072 3322
f 3322 3072 3062
f 3322 3062 3323
f 3323 3062 3052
f 3323 3052 3324
f 3324 3052 3042
f 3324 3042 3325
f 3325 3042 3032
f 3325 3032 3326
f 3326 3032 3022
f 3326 3022 3327
f 3327 3022 3012
f 3327 3012 3328
f 3328 3012 3002
f 3328 3002 3329
f 3329 3002 1448
f 3329 1448 1447
f 1550 1530 3330
f 1550 3330 3161
f 3161 3330 3331
f 3161 3331 3151
f 3151 3331 3332
f 3151 3332 3141
f 3141 3332 3333
f 3141 3333 3131
f 3131 3333 3334
f 3131 3334 3121
f 3121 3334 3335
f 3121 3335 3111
f 3111 3335 3336
f 3111 3336 3101
f 3101 3336 3337
f 3101 3337 3091
f 3091 3337 28
f 3091 28 30
f 1432 1434 3312
f 1472 1473 3171
f 3241 3 2
f 1472 3171 3242
f 3242 3171 3181
f 3242 3181 3252
f 3252 3181 3191
f 3252 3191 3262
f 3262 3191 3201
f 3262 3201 3272
f 3272 3201 3211
f 3272 3211 3282
f 3282 3211 3221
f 3282 3221 3292
f 3292 3221 3231
f 3292 3231 3302
f 3302 3231 3241
f 3302 3241 3312
f 3312 3241 2
f 3312 2 1432
f 1432 3338 1433
f 1433 3338 3339
f 1433 3339 1435
f 1435 3339 3340
f 1435 3340 1452
f 1452 3340 3341
f 1452 3341 1453
f 1453 3341 3342
f 1453 3342 1455
f 1455 3342 3343
f 1455 3343 1438
f 1438 3343 3344
f 1438 3344 1422
f 1422 3344 3345
f 1422 3345 1423
f 1423 3345 3346
f 1423 3346 1446
f 1446 3346 3347
f 1446 3347 1447
f 1447 3347 3329
f 3338 3348 3339
f 3339 3348 3349
f 3339 3349 3340
f 3340 3349 3350
f 3340 3350 3341
f 3341 3350 3351
f 3341 3351 3342
f 3342 3351 3352
f 3342 3352 3343
f 3343 3352 3353
f 3343 3353 3344
f 3344 3353 3354
f 3344 3354 3345
f 3345 3354 3355
f 3345 3355 3346
f 3346 3355 3356
f 3346 3356 3347
f 3347 3356 3357
f 3347 3357 3329
f 3329 3357 3328
f 3348 3358 3349
f 3349 3358 3359
f 3349 3359 3350
f 3350 3359 3360
f 3350 3360 3351
f 3351 3360 3361
f 3351 3361 3352
f 3352 3361 3362
f 3352 3362 3353
f 3353 3362 3363
f 3353 3363 3354
f 3354 3363 3364
f 3354 3364 3355
f 3355 3364 3365
f 3355 3365 3356
f 3356 3365 3366
f 3356 3366 3357
f 3357 3366 3367
f 3357 3367 3328
f 3328 3367 3327
f 3358 3368 3359
f 3359 3368 3369
f 3359 3369 3360
f 3360 3369 3370
f 3360 3370 3361
f 3361 3370 3371
f 3361 3371 3362
f 3362 3371 3372
f 3362 3372 3363
f 3363 3372 3373
f 3363 3373 3364
f 3364 3373 3374
f 3364 3374 3365
f 3365 3374 3375
f 3365 3375 3366
f 3366 3375 3376
f 3366 3376 3367
f 3367 3376 3377
f 3367 3377 3327
f 3327 3377 3326
f 3368 3378 3369
f 3369 3378 3379
f 3369 3379 3370
f 3370 3379 3380
f 3370 3380 3371
f 3371 3380 3381
f 3371 3381 3372
f 3372 3381 3382
f 3372 3382 3373
f 3373 3382 3383
f 3373 3383 3374
f 3374 3383 3384
f 3374 3384 3375
f 3375 3384 3385
f 3375 3385 3376
f 3376 3385 3386
f 3376 3386 3377
f 3377 3386 3387
f 3377 3387 3326
f 3326 3387 3325
f 3378 3388 3379
f 3379 3388 3389
f 3379 3389 3380
f 3380 3389 3390
f 3380 3390 3381
f 3381 3390 3391
f 3381 3391 3382
f 3382 3391 3392
f 3382 3392 3383
f 3383 3392 3393
f 3383 3393 3384
f 3384 3393 3394
f 3384 3394 3385
f 3385 3394 3395
f 3385 3395 3386
f 3386 3395 3396
f 3386 3396 3387
f 3387 3396 3397
f 3387 3397 3325
f 3325 3397 3324
f 3388 3398 3389
f 3389 3398 3399
f 3389 3399 3390
f 3390 3399 3400
f 3390 3400 3391
f 3391 3400 3401
f 3391 3401 3392
f 3392 3401 3402
f 3392 3402 3393
f 3393 3402 3403
f 3393 3403 3394
f 3394 3403 3404
f 3394 3404 3395
f 3395 3404 3405
f 3395 3405 3396
f 3396 3405 3406
f 3396 3406 3397
f 3397 3406 3407
f 3397 3407 3324
f 3324 3407 3323
f 3398 3408 3399
f 3399 3408 3409
f 3399 3409 3400
f 3400 3409 3410
f 3400 3410 3401
f 3401 3410 3411
f 3401 3411 3402
f 3402 3411 3412
f 3402 3412 3403
f 3403 3412 3413
f 3403 3413 3404
f 3404 3413 3414
f 3404 3414 3405
f 3405 3414 3415
f 3405 3415 3406
f 3406 3415 3416
f 3406 3416 3407
f 3407 3416 3417
f 3407 3417 3323
f 3323 3417 3322
f 3408 1506 3409
f 3409 1506 1509
f 3409 1509 3410
f 3410 1509 1511
f 3410 1511 3411
f 3411 1511 1513
f 3411 1513 3412
f 3412 1513 1515
f 3412 1515 3413
f 3413 1515 1517
f 3413 1517 3414
f 3414 1517 1519
f 3414 1519 3415
f 3415 1519 1521
f 3415 1521 3416
f 3416 1521 1523
f 3416 1523 3417
f 3417 1523 1525
f 3417 1525 3322
f 3322 1525 1527
f 28 3337 36
f 36 3337 3418
f 36 3418 37
f 37 3418 3419
f 37 3419 39
f 39 3419 3420
f 39 3420 22
f 22 3420 3421
f 22 3421 33
f 33 3421 3422
f 33 3422 34
f 34 3422 3423
f 34 3423 35
f 35 3423 3424
f 35 3424 11
f 11 3424 3425
f 11 3425 1
f 1 3425 3426
f 1 3426 2
f 2 3426 3427
f 3337 3336 3418
f 3418 3336 3428
f 3418 3428 3419
f 3419 3428 3429
f 3419 3429 3420
f 3420 3429 3430
f 3420 3430 3421
f 3421 3430 3431
f 3421 3431 3422
f 3422 3431 3432
f 3422 3432 3423
f 3423 3432 3433
f 3423 3433 3424
f 3424 3433 3434
f 3424 3434 3425
f 3425 3434 3435
f 3425 3435 3426
f 3426 3435 3436
f 3426 3436 3427
f 3427 3436 3437
f 3336 3335 3428
f 3428 3335 3438
f 3428 3438 3429
f 3429 3438 3439
f 3429 3439 3430
f 3430 3439 3440
f 3430 3440 3431
f 3431 3440 3441
f 3431 3441 3432
f 3432 3441 3442
f 3432 3442 3433
f 3433 3442 3443
f 3433 3443 3434
f 3434 3443 3444
f 3434 3444 3435
f 3435 3444 3445
f 3435 3445 3436
f 3436 3445 3446
f 3436 3446 3437
f 3437 3446 3447
f 3335 3334 3438
f 3438 3334 3448
f 3438 3448 3439
f 3439 3448 3449
f 3439 3449 3440
f 3440 3449 3450
f 3440 3450 3441
f 3441 3450 3451
f 3441 3451 3442
f 3442 3451 3452
f 3442 3452 3443
f 3443 3452 3453
f 3443 3453 3444
f 3444 3453 3454
f 3444 3454 3445
f 3445 3454 3455
f 3445 3455 3446
f 3446 3455 3456
f 3446 3456 3447
f 3447 3456 3457
f 3334 3333 3448
f 3448 3333 3458
f 3448 3458 3449
f 3449 3458 3459
f 3449 3459 3450
f 3450 3459 3460
f 3450 3460 3451
f 3451 3460 3461
f 3451 3461 3452
f 3452 3461 3462
f 3452 3462 3453
f 3453 3462 3463
f 3453 3463 3454
f 3454 3463 3464
f 3454 3464 3455
f 3455 3464 3465
f 3455 3465 3456
f 3456 3465 3466
f 3456 3466 3457
f 3457 3466 3467
f 3333 3332 3458
f 3458 3332 3468
f 3458 3468 3459
f 3459 3468 3469
f 3459 3469 3460
f 3460 3469 3470
f 3460 3470 3461
f 3461 3470 3471
f 3461 3471 3462
f 3462 3471 3472
f 3462 3472 3463
f 3463 3472 3473
f 3463 3473 3464
f 3464 3473 3474
f 3464 3474 3465
f 3465 3474 3475
f 3465 3475 3466
f 3466 3475 3476
f 3466 3476 3467
f 3467 3476 3477
f 3332 3331 3468
f 3468 3331 3478
f 3468 3478 3469
f 3469 3478 3479
f 3469 3479 3470
f 3470 3479 3480
f 3470 3480 3471
f 3471 3480 3481
f 3471 3481 3472
f 3472 3481 3482
f 3472 3482 3473
f 3473 3482 3483
f 3473 3483 3474
f 3474 3483 3484
f 3474 3484 3475
f 3475 3484 3485
f 3475 3485 3476
f 3476 3485 3486
f 3476 3486 3477
f 3477 3486 3487
f 3331 3330 3478
f 3478 3330 3488
f 3478 3488 3479
f 3479 3488 3489
f 3479 3489 3480
f 3480 3489 3490
f 3480 3490 3481
f 3481 3490 3491
f 3481 3491 3482
f 3482 3491 3492
f 3482 3492 3483
f 3483 3492 3493
f 3483 3493 3484
f 3484 3493 3494
f 3484 3494 3485
f 3485 3494 3495
f 3485 3495 3486
f 3486 3495 3496
f 3486 3496 3487
f 3487 3496 3497
f 3330 1530 3488
f 3488 1530 1533
f 3488 1533 3489
f 3489 1533 1535
f 3489 1535 3490
f 3490 1535 1537
f 3490 1537 3491
f 3491 1537 1539
f 3491 1539 3492
f 3492 1539 1541
f 3492 1541 3493
f 3493 1541 1543
f 3493 1543 3494
f 3494 1543 1545
f 3494 1545 3495
f 3495 1545 1547
f 3495 1547 3496
f 3496 1547 1549
f 3496 1549 3497
f 3497 1549 1528
f 1528 1506 3408
f 1528 3408 3497
f 3497 3408 3398
f 3497 3398 3487
f 3487 3398 3388
f 3487 3388 3477
f 3477 3388 3378
f 3477 3378 3467
f 3467 3378 3368
f 3467 3368 3457
f 3457 3368 3358
f 3457 3358 3447
f 3447 3358 3348
f 3447 3348 3437
f 3437 3348 3338
f 3437 3338 3427
f 3427 3338 1432
f 3427 1432 2