# https://github.com/mikedh/trimesh
v -0.03934398 0.02178934 -0.02194785
v -0.03831201 0.02267424 -0.02218593
v -0.03904873 0.02303745 -0.02354796
v -0.04016129 0.02213091 -0.02341977
v -0.03955317 0.02341600 -0.02497201
v -0.03669277 0.02362588 -0.02235310
v -0.03733860 0.02405901 -0.02365029
v -0.03781647 0.02447769 -0.02502047
v -0.04084205 0.02136052 -0.02327357
v -0.03996666 0.02100856 -0.02168675
v -0.04125683 0.02074743 -0.02311718
v -0.04070088 0.02250532 -0.02493630
v -0.04141973 0.02175137 -0.02489827
v -0.04186985 0.02115983 -0.02484290
v -0.03865658 0.02077865 -0.02028230
v -0.03811835 0.02155550 -0.02064774
v -0.03677482 0.02075397 -0.01920467
v -0.04033923 0.02037432 -0.02142915
v -0.03898550 0.02012822 -0.01994276
v -0.03706409 0.02009685 -0.01882196
v -0.03724322 0.02238821 -0.02100778
v -0.03633707 0.02152292 -0.01963994
v -0.03567587 0.02231581 -0.02010860
v -0.03582854 0.02322636 -0.02124565
v -0.03307498 0.01543523 -0.04617311
v -0.03613539 0.01494676 -0.04528523
v -0.03557533 0.01666281 -0.04462280
v -0.03253776 0.01721565 -0.04560903
v -0.03510952 0.01798374 -0.04406743
v -0.03880674 0.01467970 -0.04422282
v -0.03818393 0.01635208 -0.04349818
v -0.03766711 0.01763845 -0.04289290
v -0.02972716 0.01604621 -0.04695632
v -0.02920125 0.01789714 -0.04643623
v -0.02619362 0.01668467 -0.04775378
v -0.03209074 0.01858670 -0.04513432
v -0.02876394 0.01932320 -0.04604238
v -0.02569583 0.01859637 -0.04720072
v -0.03028124 0.01384560 -0.04743610
v -0.03364247 0.01331868 -0.04674514
v -0.03080307 0.01137053 -0.04778942
v -0.02671674 0.01440906 -0.04814698
v -0.02720631 0.01184210 -0.04830137
v -0.03672819 0.01290464 -0.04595906
v -0.03418032 0.01093925 -0.04724368
v -0.03729220 0.01060553 -0.04654861
v -0.03946617 0.01268613 -0.04496259
v -0.03497050 0.00565896 -0.04780078
v -0.03812958 0.00549043 -0.04721545
v -0.03776590 0.00811846 -0.04695824
v -0.03462862 0.00837021 -0.04758728
v -0.04101873 0.00540938 -0.04636198
v -0.04061729 0.00799461 -0.04607058
v -0.04009281 0.01043616 -0.04561326
v -0.03155557 0.00588154 -0.04820001
v -0.03123221 0.00869948 -0.04804127
v -0.02789885 0.00613594 -0.04843638
v -0.02760341 0.00906679 -0.04838489
v -0.03176006 0.00296551 -0.04827923
v -0.03518913 0.00285290 -0.04790901
v -0.03183259 0.00000048 -0.04829879
v -0.02808345 0.00310143 -0.04846158
v -0.02814806 0.00001515 -0.04846730
v -0.03836356 0.00276842 -0.04734776
v -0.03526761 -0.00000057 -0.04793681
v -0.03844812 -0.00000057 -0.04738269
v -0.04127628 0.00272835 -0.04651489
v -0.01889928 0.01769833 -0.04816382
v -0.02257599 0.01723645 -0.04802850
v -0.02215152 0.01919301 -0.04753853
v -0.01858296 0.01968555 -0.04774366
v -0.02179900 0.02070026 -0.04717772
v -0.02528230 0.02006931 -0.04675088
v -0.01518846 0.01806229 -0.04822499
v -0.01500479 0.02006737 -0.04782507
v -0.01146850 0.01831900 -0.04822754
v -0.01832018 0.02121360 -0.04740788
v -0.01485196 0.02160622 -0.04748786
v -0.01143167 0.02033240 -0.04781869
v -0.01537994 0.01566033 -0.04843561
v -0.01923036 0.01532444 -0.04841724
v -0.01555623 0.01292490 -0.04841906
v -0.01150566 0.01590110 -0.04843883
v -0.01153781 0.01313882 -0.04841906
v -0.02302121 0.01490536 -0.04837378
v -0.01953743 0.01263068 -0.04841906
v -0.02343594 0.01226920 -0.04841906
v -0.01996009 0.00656925 -0.04841906
v -0.02401442 0.00637113 -0.04841906
v -0.02376897 0.00940376 -0.04841906
v -0.01978169 0.00969008 -0.04841906
v -0.01579364 0.00673330 -0.04841906
v -0.01569431 0.00992557 -0.04841906
v -0.01157287 0.00685441 -0.04841906
v -0.01155961 0.01009839 -0.04841906
v -0.01585367 0.00341240 -0.04841906
v -0.02006957 0.00332826 -0.04841906
v -0.01587386 0.00002720 -0.04841906
v -0.01157939 0.00347473 -0.04841906
v -0.01158096 0.00002720 -0.04841906
v -0.02416639 0.00322703 -0.04841906
v -0.02010708 0.00002720 -0.04841906
v -0.02421901 0.00002720 -0.04841906
v -0.00410056 0.01848786 -0.04809460
v -0.00776440 0.01845918 -0.04818659
v -0.00436145 0.02049992 -0.04763633
v -0.00787822 0.02047461 -0.04776240
v -0.00457713 0.02203916 -0.04729063
v -0.01140048 0.02187507 -0.04747232
v -0.00089839 0.02041430 -0.04742024
v -0.00050141 0.01841011 -0.04794369
v 0.00249397 0.02022368 -0.04709314
v -0.00122724 0.02194777 -0.04706489
v 0.00206681 0.02174967 -0.04670948
v -0.00382510 0.01606567 -0.04840191
v -0.00008354 0.01599766 -0.04836119
v -0.00356571 0.01328980 -0.04841906
v 0.00300864 0.01823097 -0.04772504
v 0.00354906 0.01583492 -0.04830572
v 0.00030799 0.01323313 -0.04841906
v -0.00764326 0.01603485 -0.04842775
v -0.00752764 0.01325941 -0.04841906
v -0.00319324 0.00694273 -0.04841906
v -0.00735559 0.00692373 -0.04841906
v -0.00335304 0.01022285 -0.04841906
v -0.00743037 0.01019673 -0.04841906
v 0.00062593 0.01017902 -0.04841906
v 0.00086272 0.00691288 -0.04841906
v 0.00446007 0.01006753 -0.04841906
v 0.00405346 0.01309255 -0.04841906
v -0.00309245 0.00352049 -0.04841906
v 0.00101084 0.00350538 -0.04841906
v -0.00305680 0.00002720 -0.04841906
v 0.00476085 0.00683566 -0.04841906
v 0.00494775 0.00346591 -0.04841906
v 0.00106273 0.00002720 -0.04841906
v -0.00730742 0.00351052 -0.04841906
v -0.00728999 0.00002720 -0.04841906
v 0.00961911 0.01768216 -0.04699320
v 0.00640516 0.01795550 -0.04743884
v 0.00893075 0.01964948 -0.04606261
v 0.00579860 0.01993458 -0.04666512
v 0.00835688 0.02115966 -0.04548647
v 0.00529402 0.02145155 -0.04619462
v 0.01180564 0.01947032 -0.04503313
v 0.01258142 0.01750314 -0.04577929
v 0.01433852 0.01950417 -0.04388999
v 0.01115786 0.02098027 -0.04455116
v 0.01359943 0.02101964 -0.04335485
v 0.01033803 0.01532434 -0.04778413
v 0.01338996 0.01515026 -0.04650091
v 0.01100361 0.01263924 -0.04806806
v 0.01522306 0.01752856 -0.04452191
v 0.01614387 0.01516649 -0.04516003
v 0.01413601 0.01248085 -0.04688408
v 0.00704033 0.01558155 -0.04822288
v 0.00763072 0.01287119 -0.04841906
v 0.01191697 0.00657814 -0.04821547
v 0.00844969 0.00671256 -0.04841906
v 0.01153191 0.00970242 -0.04815912
v 0.00810295 0.00989064 -0.04841906
v 0.01472435 0.00957157 -0.04716721
v 0.01515043 0.00648203 -0.04734483
v 0.01765761 0.00957779 -0.04609257
v 0.01699178 0.01249167 -0.04571377
v 0.01215278 0.00332890 -0.04824423
v 0.01540970 0.00327234 -0.04743388
v 0.01223338 0.00001721 -0.04825148
v 0.01813779 0.00648461 -0.04632562
v 0.01842875 0.00327190 -0.04644210
v 0.01549764 0.00000262 -0.04745603
v 0.00866360 0.00340280 -0.04841906
v 0.00873735 0.00002720 -0.04841906
v 0.00501273 0.00002720 -0.04841906
v 0.00739808 0.01751648 -0.00768184
v 0.00704704 0.01883526 -0.00855964
v 0.00402562 0.01778630 -0.00733321
v 0.00380178 0.01903458 -0.00821777
v 0.00053134 0.01786924 -0.00722404
v 0.00672975 0.01993007 -0.00918940
v 0.00359787 0.02009160 -0.00886403
v 0.00043105 0.01912717 -0.00813705
v 0.00421235 0.01651724 -0.00619533
v 0.00769450 0.01612587 -0.00652635
v 0.00430499 0.01539791 -0.00478913
v 0.00065044 0.01659144 -0.00607228
v 0.00078463 0.01546600 -0.00467918
v 0.01056772 0.01719761 -0.00831728
v 0.01107557 0.01550696 -0.00711795
v 0.01340957 0.01703888 -0.00931364
v 0.00777691 0.01488316 -0.00505631
v 0.01121422 0.01395977 -0.00552785
v 0.01415835 0.01503572 -0.00812970
v 0.01005805 0.01866990 -0.00920328
v 0.00962994 0.01983235 -0.00982442
v 0.01272604 0.01867921 -0.01018932
v 0.01217937 0.01992244 -0.01080353
v 0.01515415 0.00574907 -0.00077686
v 0.01591629 0.00292665 -0.00063340
v 0.01660037 0.00599299 -0.00300314
v 0.01738634 0.00303026 -0.00275599
v 0.01829264 0.00626912 -0.00523205
v 0.01617178 -0.00000057 -0.00057317
v 0.01764569 -0.00000057 -0.00265808
v 0.01930944 -0.00000057 -0.00477197
v 0.01527986 0.00881952 -0.00335293
v 0.01388964 0.00836191 -0.00096628
v 0.01332008 0.01122332 -0.00358263
v 0.01700959 0.00931232 -0.00572166
v 0.01494026 0.01244813 -0.00636613
v 0.01406740 0.00561213 0.00137519
v 0.01288658 0.00814403 0.00131292
v 0.01346982 0.00560347 0.00340686
v 0.01210286 0.01060577 -0.00112039
v 0.01125343 0.01034657 0.00124782
v 0.01238349 0.00815654 0.00346116
v 0.01478479 0.00286067 0.00142238
v 0.01502763 -0.00000057 0.00144220
v 0.01412980 0.00285124 0.00336515
v 0.01435321 -0.00000057 0.00334744
v -0.03430052 0.01507845 -0.01155299
v -0.03333490 0.01694195 -0.01369764
v -0.03670178 0.01664895 -0.01371804
v -0.03781598 0.01485976 -0.01134188
v -0.03968462 0.01647686 -0.01420096
v -0.03253297 0.01838817 -0.01545650
v -0.03579333 0.01802007 -0.01558835
v -0.03862457 0.01780046 -0.01611681
v -0.03530464 0.01288973 -0.00926227
v -0.03901473 0.01271746 -0.00862120
v -0.03616271 0.01047952 -0.00716013
v -0.04099502 0.01474311 -0.01167751
v -0.04242430 0.01265533 -0.00862390
v -0.03993934 0.01033363 -0.00609732
v -0.03156861 0.01304855 -0.00984906
v -0.03065052 0.01531682 -0.01187303
v -0.02792790 0.01317559 -0.01013133
v -0.03241036 0.01057684 -0.00798093
v -0.02879210 0.01064172 -0.00840429
v -0.02976963 0.01727028 -0.01381082
v -0.02702956 0.01551881 -0.01197610
v -0.02619166 0.01754835 -0.01372867
v -0.02903947 0.01879759 -0.01542039
v -0.02027807 0.01571104 -0.01073009
v -0.01949470 0.01776761 -0.01218028
v -0.02278666 0.01769056 -0.01312225
v -0.02360121 0.01562838 -0.01153630
v -0.01887812 0.01938044 -0.01336467
v -0.02213687 0.01931168 -0.01443183
v -0.02550878 0.01914115 -0.01517912
v -0.02116133 0.01333087 -0.00916492
v -0.02450380 0.01325251 -0.00985887
v -0.02212829 0.01075316 -0.00767959
v -0.02541770 0.01069032 -0.00827480
v -0.01776552 0.01346221 -0.00818277
v -0.01697275 0.01583233 -0.00973387
v -0.01423324 0.01384344 -0.00723285
v -0.01876500 0.01086079 -0.00670581
v -0.01479645 0.01109960 -0.00528600
v -0.01625587 0.01785018 -0.01109145
v -0.01361080 0.01609409 -0.00877089
v -0.01301023 0.01800895 -0.01004448
v -0.01568690 0.01941868 -0.01216382
v -0.00656001 0.01716816 -0.00758585
v -0.00633962 0.01866861 -0.00863969
v -0.00969786 0.01831462 -0.00922806
v -0.01011779 0.01659819 -0.00806435
v -0.00611224 0.01991745 -0.00943524
v -0.00932461 0.01968857 -0.01010576
v -0.01251761 0.01949764 -0.01101546
v -0.00667264 0.01559405 -0.00629234
v -0.01048134 0.01467148 -0.00663556
v -0.00649327 0.01419145 -0.00478291
v -0.01035149 0.01293557 -0.00498319
v -0.00296997 0.01625887 -0.00610459
v -0.00300375 0.01762752 -0.00730701
v -0.00279801 0.01504938 -0.00467935
v -0.00295637 0.01897232 -0.00827686
v -0.00288481 0.02011027 -0.00900444
v 0.00035333 0.02019299 -0.00881385
v -0.03698964 0.00534075 -0.00449344
v -0.03669015 0.00795155 -0.00558129
v -0.04023113 0.00781984 -0.00431151
v -0.04022628 0.00523056 -0.00316130
v -0.04320306 0.00742412 -0.00259360
v -0.04395072 0.01004219 -0.00480082
v -0.03716385 0.00268206 -0.00386433
v -0.04026097 0.00262025 -0.00254425
v -0.03721962 -0.00000057 -0.00366446
v -0.04289658 0.00497093 -0.00146145
v -0.04280216 0.00249169 -0.00088655
v -0.04028822 -0.00000057 -0.00236901
v -0.03380281 0.00270133 -0.00480269
v -0.03352590 0.00538021 -0.00544805
v -0.03046990 0.00270224 -0.00531528
v -0.03389459 -0.00000057 -0.00458434
v -0.03060550 -0.00000057 -0.00508829
v -0.03306227 0.00801305 -0.00651069
v -0.03009872 0.00538816 -0.00596467
v -0.02952758 0.00804028 -0.00700487
v -0.02408586 0.00541289 -0.00556062
v -0.02316277 0.00810401 -0.00646890
v -0.02626619 0.00806918 -0.00696896
v -0.02697183 0.00540382 -0.00598286
v -0.02471866 0.00270929 -0.00498247
v -0.02745717 0.00270899 -0.00535800
v -0.02496248 -0.00000057 -0.00477594
v -0.02764476 -0.00000057 -0.00513588
v -0.02220841 0.00269081 -0.00424030
v -0.02138147 0.00540107 -0.00475596
v -0.01988048 0.00264128 -0.00318310
v -0.02250876 -0.00000057 -0.00405725
v -0.02023368 -0.00000057 -0.00302862
v -0.02010199 0.00814907 -0.00557066
v -0.01887322 0.00531286 -0.00361599
v -0.01726429 0.00804392 -0.00429673
v -0.01465566 0.00490612 -0.00055731
v -0.01286241 0.00724020 -0.00083228
v -0.01483011 0.00762809 -0.00266964
v -0.01657572 0.00509277 -0.00218790
v -0.01056889 0.00937729 -0.00106873
v -0.01241449 0.00993435 -0.00306934
v -0.01584138 0.00247663 -0.00034774
v -0.01768889 0.00254837 -0.00186247
v -0.01628235 -0.00000057 -0.00025932
v -0.01808737 -0.00000057 -0.00173884
v -0.01454565 0.00249060 0.00129176
v -0.01327975 0.00491825 0.00119013
v -0.01400944 0.00265482 0.00298669
v -0.01503118 -0.00000057 0.00133854
v -0.01454638 -0.00000057 0.00298336
v -0.01142414 0.00721885 0.00107245
v -0.01263777 0.00523517 0.00300423
v -0.01067054 0.00766548 0.00304348
v -0.00916949 0.00932888 0.00097746
v -0.00492869 0.02607414 -0.04550396
v -0.00177709 0.02600557 -0.04529465
v -0.00175222 0.02520937 -0.04585076
v -0.00491754 0.02528890 -0.04606304
v -0.00488119 0.02461652 -0.04647768
v 0.00128367 0.02585938 -0.04493011
v 0.00134270 0.02504045 -0.04548554
v -0.00169457 0.02452753 -0.04626040
v -0.00814948 0.02604668 -0.04560795
v -0.00813882 0.02526486 -0.04616980
v -0.01140165 0.02512304 -0.04621846
v -0.01141778 0.02590480 -0.04565653
v -0.00811335 0.02459558 -0.04658907
v -0.00812476 0.02685883 -0.04490720
v -0.00488533 0.02688894 -0.04480129
v -0.00804412 0.02761910 -0.04407123
v -0.01141693 0.02671673 -0.04495915
v -0.01138590 0.02747657 -0.04413186
v -0.00172950 0.02683031 -0.04458980
v -0.00475813 0.02764999 -0.04395591
v -0.00156975 0.02759776 -0.04373393
v 0.00131192 0.02670624 -0.04422105
v -0.04134724 0.02311117 -0.02775635
v -0.04147092 0.02330882 -0.02912940
v -0.04210263 0.02238154 -0.02786662
v -0.04222734 0.02258363 -0.02928762
v -0.04258730 0.02181871 -0.02795724
v -0.04147287 0.02341376 -0.03052413
v -0.04222058 0.02268552 -0.03071805
v -0.04271284 0.02202409 -0.02942932
v -0.04183668 0.02209792 -0.02641640
v -0.04109337 0.02283771 -0.02637024
v -0.04230982 0.02152377 -0.02644233
v -0.04017067 0.02401786 -0.02767251
v -0.03992505 0.02374806 -0.02633626
v -0.03842248 0.02511191 -0.02766120
v -0.03817682 0.02483385 -0.02634688
v -0.04029630 0.02420969 -0.02901258
v -0.04030822 0.02430778 -0.03038829
v -0.03855624 0.02529626 -0.02899510
v -0.00378118 0.03150577 -0.03337016
v -0.00018850 0.03133564 -0.03310798
v -0.00014692 0.03062691 -0.03572730
v -0.00372058 0.03075803 -0.03601241
v -0.00023914 0.02990576 -0.03806362
v 0.00323031 0.03105298 -0.03278047
v 0.00323382 0.03041090 -0.03534027
v 0.00308443 0.02974736 -0.03763567
v -0.00748563 0.03154224 -0.03361908
v -0.00741461 0.03077360 -0.03624385
v -0.01123972 0.03142394 -0.03390683
v -0.00376564 0.03000299 -0.03836143
v -0.00741725 0.03000145 -0.03857471
v -0.01115643 0.03064293 -0.03646985
v -0.00759632 0.03216498 -0.03087291
v -0.00390710 0.03210425 -0.03060104
v -0.00771268 0.03249943 -0.02817787
v -0.01133712 0.03206589 -0.03123264
v -0.01141969 0.03242820 -0.02861990
v -0.00031887 0.03189494 -0.03036160
v -0.00405798 0.03241150 -0.02787144
v -0.00049300 0.03216781 -0.02764406
v 0.00294484 0.03177172 -0.02743917
v -0.01802352 0.02522552 -0.04565827
v -0.01471194 0.02563007 -0.04569963
v -0.01469158 0.02484927 -0.04625647
v -0.01800433 0.02444478 -0.04620724
v -0.01467713 0.02418013 -0.04667343
v -0.01138175 0.02445376 -0.04663938
v -0.02134407 0.02469414 -0.04545345
v -0.02133557 0.02391082 -0.04599420
v -0.02466517 0.02403893 -0.04500620
v -0.01799890 0.02377503 -0.04661724
v -0.02134647 0.02323879 -0.04639680
v -0.02468102 0.02324864 -0.04554075
v -0.02137790 0.02550263 -0.04477901
v -0.01805526 0.02603266 -0.04497559
v -0.02144298 0.02625020 -0.04397532
v -0.02468718 0.02485525 -0.04433852
v -0.01473102 0.02643935 -0.04500879
v -0.01809835 0.02678160 -0.04416449
v -0.01474165 0.02719389 -0.04418981
v -0.00422903 0.02882889 -0.04176013
v -0.00451777 0.02827400 -0.04296867
v -0.00769949 0.02880551 -0.04192093
v -0.00788702 0.02824524 -0.04310371
v -0.01122249 0.02866222 -0.04202124
v -0.01131148 0.02810201 -0.04318023
v -0.00752756 0.02936816 -0.04043917
v -0.00395673 0.02938258 -0.04025086
v -0.01114777 0.02922634 -0.04057186
v -0.01111614 0.02986353 -0.03874907
v -0.00087744 0.02877028 -0.04149096
v -0.00051020 0.02930919 -0.03996104
v 0.00228897 0.02866761 -0.04106553
v 0.00273708 0.02918760 -0.03952380
v -0.00125818 0.02822212 -0.04272479
v 0.00183728 0.02812339 -0.04232174
v 0.00147920 0.02749094 -0.04335329
v 0.01647744 0.02707417 -0.02255402
v 0.01600914 0.02652363 -0.02058411
v 0.01676144 0.02593748 -0.02055925
v 0.01726206 0.02648925 -0.02257484
v 0.01779136 0.02600050 -0.02258607
v 0.01537377 0.02585267 -0.01865629
v 0.01609190 0.02526343 -0.01858581
v 0.01725998 0.02544453 -0.02052191
v 0.01677828 0.02748707 -0.02457128
v 0.01759108 0.02689993 -0.02463028
v 0.01691126 0.02774507 -0.02664115
v 0.01814790 0.02641046 -0.02468552
v 0.01774588 0.02715072 -0.02672327
v 0.01560382 0.02815002 -0.02452822
v 0.01532745 0.02773128 -0.02252854
v 0.01396204 0.02886697 -0.02452083
v 0.01572201 0.02841144 -0.02659765
v 0.01489025 0.02717309 -0.02058682
v 0.01370203 0.02843655 -0.02250334
v 0.01329194 0.02785600 -0.02055768
v 0.01428953 0.02649337 -0.01869125
v -0.01869883 0.03066572 -0.03465132
v -0.01855907 0.02986928 -0.03696054
v -0.02238040 0.03003800 -0.03490052
v -0.02220655 0.02926308 -0.03704575
v -0.02580924 0.02853517 -0.03690455
v -0.01841872 0.02909187 -0.03903803
v -0.02201535 0.02851038 -0.03899301
v -0.02557082 0.02783331 -0.03871524
v -0.02250631 0.03070831 -0.03269200
v -0.01880869 0.03134605 -0.03226206
v -0.02255366 0.03114714 -0.03055484
v -0.02601434 0.02925270 -0.03492935
v -0.02615638 0.02987408 -0.03290559
v -0.02620559 0.03028748 -0.03094925
v -0.01498137 0.03112972 -0.03428550
v -0.01508010 0.03179575 -0.03173564
v -0.01885930 0.03177511 -0.02994445
v -0.01514160 0.03219445 -0.02925411
v -0.01487347 0.03033536 -0.03673866
v -0.01478447 0.02955163 -0.03893011
v 0.00565025 0.02292980 -0.01077304
v 0.00279238 0.02302936 -0.01050768
v 0.00297618 0.02241585 -0.01014531
v 0.00590119 0.02231577 -0.01042704
v 0.00317353 0.02193481 -0.00991583
v -0.00018047 0.02314181 -0.01051045
v -0.00004775 0.02252585 -0.01014454
v 0.00010199 0.02204729 -0.00991028
v 0.00824618 0.02292774 -0.01133107
v 0.00859445 0.02231974 -0.01101984
v 0.01046678 0.02312254 -0.01221651
v 0.00614490 0.02182486 -0.01020693
v 0.00888242 0.02181643 -0.01081297
v 0.01092316 0.02252184 -0.01195384
v 0.00788616 0.02360748 -0.01180035
v 0.00547758 0.02365553 -0.01131634
v 0.00553018 0.02448769 -0.01213945
v 0.00987763 0.02375865 -0.01257825
v 0.00930999 0.02428540 -0.01294491
v 0.00271000 0.02377647 -0.01107927
v 0.00281691 0.02465826 -0.01193642
v -0.00010629 0.02481779 -0.01193744
v 0.01667469 0.02775670 -0.03090666
v 0.01549364 0.02842708 -0.03091654
v 0.01568470 0.02849764 -0.02874861
v 0.01687601 0.02783095 -0.02876890
v 0.01390024 0.02908750 -0.03106368
v 0.01405909 0.02918792 -0.02883411
v 0.01407879 0.02912487 -0.02662584
v 0.01772380 0.02722282 -0.02885150
v 0.01752527 0.02712606 -0.03098175
v 0.01831886 0.02670822 -0.02895298
v 0.01832519 0.02665336 -0.02681094
v 0.01715072 0.02687028 -0.03308081
v 0.01630950 0.02753432 -0.03300660
v 0.01660058 0.02646535 -0.03511546
v 0.01812721 0.02658486 -0.03108951
v 0.01774855 0.02629314 -0.03319837
v 0.01515054 0.02821825 -0.03303684
v 0.01578257 0.02717581 -0.03502085
v 0.01465713 0.02788959 -0.03504493
v 0.01359953 0.02885507 -0.03323263
v -0.04292158 0.02106358 -0.03415227
v -0.04344011 0.02048890 -0.03419049
v -0.04325130 0.02124776 -0.03258454
v -0.04381979 0.02067313 -0.03256041
v -0.04344532 0.02130025 -0.03100859
v -0.04429350 0.01960190 -0.03421859
v -0.04475079 0.01977871 -0.03247514
v -0.04406176 0.02072363 -0.03091006
v -0.04258464 0.02148805 -0.03407478
v -0.04288244 0.02166418 -0.03253819
v -0.04227606 0.02192444 -0.03392886
v -0.04304782 0.02171154 -0.03100126
v -0.04255033 0.02208394 -0.03241199
v -0.04216058 0.02119310 -0.03557842
v -0.04246443 0.02076021 -0.03568216
v -0.04161637 0.02078926 -0.03701653
v -0.04187747 0.02164742 -0.03541550
v -0.04135779 0.02125947 -0.03683645
v -0.04293124 0.02018566 -0.03577355
v -0.04370322 0.01930635 -0.03589941
v -0.04188811 0.02035017 -0.03714459
v -0.04230166 0.01977812 -0.03728279
v -0.03085803 0.02221111 -0.01865320
v -0.03110269 0.02144662 -0.01823907
v -0.02774693 0.02191760 -0.01790271
v -0.02754501 0.02266983 -0.01825504
v -0.02433448 0.02230744 -0.01736502
v -0.03133715 0.02081330 -0.01792237
v -0.02795859 0.02130471 -0.01765025
v -0.02452130 0.02171398 -0.01716771
v -0.03065491 0.02305372 -0.01921353
v -0.02741940 0.02352896 -0.01877969
v -0.03062640 0.02392101 -0.01998489
v -0.02415525 0.02304533 -0.01765869
v -0.02404238 0.02391202 -0.01813433
v -0.02405464 0.02489185 -0.01887754
v -0.03344341 0.02259349 -0.01958351
v -0.03385285 0.02178513 -0.01904496
v -0.03327630 0.02336440 -0.02029103
v -0.03497383 0.02295834 -0.02052725
v -0.03418441 0.02101769 -0.01859833
v -0.03444349 0.02036794 -0.01823071
v 0.01353575 0.02429942 -0.01500372
v 0.01219871 0.02361360 -0.01346409
v 0.01275448 0.02301619 -0.01325915
v 0.01417119 0.02370386 -0.01485405
v 0.01457254 0.02319049 -0.01470518
v 0.01125240 0.02200854 -0.01176332
v 0.01457171 0.02507852 -0.01676532
v 0.01525608 0.02448591 -0.01665685
v 0.01569027 0.02397858 -0.01653683
v 0.01655816 0.02476355 -0.01850238
v 0.01352261 0.02570999 -0.01683005
v 0.01256543 0.02492372 -0.01512476
v 0.01199422 0.02633392 -0.01681888
v 0.01272494 0.02714766 -0.01866809
v 0.01139391 0.02423533 -0.01369694
v 0.01112893 0.02551241 -0.01514907
v 0.01015820 0.02478079 -0.01379771
v -0.00604348 0.02318132 -0.01124585
v -0.00896027 0.02316789 -0.01197662
v -0.00896798 0.02249028 -0.01164024
v -0.00600687 0.02252818 -0.01089376
v -0.00896073 0.02196358 -0.01142212
v -0.01188501 0.02317200 -0.01294820
v -0.01193407 0.02247285 -0.01263227
v -0.01197198 0.02192684 -0.01242840
v -0.00312132 0.02318254 -0.01075682
v -0.00303778 0.02255166 -0.01039461
v -0.00595284 0.02202222 -0.01066558
v -0.00293604 0.02206327 -0.01016092
v -0.00313195 0.02396837 -0.01132162
v -0.00602644 0.02399641 -0.01179577
v -0.00301499 0.02492159 -0.01216310
v -0.00022403 0.02390313 -0.01108307
v -0.00892016 0.02401152 -0.01250638
v -0.00591953 0.02498823 -0.01261746
v -0.00883020 0.02503628 -0.01330464
v -0.01182576 0.02403794 -0.01345431
v 0.01935951 0.01836998 -0.04142138
v 0.01747496 0.01785411 -0.04312029
v 0.01644460 0.01985266 -0.04244007
v 0.01816425 0.02040137 -0.04072047
v 0.01558408 0.02138402 -0.04186369
v 0.02089912 0.01896836 -0.03945826
v 0.01953780 0.02103595 -0.03877250
v 0.02211617 0.01954143 -0.03726397
v 0.01716675 0.02195474 -0.04012563
v 0.01840238 0.02261313 -0.03818860
v 0.02060558 0.02164201 -0.03663743
v 0.02231719 0.01647554 -0.04014779
v 0.02060423 0.01592969 -0.04212881
v 0.02362283 0.01362266 -0.04074303
v 0.02368967 0.01699980 -0.03788795
v 0.02513805 0.01407818 -0.03841711
v 0.01854754 0.01546056 -0.04380740
v 0.02175010 0.01314962 -0.04274320
v 0.01953478 0.01274422 -0.04440449
v 0.02329614 0.00684518 -0.04342581
v 0.02086681 0.00662242 -0.04506829
v 0.02264880 0.01009889 -0.04316503
v 0.02030908 0.00977729 -0.04481461
v 0.02538447 0.00710594 -0.04139018
v 0.02464685 0.01047489 -0.04114589
v 0.02709044 0.00735777 -0.03895339
v 0.02627327 0.01083759 -0.03875924
v 0.02583088 0.00358955 -0.04150971
v 0.02368792 0.00345614 -0.04355706
v 0.02381990 -0.00000057 -0.04359030
v 0.02758467 0.00371847 -0.03903863
v 0.02775105 -0.00000057 -0.03905403
v 0.02120435 0.00334225 -0.04519606
v 0.02131808 -0.00000057 -0.04522848
v 0.01852694 -0.00000057 -0.04647120
v 0.02364350 0.02027860 -0.03233195
v 0.02303306 0.01998135 -0.03487159
v 0.02140797 0.02210519 -0.03435656
v 0.02194107 0.02241576 -0.03196634
v 0.02005234 0.02371821 -0.03390941
v 0.01934594 0.02324051 -0.03610055
v 0.02394120 0.02042361 -0.02969590
v 0.02220104 0.02256401 -0.02950326
v 0.02391990 0.02040686 -0.02701430
v 0.02052010 0.02403646 -0.03164045
v 0.02074771 0.02418553 -0.02931891
v 0.02218401 0.02254021 -0.02700377
v 0.02574978 0.01781674 -0.02984742
v 0.02541446 0.01767947 -0.03267010
v 0.02740837 0.01479578 -0.02990838
v 0.02572241 0.01780687 -0.02697247
v 0.02472492 0.01740413 -0.03537282
v 0.02704102 0.01467288 -0.03291359
v 0.02628085 0.01443097 -0.03577856
v 0.02921984 0.00768911 -0.03297567
v 0.02837275 0.00755371 -0.03610743
v 0.02831026 0.01131335 -0.03299525
v 0.02749812 0.01111928 -0.03600711
v 0.02869853 0.01141316 -0.02982935
v 0.02962019 0.00775928 -0.02968146
v 0.02865179 0.01141207 -0.02661515
v 0.02737267 0.01479151 -0.02684914
v 0.02976745 0.00388839 -0.03291544
v 0.03017326 0.00392456 -0.02953583
v 0.02995076 -0.00000057 -0.03287517
v 0.02956227 0.00775956 -0.02634818
v 0.03010656 0.00392501 -0.02612586
v 0.03035764 -0.00000057 -0.02946357
v 0.02890073 0.00381889 -0.03612846
v 0.02907804 -0.00000057 -0.03611915
v 0.02292757 0.01988599 -0.02170945
v 0.02357329 0.02021880 -0.02433796
v 0.02132640 0.02197278 -0.02203969
v 0.02188613 0.02233464 -0.02450434
v 0.01998975 0.02355399 -0.02229342
v 0.02047642 0.02393708 -0.02461912
v 0.02052382 0.02148008 -0.01964454
v 0.02200890 0.01943502 -0.01917127
v 0.01949742 0.02088204 -0.01735359
v 0.01928738 0.02303058 -0.02002026
v 0.01838304 0.02239102 -0.01782694
v 0.02458958 0.01734525 -0.02131760
v 0.02355516 0.01694693 -0.01863547
v 0.02610878 0.01440218 -0.02087908
v 0.02084349 0.01889247 -0.01676597
v 0.02225608 0.01647257 -0.01611539
v 0.02497512 0.01406736 -0.01807214
v 0.02532383 0.01764080 -0.02411290
v 0.02692372 0.01465193 -0.02382206
v 0.02811277 0.00755153 -0.01997951
v 0.02903453 0.00768529 -0.02309918
v 0.02728152 0.01110837 -0.02040883
v 0.02815890 0.01130346 -0.02345838
v 0.02608132 0.01084783 -0.01751632
v 0.02687278 0.00737334 -0.01703420
v 0.02462001 0.01054288 -0.01483066
v 0.02356999 0.01367262 -0.01545318
v 0.02860753 0.00381932 -0.01966379
v 0.02734845 0.00372888 -0.01669197
v 0.02877079 -0.00000057 -0.01953433
v 0.02539035 0.00716581 -0.01430827
v 0.02586519 0.00362384 -0.01394648
v 0.02750734 -0.00000057 -0.01655582
v 0.02955578 0.00388731 -0.02282180
v 0.02972781 -0.00000057 -0.02270357
v 0.03028718 -0.00000057 -0.02602587
v 0.01779465 0.01770602 -0.01251722
v 0.01945752 0.01828490 -0.01453608
v 0.01676835 0.01954513 -0.01324950
v 0.01826617 0.02020412 -0.01520157
v 0.01593924 0.02093694 -0.01382955
v 0.01729045 0.02165950 -0.01574075
v 0.01494223 0.01900390 -0.01155841
v 0.01579861 0.01724952 -0.01074501
v 0.01425901 0.02032427 -0.01216120
v 0.01891093 0.01545932 -0.01168319
v 0.01674561 0.01508739 -0.00972122
v 0.02003806 0.01284421 -0.01085435
v 0.01781316 0.01254149 -0.00871321
v 0.02072788 0.01594887 -0.01380627
v 0.02194065 0.01324308 -0.01307413
v 0.02196913 0.00671918 -0.00956843
v 0.02374125 0.00694399 -0.01184677
v 0.02109697 0.00989985 -0.01013768
v 0.02295923 0.01021456 -0.01240164
v 0.01903119 0.00963577 -0.00794714
v 0.02011758 0.00650271 -0.00739200
v 0.02253602 0.00339515 -0.00918194
v 0.02079021 0.00327479 -0.00701686
v 0.02274314 -0.00000057 -0.00903438
v 0.01905697 0.00315261 -0.00489921
v 0.02102308 -0.00000057 -0.00687426
v 0.02424436 0.00351205 -0.01146748
v 0.02442618 -0.00000057 -0.01132173
v 0.02602873 -0.00000057 -0.01380573
v -0.01934314 0.00988483 0.01473791
v -0.01622121 0.01404301 0.01581622
v -0.01506507 0.01356773 0.01361852
v -0.01809584 0.00951798 0.01260865
v -0.01383723 0.01271010 0.01145062
v -0.01245761 0.01725977 0.01711651
v -0.01144145 0.01676605 0.01482708
v -0.01042887 0.01581061 0.01249883
v -0.02148611 0.00509903 0.01399786
v -0.02018961 0.00490061 0.01191150
v -0.02231285 -0.00000057 0.01371241
v -0.01671312 0.00887906 0.01056877
v -0.01871328 0.00456100 0.00995683
v -0.02100225 -0.00000057 0.01164111
v -0.02043344 0.00998960 0.01697204
v -0.02258513 0.00515972 0.01622983
v -0.02134515 0.00984225 0.01932658
v -0.02341087 -0.00000057 0.01594513
v -0.02346906 0.00508611 0.01862130
v -0.01728130 0.01415864 0.01805997
v -0.01345426 0.01733645 0.01938176
v -0.01822099 0.01393731 0.02036601
v -0.01440834 0.01704075 0.02163752
v 0.01396845 0.00596698 0.00695417
v 0.01450613 0.00302529 0.00675999
v 0.01349111 0.00574439 0.00527203
v 0.01408929 0.00291726 0.00514874
v 0.01467972 -0.00000057 0.00669197
v 0.01428846 -0.00000057 0.00510199
v 0.01249321 0.00839013 0.00545497
v 0.01304978 0.00874030 0.00726464
v 0.01109489 0.01076378 0.00568058
v 0.01088103 0.01041086 0.00351661
v 0.01473903 0.00620333 0.00843672
v 0.01388726 0.00910256 0.00886049
v 0.01564004 0.00638554 0.00970317
v 0.01173323 0.01126108 0.00768154
v 0.01263422 0.01175852 0.00946124
v 0.01483969 0.00937241 0.01021282
v 0.01522317 0.00314192 0.00818579
v 0.01537334 -0.00000057 0.00810352
v 0.01608329 0.00323372 0.00941299
v 0.01621564 -0.00000057 0.00932277
v 0.00791995 0.01521097 0.00872923
v 0.01000188 0.01344514 0.00819497
v 0.00717448 0.01433738 0.00616157
v 0.00929548 0.01277465 0.00593195
v 0.00675369 0.01365453 0.00358737
v 0.00897268 0.01226686 0.00356177
v 0.00481139 0.01536661 0.00632195
v 0.00555163 0.01647705 0.00920857
v 0.00293718 0.01711522 0.00945554
v 0.00431931 0.01450385 0.00358406
v 0.00228572 0.01577699 0.00636557
v 0.00887631 0.01605487 0.01115439
v 0.00647727 0.01761024 0.01214333
v 0.00995141 0.01659407 0.01321273
v 0.00370628 0.01852710 0.01275133
v 0.00761213 0.01832292 0.01467209
v 0.01094626 0.01409012 0.01024311
v 0.01198302 0.01452139 0.01196865
v 0.01363609 0.01211185 0.01096147
v -0.00281235 0.01618401 0.00886533
v 0.00011684 0.01699731 0.00929271
v -0.00032301 0.01548317 0.00624494
v -0.00297322 0.01455593 0.00600806
v -0.00081464 0.01430743 0.00345350
v 0.00176478 0.01474482 0.00354254
v -0.00575336 0.01473603 0.00831864
v -0.00562333 0.01306605 0.00570291
v -0.00865381 0.01267521 0.00772788
v -0.00338342 0.01328623 0.00333802
v -0.00590601 0.01177580 0.00321714
v -0.00823174 0.01108432 0.00537746
v -0.00619105 0.01646622 0.01098181
v -0.00285404 0.01785644 0.01180968
v -0.00683132 0.01793709 0.01360987
v -0.00944292 0.01434882 0.01011705
v 0.00052045 0.01857628 0.01251982
v -0.00311403 0.01922916 0.01470117
v 0.00065358 0.01982647 0.01569011
v -0.00809817 0.01824098 0.02837905
v -0.00423721 0.01842545 0.02951952
v -0.00690440 0.01894122 0.02653327
v -0.00259985 0.01890108 0.02794264
v -0.00577481 0.01951373 0.02454234
v -0.00093747 0.01813800 0.03057085
v 0.00097965 0.01837621 0.02928893
v -0.00119778 0.01934845 0.02611900
v -0.01119817 0.01818856 0.02517229
v -0.01212115 0.01735560 0.02722979
v -0.01529679 0.01641732 0.02389850
v -0.01021897 0.01882203 0.02303908
v -0.00913890 0.01740269 0.03015785
v -0.01289367 0.01638652 0.02921603
v -0.00995141 0.01645130 0.03190111
v -0.01604483 0.01556092 0.02613393
v -0.01657771 0.01456630 0.02831303
v -0.01342146 0.01534471 0.03113556
v -0.00556578 0.01778226 0.03107229
v -0.00242666 0.01769264 0.03189311
v -0.00660944 0.01697316 0.03263652
v -0.00359449 0.01703544 0.03327660
v -0.00495378 0.01268757 -0.00117327
v -0.00193419 0.01372431 -0.00115939
v -0.00243088 0.01418205 -0.00304095
v -0.00583765 0.01320551 -0.00308129
v 0.00112000 0.01424236 -0.00114029
v 0.00093014 0.01466515 -0.00304220
v -0.00788235 0.01121582 -0.00116273
v -0.00929126 0.01179155 -0.00314866
v -0.00670648 0.01118481 0.00094390
v -0.00408965 0.01268896 0.00095537
v -0.00834690 0.00987070 0.00311194
v -0.00137357 0.01374362 0.00099542
v 0.00138721 0.01425110 0.00104761
v 0.00706847 0.01350610 -0.00114185
v 0.00977389 0.01232125 -0.00115791
v 0.00748594 0.01400805 -0.00323481
v 0.01061630 0.01291786 -0.00346954
v 0.00424649 0.01459882 -0.00309958
v 0.00415237 0.01415804 -0.00113521
v 0.00677138 0.01338285 0.00114255
v 0.00413814 0.01411369 0.00109550
v 0.00917909 0.01210999 0.00119218
v -0.04577381 0.01498765 -0.01501031
v -0.04363574 0.01481087 -0.01299774
v -0.04209773 0.01651128 -0.01547531
v -0.04398054 0.01670228 -0.01732036
v -0.04083073 0.01783650 -0.01734278
v -0.04744487 0.01519807 -0.01742298
v -0.04537246 0.01699991 -0.01951537
v -0.04857925 0.01546646 -0.02003479
v -0.04249143 0.01805936 -0.01906341
v -0.04368630 0.01840015 -0.02107583
v -0.04631290 0.01735424 -0.02183960
v -0.04968108 0.01308636 -0.01482599
v -0.04763785 0.01303603 -0.01219046
v -0.05157167 0.01093415 -0.01152406
v -0.05108667 0.01318054 -0.01777601
v -0.05379798 0.01030690 -0.01470137
v -0.04525880 0.01282694 -0.00996838
v -0.04927085 0.01105351 -0.00891193
v -0.04679419 0.01081568 -0.00664895
v -0.05104072 0.00761825 -0.00157797
v -0.04903776 0.00747252 -0.00018633
v -0.04806921 0.00903329 -0.00330122
v -0.05037103 0.00924619 -0.00522587
v -0.04736758 0.00681796 0.00103773
v -0.04616554 0.00819910 -0.00163508
v -0.05303312 0.00734781 -0.00305790
v -0.05260723 0.00901085 -0.00731681
v -0.05473458 0.00660255 -0.00421377
v -0.05451765 0.00815573 -0.00894225
v -0.05309468 0.00597638 0.00039898
v -0.05138227 0.00617387 0.00158606
v -0.05307310 0.00476511 0.00295483
v -0.05454337 0.00542163 -0.00053379
v -0.05412867 0.00466358 0.00169453
v -0.04965376 0.00612617 0.00243456
v -0.05152148 0.00485720 0.00405096
v -0.04820516 0.00568463 0.00314434
v -0.04879722 0.00489747 0.00435660
v -0.00052233 0.01477121 0.03632570
v 0.00009083 0.01558684 0.03521528
v -0.00206948 0.01600118 0.03505005
v -0.00276710 0.01501514 0.03638512
v -0.00454757 0.01616170 0.03474222
v 0.00095848 0.01623484 0.03410099
v -0.00110548 0.01676329 0.03375619
v -0.00074771 0.01381966 0.03734469
v -0.00309955 0.01380535 0.03771089
v -0.00253042 0.01253423 0.03874283
v -0.00526847 0.01503446 0.03626822
v -0.00573979 0.01361676 0.03783290
v 0.00116274 0.01361963 0.03700971
v 0.00143837 0.01433620 0.03620289
v 0.00276803 0.01322500 0.03676211
v -0.00030035 0.01279548 0.03812430
v 0.00255709 0.01278898 0.03722754
v 0.00198202 0.01498722 0.03528194
v 0.00315984 0.01375860 0.03607473
v 0.00365273 0.01427090 0.03529397
v 0.00269833 0.01552820 0.03433674
v -0.04918264 0.01617053 -0.02518906
v -0.04910721 0.01581714 -0.02264481
v -0.04684129 0.01771535 -0.02407232
v -0.04702627 0.01804200 -0.02622603
v -0.04499706 0.01916019 -0.02516463
v -0.04449497 0.01879005 -0.02317719
v -0.04895946 0.01644704 -0.02760361
v -0.04693649 0.01829297 -0.02831322
v -0.04852270 0.01660446 -0.02991874
v -0.04523312 0.01947735 -0.02706316
v -0.04524372 0.01970831 -0.02889775
v -0.04664059 0.01842703 -0.03034641
v -0.05103626 0.01423790 -0.02685991
v -0.05142179 0.01393235 -0.02405778
v -0.05289050 0.01173291 -0.02617309
v -0.05046326 0.01441137 -0.02946009
v -0.05220971 0.01190701 -0.02902014
v -0.05155275 0.01352122 -0.02094154
v -0.05341667 0.01141854 -0.02304414
v -0.05374962 0.01097002 -0.01944783
v -0.05576500 0.00588598 -0.02192951
v -0.05621999 0.00556741 -0.01827087
v -0.05526954 0.00830600 -0.01864900
v -0.05484032 0.00872020 -0.02236012
v -0.05651745 0.00509360 -0.01414403
v -0.05558598 0.00761598 -0.01438952
v -0.05515104 0.00609464 -0.02524576
v -0.05424580 0.00899945 -0.02563415
v -0.05439566 0.00620524 -0.02836197
v -0.05350954 0.00915063 -0.02864860
v -0.05565508 0.00307559 -0.02501059
v -0.05626301 0.00296451 -0.02167611
v -0.05580680 -0.00000057 -0.02493130
v -0.05490100 0.00313383 -0.02817679
v -0.05505846 -0.00000057 -0.02810955
v -0.05670840 0.00279250 -0.01803930
v -0.05640534 -0.00000057 -0.02159371
v -0.05683709 -0.00000057 -0.01796016
v -0.05697491 0.00255145 -0.01396612
v -0.00424314 0.02016433 0.01993307
v -0.00024430 0.02032564 0.02124755
v 0.00028195 0.02035422 0.01856746
v -0.00360801 0.01995812 0.01739986
v 0.00321894 0.01995684 0.02230650
v 0.00367875 0.02016850 0.01962248
v 0.00470616 0.01979353 0.01649072
v -0.00838958 0.01922129 0.01852240
v -0.00756912 0.01882912 0.01612030
v -0.00492656 0.01996882 0.02232809
v -0.00927782 0.01919260 0.02082555
v -0.00057507 0.01990684 0.02382603
v 0.00321617 0.01935799 0.02492450
v -0.04725282 0.01645750 -0.03431871
v -0.04795741 0.01660058 -0.03216473
v -0.04620719 0.01840296 -0.03233810
v -0.04563498 0.01824045 -0.03426569
v -0.04506942 0.01981984 -0.03069341
v -0.04639816 0.01619735 -0.03635783
v -0.04492259 0.01795921 -0.03610659
v -0.04538265 0.01584224 -0.03825922
v -0.04298563 0.01890905 -0.03749328
v -0.04793875 0.01407390 -0.03661590
v -0.04893528 0.01430596 -0.03436454
v -0.04935318 0.01164200 -0.03684353
v -0.04675949 0.01375350 -0.03869804
v -0.04803105 0.01136723 -0.03909634
v -0.04976985 0.01442625 -0.03197045
v -0.05047061 0.01183875 -0.03439008
v -0.05141293 0.01193469 -0.03177071
v -0.05247467 0.00618182 -0.03435659
v -0.05351642 0.00622959 -0.03142051
v -0.05265508 0.00918059 -0.03158095
v -0.05164709 0.00910881 -0.03438224
v -0.05123170 0.00607604 -0.03710541
v -0.05045026 0.00895477 -0.03700351
v -0.04974890 0.00592636 -0.03960221
v -0.04902925 0.00873793 -0.03939579
v -0.05169921 0.00306965 -0.03715887
v -0.05296324 0.00312347 -0.03432872
v -0.05185448 -0.00000057 -0.03717348
v -0.05018482 0.00299327 -0.03972141
v -0.05033185 -0.00000057 -0.03975920
v -0.05401711 0.00314733 -0.03130876
v -0.05312280 -0.00000057 -0.03431424
v -0.05417729 -0.00000057 -0.03126507
v 0.02732073 0.00626032 0.02926907
v 0.02716273 0.00709385 0.02862590
v 0.02607182 0.00665213 0.02875335
v 0.02578587 0.00755404 0.02809233
v 0.02482489 0.00692147 0.02832477
v 0.02680865 0.00801691 0.02776567
v 0.02532757 0.00854002 0.02725596
v 0.02446413 0.00788682 0.02765727
v 0.02624375 0.00576165 0.02927145
v 0.02737400 0.00544659 0.02974300
v 0.02635999 0.00480996 0.02967901
v 0.02506399 0.00597799 0.02887089
v 0.02523504 0.00497965 0.02931288
v 0.02847251 0.00571673 0.02979604
v 0.02835267 0.00502797 0.03018460
v 0.02941293 0.00496042 0.03028047
v 0.02740189 0.00457318 0.03010423
v 0.02826954 0.00429079 0.03046858
v 0.02911697 0.00442627 0.03058114
v 0.02850782 0.00646846 0.02919757
v 0.02828939 0.00735543 0.02831883
v 0.02963443 0.00558816 0.02974973
v 0.02977666 0.00640333 0.02889337
v -0.04275704 0.01501210 -0.04157662
v -0.04419554 0.01541428 -0.04000002
v -0.04182817 0.01668910 -0.04091099
v -0.04307187 0.01711930 -0.03943791
v -0.04106238 0.01797672 -0.04036082
v -0.04406866 0.01757892 -0.03783820
v -0.04214642 0.01842696 -0.03897585
v -0.04023353 0.01639710 -0.04226266
v -0.04098736 0.01473436 -0.04298542
v -0.03961034 0.01767500 -0.04166194
v -0.04178417 0.01274811 -0.04372753
v -0.04373632 0.01300425 -0.04226459
v -0.04253628 0.01049968 -0.04438629
v -0.04537672 0.01336816 -0.04058452
v -0.04465333 0.01072404 -0.04288178
v -0.04647468 0.01103723 -0.04111377
v -0.04594634 0.00557557 -0.04363943
v -0.04798757 0.00574688 -0.04178219
v -0.04734873 0.00847776 -0.04151013
v -0.04539542 0.00823000 -0.04333503
v -0.04362385 0.00545042 -0.04516800
v -0.04315603 0.00805037 -0.04485901
v -0.04392020 0.00275003 -0.04533555
v -0.04628989 0.00281423 -0.04381002
v -0.04402550 -0.00000057 -0.04538397
v -0.04136908 -0.00000057 -0.04655671
v -0.04837991 0.00290172 -0.04193855
v -0.04640981 -0.00000057 -0.04386186
v -0.04851445 -0.00000057 -0.04198780
v -0.01386557 0.00692832 0.00669619
v -0.01146131 0.01002339 0.00716830
v -0.01075687 0.00868153 0.00507973
v -0.01291951 0.00596294 0.00483480
v -0.01555634 0.00353775 0.00636788
v -0.01444045 0.00303382 0.00466777
v -0.01622335 -0.00000057 0.00623966
v -0.01504050 -0.00000057 0.00460373
v -0.01707473 0.00407676 0.00811993
v -0.01521657 0.00795810 0.00860273
v -0.01780472 -0.00000057 0.00793119
v -0.01949442 -0.00000057 0.00971834
v -0.01256203 0.01144745 0.00929623
v 0.02371865 0.01224944 0.02172386
v 0.02369954 0.01209062 0.02124276
v 0.02196693 0.01307974 0.02146988
v 0.02192322 0.01289559 0.02097465
v 0.02011309 0.01362874 0.02095279
v 0.02365154 0.01179252 0.02084894
v 0.02189959 0.01255665 0.02056878
v 0.02011682 0.01324425 0.02051227
v 0.02211654 0.01302670 0.02209815
v 0.02379817 0.01220401 0.02233629
v 0.02245784 0.01265405 0.02290310
v 0.02017251 0.01384642 0.02147466
v 0.02036788 0.01380499 0.02210726
v 0.02077200 0.01341211 0.02287990
v 0.02534657 0.01136971 0.02224401
v 0.02530310 0.01137580 0.02279826
v 0.02679214 0.01044139 0.02305405
v 0.02406472 0.01186894 0.02314098
v 0.02545509 0.01111772 0.02353357
v 0.02661167 0.01052750 0.02352560
v 0.02536652 0.01121671 0.02177969
v 0.02529313 0.01095236 0.02138117
v 0.02684860 0.01027673 0.02260796
v 0.02674489 0.01003668 0.02219397
v 0.01072804 0.00305392 0.03785740
v 0.01092493 0.00152924 0.03793296
v 0.01158588 0.00297519 0.03691437
v 0.01172401 0.00147812 0.03704122
v 0.01240527 0.00286126 0.03593371
v 0.01099477 -0.00000057 0.03795262
v 0.01177862 -0.00000057 0.03707515
v 0.01250088 0.00140751 0.03610013
v 0.01138996 0.00450900 0.03666961
v 0.01041673 0.00456833 0.03770934
v 0.01108410 0.00600780 0.03638636
v 0.01227804 0.00440638 0.03561134
v 0.00990945 0.00313254 0.03869809
v 0.00938962 0.00472036 0.03864219
v 0.00925810 0.00317832 0.03937629
v 0.01004585 0.00601695 0.03747619
v 0.00884591 0.00622228 0.03845445
v 0.00854084 0.00482995 0.03939780
v 0.01019351 0.00156173 0.03872229
v 0.01027659 -0.00000057 0.03872647
v 0.00961962 0.00157644 0.03935614
v 0.00971144 -0.00000057 0.03934639
v -0.02112071 0.00649875 0.03348463
v -0.01894465 0.00929561 0.03374175
v -0.01958381 0.01005150 0.03187243
v -0.02199353 0.00700822 0.03148923
v -0.02253649 0.00759887 0.02927956
v -0.01637317 0.01157196 0.03412839
v -0.01669889 0.01254142 0.03237915
v -0.01995004 0.01087669 0.02977471
v -0.02266034 0.00333965 0.03332270
v -0.02365656 0.00359605 0.03124610
v -0.02327105 -0.00000057 0.03326553
v -0.02430687 0.00390353 0.02895449
v -0.02430141 -0.00000057 0.03115953
v -0.02135326 0.00314809 0.03518277
v -0.01996986 0.00608679 0.03524538
v -0.01977037 0.00303515 0.03682469
v -0.02193266 -0.00000057 0.03515352
v -0.02032190 -0.00000057 0.03682443
v -0.01813726 0.00860556 0.03531618
v -0.01852494 0.00584470 0.03677930
v -0.01600422 0.01058587 0.03554570
v -0.01571971 0.00974521 0.03645942
v -0.02252269 0.00889788 0.02436100
v -0.01960788 0.01264854 0.02515369
v -0.02205669 0.00945276 0.02181706
v -0.01901592 0.01340169 0.02275063
v -0.02412025 0.00488164 0.02118621
v -0.02450166 0.00458837 0.02382786
v -0.02490772 -0.00000057 0.02094646
v -0.02428095 -0.00000057 0.01835218
v -0.02269775 0.00825434 0.02687598
v -0.02457622 0.00424832 0.02644951
v -0.02525718 -0.00000057 0.02362615
v -0.02529529 -0.00000057 0.02628941
v -0.01993866 0.01177462 0.02751509
v -0.01682065 0.01352822 0.03040503
v 0.02621730 0.00783073 0.01796721
v 0.02713987 0.00663410 0.01782027
v 0.02598293 0.00719292 0.01759162
v 0.02359199 0.00915847 0.01774989
v 0.02498128 0.00843444 0.01780639
v 0.02470030 0.00787969 0.01742861
v 0.02796011 0.00532862 0.01771076
v 0.02686692 0.00582072 0.01742908
v 0.02567687 0.00643404 0.01717429
v 0.02531170 0.00882395 0.01817526
v 0.02400351 0.00945896 0.01808279
v 0.02456151 0.00952577 0.01847150
v 0.02251711 0.01019047 0.01812145
v 0.02319113 0.01018013 0.01843020
v 0.02636971 0.00826798 0.01837863
v 0.02723879 0.00733669 0.01822666
v 0.02710653 0.00785369 0.01868339
v 0.02567798 0.00890822 0.01861861
v 0.02641290 0.00842016 0.01878774
v 0.02811223 0.00619513 0.01812242
v 0.02798468 0.00696174 0.01858180
v 0.02884109 0.00586793 0.01850607
v 0.02889389 0.00495034 0.01803950
v -0.01480953 0.00595828 0.03921778
v -0.01598507 0.00304049 0.03946200
v -0.01398818 0.00306689 0.04048273
v -0.01274866 0.00605613 0.04017772
v -0.01205880 0.00304786 0.04132173
v -0.01649285 -0.00000057 0.03952723
v -0.01447965 -0.00000057 0.04057725
v -0.01253742 -0.00000057 0.04143853
v -0.01331402 0.00862951 0.03874602
v -0.01099599 0.00888892 0.03964083
v -0.01196731 0.01093430 0.03795897
v -0.01076039 0.00601957 0.04098692
v -0.00877959 0.00883782 0.04044955
v -0.00937125 0.01136745 0.03876303
v -0.01535031 0.00830520 0.03776592
v -0.01676989 0.00584483 0.03809420
v -0.01699477 0.00820191 0.03664212
v -0.01417213 0.01034391 0.03713751
v -0.01794672 0.00301460 0.03824687
v -0.01847444 -0.00000057 0.03827930
v 0.00326867 0.00575776 0.04303497
v 0.00495166 0.00542422 0.04280752
v 0.00507196 0.00599535 0.04212508
v 0.00321089 0.00650347 0.04237352
v 0.00503226 0.00650213 0.04148797
v 0.00637025 0.00477404 0.04261291
v 0.00662698 0.00515712 0.04191457
v 0.00672087 0.00548305 0.04126841
v 0.00150521 0.00574104 0.04326963
v 0.00122892 0.00659197 0.04265705
v -0.00015739 0.00530775 0.04352490
v 0.00299494 0.00719527 0.04175000
v 0.00080389 0.00742416 0.04205472
v -0.00068877 0.00617136 0.04297281
v 0.00173282 0.00492428 0.04380436
v 0.00324102 0.00496780 0.04364266
v 0.00319376 0.00411692 0.04413232
v 0.00036389 0.00454776 0.04397174
v 0.00081969 0.00398849 0.04423761
v 0.00471036 0.00477575 0.04342137
v 0.00595230 0.00431486 0.04323119
v 0.00454676 0.00404132 0.04389938
v 0.00550071 0.00390254 0.04363917
v 0.00857460 0.01486322 0.03088200
v 0.00976911 0.01378419 0.03117337
v 0.00884359 0.01505629 0.03015820
v 0.01028178 0.01373903 0.03057816
v 0.00931423 0.01508107 0.02943394
v 0.01067329 0.01296886 0.03115656
v 0.01085326 0.01298470 0.03090313
v 0.01105629 0.01299537 0.03057805
v 0.01089876 0.01358714 0.02995642
v 0.01132072 0.01297276 0.03025161
v 0.01135337 0.01296383 0.03021995
v 0.01105940 0.01299561 0.03057349
v 0.00716456 0.01584214 0.03075757
v 0.00700051 0.01634604 0.02982037
v 0.00569498 0.01657148 0.03089746
v 0.00722471 0.01660655 0.02887667
v 0.00500218 0.01731619 0.02983207
v 0.00726087 0.01537574 0.03148032
v 0.00835495 0.01460640 0.03154210
v 0.00720906 0.01499025 0.03208465
v 0.00617340 0.01593579 0.03162134
v 0.00646238 0.01546790 0.03204821
v 0.00933195 0.01375132 0.03172665
v 0.01005098 0.01288687 0.03207215
v 0.01015125 0.01292425 0.03189890
v 0.01042506 0.01295132 0.03152953
v 0.00899560 0.01360036 0.03226822
v 0.00957478 0.01303653 0.03237464
v -0.01083361 0.01420517 0.03529095
v -0.00799900 0.01479564 0.03586209
v -0.01046050 0.01541174 0.03364023
v -0.00739208 0.01599984 0.03424781
v -0.01361028 0.01429355 0.03299290
v -0.01364724 0.01316955 0.03467892
v -0.01123819 0.01275278 0.03676889
v -0.01371948 0.01190918 0.03608449
v -0.00851549 0.01329394 0.03743531
v -0.00576557 0.01164174 0.03963109
v -0.05159513 0.00240525 0.00644335
v -0.04970222 0.00255348 0.00660103
v -0.04987575 0.00373862 0.00581842
v -0.05158416 0.00361241 0.00560150
v -0.04992913 0.00490970 0.00446747
v -0.04804239 0.00285820 0.00592780
v -0.04837495 0.00406631 0.00523259
v -0.05345400 0.00240450 0.00532312
v -0.05324955 0.00358253 0.00451061
v -0.05501369 0.00260513 0.00310611
v -0.05462928 0.00379543 0.00246419
v -0.05351644 0.00120687 0.00564910
v -0.05157925 0.00120149 0.00678219
v -0.05351216 -0.00000057 0.00569047
v -0.05515731 0.00132479 0.00337733
v -0.05516892 -0.00000057 0.00342026
v -0.04961712 0.00129483 0.00692892
v -0.04790142 0.00147307 0.00624162
v -0.05156460 -0.00000057 0.00682586
v -0.04959668 -0.00000057 0.00697920
v -0.04787883 -0.00000057 0.00630320
v -0.05652809 0.00369233 -0.00464396
v -0.05586476 0.00532380 -0.00463320
v -0.05665886 0.00441922 -0.00942321
v -0.05584211 0.00650927 -0.00947042
v -0.05704616 0.00223329 -0.00932251
v -0.05682905 0.00188887 -0.00457383
v -0.05713245 -0.00000057 -0.00925880
v -0.05708512 -0.00000057 -0.01389406
v -0.05600904 0.00306102 -0.00034188
v -0.05623048 0.00156908 -0.00018543
v -0.05688894 -0.00000057 -0.00451853
v -0.05626448 -0.00000057 -0.00013746
v -0.05548075 0.00439752 -0.00061937
v -0.04587270 0.00389357 0.00270447
v -0.04568198 0.00200225 0.00306571
v -0.04449534 0.00227219 0.00106470
v -0.04466134 0.00448317 0.00059636
v -0.04566415 -0.00000057 0.00316424
v -0.04448647 -0.00000057 0.00118696
v -0.04280796 -0.00000057 -0.00073840
v -0.04637356 0.00556189 0.00201490
v -0.04512383 0.00657060 -0.00031974
v -0.04733242 0.00470060 0.00391521
v -0.04688280 0.00332840 0.00455528
v -0.04670352 0.00172237 0.00487262
v -0.04668146 -0.00000057 0.00495060
v 0.00659458 0.02641129 -0.01481304
v 0.00729105 0.02741406 -0.01654397
v 0.00438648 0.02785845 -0.01642362
v 0.00375868 0.02676425 -0.01467243
v 0.00129340 0.02823116 -0.01641027
v 0.00794133 0.02836557 -0.01843735
v 0.00498086 0.02889345 -0.01834514
v 0.00181364 0.02934346 -0.01834527
v 0.00595507 0.02542106 -0.01332494
v 0.00320098 0.02567585 -0.01315541
v 0.00074097 0.02705638 -0.01465880
v 0.00024489 0.02589373 -0.01314860
v 0.00830969 0.02514937 -0.01360637
v 0.00909499 0.02600114 -0.01500854
v 0.00780909 0.02435076 -0.01252601
v 0.00987200 0.02690391 -0.01669962
v 0.01056578 0.02777769 -0.01856423
v 0.00881191 0.02987886 -0.02248333
v 0.00906835 0.03035145 -0.02466199
v 0.00603399 0.03102734 -0.02479024
v 0.00578169 0.03053440 -0.02251804
v 0.00275300 0.03159788 -0.02494340
v 0.00922966 0.03057523 -0.02696182
v 0.00621812 0.03122659 -0.02720018
v 0.00844226 0.02920203 -0.02041280
v 0.00543829 0.02980427 -0.02037314
v 0.00251769 0.03109186 -0.02260223
v 0.00221315 0.03031871 -0.02040606
v 0.01110138 0.02854246 -0.02048699
v 0.01149110 0.02916599 -0.02248335
v 0.01174729 0.02961605 -0.02456880
v 0.01188228 0.02986039 -0.02675880
v 0.00780559 0.02839257 -0.03972981
v 0.00520388 0.02855881 -0.04043597
v 0.00571021 0.02905743 -0.03889324
v 0.00836688 0.02886911 -0.03819128
v 0.00612723 0.02956542 -0.03703196
v 0.01003241 0.02811760 -0.03907463
v 0.01066480 0.02857306 -0.03753985
v 0.01184346 0.02766984 -0.03861777
v 0.00884760 0.02932429 -0.03636178
v 0.01120382 0.02898836 -0.03573437
v 0.01256165 0.02811975 -0.03706086
v 0.00937403 0.02760772 -0.04034185
v 0.00726290 0.02785153 -0.04100872
v 0.00895604 0.02698986 -0.04134385
v 0.01102130 0.02719385 -0.03990932
v 0.01029460 0.02680708 -0.04078668
v 0.00471415 0.02801165 -0.04170920
v 0.00688774 0.02719299 -0.04205916
v 0.00434691 0.02735801 -0.04276200
v -0.03293430 0.02776472 -0.02786750
v -0.03310434 0.02793469 -0.02929972
v -0.03595220 0.02640359 -0.02776850
v -0.03610348 0.02657854 -0.02913485
v -0.03316312 0.02791093 -0.03081929
v -0.03614533 0.02660800 -0.03056971
v -0.03858094 0.02537129 -0.03038025
v -0.03569384 0.02610002 -0.02643451
v -0.03266110 0.02742041 -0.02647971
v -0.03533069 0.02568468 -0.02509672
v -0.02954324 0.02906708 -0.02783125
v -0.02926367 0.02866888 -0.02636304
v -0.02595346 0.03018250 -0.02753283
v -0.03229281 0.02692114 -0.02509343
v -0.02889983 0.02807124 -0.02490331
v -0.02568657 0.02971931 -0.02596504
v -0.02972514 0.02924282 -0.02935757
v -0.02979597 0.02917309 -0.03099160
v -0.02613221 0.03038109 -0.02917628
v -0.01871313 0.03151305 -0.02593010
v -0.01882133 0.03181777 -0.02785017
v -0.02233942 0.03098277 -0.02684531
v -0.02249186 0.03122763 -0.02862372
v -0.02211483 0.03044557 -0.02516628
v -0.01855305 0.03090000 -0.02413511
v -0.02183660 0.02964902 -0.02353332
v -0.02534876 0.02901914 -0.02441904
v -0.01508660 0.03181852 -0.02494864
v -0.01500581 0.03113500 -0.02303985
v -0.01147182 0.03194434 -0.02406234
v -0.01835942 0.03001765 -0.02241605
v -0.01491331 0.03018183 -0.02123713
v -0.01147770 0.03120292 -0.02204887
v -0.01513781 0.03218685 -0.02700592
v -0.01145854 0.03237022 -0.02624124
v -0.00433676 0.03179141 -0.02301145
v -0.00419346 0.03228561 -0.02534771
v -0.00788081 0.03193566 -0.02343264
v -0.00780072 0.03240321 -0.02570644
v -0.00797332 0.03115614 -0.02133049
v -0.00451109 0.03099376 -0.02084424
v -0.00809860 0.03012397 -0.01937401
v -0.01149434 0.03019834 -0.02016648
v -0.00086286 0.03151051 -0.02275067
v -0.00110945 0.03071491 -0.02054959
v -0.00473965 0.02995751 -0.01882767
v -0.00143105 0.02969774 -0.01849544
v -0.00066585 0.03201724 -0.02511129
v -0.01795568 0.02766148 -0.01914298
v -0.01815059 0.02890503 -0.02072380
v -0.02122027 0.02746811 -0.02033914
v -0.02152323 0.02862612 -0.02189310
v -0.02457149 0.02706736 -0.02132718
v -0.02495727 0.02810959 -0.02284099
v -0.02097328 0.02626621 -0.01896492
v -0.01780378 0.02638637 -0.01775821
v -0.02082779 0.02511167 -0.01786396
v -0.02425081 0.02596921 -0.01997392
v -0.01475740 0.02770547 -0.01789573
v -0.01471528 0.02638683 -0.01650327
v -0.01160512 0.02765804 -0.01675441
v -0.01772402 0.02517901 -0.01665413
v -0.01471124 0.02515090 -0.01539380
v -0.01168069 0.02632475 -0.01534956
v -0.01482696 0.02900456 -0.01949805
v -0.01153991 0.02898297 -0.01838086
v -0.00537825 0.02745510 -0.01524462
v -0.00504567 0.02874752 -0.01694334
v -0.00847853 0.02757717 -0.01587603
v -0.00827705 0.02889852 -0.01753719
v -0.00867295 0.02625729 -0.01444652
v -0.00568650 0.02617157 -0.01378487
v -0.01175733 0.02508431 -0.01422872
v -0.00271574 0.02605468 -0.01335532
v -0.00230488 0.02728409 -0.01484420
v -0.00185309 0.02852629 -0.01657560
v -0.03135512 0.02555331 -0.02228313
v -0.03430832 0.02460687 -0.02240148
v -0.03367165 0.02401953 -0.02124460
v -0.03090561 0.02475954 -0.02103214
v -0.02802964 0.02640128 -0.02195010
v -0.02766346 0.02543821 -0.02063579
v -0.02743668 0.02446256 -0.01954912
v -0.02846513 0.02729717 -0.02340247
v -0.03183750 0.02628631 -0.02366573
v -0.03486509 0.02517444 -0.02371894
v -0.01783412 0.02326052 -0.01545354
v -0.02093024 0.02322169 -0.01667237
v -0.01795573 0.02253911 -0.01518038
v -0.02108263 0.02249297 -0.01640179
v -0.01807622 0.02196942 -0.01500755
v -0.02123877 0.02191292 -0.01622809
v -0.01483100 0.02322342 -0.01415966
v -0.01491810 0.02251076 -0.01386809
v -0.01499888 0.02195142 -0.01368227
v -0.01475593 0.02409994 -0.01464041
v -0.01774551 0.02413878 -0.01591535
v -0.02082937 0.02409571 -0.01712976
v -0.03160352 0.02005459 -0.04461969
v -0.03459543 0.01940339 -0.04347944
v -0.03444749 0.01984270 -0.04327594
v -0.03147637 0.02049881 -0.04442433
v -0.03430587 0.02032873 -0.04301884
v -0.03710008 0.01902633 -0.04226297
v -0.03693062 0.01946290 -0.04205804
v -0.03675773 0.01995127 -0.04180628
v -0.02829755 0.02084508 -0.04560879
v -0.02819085 0.02129515 -0.04542365
v -0.02485067 0.02164000 -0.04637181
v -0.03136890 0.02098146 -0.04416666
v -0.02811672 0.02177422 -0.04516726
v -0.02476447 0.02209563 -0.04619434
v -0.02847564 0.02024683 -0.04579194
v -0.03179382 0.01947512 -0.04483045
v -0.02501193 0.02102459 -0.04653300
v -0.03479950 0.01884050 -0.04371480
v -0.03732570 0.01847403 -0.04251121
v -0.01805225 0.02283850 -0.04706376
v -0.02143609 0.02230451 -0.04683383
v -0.02137083 0.02276418 -0.04665682
v -0.01800842 0.02330089 -0.04688296
v -0.02471927 0.02257174 -0.04593814
v -0.01469763 0.02324187 -0.04713052
v -0.01467575 0.02370587 -0.04694464
v -0.01137069 0.02351454 -0.04710301
v -0.01137131 0.02397923 -0.04691373
v -0.01475297 0.02260352 -0.04729145
v -0.01814972 0.02220401 -0.04721896
v -0.01138029 0.02287479 -0.04726871
v -0.02156967 0.02167734 -0.04698741
v -0.00480089 0.02367529 -0.04693180
v -0.00806989 0.02365642 -0.04705014
v -0.00484898 0.02414030 -0.04674702
v -0.00809360 0.02412106 -0.04686208
v -0.00164381 0.02404586 -0.04652584
v -0.00156938 0.02357895 -0.04670786
v 0.00151555 0.02384667 -0.04615584
v 0.00143725 0.02433952 -0.04589242
v -0.00471694 0.02303655 -0.04709276
v -0.00144071 0.02294140 -0.04686728
v 0.00161898 0.02337522 -0.04633821
v 0.00178894 0.02273845 -0.04650195
v -0.00803254 0.02301675 -0.04721452
v -0.00797188 0.02201715 -0.04741651
v 0.00774024 0.02277692 -0.04501820
v 0.00475853 0.02307187 -0.04578272
v 0.00756918 0.02326605 -0.04482169
v 0.00462273 0.02355166 -0.04559433
v 0.00740410 0.02379814 -0.04455489
v 0.00450496 0.02406342 -0.04532893
v 0.01024634 0.02309509 -0.04381827
v 0.01045510 0.02259839 -0.04402146
v 0.01254566 0.02314401 -0.04256444
v 0.01003016 0.02364260 -0.04355529
v 0.01227865 0.02369569 -0.04231510
v 0.00798142 0.02213878 -0.04521595
v 0.01073330 0.02195821 -0.04424054
v 0.01279408 0.02264429 -0.04276933
v 0.01311497 0.02200126 -0.04300705
v 0.00496481 0.02243488 -0.04596062
v 0.00640789 0.02111902 -0.00986203
v 0.00629589 0.02146850 -0.01004134
v 0.00338307 0.02124360 -0.00955664
v 0.00329655 0.02158516 -0.00974293
v 0.00025647 0.02135504 -0.00953910
v 0.00019661 0.02169817 -0.00973266
v 0.00347091 0.02078684 -0.00928700
v 0.00653461 0.02064876 -0.00960079
v 0.00030192 0.02089446 -0.00925701
v 0.00920011 0.02108806 -0.01048441
v 0.00936678 0.02059349 -0.01022922
v 0.01162892 0.02125746 -0.01145291
v 0.01184116 0.02073428 -0.01120307
v 0.00906148 0.02145079 -0.01065673
v 0.01146016 0.02163465 -0.01161800
v -0.03170808 0.01992589 -0.01726630
v -0.03150972 0.02036418 -0.01765428
v -0.03463539 0.01991269 -0.01792926
v -0.03485865 0.01948256 -0.01751061
v -0.03727989 0.01963944 -0.01851103
v -0.03201994 0.01932502 -0.01658988
v -0.03521179 0.01890814 -0.01679142
v -0.03753602 0.01921524 -0.01808265
v -0.03794631 0.01865775 -0.01734764
v -0.02857356 0.01978735 -0.01645970
v -0.02829163 0.02041691 -0.01707816
v -0.02507550 0.02017414 -0.01611757
v -0.02811340 0.02086359 -0.01742521
v -0.02481662 0.02082730 -0.01667468
v -0.02465695 0.02128059 -0.01698116
v -0.01827873 0.02109219 -0.01459073
v -0.01816148 0.02154632 -0.01484672
v -0.02135089 0.02148487 -0.01606127
v -0.02149036 0.02102872 -0.01578430
v -0.01849520 0.02042943 -0.01413243
v -0.02172856 0.02036436 -0.01528016
v -0.01533787 0.02044076 -0.01285929
v -0.01514762 0.02108871 -0.01327765
v -0.01221901 0.02046975 -0.01164567
v -0.01505501 0.02153483 -0.01351871
v -0.01206291 0.02108930 -0.01202877
v -0.01199774 0.02152033 -0.01225846
v -0.00591997 0.02126699 -0.01027736
v -0.00591763 0.02164865 -0.01048735
v -0.00899046 0.02116498 -0.01102778
v -0.00895595 0.02157269 -0.01124714
v -0.00597859 0.02073675 -0.00995390
v -0.00910108 0.02058781 -0.01067649
v -0.00284110 0.02134659 -0.00978023
v -0.00284609 0.02085837 -0.00948002
v -0.00287078 0.02170490 -0.00998167
v 0.01608645 0.02361141 -0.03948392
v 0.01464817 0.02302264 -0.04123862
v 0.01435858 0.02351806 -0.04104057
v 0.01575664 0.02409744 -0.03929934
v 0.01404508 0.02405632 -0.04081930
v 0.01717801 0.02428858 -0.03755986
v 0.01681141 0.02476240 -0.03739342
v 0.01799195 0.02493212 -0.03552103
v 0.01540237 0.02461043 -0.03911382
v 0.01642343 0.02524397 -0.03724455
v 0.01759445 0.02539314 -0.03537547
v 0.01766207 0.02363475 -0.03780465
v 0.01651532 0.02296096 -0.03973640
v 0.01852525 0.02427590 -0.03574557
v 0.01502097 0.02237599 -0.04148810
v 0.01899604 0.02574246 -0.03127772
v 0.01859733 0.02542002 -0.03342206
v 0.01817732 0.02586990 -0.03329817
v 0.01856237 0.02618285 -0.03117762
v 0.01718119 0.02584289 -0.03525743
v 0.01918998 0.02588964 -0.02910280
v 0.01875199 0.02632215 -0.02902989
v 0.01918100 0.02585174 -0.02691207
v 0.01874853 0.02627796 -0.02687109
v 0.01979961 0.02523575 -0.02919228
v 0.01959352 0.02508618 -0.03142145
v 0.01978767 0.02520190 -0.02694226
v 0.02073365 0.02415565 -0.02697004
v 0.01916889 0.02476297 -0.03361186
v 0.01856762 0.02521424 -0.02254573
v 0.01897099 0.02561895 -0.02472032
v 0.01817543 0.02563195 -0.02258277
v 0.01855438 0.02604048 -0.02471729
v 0.01761759 0.02507466 -0.02048179
v 0.01797852 0.02466058 -0.02040644
v 0.01688676 0.02439089 -0.01842859
v 0.01912128 0.02457804 -0.02245568
v 0.01848703 0.02403498 -0.02026341
v 0.01721135 0.02398093 -0.01832062
v 0.01766556 0.02336914 -0.01813468
v 0.01955819 0.02497483 -0.02468935
v 0.01508478 0.02241509 -0.01443984
v 0.01627375 0.02319825 -0.01630646
v 0.01484059 0.02281280 -0.01458652
v 0.01598884 0.02360290 -0.01643744
v 0.01335879 0.02212268 -0.01295398
v 0.01356349 0.02173399 -0.01279669
v 0.01312118 0.02250019 -0.01308737
v 0.01541452 0.02184170 -0.01420692
v 0.01383150 0.02118441 -0.01255320
v 0.01666697 0.02260400 -0.01609163
v -0.04096871 0.01950598 -0.02084046
v -0.03953288 0.01925228 -0.01925395
v -0.03923271 0.01967475 -0.01966044
v -0.04062087 0.01992905 -0.02120157
v -0.04196301 0.01988866 -0.02265813
v -0.04157140 0.02031279 -0.02295845
v -0.04263528 0.02031265 -0.02452293
v -0.04221133 0.02073642 -0.02475512
v -0.04260890 0.01930709 -0.02207700
v -0.04153986 0.01893833 -0.02018226
v -0.04333280 0.01972002 -0.02403429
v -0.04002066 0.01869485 -0.01854186
v -0.04338681 0.02099704 -0.02788129
v -0.04310500 0.02069026 -0.02625078
v -0.04266768 0.02111036 -0.02641563
v -0.04295170 0.02141237 -0.02798209
v -0.04349537 0.02120852 -0.02945403
v -0.04307466 0.02162018 -0.02949660
v -0.04269700 0.02211935 -0.03090033
v -0.04415753 0.02062570 -0.02926622
v -0.04408363 0.02040720 -0.02759494
v -0.04381654 0.02009602 -0.02586229
v -0.03896627 0.02183811 -0.03871553
v -0.03803337 0.02274732 -0.03851910
v -0.03780629 0.02152921 -0.03986119
v -0.03703050 0.02241422 -0.03960313
v -0.03615566 0.02148961 -0.04099399
v -0.03655649 0.02365760 -0.03861711
v -0.03576156 0.02327352 -0.03964915
v -0.03559219 0.02234670 -0.04063776
v -0.03951753 0.02099822 -0.03905610
v -0.03827678 0.02069075 -0.04023956
v -0.03983064 0.02029920 -0.03940473
v -0.03652179 0.02065898 -0.04141755
v -0.03855455 0.01998433 -0.04061148
v -0.04037591 0.02145253 -0.03783453
v -0.03977172 0.02227912 -0.03752476
v -0.04098374 0.02192483 -0.03654223
v -0.04072028 0.02076716 -0.03815629
v -0.03875438 0.02318342 -0.03736054
v -0.03717060 0.02410194 -0.03747541
v -0.04034206 0.02272986 -0.03625768
v -0.03928058 0.02361904 -0.03610662
v -0.03764715 0.02453688 -0.03621289
v -0.04026543 0.01937341 -0.03980216
v -0.03894428 0.01905826 -0.04104519
v -0.04057233 0.01881646 -0.04001927
v -0.03920546 0.01850675 -0.04128594
v -0.04155988 0.01928098 -0.03869146
v -0.04120092 0.01984597 -0.03850994
v -0.04004907 0.01981263 -0.03962537
v -0.04095817 0.02028650 -0.03835649
v -0.03875218 0.01949548 -0.04085020
v -0.03293998 0.02728374 -0.03416879
v -0.03310257 0.02767406 -0.03246915
v -0.02974235 0.02883486 -0.03278295
v -0.02958894 0.02831589 -0.03463402
v -0.03269263 0.02679963 -0.03583773
v -0.02936045 0.02770394 -0.03644721
v -0.03237780 0.02628140 -0.03739547
v -0.02908159 0.02708676 -0.03812492
v -0.03563816 0.02585249 -0.03524012
v -0.03590325 0.02621241 -0.03368791
v -0.03802947 0.02489274 -0.03481839
v -0.03528961 0.02542789 -0.03670032
v -0.03607545 0.02647510 -0.03210925
v -0.03831454 0.02515807 -0.03334562
v -0.03849937 0.02532141 -0.03184833
v -0.01821964 0.02792535 -0.04210782
v -0.01815160 0.02738775 -0.04323026
v -0.02154525 0.02685073 -0.04304684
v -0.02167872 0.02737824 -0.04194160
v -0.02490662 0.02621644 -0.04261985
v -0.02476251 0.02561021 -0.04354173
v -0.01830713 0.02846864 -0.04073210
v -0.02183741 0.02790679 -0.04060764
v -0.02510143 0.02674300 -0.04153404
v -0.02532886 0.02725894 -0.04024546
v -0.01473172 0.02836109 -0.04210895
v -0.01474244 0.02891750 -0.04069484
v -0.01473667 0.02781052 -0.04324857
v 0.00696674 0.02545711 -0.04359802
v 0.00938712 0.02533658 -0.04265535
v 0.00718086 0.02456517 -0.04414628
v 0.00972966 0.02443519 -0.04315688
v 0.01141944 0.02538659 -0.04151736
v 0.01190198 0.02449457 -0.04194406
v 0.00435281 0.02479632 -0.04491994
v 0.00423194 0.02565396 -0.04436042
v 0.00420808 0.02653999 -0.04364343
v 0.00682902 0.02636395 -0.04291229
v 0.00904483 0.02621048 -0.04208301
v 0.01083486 0.02621766 -0.04110106
v 0.01418647 0.02617285 -0.03862540
v 0.01319786 0.02698523 -0.03850660
v 0.01401515 0.02745958 -0.03687623
v 0.01509609 0.02669316 -0.03690157
v 0.01315423 0.02852201 -0.03525900
v 0.01587526 0.02592110 -0.03705247
v 0.01490014 0.02534174 -0.03885849
v 0.01299007 0.02570133 -0.04016902
v 0.01360060 0.02483149 -0.04050014
v 0.01217848 0.02652359 -0.03991190
v -0.04113639 0.02329408 -0.03344196
v -0.04184259 0.02253485 -0.03368539
v -0.04209207 0.02266860 -0.03219660
v -0.04136156 0.02340910 -0.03197532
v -0.04000965 0.02417689 -0.03329618
v -0.04021269 0.02429639 -0.03183147
v -0.03969898 0.02395065 -0.03473653
v -0.04079675 0.02306792 -0.03488308
v -0.04147289 0.02228627 -0.03514656
v -0.03110796 0.02249308 -0.04325003
v -0.02797836 0.02326291 -0.04423754
v -0.02803635 0.02245948 -0.04477033
v -0.03123759 0.02167623 -0.04376897
v -0.03387831 0.02185643 -0.04214623
v -0.03412073 0.02103177 -0.04262269
v -0.03356483 0.02270732 -0.04164815
v -0.03100552 0.02334196 -0.04262864
v -0.03102714 0.02412838 -0.04188363
v -0.03497957 0.02302326 -0.04042478
v -0.02797135 0.02409648 -0.04357358
v -0.02804393 0.02487216 -0.04278312
v 0.00929544 0.03022134 -0.03184993
v 0.00914855 0.02980131 -0.03420995
v 0.00641314 0.03067890 -0.03233553
v 0.00634904 0.03014070 -0.03480309
v 0.00635700 0.03107566 -0.02975826
v 0.00931392 0.03050559 -0.02939584
v 0.00311896 0.03154833 -0.03009915
v 0.01181266 0.02968823 -0.03140040
v 0.01190839 0.02986678 -0.02906882
v 0.01158212 0.02937776 -0.03365507
v -0.03163196 0.02529103 -0.03995470
v -0.03437337 0.02450072 -0.03915987
v -0.03201279 0.02578871 -0.03876151
v -0.03486702 0.02497118 -0.03800294
v -0.02877703 0.02655210 -0.03956955
v -0.02848025 0.02604285 -0.04080892
v -0.03126968 0.02475782 -0.04099386
v -0.02822473 0.02550191 -0.04187083
v -0.03381162 0.02403487 -0.04018301
v -0.03345203 0.02347122 -0.04102742
v 0.03119437 0.00309088 0.02920436
v 0.03134753 0.00155686 0.02945757
v 0.03117841 0.00151032 0.02898751
v 0.03104666 0.00299539 0.02872643
v 0.03085272 0.00145238 0.02851093
v 0.03138873 -0.00000057 0.02952515
v 0.03121389 -0.00000057 0.02905874
v 0.03088482 -0.00000057 0.02858573
v 0.03089963 0.00457810 0.02871515
v 0.03079328 0.00442885 0.02822808
v 0.03044385 0.00597888 0.02792851
v 0.03073186 0.00288347 0.02824354
v 0.03049766 0.00427085 0.02774056
v 0.03039297 0.00578488 0.02744513
v 0.03081551 0.00470796 0.02919981
v 0.03118117 0.00314911 0.02967259
v 0.03061090 0.00468186 0.02969775
v 0.03026438 0.00618280 0.02840076
v 0.03136519 0.00157747 0.02991487
v 0.03103102 0.00311774 0.03013071
v 0.03123649 0.00155759 0.03035324
v 0.03141180 -0.00000057 0.02997840
v 0.02899151 0.00841241 0.02546917
v 0.02980751 0.00725363 0.02678299
v 0.02982038 0.00703766 0.02633016
v 0.02905350 0.00819723 0.02504467
v 0.02959090 0.00682705 0.02585598
v 0.03012553 0.00559266 0.02695904
v 0.02799674 0.00946531 0.02417764
v 0.02807024 0.00927358 0.02375012
v 0.02886706 0.00797711 0.02458901
v 0.02792729 0.00904596 0.02331579
v 0.02865144 0.00865892 0.02580870
v 0.02770424 0.00964458 0.02455985
v 0.02795276 0.00901428 0.02594252
v 0.02708255 0.00993952 0.02473495
v 0.02952392 0.00750238 0.02717970
v 0.02884547 0.00787183 0.02734144
v 0.03038659 0.00270983 0.03094711
v 0.03055915 0.00138154 0.03110250
v 0.03096654 0.00148270 0.03076652
v 0.03076788 0.00294446 0.03057834
v 0.03059885 -0.00000057 0.03114944
v 0.03101249 -0.00000057 0.03081925
v 0.03128556 -0.00000057 0.03041194
v 0.03002774 0.00393045 0.03066863
v 0.03035582 0.00436323 0.03022470
v 0.02960413 0.00356196 0.03091754
v 0.02988193 0.00249439 0.03116858
v 0.02905350 0.00335174 0.03095217
v 0.02882877 0.00403239 0.03068357
v 0.03001814 0.00128289 0.03130910
v 0.02924647 0.00235761 0.03119757
v 0.02934732 0.00121551 0.03133414
v 0.03005084 -0.00000057 0.03135171
v 0.02895799 0.00267833 0.01753922
v 0.02917981 0.00134067 0.01748895
v 0.02810499 0.00148246 0.01718344
v 0.02789266 0.00295441 0.01722877
v 0.02700476 0.00166242 0.01685228
v 0.02924638 -0.00000057 0.01747023
v 0.02816401 -0.00000057 0.01716958
v 0.02706331 -0.00000057 0.01684100
v 0.02855878 0.00400884 0.01761514
v 0.02749174 0.00440419 0.01730939
v 0.02678414 0.00330368 0.01690139
v 0.02635650 0.00490146 0.01700365
v 0.02948764 0.00370931 0.01795142
v 0.02990148 0.00247111 0.01787147
v 0.03020833 0.00349949 0.01834884
v 0.02960567 0.00467845 0.01843536
v 0.03014338 0.00123480 0.01781288
v 0.03064458 0.00232842 0.01826427
v 0.03090992 0.00116261 0.01819934
v 0.03022135 -0.00000057 0.01778894
v 0.02539401 0.01019510 0.02540139
v 0.02464493 0.01115882 0.02419876
v 0.02384591 0.01084236 0.02506696
v 0.02307665 0.01187937 0.02392837
v 0.02229733 0.01144987 0.02485206
v 0.02145768 0.01257548 0.02382195
v 0.02463856 0.00968268 0.02621182
v 0.02616716 0.00909923 0.02664060
v 0.02316334 0.01019004 0.02588886
v 0.02392814 0.00895077 0.02685105
v 0.02681496 0.00955604 0.02575001
v 0.02764801 0.00844986 0.02708945
v 0.02602150 0.01047823 0.02454110
v 0.02639650 0.01053782 0.02391969
v 0.02757928 0.00243901 0.03064108
v 0.02748375 0.00356055 0.03040927
v 0.02658447 0.00253854 0.03025283
v 0.02647892 0.00372444 0.03000848
v 0.02552045 0.00262113 0.02992995
v 0.02539160 0.00384973 0.02966803
v 0.02666062 0.00128571 0.03040506
v 0.02764815 0.00123887 0.03078264
v 0.02669135 -0.00000057 0.03045813
v 0.02560835 0.00132673 0.03009222
v 0.02564206 -0.00000057 0.03014843
v 0.02847276 0.00235892 0.03098887
v 0.02855052 0.00120815 0.03112550
v 0.02767593 -0.00000057 0.03083086
v 0.02857674 -0.00000057 0.03116906
v 0.02834433 0.00339379 0.03075330
v 0.01590329 0.00727383 0.02936857
v 0.01584718 0.00884395 0.02848347
v 0.01555564 0.00895180 0.02871806
v 0.01559590 0.00737359 0.02962841
v 0.01515534 0.00913659 0.02907610
v 0.01545689 0.01040106 0.02773833
v 0.01499563 0.00985951 0.02868101
v 0.01507358 0.00967033 0.02873823
v 0.01507692 0.00951411 0.02886343
v 0.01475911 0.01071590 0.02827341
v 0.01507816 0.00944422 0.02891975
v 0.01517275 0.01051947 0.02794709
v 0.01576591 0.00575271 0.03026094
v 0.01543939 0.00584433 0.03054447
v 0.01557571 0.00434258 0.03102794
v 0.01519801 0.00755147 0.03001620
v 0.01503808 0.00601421 0.03095951
v 0.01523198 0.00442349 0.03133252
v 0.01603420 0.00571613 0.03007486
v 0.01614455 0.00722859 0.02920233
v 0.01626082 0.00571137 0.02995227
v 0.01586771 0.00431418 0.03082435
v 0.01611791 0.00431672 0.03068804
v 0.01606284 0.00878964 0.02833798
v 0.01565314 0.01033736 0.02761305
v 0.01634407 0.00721425 0.02909540
v 0.01623554 0.00876545 0.02824714
v 0.01580313 0.01030502 0.02753719
v 0.01054823 0.01628656 0.02364807
v 0.01081669 0.01631532 0.02216835
v 0.01019859 0.01656883 0.02360277
v 0.01047360 0.01661798 0.02206465
v 0.00963970 0.01703032 0.02354318
v 0.01155430 0.01603960 0.02054999
v 0.01122619 0.01634045 0.02040124
v 0.01070886 0.01683291 0.02017317
v 0.01037546 0.01620505 0.02493121
v 0.01072364 0.01595610 0.02491368
v 0.01097849 0.01553871 0.02596557
v 0.00981509 0.01661142 0.02497154
v 0.01043136 0.01588391 0.02609749
v 0.01075357 0.01613483 0.02367953
v 0.01092648 0.01582310 0.02490837
v 0.01087958 0.01606498 0.02369765
v 0.01131767 0.01532675 0.02588977
v 0.01151546 0.01521371 0.02584997
v 0.01105083 0.01576456 0.02490464
v 0.01102061 0.01615136 0.02223356
v 0.01114712 0.01607220 0.02227183
v 0.01175145 0.01587513 0.02064053
v 0.01429816 0.01451100 0.01723048
v 0.01587545 0.01314748 0.01574303
v 0.01562634 0.01330210 0.01556673
v 0.01402191 0.01472584 0.01705208
v 0.01522676 0.01355381 0.01528018
v 0.01730367 0.01131072 0.01451292
v 0.01707600 0.01140965 0.01434116
v 0.01670653 0.01156985 0.01405746
v 0.01278628 0.01545660 0.01886841
v 0.01248208 0.01572418 0.01869700
v 0.01358334 0.01507666 0.01676734
v 0.01200209 0.01616186 0.01842851
v 0.01296996 0.01530859 0.01897056
v 0.01446496 0.01439017 0.01733472
v 0.01308840 0.01522963 0.01903125
v 0.01187591 0.01579185 0.02069407
v 0.01602527 0.01305829 0.01584412
v 0.01457521 0.01432136 0.01739701
v 0.01612701 0.01300288 0.01590499
v 0.01743973 0.01125139 0.01460982
v 0.01909541 0.00618364 0.01309416
v 0.01951087 0.00315761 0.01280333
v 0.01929726 0.00317202 0.01262712
v 0.01888224 0.00621659 0.01292064
v 0.01894530 0.00319491 0.01233158
v 0.01964070 -0.00000057 0.01272342
v 0.01942587 -0.00000057 0.01254570
v 0.01907180 -0.00000057 0.01224771
v 0.01836833 0.00894539 0.01364699
v 0.01815157 0.00900514 0.01347555
v 0.01853167 0.00626924 0.01262996
v 0.01779679 0.00910128 0.01318964
v 0.01849715 0.00890791 0.01374293
v 0.01922156 0.00616200 0.01319105
v 0.01858808 0.00887859 0.01380225
v 0.01753442 0.01121001 0.01466884
v 0.01963697 0.00314779 0.01290183
v 0.01976744 -0.00000057 0.01282289
v 0.01931106 0.00614327 0.01325183
v 0.01972641 0.00313867 0.01296426
v 0.01985716 -0.00000057 0.01288617
v 0.01346877 0.01323501 0.02690643
v 0.01230506 0.01440130 0.02650090
v 0.01316368 0.01338962 0.02706169
v 0.01198198 0.01458186 0.02662143
v 0.01268325 0.01364062 0.02731475
v 0.01146417 0.01487517 0.02682252
v 0.01430135 0.01201711 0.02744928
v 0.01459173 0.01188318 0.02726576
v 0.01385832 0.01223572 0.02774236
v 0.01365601 0.01315087 0.02681817
v 0.01477952 0.01180984 0.02715878
v 0.01378286 0.01311124 0.02676615
v 0.01491475 0.01177303 0.02709523
v 0.01249665 0.01430423 0.02643425
v 0.01261993 0.01426140 0.02639477
v 0.01163842 0.01516525 0.02582597
v 0.01543327 0.00199802 0.03183712
v 0.01547338 0.00310543 0.03153690
v 0.01511954 0.00317055 0.03185883
v 0.01507457 0.00204355 0.03217212
v 0.01471439 0.00329791 0.03231900
v 0.01482654 0.00457847 0.03177183
v 0.01542972 0.00097710 0.03197782
v 0.01506959 0.00100050 0.03232111
v 0.01507710 -0.00000057 0.03235453
v 0.01467214 0.00213376 0.03264862
v 0.01467037 0.00104719 0.03280827
v 0.01467960 -0.00000057 0.03284563
v 0.01575067 0.00097036 0.03174447
v 0.01575001 0.00198439 0.03160979
v 0.01603230 0.00097364 0.03158711
v 0.01543710 -0.00000057 0.03200829
v 0.01575891 -0.00000057 0.03177292
v 0.01604186 -0.00000057 0.03161434
v 0.01578100 0.00308463 0.03131955
v 0.01602654 0.00198990 0.03145638
v 0.01604744 0.00309024 0.03117305
v 0.02261513 0.00720020 0.02793336
v 0.02221850 0.00830173 0.02724092
v 0.02161407 0.00724889 0.02792352
v 0.02123851 0.00842054 0.02721391
v 0.02065672 0.00726333 0.02800623
v 0.02159139 0.00952721 0.02651113
v 0.02059636 0.00972076 0.02651893
v 0.02031634 0.00850470 0.02727718
v 0.02181474 0.00613832 0.02859223
v 0.02285588 0.00614769 0.02855857
v 0.02193223 0.00502136 0.02916451
v 0.02080703 0.00609099 0.02871603
v 0.02367903 0.00709761 0.02805929
v 0.02393683 0.00610046 0.02864235
v 0.02301535 0.00506929 0.02908668
v 0.02411821 0.00506074 0.02912578
v 0.02328436 0.00812993 0.02738109
v 0.02269236 0.00927519 0.02661229
v 0.01676786 0.01512234 0.02213405
v 0.01670398 0.01484278 0.02146177
v 0.01527680 0.01526734 0.02175568
v 0.01529579 0.01558350 0.02258045
v 0.01411097 0.01557777 0.02200280
v 0.01680696 0.01435572 0.02085909
v 0.01549916 0.01471436 0.02101119
v 0.01469763 0.01480140 0.02079887
v 0.01560605 0.01554876 0.02335716
v 0.01705554 0.01508889 0.02283719
v 0.01624227 0.01507522 0.02407100
v 0.01405982 0.01590601 0.02298704
v 0.01437049 0.01585674 0.02384660
v 0.01505519 0.01535657 0.02456540
v 0.01841646 0.01453530 0.02173075
v 0.01866185 0.01450001 0.02238708
v 0.01762014 0.01464349 0.02356071
v 0.01914475 0.01408219 0.02313140
v 0.01834471 0.01428719 0.02115465
v 0.01838273 0.01385481 0.02065091
v 0.02061318 0.01092926 0.01792570
v 0.02200281 0.00958115 0.01724525
v 0.02072401 0.01043539 0.01716404
v 0.01917507 0.01183598 0.01807583
v 0.01958255 0.01118502 0.01704921
v 0.02324035 0.00797425 0.01667778
v 0.02208673 0.00875631 0.01642155
v 0.02103812 0.00944980 0.01615034
v 0.01927917 0.01196606 0.01863382
v 0.01763492 0.01295160 0.01906971
v 0.01827258 0.01258610 0.01922701
v 0.01791671 0.01262284 0.01816969
v 0.01622364 0.01380048 0.01942816
v 0.01655475 0.01356403 0.01982916
v 0.02092445 0.01103592 0.01831142
v 0.02211072 0.01001341 0.01780336
v 0.01998464 0.01169723 0.01879248
v 0.02164084 0.01089578 0.01852659
v 0.02335092 0.00870251 0.01732329
v 0.02445254 0.00717602 0.01692627
v 0.02468368 0.00419313 0.01609698
v 0.02498489 0.00212207 0.01600252
v 0.02406415 0.00235869 0.01552729
v 0.02371274 0.00464994 0.01565465
v 0.02320214 0.00257115 0.01504738
v 0.02506939 -0.00000057 0.01598456
v 0.02416659 -0.00000057 0.01550199
v 0.02332021 -0.00000057 0.01501336
v 0.02411807 0.00616105 0.01630855
v 0.02306829 0.00680515 0.01593558
v 0.02280863 0.00505921 0.01520870
v 0.02210039 0.00737998 0.01555658
v 0.02522304 0.00550679 0.01666730
v 0.02571098 0.00373048 0.01651836
v 0.02596491 0.00188280 0.01645141
v 0.02603337 -0.00000057 0.01643845
v 0.01958077 0.01239738 0.02503340
v 0.01851482 0.01368717 0.02429425
v 0.01841694 0.01272865 0.02530250
v 0.01723915 0.01407495 0.02470713
v 0.01738552 0.01295911 0.02560580
v 0.01612613 0.01433215 0.02512727
v 0.01959593 0.01121703 0.02589412
v 0.02065922 0.01095158 0.02577383
v 0.01863556 0.01141309 0.02607457
v 0.01967842 0.00986974 0.02660717
v 0.02087492 0.01196966 0.02486206
v 0.02184263 0.01061113 0.02575746
v 0.01992903 0.01318271 0.02397155
v 0.02329801 0.00263519 0.02976739
v 0.02316810 0.00389005 0.02948782
v 0.02217329 0.00258428 0.02986716
v 0.02205824 0.00383052 0.02958485
v 0.02096717 0.00373485 0.02976451
v 0.02087470 0.00493304 0.02932823
v 0.02225791 0.00130109 0.03002540
v 0.02338888 0.00132991 0.02993079
v 0.02229260 -0.00000057 0.03007350
v 0.02106205 0.00250648 0.03004728
v 0.02113689 0.00125798 0.03019900
v 0.02116931 -0.00000057 0.03024210
v 0.02441935 0.00265041 0.02977822
v 0.02451174 0.00133996 0.02994360
v 0.02342457 -0.00000057 0.02998346
v 0.02454709 -0.00000057 0.02999933
v 0.02428361 0.00390070 0.02950502
v 0.01885590 0.00725318 0.02834840
v 0.01859759 0.00862592 0.02757707
v 0.01809260 0.00723818 0.02854698
v 0.01787368 0.00866664 0.02775607
v 0.01728850 0.00869654 0.02791600
v 0.01801639 0.01007972 0.02691494
v 0.01733054 0.01014850 0.02708600
v 0.01891447 0.00594808 0.02912204
v 0.01811314 0.00587205 0.02934378
v 0.01889648 0.00469717 0.02979098
v 0.01747416 0.00722293 0.02872327
v 0.01746413 0.00580599 0.02953775
v 0.01806115 0.00457719 0.03003152
v 0.01982635 0.00602431 0.02890270
v 0.01972397 0.00726316 0.02815801
v 0.01984855 0.00482038 0.02954680
v 0.01942392 0.00857255 0.02740784
v 0.01880873 0.00998810 0.02674725
v 0.01242090 0.01613489 0.02345555
v 0.01262700 0.01591744 0.02226570
v 0.01214932 0.01596782 0.02230117
v 0.01191022 0.01611749 0.02356442
v 0.01179900 0.01597841 0.02230546
v 0.01334678 0.01539711 0.02092101
v 0.01288154 0.01552391 0.02088239
v 0.01252940 0.01559790 0.02082894
v 0.01267357 0.01599864 0.02445688
v 0.01213457 0.01593307 0.02462619
v 0.01279267 0.01537469 0.02544048
v 0.01154794 0.01606948 0.02362595
v 0.01175009 0.01584350 0.02473732
v 0.01237935 0.01527291 0.02558640
v 0.01340593 0.01598994 0.02420510
v 0.01311948 0.01607710 0.02327090
v 0.01335801 0.01545606 0.02523306
v 0.01410297 0.01546677 0.02494706
v 0.01325430 0.01579094 0.02216951
v 0.01393277 0.01518695 0.02091421
v 0.01623692 0.01355963 0.01799259
v 0.01789684 0.01216109 0.01665765
v 0.01731472 0.01245030 0.01644129
v 0.01568929 0.01381910 0.01783435
v 0.01688117 0.01264877 0.01625149
v 0.01939191 0.01037908 0.01556364
v 0.01878776 0.01066532 0.01529300
v 0.01832519 0.01086624 0.01506739
v 0.01463516 0.01462474 0.01945517
v 0.01413654 0.01482565 0.01935408
v 0.01528851 0.01399217 0.01768464
v 0.01376524 0.01495551 0.01924958
v 0.01527729 0.01432060 0.01951826
v 0.01695835 0.01317914 0.01812315
v 0.01864647 0.01174979 0.01687035
v 0.02014094 0.00998231 0.01585690
v 0.02124975 0.00562280 0.01437576
v 0.02167510 0.00286531 0.01415690
v 0.02105494 0.00295973 0.01378300
v 0.02062969 0.00580250 0.01402442
v 0.02056027 0.00302752 0.01348105
v 0.02180645 -0.00000057 0.01410479
v 0.02118730 -0.00000057 0.01372271
v 0.02069211 -0.00000057 0.01341400
v 0.02049912 0.00816352 0.01482384
v 0.01988335 0.00841020 0.01450757
v 0.02013899 0.00593106 0.01374024
v 0.01940256 0.00858549 0.01424966
v 0.02124107 0.00782644 0.01517977
v 0.02198185 0.00537927 0.01477645
v 0.02239831 0.00273790 0.01458448
v 0.02252546 -0.00000057 0.01454132
v 0.01572849 0.01313237 0.02611962
v 0.01444721 0.01445452 0.02574748
v 0.01510759 0.01313098 0.02632093
v 0.01385486 0.01440247 0.02596128
v 0.01462823 0.01310811 0.02647900
v 0.01340960 0.01433012 0.02612002
v 0.01633733 0.01167480 0.02665173
v 0.01698912 0.01162799 0.02646894
v 0.01582266 0.01169986 0.02680414
v 0.01678028 0.01019834 0.02723622
v 0.01648859 0.01308438 0.02587971
v 0.01776091 0.01154541 0.02627137
v 0.01519990 0.01444488 0.02547177
v 0.01897636 0.00230752 0.03052949
v 0.01892510 0.00348705 0.03024832
v 0.01806248 0.00336256 0.03049525
v 0.01809363 0.00220809 0.03077500
v 0.01736441 0.00325609 0.03070735
v 0.01738526 0.00447422 0.03023919
v 0.01902628 0.00114838 0.03066986
v 0.01813112 0.00109373 0.03091083
v 0.01905091 -0.00000057 0.03070485
v 0.01737880 0.00212318 0.03098578
v 0.01740566 0.00104710 0.03111799
v 0.01815144 -0.00000057 0.03094276
v 0.02004394 0.00120510 0.03042321
v 0.01998111 0.00241060 0.03027749
v 0.02007281 -0.00000057 0.03046191
v 0.01990806 0.00361575 0.02999520
v -0.00746976 0.00528941 0.04222091
v -0.00563161 0.00739444 0.04179547
v -0.00704814 0.00823061 0.04117141
v -0.00901784 0.00572977 0.04165821
v -0.00331769 0.00873458 0.04137171
v -0.00449794 0.00982650 0.04072175
v -0.00868996 0.00275241 0.04253718
v -0.01029971 0.00293746 0.04199169
v -0.00914557 -0.00000057 0.04266799
v -0.01076868 -0.00000057 0.04212010
v -0.00720863 0.00250943 0.04300272
v -0.00606491 0.00480119 0.04270424
v -0.00583480 0.00222523 0.04343295
v -0.00764018 -0.00000057 0.04312820
v -0.00622464 -0.00000057 0.04354676
v -0.00435994 0.00665648 0.04231076
v -0.00480116 0.00426582 0.04315912
v -0.00325958 0.00593597 0.04279302
v -0.00224464 0.00785707 0.04190027
v 0.00794068 0.00268903 0.04238462
v 0.00824908 0.00138282 0.04232190
v 0.00834524 0.00281891 0.04161926
v 0.00867238 0.00143925 0.04154122
v 0.00856182 0.00292888 0.04095979
v 0.00833034 -0.00000057 0.04229790
v 0.00875411 -0.00000057 0.04151407
v 0.00890364 0.00148761 0.04087804
v 0.00769075 0.00407825 0.04174482
v 0.00734049 0.00384088 0.04247679
v 0.00786581 0.00427633 0.04109113
v 0.00728079 0.00253647 0.04314766
v 0.00677833 0.00355183 0.04316279
v 0.00628500 0.00238614 0.04381735
v 0.00591459 0.00330950 0.04374715
v 0.00755206 0.00131858 0.04311732
v 0.00762989 -0.00000057 0.04309833
v 0.00649960 0.00124678 0.04382470
v 0.00656794 -0.00000057 0.04381266
v 0.00203864 0.00842504 0.04081958
v 0.00453664 0.00738262 0.04060630
v 0.00444232 0.00779859 0.04019144
v 0.00163467 0.00903675 0.04036852
v 0.00449972 0.00831644 0.03971196
v 0.00658278 0.00604436 0.04042534
v 0.00668583 0.00632762 0.04001999
v -0.00067021 0.00897690 0.04106058
v -0.00147454 0.00990397 0.04049970
v 0.00158667 0.00964224 0.03986171
v -0.00163991 0.01076626 0.03987576
v 0.00013006 0.00818472 0.04155074
v 0.00254813 0.00782350 0.04125607
v -0.00134594 0.00705049 0.04240232
v 0.00479355 0.00695751 0.04101010
v 0.00665030 0.00577082 0.04080674
v 0.00321921 0.00218525 0.04460583
v 0.00149971 0.00217146 0.04472947
v 0.00325432 0.00111029 0.04467197
v 0.00140354 0.00110369 0.04482181
v 0.00327404 -0.00000057 0.04468005
v -0.00011069 0.00229625 0.04467506
v -0.00037130 0.00117692 0.04479579
v 0.00137985 -0.00000057 0.04484353
v 0.00487272 0.00226293 0.04430259
v 0.00501001 0.00116767 0.04434125
v 0.00505969 -0.00000057 0.04433816
v 0.00465959 0.00321227 0.04417419
v 0.00319276 0.00318843 0.04443967
v 0.00169349 0.00316627 0.04453927
v 0.00034047 0.00329925 0.04446533
v 0.00182462 0.00408493 0.04423598
v -0.00258888 0.00311904 0.04408270
v -0.00153781 0.00439157 0.04381412
v -0.00235700 0.00515215 0.04331795
v -0.00367639 0.00368399 0.04363647
v -0.00326345 0.00161669 0.04427605
v -0.00454753 0.00191654 0.04387240
v -0.00350660 -0.00000057 0.04435391
v -0.00487105 -0.00000057 0.04396969
v -0.00189916 0.00135904 0.04459885
v -0.00143694 0.00263429 0.04444419
v -0.00205851 -0.00000057 0.04465633
v -0.00045396 -0.00000057 0.04483389
v -0.00068764 0.00374081 0.04421009
v 0.00873660 0.00309810 0.04017455
v 0.00912458 0.00155725 0.04010535
v 0.00890193 0.00315857 0.03983182
v 0.00929312 0.00157423 0.03978143
v 0.00921542 -0.00000057 0.04008016
v 0.00938667 -0.00000057 0.03976211
v 0.00793605 0.00460500 0.04028131
v 0.00810260 0.00476199 0.03990573
v 0.00721599 0.00671499 0.03939695
v 0.00790235 0.00444751 0.04063987
v 0.00865775 0.00302174 0.04051438
v 0.00902456 0.00152766 0.04043517
v 0.00911081 -0.00000057 0.04040712
v 0.02380151 0.00989209 0.01932989
v 0.02511982 0.00918637 0.01940859
v 0.02410523 0.00984821 0.01888306
v 0.02533659 0.00917660 0.01898690
v 0.02633325 0.00840631 0.01948478
v 0.02643387 0.00845553 0.01908178
v 0.02268568 0.01051161 0.01885802
v 0.02237676 0.01055236 0.01929577
v 0.02112840 0.01119448 0.01894858
v 0.02350903 0.00975828 0.01973201
v 0.02215398 0.01040133 0.01967296
v 0.02312187 0.00953909 0.02000309
v 0.02087014 0.01119264 0.01934040
v 0.02075644 0.01099630 0.01965503
v 0.02190695 0.01015748 0.01991914
v 0.02480194 0.00905076 0.01980876
v 0.02601308 0.00826237 0.01987975
v 0.02429899 0.00884893 0.02008740
v 0.02541488 0.00807955 0.02016227
v 0.02844664 0.00654888 0.01950343
v 0.02933953 0.00549618 0.01947507
v 0.02926754 0.00564438 0.01897905
v 0.02839394 0.00671527 0.01902959
v 0.03010735 0.00440236 0.01942651
v 0.03003289 0.00450554 0.01891847
v 0.02744337 0.00752304 0.01951155
v 0.02745119 0.00764371 0.01907992
v 0.02812288 0.00641414 0.01993674
v 0.02712281 0.00737672 0.01992157
v 0.02738193 0.00629609 0.02025401
v 0.02644607 0.00722351 0.02021782
v 0.02900499 0.00539501 0.01992777
v 0.02976086 0.00433967 0.01989714
v 0.02821186 0.00531257 0.02027078
v 0.02892524 0.00428824 0.02026806
v 0.03120641 0.00220458 0.01928641
v 0.03150290 0.00110247 0.01922963
v 0.03139362 0.00112185 0.01869234
v 0.03110870 0.00224591 0.01875634
v 0.03160752 -0.00000057 0.01920492
v 0.03149286 -0.00000057 0.01866476
v 0.03099987 -0.00000057 0.01817179
v 0.03073543 0.00330485 0.01935783
v 0.03065086 0.00337326 0.01883796
v 0.03085028 0.00218540 0.01979316
v 0.03038224 0.00326848 0.01984742
v 0.02995291 0.00216936 0.02021534
v 0.02951147 0.00323837 0.02024580
v 0.03114617 0.00109440 0.01974895
v 0.03125108 -0.00000057 0.01972936
v 0.03023187 0.00108759 0.02018800
v 0.03033075 -0.00000057 0.02017510
v 0.01786455 0.01244744 0.01972216
v 0.01786518 0.01268393 0.01956267
v 0.01672485 0.01297747 0.01996589
v 0.01638581 0.01345500 0.02003767
v 0.01615639 0.01331340 0.02012613
v 0.01556273 0.01398935 0.02041056
v 0.01807825 0.01206454 0.01978681
v 0.01716864 0.01248439 0.01988444
v 0.01763591 0.01204710 0.01977964
v 0.01674768 0.01273171 0.01992421
v 0.01726045 0.01232269 0.01979851
v 0.01930619 0.01183841 0.01949810
v 0.01933603 0.01155961 0.01970167
v 0.01839434 0.01165272 0.01976696
v 0.01945755 0.01120875 0.01979180
v 0.01948380 0.01192451 0.01919155
v 0.02957065 0.00267048 0.02722166
v 0.02933779 0.00395892 0.02672026
v 0.03001398 0.00411471 0.02725461
v 0.03024383 0.00277594 0.02776052
v 0.02898564 0.00519087 0.02596145
v 0.02965533 0.00539411 0.02647868
v 0.02969873 0.00134437 0.02749720
v 0.03036536 0.00139758 0.02803401
v 0.02973658 -0.00000057 0.02757851
v 0.03039904 -0.00000057 0.02811265
v 0.02883528 0.00129119 0.02684091
v 0.02870043 0.00256476 0.02657120
v 0.02775741 0.00123647 0.02600562
v 0.02887747 -0.00000057 0.02692233
v 0.02780174 -0.00000057 0.02608309
v 0.02846466 0.00380195 0.02608766
v 0.02762125 0.00245643 0.02575345
v 0.02739012 0.00364225 0.02530684
v 0.02811971 0.00498457 0.02536477
v 0.02321296 0.01100139 0.02019589
v 0.02166234 0.01168934 0.01990416
v 0.02181025 0.01214535 0.02020868
v 0.02348530 0.01142015 0.02049821
v 0.02009720 0.01228209 0.01980026
v 0.02011090 0.01278527 0.02012379
v 0.02467304 0.01022517 0.02070824
v 0.02505662 0.01061228 0.02102425
v 0.02596649 0.00936760 0.02147401
v 0.02644481 0.00972436 0.02181865
v 0.02415846 0.00981977 0.02043237
v 0.02284666 0.01056415 0.01994724
v 0.02352899 0.00942479 0.02019594
v 0.02532811 0.00899421 0.02115208
v 0.02454780 0.00863199 0.02084484
v 0.02146295 0.01121628 0.01966517
v 0.02007763 0.01176504 0.01955460
v 0.02239851 0.01013635 0.01975759
v 0.02121924 0.01075383 0.01950160
v 0.02005405 0.01126441 0.01939973
v 0.02785258 0.00742899 0.02372053
v 0.02701727 0.00843562 0.02252605
v 0.02757045 0.00875902 0.02291322
v 0.02846188 0.00771583 0.02415605
v 0.02849963 0.00634748 0.02491360
v 0.02914740 0.00659434 0.02539520
v 0.02765734 0.00609443 0.02437701
v 0.02705380 0.00713222 0.02325715
v 0.02663029 0.00584315 0.02375122
v 0.02706085 0.00477685 0.02464600
v 0.02628530 0.00809858 0.02213791
v 0.02608015 0.00684113 0.02274064
v 0.02539208 0.00777076 0.02173246
v 0.01731596 0.01313438 0.01997771
v 0.01766852 0.01251781 0.01969659
v 0.01695587 0.01271906 0.01983578
v 0.01642848 0.01334015 0.02009968
v 0.01807321 0.01195251 0.01953199
v 0.01749491 0.01218233 0.01968230
v 0.01701986 0.01376663 0.02036480
v 0.01591299 0.01403861 0.02047535
v 0.01846663 0.01333727 0.02021172
v 0.01859364 0.01277273 0.01985132
v 0.01876096 0.01219935 0.01958396
v 0.01896581 0.01165525 0.01942384
v 0.01905147 0.01104793 0.01954783
v 0.01949972 0.01076118 0.01943513
v 0.01967610 0.01063958 0.01965580
v 0.01986865 0.01039477 0.01954066
v 0.02037411 0.01020870 0.01977924
v 0.02004831 0.01041798 0.01937779
v 0.02016158 0.01010155 0.01946382
v 0.02030525 0.01001804 0.01965630
v 0.01870088 0.01132948 0.01967286
v 0.01955498 0.01090649 0.01975800
v 0.02052425 0.01044444 0.01986456
v 0.02067768 0.01071155 0.01984543
v 0.01852568 0.01147406 0.01949449
v 0.01804538 0.01173694 0.01963781
v 0.01920542 0.01117860 0.01938521
v 0.02002838 0.01081050 0.01934862
v 0.02140817 0.00941586 0.01957304
v 0.02109618 0.00916939 0.01958207
v 0.02058384 0.00968945 0.01947648
v 0.02069997 0.00996708 0.01941879
v 0.02104506 0.00903504 0.01966149
v 0.02061101 0.00954192 0.01958591
v 0.02033960 0.00988802 0.01956338
v 0.02093834 0.01032966 0.01942332
v 0.02188065 0.00974588 0.01963220
v 0.02212647 0.00877170 0.01985547
v 0.02280067 0.00906898 0.01999823
v 0.02280489 0.00804007 0.02028316
v 0.02364373 0.00830875 0.02054431
v 0.02165935 0.00855231 0.01978391
v 0.02222032 0.00784152 0.02009413
v 0.02155227 0.00843021 0.01979982
v 0.02189541 0.00915109 0.01996854
v 0.02253414 0.00932684 0.02005683
v 0.02152525 0.00991977 0.01996383
v 0.02112007 0.00971493 0.01987897
v 0.02135526 0.00904138 0.01981354
v 0.02080254 0.00956970 0.01973655
v 0.02195820 0.00842474 0.01991944
v 0.02268163 0.00850999 0.02006144
v 0.02257005 0.00771718 0.02006320
v 0.02207904 0.00772870 0.02000991
v 0.02352706 0.00866003 0.02014453
v 0.02345117 0.00778587 0.02016541
v 0.02448017 0.00791369 0.02022796
v 0.02389596 0.00633955 0.02154670
v 0.02317303 0.00616234 0.02101770
v 0.02339353 0.00722643 0.02087321
v 0.02272607 0.00704032 0.02052479
v 0.02302128 0.00605639 0.02063296
v 0.02257176 0.00693181 0.02030075
v 0.02435518 0.00747498 0.02129332
v 0.02494626 0.00657136 0.02214575
v 0.02431579 0.00538814 0.02222477
v 0.02542823 0.00560159 0.02300205
v 0.02465661 0.00438096 0.02282851
v 0.02581230 0.00456933 0.02376259
v 0.02355764 0.00522123 0.02151472
v 0.02341843 0.00511927 0.02096720
v 0.02387635 0.00423064 0.02195766
v 0.02375403 0.00413730 0.02126402
v 0.02511186 0.00223723 0.02358703
v 0.02632124 0.00234317 0.02471271
v 0.02522590 0.00112421 0.02376327
v 0.02644756 0.00117865 0.02493176
v 0.02526398 -0.00000057 0.02381843
v 0.02648942 -0.00000057 0.02499985
v 0.02441262 0.00107964 0.02264411
v 0.02430461 0.00215088 0.02251459
v 0.02432792 0.00105140 0.02171827
v 0.02444889 -0.00000057 0.02268470
v 0.02436763 -0.00000057 0.02174450
v 0.02492204 0.00332674 0.02327902
v 0.02412558 0.00320420 0.02228836
v 0.02421095 0.00209637 0.02163349
v 0.02401894 0.00312734 0.02148411
v 0.02610973 0.00347830 0.02432789
v 0.02668552 0.00210464 0.02074084
v 0.02514241 0.00208595 0.02108185
v 0.02529196 0.00104598 0.02112969
v 0.02688029 0.00105547 0.02075841
v 0.02534368 -0.00000057 0.02114369
v 0.02842683 0.00213745 0.02049163
v 0.02866841 0.00107198 0.02048451
v 0.02694855 -0.00000057 0.02076204
v 0.02875374 -0.00000057 0.02047925
v 0.02804333 0.00318875 0.02049195
v 0.02637424 0.00314006 0.02070260
v 0.02753229 0.00421881 0.02047690
v 0.02490063 0.00311277 0.02099440
v 0.02595647 0.00415486 0.02063694
v 0.02457222 0.00411987 0.02086155
v 0.02484452 0.00608663 0.02041650
v 0.02618307 0.00617973 0.02037976
v 0.02536964 0.00708219 0.02030810
v 0.02417649 0.00697298 0.02028818
v 0.02368453 0.00603834 0.02046674
v 0.02314955 0.00691611 0.02025381
v 0.02416280 0.00510065 0.02067750
v 0.02544220 0.00514216 0.02053718
v 0.02690807 0.00522054 0.02043775
v 0.00302554 0.01075605 0.03860490
v 0.00110473 0.01176194 0.03851662
v 0.00214507 0.01022514 0.03925800
v -0.00052330 0.01136415 0.03919634
v 0.00469797 0.00904722 0.03911432
v 0.00502004 0.00981481 0.03847236
v 0.00683411 0.00907349 0.03811503
v 0.00689361 0.00807057 0.03872125
v 0.00394372 0.01120561 0.03794992
v 0.00544894 0.01044311 0.03785985
v 0.00479429 0.01160244 0.03729429
v 0.00597058 0.01092368 0.03725770
v 0.00676709 0.01041479 0.03720451
v 0.00247363 0.01202398 0.03789176
v 0.00141964 0.01284605 0.03760510
v 0.00352598 0.01227894 0.03728463
v 0.00306572 0.01691256 0.03215817
v 0.00432181 0.01690175 0.03139910
v 0.00309823 0.01767462 0.03046072
v 0.00140182 0.01760758 0.03145261
v 0.00392222 0.01836194 0.02791957
v 0.00194736 0.01668350 0.03307037
v 0.00002610 0.01730128 0.03255407
v 0.00349199 0.01591465 0.03345717
v 0.00433923 0.01613132 0.03268081
v 0.00481488 0.01507005 0.03372966
v 0.00421498 0.01472150 0.03448917
v 0.00521628 0.01616301 0.03204518
v 0.00542286 0.01531222 0.03304146
v 0.00600937 0.01544370 0.03245049
v 0.01168677 0.00709400 0.03505312
v 0.01211570 0.00625151 0.03503753
v 0.01201107 0.00698514 0.03471391
v 0.01228374 0.00691034 0.03444504
v 0.00963705 0.01259789 0.03280749
v 0.00961878 0.01262796 0.03279544
v 0.00961155 0.01258194 0.03284912
v 0.00964980 0.01260576 0.03278807
v 0.01006601 0.01286833 0.03207572
v 0.01005999 0.01286443 0.03208748
v 0.01007929 0.01287679 0.03205177
v 0.00983694 0.01272475 0.03245434
v 0.00924910 0.00854930 0.03677567
v 0.00821360 0.00866734 0.03752895
v 0.00849023 0.00753537 0.03803469
v 0.00967027 0.00734425 0.03714539
v 0.01016087 0.00823982 0.03606306
v 0.01061615 0.00739984 0.03614410
v 0.01032167 0.00804043 0.03602966
v 0.00984008 0.00864225 0.03612668
v 0.01071992 0.00773261 0.03579678
v 0.01039133 0.00794977 0.03601449
v 0.01093646 0.00759150 0.03565193
v 0.01151831 0.00714448 0.03522341
v 0.00946493 0.00903805 0.03618762
v 0.00874149 0.00963117 0.03642585
v 0.00932838 0.00934916 0.03608086
v 0.00915029 0.00974824 0.03594303
v 0.00887502 0.01023691 0.03576010
v 0.00886777 0.01037647 0.03564186
v 0.00886260 0.01048727 0.03554746
v 0.00859003 0.01084676 0.03547768
v 0.00900297 0.01001215 0.03584300
v 0.00806913 0.01061097 0.03615396
v 0.00882665 0.01103950 0.03506910
v 0.00790702 0.00962588 0.03708325
v 0.00741222 0.01046735 0.03676629
v 0.00682486 0.00987152 0.03758362
v 0.00758748 0.01370122 0.03337462
v 0.00788424 0.01401351 0.03276769
v 0.00692880 0.01472910 0.03266656
v 0.00651708 0.01450359 0.03326104
v 0.00813979 0.01431383 0.03216262
v 0.00724866 0.01337277 0.03400068
v 0.00607088 0.01422505 0.03390305
v 0.00687556 0.01303282 0.03464591
v 0.00560935 0.01389286 0.03458400
v 0.00859963 0.01290090 0.03341726
v 0.00909145 0.01203059 0.03385527
v 0.00918261 0.01221995 0.03359200
v 0.00924806 0.01235629 0.03340260
v 0.00924988 0.01235740 0.03339994
v 0.00833685 0.01250634 0.03404602
v 0.00800774 0.01213192 0.03469959
v 0.00902510 0.01188766 0.03405750
v 0.00878540 0.01138837 0.03475266
v 0.00883946 0.01150164 0.03459454
v 0.00878561 0.01138624 0.03475458
v 0.00878535 0.01329123 0.03282821
v 0.00947265 0.01249617 0.03306019
v 0.00601853 0.01233323 0.03597954
v 0.00647596 0.01268604 0.03531032
v 0.00515162 0.01350641 0.03529537
v 0.00468690 0.01308689 0.03599935
v 0.00547193 0.01197517 0.03663917
v 0.00420437 0.01265549 0.03665813
v 0.00657087 0.01124812 0.03664675
v 0.00715371 0.01150979 0.03601814
v 0.00762301 0.01180207 0.03536302
v 0.00879757 0.01127206 0.03485696
v 0.01372351 0.00681795 0.03249442
v 0.01395445 0.00665954 0.03223893
v 0.01374920 0.00681947 0.03245551
v 0.01397989 0.00698067 0.03202522
v 0.01321400 0.00677784 0.03324370
v 0.01377366 0.00517680 0.03312999
v 0.01269738 0.00673689 0.03398565
v 0.01241054 0.00685858 0.03430343
v 0.01307205 0.00562310 0.03399720
v 0.01283113 0.00674354 0.03379741
v 0.01274592 0.00674006 0.03391866
v 0.01454543 0.00628558 0.03154001
v 0.01460523 0.00745120 0.03086809
v 0.01458248 0.00740405 0.03092313
v 0.01455018 0.00738219 0.03097846
v 0.01431855 0.00721498 0.03138045
v 0.01466151 0.00756889 0.03073141
v 0.01476608 0.00778700 0.03047948
v 0.01471445 0.00768066 0.03059877
v 0.01434947 0.00482908 0.03237959
v 0.01508506 0.00917356 0.02914300
v 0.01507906 0.00892475 0.02931789
v 0.01506252 0.00843586 0.02964992
v 0.01460219 0.01079581 0.02840167
v 0.01473414 0.01049420 0.02849931
v 0.00755949 0.01851885 0.02329840
v 0.00791294 0.01871190 0.02128963
v 0.00575857 0.01930957 0.02295053
v 0.00616036 0.01955204 0.02056422
v 0.00881341 0.01841792 0.01926603
v 0.00719865 0.01922984 0.01828816
v 0.00588666 0.01867357 0.02522868
v 0.00771398 0.01793325 0.02513636
v 0.00668481 0.01767449 0.02706717
v 0.00880660 0.01771971 0.02346883
v 0.00897569 0.01721667 0.02504528
v 0.00839903 0.01701443 0.02661922
v 0.00960971 0.01639670 0.02630569
v 0.00912264 0.01785512 0.02169552
v 0.00992951 0.01711327 0.02191089
v 0.00994404 0.01757217 0.01984456
v 0.01207971 0.01615133 0.01568179
v 0.01385977 0.01431079 0.01420001
v 0.01296657 0.01455072 0.01326387
v 0.01105310 0.01655355 0.01467993
v 0.01542427 0.01204626 0.01299608
v 0.01457703 0.01217682 0.01212403
v 0.01029996 0.01754239 0.01738359
v 0.00898001 0.01817180 0.01634073
v 0.01129101 0.01682017 0.01803512
v 0.01292952 0.01560543 0.01634409
v 0.01462554 0.01393427 0.01484836
v 0.01614503 0.01181300 0.01362484
v 0.01730603 0.00642134 0.01155687
v 0.01771755 0.00326020 0.01124495
v 0.01692934 0.00326726 0.01042848
v 0.01650865 0.00644569 0.01073696
v 0.01783901 -0.00000057 0.01115376
v 0.01705299 -0.00000057 0.01033587
v 0.01655731 0.00938324 0.01212781
v 0.01574113 0.00944535 0.01129193
v 0.01725395 0.00924793 0.01275039
v 0.01799332 0.00635001 0.01218162
v 0.01840413 0.00323019 0.01187508
v 0.01852740 -0.00000057 0.01178737
v 0.01109738 0.01443600 0.02818840
v 0.00963726 0.01582173 0.02756270
v 0.01013881 0.01483300 0.02877246
v 0.00829315 0.01634276 0.02813436
v 0.01164886 0.01329982 0.02932352
v 0.01244811 0.01293812 0.02871790
v 0.01253012 0.01258419 0.02908782
v 0.01240063 0.01265972 0.02916285
v 0.01201857 0.01276752 0.02954110
v 0.01177250 0.01284568 0.02980526
v 0.01197000 0.01401398 0.02769641
v 0.01321259 0.01256307 0.02817805
v 0.01307784 0.01223609 0.02873012
v 0.01278798 0.01242072 0.02892001
v 0.01357582 0.01194096 0.02843751
v 0.01364305 0.01186958 0.02843467
v 0.01350439 0.01198411 0.02847853
v 0.01365910 0.01185204 0.02843357
v 0.01454168 0.01090682 0.02834823
v 0.01068843 0.01531049 0.02713084
v 0.01370995 0.00246851 0.03409003
v 0.01370722 0.00378398 0.03372807
v 0.01310846 0.00267708 0.03498003
v 0.01304970 0.00412451 0.03462282
v 0.01316568 0.00131653 0.03516275
v 0.01373668 0.00121778 0.03427263
v 0.01319391 -0.00000057 0.03521049
v 0.01254078 -0.00000057 0.03614433
v 0.01422422 0.00228140 0.03330039
v 0.01423216 0.00112381 0.03347330
v 0.01375606 -0.00000057 0.03431910
v 0.01424526 -0.00000057 0.03351564
v 0.01425286 0.00350542 0.03295111
v 0.01674154 0.00720675 0.02893707
v 0.01659703 0.00873328 0.02810921
v 0.01639817 0.00874797 0.02817656
v 0.01652620 0.00720720 0.02901345
v 0.01613161 0.01025868 0.02741644
v 0.01594852 0.01028072 0.02747669
v 0.01669351 0.00573035 0.02977354
v 0.01646233 0.00571517 0.02985911
v 0.01658131 0.00435530 0.03049217
v 0.01633628 0.00432864 0.03058528
v 0.01700918 0.00575969 0.02967371
v 0.01704067 0.00721222 0.02884681
v 0.01691148 0.00440204 0.03038478
v 0.01687837 0.00871744 0.02802804
v 0.01639476 0.01023315 0.02734131
v 0.01111924 0.01602008 0.02369365
v 0.01138354 0.01599788 0.02230565
v 0.01125804 0.01602389 0.02229472
v 0.01099119 0.01602834 0.02370286
v 0.01211158 0.01569116 0.02076155
v 0.01198597 0.01573455 0.02073177
v 0.01116352 0.01573902 0.02489191
v 0.01129641 0.01574478 0.02486393
v 0.01175313 0.01514705 0.02579764
v 0.01148131 0.01578017 0.02481448
v 0.01129454 0.01603540 0.02366854
v 0.01189275 0.01515899 0.02575495
v 0.01209043 0.01520098 0.02568788
v 0.01155380 0.01598558 0.02230811
v 0.01228273 0.01564963 0.02079130
v 0.01481564 0.01419848 0.01750585
v 0.01637136 0.01288305 0.01602668
v 0.01623182 0.01294958 0.01596067
v 0.01468182 0.01426262 0.01744950
v 0.01778265 0.01110194 0.01480149
v 0.01763793 0.01116489 0.01472706
v 0.01332567 0.01511294 0.01912289
v 0.01319688 0.01516920 0.01907830
v 0.01350504 0.01504649 0.01917624
v 0.01500758 0.01411348 0.01757969
v 0.01657726 0.01278790 0.01611845
v 0.01800095 0.01100709 0.01490925
v 0.01956456 0.00608110 0.01340666
v 0.01998124 0.00310656 0.01312683
v 0.01983001 0.00312635 0.01303219
v 0.01941431 0.00611904 0.01331698
v 0.02011245 -0.00000057 0.01305192
v 0.01996101 -0.00000057 0.01295531
v 0.01869119 0.00884330 0.01386388
v 0.01883937 0.00879042 0.01394652
v 0.01906553 0.00870836 0.01406888
v 0.01979503 0.00602118 0.01354104
v 0.02021351 0.00307505 0.01326939
v 0.02034499 -0.00000057 0.01319762
v 0.01406455 0.01308468 0.02666500
v 0.01288597 0.01424969 0.02630511
v 0.01390681 0.01309019 0.02671951
v 0.01273812 0.01424354 0.02635577
v 0.01504750 0.01174869 0.02704209
v 0.01521693 0.01173175 0.02698524
v 0.01429279 0.01309167 0.02658927
v 0.01546227 0.01171716 0.02691061
v 0.01309822 0.01427887 0.02623056
v 0.01652735 0.00202478 0.03124402
v 0.01653328 0.00313282 0.03096645
v 0.01627780 0.00310436 0.03106374
v 0.01626464 0.00200178 0.03134304
v 0.01627454 0.00098032 0.03147179
v 0.01654145 0.00099303 0.03137247
v 0.01655351 -0.00000057 0.03139943
v 0.01628526 -0.00000057 0.03149849
v 0.01689714 0.00101441 0.03126321
v 0.01687772 0.00206367 0.03113351
v 0.01691103 -0.00000057 0.03129112
v 0.01742221 -0.00000057 0.03114756
v 0.01687508 0.00318145 0.03085604
v -0.03934398 -0.02179049 -0.02194785
v -0.04016129 -0.02213206 -0.02341977
v -0.03904873 -0.02303860 -0.02354796
v -0.03831201 -0.02267539 -0.02218593
v -0.03733860 -0.02406016 -0.02365029
v -0.04070088 -0.02250647 -0.02493630
v -0.03955317 -0.02341715 -0.02497201
v -0.03781647 -0.02447883 -0.02502047
v -0.03811835 -0.02155664 -0.02064774
v -0.03724322 -0.02238936 -0.02100778
v -0.03633707 -0.02152406 -0.01963994
v -0.03669277 -0.02362703 -0.02235310
v -0.03582854 -0.02322751 -0.02124565
v -0.03567587 -0.02231695 -0.02010860
v -0.03865658 -0.02077980 -0.02028230
v -0.03996666 -0.02100971 -0.02168675
v -0.04033923 -0.02037547 -0.02142915
v -0.03677482 -0.02075512 -0.01920467
v -0.03706409 -0.02009800 -0.01882196
v -0.04084205 -0.02136167 -0.02327357
v -0.04141973 -0.02175252 -0.02489827
v -0.04125683 -0.02074858 -0.02311718
v -0.04186985 -0.02116098 -0.02484290
v -0.03307498 -0.01543637 -0.04617311
v -0.03253777 -0.01721680 -0.04560902
v -0.03557533 -0.01666395 -0.04462280
v -0.03613539 -0.01494790 -0.04528523
v -0.03818393 -0.01635323 -0.04349818
v -0.03209074 -0.01858785 -0.04513432
v -0.03510952 -0.01798488 -0.04406743
v -0.03766712 -0.01763960 -0.04289290
v -0.03364247 -0.01331982 -0.04674514
v -0.03672819 -0.01290579 -0.04595906
v -0.03418032 -0.01094040 -0.04724368
v -0.03880674 -0.01468084 -0.04422282
v -0.03946617 -0.01268727 -0.04496259
v -0.03729220 -0.01060667 -0.04654861
v -0.03028125 -0.01384200 -0.04743610
v -0.02972716 -0.01604458 -0.04695632
v -0.02671674 -0.01437872 -0.04814698
v -0.03080307 -0.01136826 -0.04778942
v -0.02720631 -0.01181048 -0.04830137
v -0.02920125 -0.01789801 -0.04643623
v -0.02619362 -0.01666693 -0.04775378
v -0.02569582 -0.01859123 -0.04720072
v -0.02876393 -0.01932435 -0.04604238
v -0.03497050 -0.00566010 -0.04780078
v -0.03462862 -0.00837136 -0.04758728
v -0.03776590 -0.00811960 -0.04695824
v -0.03812958 -0.00549157 -0.04721545
v -0.04061729 -0.00799576 -0.04607058
v -0.04009281 -0.01043731 -0.04561325
v -0.03518913 -0.00285404 -0.04790901
v -0.03836356 -0.00276957 -0.04734776
v -0.04101873 -0.00541052 -0.04636198
v -0.04127628 -0.00272950 -0.04651489
v -0.03176006 -0.00296448 -0.04827923
v -0.03155557 -0.00588033 -0.04820001
v -0.02808345 -0.00307103 -0.04846158
v -0.03123221 -0.00869802 -0.04804127
v -0.02789885 -0.00610527 -0.04843638
v -0.02760341 -0.00903570 -0.04838489
v -0.01889928 -0.01767948 -0.04816382
v -0.01858296 -0.01968243 -0.04774366
v -0.02215151 -0.01918955 -0.04753853
v -0.02257599 -0.01721701 -0.04802850
v -0.01832018 -0.02121475 -0.04740788
v -0.02179900 -0.02070134 -0.04717772
v -0.02528230 -0.02007002 -0.04675088
v -0.01923036 -0.01528312 -0.04841724
v -0.02302121 -0.01486367 -0.04837378
v -0.01953742 -0.01257628 -0.04841906
v -0.02343594 -0.01221480 -0.04841906
v -0.01537994 -0.01561925 -0.04843561
v -0.01518846 -0.01804383 -0.04822499
v -0.01150566 -0.01586021 -0.04843883
v -0.01555622 -0.01287049 -0.04841906
v -0.01153781 -0.01308442 -0.04841906
v -0.01500479 -0.02006447 -0.04782507
v -0.01146850 -0.01830082 -0.04822754
v -0.01143166 -0.02032966 -0.04781869
v -0.01485196 -0.02160736 -0.04748786
v -0.01996008 -0.00651484 -0.04841906
v -0.01978168 -0.00963568 -0.04841906
v -0.02376897 -0.00934936 -0.04841906
v -0.02401442 -0.00631673 -0.04841906
v -0.02006957 -0.00327386 -0.04841906
v -0.02416639 -0.00317263 -0.04841906
v -0.01585367 -0.00335800 -0.04841906
v -0.01579364 -0.00667889 -0.04841906
v -0.01157939 -0.00342033 -0.04841906
v -0.01569431 -0.00987116 -0.04841906
v -0.01157287 -0.00680001 -0.04841906
v -0.01155961 -0.01004399 -0.04841906
v -0.00410056 -0.01847012 -0.04809460
v -0.00436145 -0.02049755 -0.04763633
v -0.00776440 -0.01844123 -0.04818659
v -0.00787821 -0.02047204 -0.04776240
v -0.00457713 -0.02204030 -0.04729063
v -0.00797187 -0.02201830 -0.04741651
v -0.01140048 -0.02187621 -0.04747232
v -0.00764326 -0.01599408 -0.04842775
v -0.00382509 -0.01602499 -0.04840191
v -0.00752764 -0.01320501 -0.04841906
v -0.00050141 -0.01839256 -0.04794369
v -0.00008353 -0.01595701 -0.04836119
v 0.00300864 -0.01821362 -0.04772504
v -0.00356571 -0.01323539 -0.04841906
v 0.00030799 -0.01317873 -0.04841906
v 0.00354906 -0.01579424 -0.04830572
v -0.00089839 -0.02041216 -0.04742024
v -0.00122724 -0.02194891 -0.04706488
v 0.00249397 -0.02022183 -0.04709314
v 0.00206681 -0.02175082 -0.04670948
v -0.00319324 -0.00688832 -0.04841906
v -0.00335304 -0.01016844 -0.04841906
v -0.00735559 -0.00686932 -0.04841906
v -0.00743037 -0.01014232 -0.04841906
v -0.00730742 -0.00345611 -0.04841906
v -0.00309245 -0.00346609 -0.04841906
v 0.00086272 -0.00685848 -0.04841906
v 0.00101084 -0.00345097 -0.04841906
v 0.00476085 -0.00678126 -0.04841906
v 0.00494775 -0.00341150 -0.04841906
v 0.00062593 -0.01012462 -0.04841906
v 0.00446007 -0.01001312 -0.04841906
v 0.00405346 -0.01303814 -0.04841906
v 0.00961911 -0.01766560 -0.04699320
v 0.00893075 -0.01964686 -0.04606261
v 0.00640516 -0.01793837 -0.04743884
v 0.00579860 -0.01993196 -0.04666512
v 0.00835688 -0.02116081 -0.04548647
v 0.00529403 -0.02145269 -0.04619462
v 0.00704033 -0.01554077 -0.04822288
v 0.01033803 -0.01529185 -0.04778413
v 0.00763072 -0.01281678 -0.04841906
v 0.01258142 -0.01750034 -0.04577929
v 0.01338996 -0.01514252 -0.04650092
v 0.01522306 -0.01752970 -0.04452191
v 0.01100361 -0.01260384 -0.04806806
v 0.01413601 -0.01247460 -0.04688408
v 0.01614387 -0.01516763 -0.04516003
v 0.01180564 -0.01947139 -0.04503313
v 0.01115786 -0.02098141 -0.04455116
v 0.01433852 -0.01950531 -0.04388999
v 0.01359943 -0.02102078 -0.04335485
v 0.01191696 -0.00654349 -0.04821547
v 0.01153191 -0.00966746 -0.04815912
v 0.00844969 -0.00665816 -0.04841906
v 0.00810295 -0.00983623 -0.04841906
v 0.00866360 -0.00334840 -0.04841906
v 0.01215278 -0.00329443 -0.04824423
v 0.01515043 -0.00647651 -0.04734483
v 0.01540970 -0.00326703 -0.04743388
v 0.01813779 -0.00648575 -0.04632562
v 0.01842875 -0.00327304 -0.04644210
v 0.01472435 -0.00956573 -0.04716721
v 0.01765761 -0.00957893 -0.04609257
v 0.01699178 -0.01249281 -0.04571377
v 0.00739808 -0.01751762 -0.00768184
v 0.00402562 -0.01778744 -0.00733321
v 0.00704704 -0.01883640 -0.00855964
v 0.00380178 -0.01903572 -0.00821777
v 0.00672975 -0.01993121 -0.00918940
v 0.00053134 -0.01787039 -0.00722404
v 0.00043105 -0.01912832 -0.00813705
v 0.00359787 -0.02009274 -0.00886403
v 0.01005805 -0.01867105 -0.00920328
v 0.01056772 -0.01719875 -0.00831728
v 0.01272604 -0.01868035 -0.01018932
v 0.00962994 -0.01983350 -0.00982442
v 0.01217937 -0.01992358 -0.01080353
v 0.00769450 -0.01612702 -0.00652635
v 0.01107557 -0.01550810 -0.00711795
v 0.00777691 -0.01488430 -0.00505631
v 0.01340957 -0.01704002 -0.00931364
v 0.01415835 -0.01503686 -0.00812970
v 0.01121422 -0.01396091 -0.00552785
v 0.00421236 -0.01651838 -0.00619533
v 0.00065045 -0.01659258 -0.00607228
v 0.00430499 -0.01539905 -0.00478913
v 0.00078463 -0.01546714 -0.00467918
v 0.01515415 -0.00575021 -0.00077686
v 0.01660037 -0.00599413 -0.00300314
v 0.01591629 -0.00292779 -0.00063340
v 0.01738634 -0.00303140 -0.00275599
v 0.01829264 -0.00627026 -0.00523206
v 0.01905697 -0.00315375 -0.00489921
v 0.01478479 -0.00286181 0.00142238
v 0.01406740 -0.00561327 0.00137519
v 0.01412980 -0.00285238 0.00336515
v 0.01388964 -0.00836306 -0.00096628
v 0.01288658 -0.00814517 0.00131292
v 0.01210286 -0.01060691 -0.00112039
v 0.01346982 -0.00560461 0.00340686
v 0.01238349 -0.00815768 0.00346116
v 0.01125343 -0.01034772 0.00124782
v 0.01527986 -0.00882066 -0.00335293
v 0.01700959 -0.00931346 -0.00572167
v 0.01332008 -0.01122446 -0.00358263
v 0.01494026 -0.01244927 -0.00636613
v -0.03430051 -0.01507959 -0.01155299
v -0.03781598 -0.01486090 -0.01134188
v -0.03670178 -0.01665010 -0.01371804
v -0.03333490 -0.01694310 -0.01369764
v -0.03579333 -0.01802122 -0.01558835
v -0.04099502 -0.01474425 -0.01167751
v -0.03968462 -0.01647801 -0.01420096
v -0.03862457 -0.01780161 -0.01611681
v -0.03065052 -0.01531797 -0.01187303
v -0.02976963 -0.01727143 -0.01381082
v -0.02702956 -0.01551996 -0.01197610
v -0.03253297 -0.01838931 -0.01545650
v -0.02903946 -0.01879873 -0.01542039
v -0.02619166 -0.01754950 -0.01372867
v -0.03156861 -0.01304970 -0.00984906
v -0.03530464 -0.01289087 -0.00926227
v -0.03241036 -0.01057799 -0.00798093
v -0.02792790 -0.01317673 -0.01013133
v -0.02879210 -0.01064287 -0.00840429
v -0.03901473 -0.01271860 -0.00862120
v -0.03616271 -0.01048067 -0.00716013
v -0.03993934 -0.01033477 -0.00609732
v -0.04242430 -0.01265647 -0.00862390
v -0.02027807 -0.01571219 -0.01073009
v -0.02360121 -0.01562953 -0.01153630
v -0.02278666 -0.01769171 -0.01312225
v -0.01949470 -0.01776875 -0.01218028
v -0.02213687 -0.01931282 -0.01443183
v -0.02550878 -0.01914229 -0.01517912
v -0.01697274 -0.01583347 -0.00973387
v -0.01625587 -0.01785132 -0.01109145
v -0.01361080 -0.01609523 -0.00877089
v -0.01887812 -0.01938158 -0.01336467
v -0.01568690 -0.01941982 -0.01216382
v -0.01301023 -0.01801009 -0.01004448
v -0.01776552 -0.01346335 -0.00818277
v -0.02116133 -0.01333201 -0.00916492
v -0.01876500 -0.01086194 -0.00670581
v -0.01423323 -0.01384458 -0.00723285
v -0.01479645 -0.01110074 -0.00528600
v -0.02450380 -0.01325365 -0.00985887
v -0.02212829 -0.01075430 -0.00767959
v -0.02541770 -0.01069146 -0.00827480
v -0.00656001 -0.01716930 -0.00758585
v -0.01011779 -0.01659933 -0.00806435
v -0.00969786 -0.01831576 -0.00922806
v -0.00633962 -0.01866975 -0.00863969
v -0.00932461 -0.01968971 -0.01010576
v -0.01251761 -0.01949878 -0.01101546
v -0.00300375 -0.01762866 -0.00730701
v -0.00295637 -0.01897346 -0.00827686
v -0.00611223 -0.01991860 -0.00943524
v 0.00035334 -0.02019413 -0.00881385
v -0.00296997 -0.01626002 -0.00610459
v -0.00667264 -0.01559519 -0.00629234
v -0.00279801 -0.01505053 -0.00467935
v -0.01048133 -0.01467262 -0.00663556
v -0.00649327 -0.01419259 -0.00478291
v -0.01035149 -0.01293672 -0.00498319
v -0.03698965 -0.00534190 -0.00449344
v -0.04022628 -0.00523170 -0.00316130
v -0.04023113 -0.00782098 -0.00431151
v -0.03669015 -0.00795270 -0.00558129
v -0.04289658 -0.00497207 -0.00146145
v -0.04320306 -0.00742527 -0.00259360
v -0.04395072 -0.01004334 -0.00480082
v -0.03352590 -0.00538136 -0.00544805
v -0.03306227 -0.00801420 -0.00651069
v -0.03009872 -0.00538930 -0.00596467
v -0.02952758 -0.00804143 -0.00700487
v -0.03380281 -0.00270247 -0.00480269
v -0.03716385 -0.00268321 -0.00386433
v -0.03046990 -0.00270338 -0.00531528
v -0.04026097 -0.00262139 -0.00254425
v -0.04280216 -0.00249283 -0.00088655
v -0.02408586 -0.00541404 -0.00556062
v -0.02697183 -0.00540497 -0.00598286
v -0.02626619 -0.00807032 -0.00696896
v -0.02316277 -0.00810515 -0.00646890
v -0.02138147 -0.00540222 -0.00475596
v -0.02010199 -0.00815022 -0.00557066
v -0.01887322 -0.00531400 -0.00361599
v -0.01726428 -0.00804506 -0.00429673
v -0.02220841 -0.00269196 -0.00424030
v -0.02471866 -0.00271043 -0.00498247
v -0.01988048 -0.00264242 -0.00318310
v -0.02745717 -0.00271014 -0.00535800
v -0.01465566 -0.00490727 -0.00055731
v -0.01657572 -0.00509391 -0.00218790
v -0.01483011 -0.00762923 -0.00266964
v -0.01286241 -0.00724134 -0.00083228
v -0.01241449 -0.00993549 -0.00306934
v -0.01327975 -0.00491939 0.00119013
v -0.01142414 -0.00721999 0.00107245
v -0.01263777 -0.00523632 0.00300423
v -0.01056889 -0.00937843 -0.00106873
v -0.00916949 -0.00933002 0.00097746
v -0.01067054 -0.00766662 0.00304348
v -0.01454565 -0.00249174 0.00129176
v -0.01584138 -0.00247777 -0.00034774
v -0.01400944 -0.00265596 0.00298669
v -0.01768889 -0.00254951 -0.00186247
v -0.00492869 -0.02607528 -0.04550396
v -0.00491754 -0.02529005 -0.04606304
v -0.00175222 -0.02521052 -0.04585076
v -0.00177709 -0.02600672 -0.04529465
v 0.00128367 -0.02586052 -0.04493011
v -0.00488119 -0.02461767 -0.04647768
v -0.00169456 -0.02452867 -0.04626041
v 0.00134270 -0.02504159 -0.04548554
v -0.00488533 -0.02689008 -0.04480129
v -0.00172949 -0.02683146 -0.04458980
v -0.00475813 -0.02765113 -0.04395591
v 0.00131192 -0.02670738 -0.04422105
v -0.00156975 -0.02759891 -0.04373393
v -0.00812475 -0.02685998 -0.04490720
v -0.00814947 -0.02604783 -0.04560795
v -0.01141693 -0.02671788 -0.04495915
v -0.00804412 -0.02762024 -0.04407123
v -0.01138590 -0.02747771 -0.04413186
v -0.00813882 -0.02526600 -0.04616980
v -0.00811335 -0.02459672 -0.04658907
v -0.01141777 -0.02590594 -0.04565653
v -0.01140165 -0.02512418 -0.04621846
v -0.04134724 -0.02311232 -0.02775635
v -0.04210263 -0.02238269 -0.02786662
v -0.04147092 -0.02330996 -0.02912940
v -0.04222734 -0.02258477 -0.02928762
v -0.04147287 -0.02341491 -0.03052413
v -0.04258730 -0.02181986 -0.02795724
v -0.04271284 -0.02202523 -0.02942932
v -0.04222057 -0.02268666 -0.03071805
v -0.04029630 -0.02421084 -0.02901258
v -0.04017067 -0.02401901 -0.02767251
v -0.03855624 -0.02529741 -0.02899510
v -0.04030822 -0.02430893 -0.03038829
v -0.04109337 -0.02283886 -0.02637024
v -0.03992505 -0.02374920 -0.02633626
v -0.03842247 -0.02511306 -0.02766120
v -0.03817682 -0.02483500 -0.02634688
v -0.04183668 -0.02209907 -0.02641640
v -0.04230982 -0.02152492 -0.02644233
v -0.00378118 -0.03150691 -0.03337016
v -0.00372058 -0.03075918 -0.03601241
v -0.00014692 -0.03062805 -0.03572730
v -0.00018850 -0.03133678 -0.03310798
v 0.00323382 -0.03041205 -0.03534027
v -0.00376564 -0.03000413 -0.03836143
v -0.00023914 -0.02990690 -0.03806362
v 0.00308443 -0.02974850 -0.03763567
v -0.00390710 -0.03210539 -0.03060104
v -0.00031887 -0.03189608 -0.03036160
v -0.00049300 -0.03216895 -0.02764406
v 0.00323031 -0.03105412 -0.03278047
v 0.00311896 -0.03154947 -0.03009915
v 0.00294484 -0.03177286 -0.02743917
v -0.00759631 -0.03216612 -0.03087291
v -0.00748562 -0.03154338 -0.03361908
v -0.01133711 -0.03206703 -0.03123264
v -0.00405797 -0.03241264 -0.02787144
v -0.00771268 -0.03250057 -0.02817787
v -0.01141969 -0.03242934 -0.02861990
v -0.00741460 -0.03077474 -0.03624385
v -0.01123972 -0.03142508 -0.03390683
v -0.01115642 -0.03064407 -0.03646985
v -0.00741725 -0.03000259 -0.03857471
v -0.01802351 -0.02522666 -0.04565827
v -0.01800433 -0.02444592 -0.04620724
v -0.01469158 -0.02485041 -0.04625647
v -0.01471193 -0.02563122 -0.04569963
v -0.01799889 -0.02377618 -0.04661724
v -0.01467713 -0.02418127 -0.04667343
v -0.01138175 -0.02445490 -0.04663938
v -0.01805526 -0.02603380 -0.04497559
v -0.01473101 -0.02644049 -0.04500879
v -0.01809835 -0.02678275 -0.04416449
v -0.01474165 -0.02719504 -0.04418981
v -0.02137790 -0.02550378 -0.04477901
v -0.02134407 -0.02469528 -0.04545345
v -0.02468718 -0.02485639 -0.04433852
v -0.02144298 -0.02625135 -0.04397532
v -0.02133557 -0.02391196 -0.04599420
v -0.02466517 -0.02404008 -0.04500620
v -0.02468101 -0.02324978 -0.04554075
v -0.02134647 -0.02323994 -0.04639680
v -0.00422903 -0.02883003 -0.04176013
v -0.00769949 -0.02880665 -0.04192093
v -0.00451776 -0.02827514 -0.04296867
v -0.00788702 -0.02824638 -0.04310371
v -0.01122249 -0.02866336 -0.04202124
v -0.01131148 -0.02810315 -0.04318023
v -0.00125817 -0.02822326 -0.04272479
v -0.00087744 -0.02877142 -0.04149096
v 0.00183728 -0.02812454 -0.04232174
v 0.00147920 -0.02749208 -0.04335329
v -0.00395672 -0.02938372 -0.04025086
v -0.00051020 -0.02931033 -0.03996104
v 0.00228897 -0.02866876 -0.04106553
v 0.00273709 -0.02918875 -0.03952380
v -0.00752755 -0.02936931 -0.04043917
v -0.01114777 -0.02922748 -0.04057186
v -0.01111613 -0.02986467 -0.03874907
v 0.01647744 -0.02707531 -0.02255402
v 0.01726206 -0.02649039 -0.02257484
v 0.01676144 -0.02593862 -0.02055925
v 0.01600915 -0.02652477 -0.02058411
v 0.01537377 -0.02585381 -0.01865629
v 0.01779136 -0.02600164 -0.02258607
v 0.01725999 -0.02544567 -0.02052191
v 0.01609190 -0.02526457 -0.01858581
v 0.01532746 -0.02773242 -0.02252854
v 0.01489025 -0.02717423 -0.02058682
v 0.01370204 -0.02843769 -0.02250334
v 0.01428953 -0.02649451 -0.01869125
v 0.01329194 -0.02785714 -0.02055768
v 0.01560382 -0.02815116 -0.02452822
v 0.01677828 -0.02748820 -0.02457128
v 0.01572201 -0.02841258 -0.02659765
v 0.01396205 -0.02886811 -0.02452083
v 0.01759108 -0.02690107 -0.02463028
v 0.01691126 -0.02774621 -0.02664115
v 0.01774588 -0.02715186 -0.02672327
v 0.01814790 -0.02641160 -0.02468552
v -0.01869883 -0.03066686 -0.03465132
v -0.02238040 -0.03003915 -0.03490052
v -0.01855907 -0.02987042 -0.03696054
v -0.02220654 -0.02926422 -0.03704575
v -0.02201535 -0.02851153 -0.03899301
v -0.02601434 -0.02925385 -0.03492935
v -0.02580923 -0.02853631 -0.03690455
v -0.02557082 -0.02783445 -0.03871524
v -0.01487347 -0.03033650 -0.03673866
v -0.01498136 -0.03113087 -0.03428550
v -0.01841872 -0.02909301 -0.03903803
v -0.01478447 -0.02955277 -0.03893011
v -0.01880869 -0.03134719 -0.03226206
v -0.01508010 -0.03179689 -0.03173564
v -0.01885929 -0.03177625 -0.02994445
v -0.01514160 -0.03219559 -0.02925411
v -0.02250630 -0.03070946 -0.03269200
v -0.02615638 -0.02987522 -0.03290559
v -0.02255366 -0.03114828 -0.03055484
v -0.02620559 -0.03028863 -0.03094925
v 0.00565026 -0.02293095 -0.01077304
v 0.00590119 -0.02231692 -0.01042703
v 0.00297618 -0.02241699 -0.01014531
v 0.00279238 -0.02303051 -0.01050768
v -0.00004774 -0.02252699 -0.01014454
v 0.00614490 -0.02182600 -0.01020693
v 0.00317353 -0.02193596 -0.00991583
v 0.00010199 -0.02204843 -0.00991028
v 0.00547758 -0.02365667 -0.01131634
v 0.00271001 -0.02377761 -0.01107927
v 0.00281691 -0.02465941 -0.01193642
v -0.00018046 -0.02314295 -0.01051045
v -0.00022403 -0.02390428 -0.01108307
v -0.00010628 -0.02481893 -0.01193744
v 0.00788616 -0.02360863 -0.01180035
v 0.00824618 -0.02292888 -0.01133107
v 0.00987763 -0.02375979 -0.01257825
v 0.00553018 -0.02448884 -0.01213945
v 0.00780909 -0.02435190 -0.01252601
v 0.00930999 -0.02428655 -0.01294491
v 0.00859445 -0.02232088 -0.01101984
v 0.01046678 -0.02312369 -0.01221651
v 0.01092316 -0.02252298 -0.01195384
v 0.00888242 -0.02181758 -0.01081297
v 0.01667470 -0.02775784 -0.03090666
v 0.01687601 -0.02783209 -0.02876890
v 0.01568471 -0.02849878 -0.02874861
v 0.01549364 -0.02842822 -0.03091654
v 0.01405910 -0.02918906 -0.02883411
v 0.01407879 -0.02912601 -0.02662584
v 0.01630949 -0.02753546 -0.03300660
v 0.01515054 -0.02821939 -0.03303684
v 0.01578257 -0.02717695 -0.03502085
v 0.01390025 -0.02908864 -0.03106368
v 0.01359953 -0.02885621 -0.03323263
v 0.01465714 -0.02789073 -0.03504493
v 0.01715072 -0.02687142 -0.03308081
v 0.01752527 -0.02712719 -0.03098175
v 0.01812721 -0.02658600 -0.03108951
v 0.01660058 -0.02646649 -0.03511546
v 0.01774855 -0.02629428 -0.03319837
v 0.01772381 -0.02722396 -0.02885150
v 0.01831887 -0.02670936 -0.02895298
v 0.01832519 -0.02665450 -0.02681094
v -0.04292158 -0.02106472 -0.03415227
v -0.04325130 -0.02124891 -0.03258454
v -0.04344011 -0.02049004 -0.03419049
v -0.04381979 -0.02067427 -0.03256041
v -0.04429350 -0.01960304 -0.03421859
v -0.04344532 -0.02130140 -0.03100859
v -0.04406176 -0.02072478 -0.03091006
v -0.04475079 -0.01977986 -0.03247514
v -0.04246443 -0.02076136 -0.03568216
v -0.04293124 -0.02018681 -0.03577355
v -0.04188811 -0.02035132 -0.03714459
v -0.04370322 -0.01930750 -0.03589941
v -0.04230166 -0.01977927 -0.03728279
v -0.04216058 -0.02119425 -0.03557842
v -0.04258464 -0.02148920 -0.03407478
v -0.04187747 -0.02164857 -0.03541550
v -0.04161637 -0.02079041 -0.03701653
v -0.04135779 -0.02126062 -0.03683645
v -0.04288244 -0.02166533 -0.03253819
v -0.04304782 -0.02171269 -0.03100126
v -0.04227606 -0.02192559 -0.03392886
v -0.04255033 -0.02208509 -0.03241199
v -0.03085803 -0.02221225 -0.01865320
v -0.02754500 -0.02267097 -0.01825504
v -0.02774693 -0.02191874 -0.01790271
v -0.03110269 -0.02144776 -0.01823907
v -0.02795859 -0.02130586 -0.01765025
v -0.02415524 -0.02304648 -0.01765869
v -0.02433448 -0.02230859 -0.01736502
v -0.02452130 -0.02171513 -0.01716771
v -0.03385285 -0.02178627 -0.01904496
v -0.03418441 -0.02101883 -0.01859833
v -0.03133715 -0.02081444 -0.01792237
v -0.03444349 -0.02036908 -0.01823071
v -0.03344341 -0.02259463 -0.01958351
v -0.03065491 -0.02305486 -0.01921353
v -0.03327630 -0.02336555 -0.02029103
v -0.03497383 -0.02295949 -0.02052725
v -0.02741939 -0.02353010 -0.01877969
v -0.03062640 -0.02392215 -0.01998489
v -0.02743668 -0.02446371 -0.01954912
v -0.02405464 -0.02489300 -0.01887754
v 0.01353575 -0.02430056 -0.01500372
v 0.01417119 -0.02370500 -0.01485405
v 0.01275448 -0.02301734 -0.01325915
v 0.01219871 -0.02361474 -0.01346409
v 0.01457254 -0.02319163 -0.01470518
v 0.01312118 -0.02250133 -0.01308737
v 0.01125240 -0.02200969 -0.01176332
v 0.01256543 -0.02492486 -0.01512476
v 0.01139391 -0.02423648 -0.01369694
v 0.01112893 -0.02551355 -0.01514907
v 0.01015820 -0.02478193 -0.01379771
v 0.01352261 -0.02571113 -0.01683005
v 0.01457171 -0.02507966 -0.01676532
v 0.01199423 -0.02633506 -0.01681888
v 0.01272495 -0.02714881 -0.01866809
v 0.01525608 -0.02448705 -0.01665685
v 0.01569027 -0.02397971 -0.01653683
v 0.01655816 -0.02476469 -0.01850238
v -0.00604348 -0.02318246 -0.01124585
v -0.00600687 -0.02252932 -0.01089376
v -0.00896798 -0.02249142 -0.01164024
v -0.00896027 -0.02316903 -0.01197662
v -0.01193407 -0.02247399 -0.01263227
v -0.00595284 -0.02202336 -0.01066558
v -0.00896073 -0.02196473 -0.01142212
v -0.01197198 -0.02192798 -0.01242840
v -0.00602644 -0.02399755 -0.01179577
v -0.00892016 -0.02401266 -0.01250638
v -0.00591952 -0.02498937 -0.01261746
v -0.01188500 -0.02317315 -0.01294820
v -0.01182576 -0.02403909 -0.01345431
v -0.00883020 -0.02503742 -0.01330464
v -0.00313195 -0.02396951 -0.01132162
v -0.00312131 -0.02318369 -0.01075682
v -0.00301499 -0.02492273 -0.01216310
v -0.00303778 -0.02255281 -0.01039461
v -0.00293603 -0.02206441 -0.01016092
v 0.01935951 -0.01837112 -0.04142138
v 0.01816425 -0.02040251 -0.04072047
v 0.01644460 -0.01985380 -0.04244007
v 0.01747496 -0.01785525 -0.04312029
v 0.01716675 -0.02195588 -0.04012563
v 0.01558408 -0.02138516 -0.04186369
v 0.02060423 -0.01593083 -0.04212881
v 0.01854754 -0.01546170 -0.04380740
v 0.01953478 -0.01274536 -0.04440449
v 0.02231719 -0.01647669 -0.04014779
v 0.02089912 -0.01896950 -0.03945826
v 0.02368967 -0.01700094 -0.03788795
v 0.02175010 -0.01315076 -0.04274320
v 0.02362283 -0.01362380 -0.04074303
v 0.02513805 -0.01407932 -0.03841711
v 0.01953780 -0.02103709 -0.03877250
v 0.02211617 -0.01954257 -0.03726397
v 0.02060558 -0.02164315 -0.03663743
v 0.01840238 -0.02261427 -0.03818860
v 0.02329614 -0.00684632 -0.04342581
v 0.02264880 -0.01010003 -0.04316503
v 0.02086681 -0.00662356 -0.04506829
v 0.02030908 -0.00977843 -0.04481461
v 0.02120435 -0.00334339 -0.04519606
v 0.02368792 -0.00345727 -0.04355706
v 0.02583088 -0.00359069 -0.04150971
v 0.02538447 -0.00710708 -0.04139018
v 0.02758467 -0.00371961 -0.03903863
v 0.02598128 -0.00000057 -0.04153828
v 0.02464685 -0.01047603 -0.04114589
v 0.02709044 -0.00735891 -0.03895339
v 0.02627327 -0.01083872 -0.03875924
v 0.02364350 -0.02027974 -0.03233195
v 0.02194107 -0.02241691 -0.03196634
v 0.02140797 -0.02210633 -0.03435656
v 0.02303306 -0.01998249 -0.03487159
v 0.02052010 -0.02403760 -0.03164045
v 0.02005234 -0.02371935 -0.03390941
v 0.01934594 -0.02324165 -0.03610055
v 0.02541446 -0.01768061 -0.03267010
v 0.02472492 -0.01740527 -0.03537282
v 0.02704102 -0.01467402 -0.03291359
v 0.02628085 -0.01443211 -0.03577856
v 0.02574978 -0.01781788 -0.02984742
v 0.02394120 -0.02042476 -0.02969591
v 0.02572241 -0.01780801 -0.02697247
v 0.02740837 -0.01479692 -0.02990838
v 0.02220104 -0.02256515 -0.02950326
v 0.02391990 -0.02040800 -0.02701430
v 0.02218401 -0.02254135 -0.02700377
v 0.02074771 -0.02418667 -0.02931891
v 0.02921984 -0.00769024 -0.03297567
v 0.02831026 -0.01131449 -0.03299525
v 0.02837275 -0.00755485 -0.03610743
v 0.02749812 -0.01112042 -0.03600711
v 0.02890073 -0.00382003 -0.03612846
v 0.02976745 -0.00388953 -0.03291544
v 0.02962019 -0.00776042 -0.02968146
v 0.03017326 -0.00392570 -0.02953583
v 0.02956227 -0.00776070 -0.02634818
v 0.03010656 -0.00392615 -0.02612586
v 0.02869853 -0.01141429 -0.02982935
v 0.02865179 -0.01141321 -0.02661515
v 0.02737267 -0.01479265 -0.02684914
v 0.02292757 -0.01988713 -0.02170945
v 0.02132640 -0.02197391 -0.02203969
v 0.02357329 -0.02021994 -0.02433796
v 0.02188613 -0.02233578 -0.02450434
v 0.01998975 -0.02355514 -0.02229342
v 0.02047642 -0.02393822 -0.02461912
v 0.02532383 -0.01764194 -0.02411290
v 0.02458958 -0.01734639 -0.02131760
v 0.02692372 -0.01465307 -0.02382206
v 0.02200891 -0.01943616 -0.01917127
v 0.02355516 -0.01694807 -0.01863547
v 0.02084349 -0.01889361 -0.01676597
v 0.02610878 -0.01440331 -0.02087908
v 0.02497512 -0.01406850 -0.01807214
v 0.02225608 -0.01647370 -0.01611539
v 0.02052382 -0.02148122 -0.01964454
v 0.01928738 -0.02303172 -0.02002026
v 0.01949742 -0.02088318 -0.01735359
v 0.01838304 -0.02239216 -0.01782693
v 0.02811277 -0.00755267 -0.01997951
v 0.02728152 -0.01110951 -0.02040883
v 0.02903453 -0.00768643 -0.02309918
v 0.02815890 -0.01130460 -0.02345838
v 0.02955578 -0.00388845 -0.02282180
v 0.02860753 -0.00382046 -0.01966379
v 0.02687278 -0.00737448 -0.01703420
v 0.02734845 -0.00373002 -0.01669197
v 0.02539035 -0.00716695 -0.01430827
v 0.02586519 -0.00362498 -0.01394648
v 0.02608132 -0.01084897 -0.01751632
v 0.02462001 -0.01054402 -0.01483066
v 0.02356999 -0.01367376 -0.01545318
v 0.01779465 -0.01770716 -0.01251722
v 0.01676835 -0.01954627 -0.01324950
v 0.01945752 -0.01828604 -0.01453608
v 0.01826617 -0.02020526 -0.01520157
v 0.01593924 -0.02093808 -0.01382955
v 0.01729045 -0.02166064 -0.01574075
v 0.02072788 -0.01595002 -0.01380627
v 0.01891093 -0.01546046 -0.01168319
v 0.02194065 -0.01324422 -0.01307413
v 0.01579861 -0.01725066 -0.01074501
v 0.01674561 -0.01508853 -0.00972122
v 0.02003806 -0.01284535 -0.01085435
v 0.01781316 -0.01254263 -0.00871321
v 0.01494223 -0.01900503 -0.01155841
v 0.01425901 -0.02032541 -0.01216120
v 0.02196913 -0.00672032 -0.00956843
v 0.02109697 -0.00990099 -0.01013768
v 0.02374125 -0.00694512 -0.01184677
v 0.02295923 -0.01021570 -0.01240164
v 0.02424436 -0.00351319 -0.01146748
v 0.02253602 -0.00339629 -0.00918194
v 0.02011758 -0.00650385 -0.00739202
v 0.02079021 -0.00327593 -0.00701686
v 0.01903119 -0.00963691 -0.00794714
v -0.01934314 -0.00988598 0.01473791
v -0.01809584 -0.00951912 0.01260865
v -0.01506507 -0.01356887 0.01361852
v -0.01622121 -0.01404415 0.01581622
v -0.01144145 -0.01676719 0.01482708
v -0.01671312 -0.00888020 0.01056877
v -0.01383723 -0.01271124 0.01145062
v -0.01042887 -0.01581176 0.01249883
v -0.01728130 -0.01415979 0.01805997
v -0.02043344 -0.00999074 0.01697204
v -0.01822099 -0.01393845 0.02036601
v -0.01245760 -0.01726091 0.01711651
v -0.01345426 -0.01733759 0.01938176
v -0.01440834 -0.01704189 0.02163752
v -0.02148611 -0.00510018 0.01399786
v -0.02258513 -0.00516086 0.01622983
v -0.02134515 -0.00984339 0.01932658
v -0.02346906 -0.00508725 0.01862130
v -0.02018961 -0.00490175 0.01191150
v -0.01871328 -0.00456214 0.00995683
v 0.01396845 -0.00596812 0.00695417
v 0.01349111 -0.00574553 0.00527203
v 0.01450613 -0.00302643 0.00675999
v 0.01408929 -0.00291840 0.00514874
v 0.01522317 -0.00314306 0.00818579
v 0.01473903 -0.00620447 0.00843672
v 0.01608329 -0.00323486 0.00941299
v 0.01304978 -0.00874144 0.00726464
v 0.01388726 -0.00910370 0.00886049
v 0.01173323 -0.01126222 0.00768154
v 0.01564004 -0.00638668 0.00970317
v 0.01483969 -0.00937355 0.01021282
v 0.01263422 -0.01175966 0.00946124
v 0.01249321 -0.00839127 0.00545497
v 0.01109490 -0.01076492 0.00568058
v 0.01088103 -0.01041200 0.00351661
v 0.00791995 -0.01521211 0.00872923
v 0.00717448 -0.01433852 0.00616158
v 0.01000188 -0.01344628 0.00819498
v 0.00929548 -0.01277579 0.00593195
v 0.00675370 -0.01365567 0.00358737
v 0.00897268 -0.01226800 0.00356177
v 0.01094626 -0.01409126 0.01024311
v 0.00887631 -0.01605601 0.01115440
v 0.01198302 -0.01452253 0.01196865
v 0.01363609 -0.01211299 0.01096147
v 0.00555163 -0.01647819 0.00920857
v 0.00293718 -0.01711636 0.00945554
v 0.00370628 -0.01852824 0.01275133
v 0.00995141 -0.01659521 0.01321274
v 0.00647727 -0.01761139 0.01214333
v 0.00761213 -0.01832406 0.01467209
v 0.00481139 -0.01536775 0.00632195
v 0.00228572 -0.01577814 0.00636557
v 0.00431931 -0.01450499 0.00358406
v -0.00281235 -0.01618515 0.00886533
v -0.00297322 -0.01455707 0.00600806
v -0.00032301 -0.01548431 0.00624495
v 0.00011684 -0.01699845 0.00929271
v -0.00338342 -0.01328737 0.00333802
v -0.00081464 -0.01430857 0.00345350
v 0.00176478 -0.01474596 0.00354254
v -0.00285404 -0.01785759 0.01180968
v 0.00052046 -0.01857742 0.01251982
v -0.00311403 -0.01923031 0.01470117
v 0.00065358 -0.01982761 0.01569011
v -0.00619105 -0.01646736 0.01098181
v -0.00575336 -0.01473717 0.00831865
v -0.00944292 -0.01434996 0.01011705
v -0.00683132 -0.01793823 0.01360987
v -0.00562333 -0.01306719 0.00570291
v -0.00865381 -0.01267635 0.00772788
v -0.00823174 -0.01108546 0.00537746
v -0.00590601 -0.01177694 0.00321714
v -0.00809816 -0.01824212 0.02837905
v -0.00690440 -0.01894236 0.02653327
v -0.00423720 -0.01842660 0.02951952
v -0.00259985 -0.01890223 0.02794264
v -0.00093747 -0.01813914 0.03057085
v -0.00577480 -0.01951487 0.02454234
v -0.00119778 -0.01934959 0.02611900
v 0.00097965 -0.01837735 0.02928893
v -0.00556578 -0.01778340 0.03107229
v -0.00913890 -0.01740384 0.03015785
v -0.00660944 -0.01697431 0.03263652
v -0.00242665 -0.01769379 0.03189311
v -0.00359449 -0.01703659 0.03327660
v -0.01212115 -0.01735674 0.02722979
v -0.01289367 -0.01638766 0.02921604
v -0.01604483 -0.01556206 0.02613393
v -0.00995141 -0.01645244 0.03190111
v -0.01342146 -0.01534585 0.03113556
v -0.01657770 -0.01456745 0.02831303
v -0.01119816 -0.01818971 0.02517229
v -0.01021897 -0.01882317 0.02303908
v -0.01529679 -0.01641847 0.02389850
v -0.00495378 -0.01268871 -0.00117327
v -0.00583765 -0.01320665 -0.00308129
v -0.00243088 -0.01418319 -0.00304095
v -0.00193419 -0.01372545 -0.00115939
v 0.00093014 -0.01466629 -0.00304220
v -0.00408965 -0.01269010 0.00095537
v -0.00137357 -0.01374476 0.00099542
v 0.00112000 -0.01424350 -0.00114029
v 0.00138721 -0.01425224 0.00104761
v -0.00670648 -0.01118596 0.00094390
v -0.00788235 -0.01121696 -0.00116273
v -0.00834690 -0.00987184 0.00311194
v -0.00929126 -0.01179269 -0.00314866
v 0.00706847 -0.01350724 -0.00114185
v 0.00748594 -0.01400919 -0.00323481
v 0.00977389 -0.01232239 -0.00115791
v 0.01061630 -0.01291900 -0.00346954
v 0.00917909 -0.01211113 0.00119218
v 0.00677138 -0.01338399 0.00114255
v 0.00415237 -0.01415918 -0.00113521
v 0.00413814 -0.01411483 0.00109550
v 0.00424649 -0.01459996 -0.00309958
v -0.04577381 -0.01498880 -0.01501032
v -0.04398054 -0.01670342 -0.01732036
v -0.04209773 -0.01651243 -0.01547531
v -0.04363574 -0.01481201 -0.01299774
v -0.04249143 -0.01806050 -0.01906341
v -0.04083073 -0.01783765 -0.01734278
v -0.04763785 -0.01303718 -0.01219046
v -0.04525879 -0.01282808 -0.00996838
v -0.04927085 -0.01105466 -0.00891193
v -0.04679418 -0.01081683 -0.00664895
v -0.04968108 -0.01308750 -0.01482599
v -0.04744487 -0.01519922 -0.01742298
v -0.05108667 -0.01318169 -0.01777601
v -0.05157166 -0.01093530 -0.01152406
v -0.05379798 -0.01030805 -0.01470137
v -0.04537246 -0.01700106 -0.01951537
v -0.04857925 -0.01546760 -0.02003479
v -0.04631290 -0.01735539 -0.02183960
v -0.04368630 -0.01840130 -0.02107583
v -0.05104072 -0.00761940 -0.00157797
v -0.05037103 -0.00924734 -0.00522587
v -0.04806921 -0.00903443 -0.00330122
v -0.04903776 -0.00747367 -0.00018633
v -0.04616554 -0.00820025 -0.00163508
v -0.05138227 -0.00617501 0.00158606
v -0.04965376 -0.00612731 0.00243456
v -0.05152148 -0.00485835 0.00405096
v -0.04736758 -0.00681911 0.00103773
v -0.04992913 -0.00491085 0.00446747
v -0.04879722 -0.00489861 0.00435660
v -0.05309468 -0.00597753 0.00039898
v -0.05303312 -0.00734895 -0.00305790
v -0.05454337 -0.00542277 -0.00053379
v -0.05307310 -0.00476625 0.00295483
v -0.05412867 -0.00466472 0.00169453
v -0.05260723 -0.00901200 -0.00731681
v -0.05473458 -0.00660369 -0.00421377
v -0.05451764 -0.00815687 -0.00894225
v -0.00052232 -0.01477235 0.03632570
v -0.00276710 -0.01501628 0.03638512
v -0.00206948 -0.01600233 0.03505005
v 0.00009083 -0.01558798 0.03521528
v -0.00110548 -0.01676444 0.03375619
v -0.00526847 -0.01503560 0.03626822
v -0.00454757 -0.01616284 0.03474222
v 0.00143837 -0.01433734 0.03620289
v 0.00198202 -0.01498836 0.03528194
v 0.00315984 -0.01375974 0.03607473
v 0.00095848 -0.01623598 0.03410099
v 0.00269834 -0.01552934 0.03433674
v 0.00365273 -0.01427204 0.03529397
v 0.00116274 -0.01362077 0.03700971
v -0.00074771 -0.01382080 0.03734469
v -0.00030035 -0.01279663 0.03812430
v 0.00276803 -0.01322614 0.03676211
v 0.00141964 -0.01284719 0.03760510
v 0.00255710 -0.01279012 0.03722754
v -0.00309954 -0.01380650 0.03771089
v -0.00253042 -0.01253537 0.03874283
v -0.00573979 -0.01361790 0.03783290
v -0.04918265 -0.01617168 -0.02518906
v -0.04702627 -0.01804315 -0.02622603
v -0.04684129 -0.01771650 -0.02407232
v -0.04910721 -0.01581829 -0.02264481
v -0.04523312 -0.01947850 -0.02706316
v -0.04499706 -0.01916134 -0.02516463
v -0.04449497 -0.01879120 -0.02317719
v -0.05142179 -0.01393349 -0.02405778
v -0.05155275 -0.01352236 -0.02094154
v -0.05341667 -0.01141969 -0.02304414
v -0.05374962 -0.01097117 -0.01944783
v -0.05103626 -0.01423904 -0.02685991
v -0.04895946 -0.01644819 -0.02760361
v -0.05046326 -0.01441251 -0.02946009
v -0.05289050 -0.01173406 -0.02617309
v -0.05220971 -0.01190815 -0.02902014
v -0.04693649 -0.01829411 -0.02831322
v -0.04852270 -0.01660560 -0.02991874
v -0.04664059 -0.01842818 -0.03034641
v -0.04524372 -0.01970946 -0.02889775
v -0.05576500 -0.00588712 -0.02192951
v -0.05484032 -0.00872135 -0.02236012
v -0.05526954 -0.00830715 -0.01864900
v -0.05621999 -0.00556856 -0.01827087
v -0.05558598 -0.00761713 -0.01438952
v -0.05626301 -0.00296566 -0.02167611
v -0.05670840 -0.00279364 -0.01803930
v -0.05651745 -0.00509475 -0.01414403
v -0.05697491 -0.00255260 -0.01396612
v -0.05565508 -0.00307674 -0.02501059
v -0.05515104 -0.00609579 -0.02524576
v -0.05490100 -0.00313498 -0.02817679
v -0.05424580 -0.00900060 -0.02563415
v -0.05439566 -0.00620638 -0.02836197
v -0.05350954 -0.00915177 -0.02864860
v -0.00424314 -0.02016548 0.01993307
v -0.00360801 -0.01995927 0.01739986
v 0.00028196 -0.02035536 0.01856746
v -0.00024430 -0.02032678 0.02124755
v 0.00367875 -0.02016964 0.01962248
v 0.00470616 -0.01979468 0.01649072
v -0.00492656 -0.01996996 0.02232809
v -0.00057507 -0.01990798 0.02382603
v 0.00321895 -0.01995798 0.02230650
v 0.00321617 -0.01935913 0.02492450
v -0.00838958 -0.01922244 0.01852240
v -0.00927782 -0.01919374 0.02082555
v -0.00756912 -0.01883026 0.01612030
v -0.04725282 -0.01645865 -0.03431871
v -0.04563498 -0.01824160 -0.03426569
v -0.04620719 -0.01840411 -0.03233810
v -0.04795741 -0.01660172 -0.03216473
v -0.04506942 -0.01982099 -0.03069341
v -0.04893528 -0.01430710 -0.03436454
v -0.04976985 -0.01442739 -0.03197045
v -0.05047061 -0.01183990 -0.03439008
v -0.05141293 -0.01193583 -0.03177071
v -0.04793875 -0.01407505 -0.03661590
v -0.04639816 -0.01619850 -0.03635783
v -0.04675949 -0.01375465 -0.03869804
v -0.04935318 -0.01164315 -0.03684353
v -0.04803105 -0.01136837 -0.03909634
v -0.04492259 -0.01796036 -0.03610659
v -0.04538265 -0.01584338 -0.03825922
v -0.04406866 -0.01758007 -0.03783820
v -0.04298563 -0.01891020 -0.03749328
v -0.05247467 -0.00618297 -0.03435659
v -0.05164709 -0.00910996 -0.03438224
v -0.05265508 -0.00918174 -0.03158095
v -0.05351642 -0.00623074 -0.03142051
v -0.05296324 -0.00312461 -0.03432872
v -0.05401711 -0.00314847 -0.03130876
v -0.05169921 -0.00307080 -0.03715887
v -0.05123170 -0.00607719 -0.03710541
v -0.05018482 -0.00299442 -0.03972141
v -0.05045026 -0.00895592 -0.03700351
v -0.04974890 -0.00592750 -0.03960221
v -0.04902925 -0.00873907 -0.03939579
v 0.02732073 -0.00626145 0.02926907
v 0.02607182 -0.00665327 0.02875335
v 0.02716273 -0.00709499 0.02862590
v 0.02578587 -0.00755518 0.02809233
v 0.02680865 -0.00801805 0.02776567
v 0.02482489 -0.00692261 0.02832477
v 0.02446413 -0.00788796 0.02765727
v 0.02532757 -0.00854115 0.02725596
v 0.02850782 -0.00646960 0.02919757
v 0.02847251 -0.00571786 0.02979604
v 0.02963443 -0.00558930 0.02974973
v 0.02828939 -0.00735657 0.02831883
v 0.02977666 -0.00640447 0.02889337
v 0.02737400 -0.00544773 0.02974300
v 0.02835267 -0.00502911 0.03018460
v 0.02740189 -0.00457432 0.03010423
v 0.02941293 -0.00496156 0.03028047
v 0.02911697 -0.00442740 0.03058114
v 0.02826954 -0.00429193 0.03046858
v 0.02624375 -0.00576279 0.02927145
v 0.02506399 -0.00597913 0.02887089
v 0.02635999 -0.00481110 0.02967901
v 0.02523504 -0.00498079 0.02931288
v -0.04275704 -0.01501325 -0.04157662
v -0.04182817 -0.01669024 -0.04091099
v -0.04419554 -0.01541542 -0.04000002
v -0.04307187 -0.01712044 -0.03943791
v -0.04106238 -0.01797787 -0.04036082
v -0.04214642 -0.01842811 -0.03897585
v -0.04537672 -0.01336931 -0.04058452
v -0.04373632 -0.01300539 -0.04226459
v -0.04647468 -0.01103838 -0.04111377
v -0.04178417 -0.01274926 -0.04372753
v -0.04098736 -0.01473551 -0.04298542
v -0.04465333 -0.01072518 -0.04288178
v -0.04253628 -0.01050082 -0.04438629
v -0.04023353 -0.01639825 -0.04226266
v -0.03961034 -0.01767615 -0.04166194
v -0.04594634 -0.00557672 -0.04363943
v -0.04539542 -0.00823114 -0.04333503
v -0.04734873 -0.00847891 -0.04151013
v -0.04798757 -0.00574802 -0.04178219
v -0.04628989 -0.00281538 -0.04381002
v -0.04837991 -0.00290287 -0.04193855
v -0.04392020 -0.00275118 -0.04533555
v -0.04362385 -0.00545156 -0.04516800
v -0.04315603 -0.00805152 -0.04485901
v -0.01386557 -0.00692946 0.00669619
v -0.01291951 -0.00596408 0.00483480
v -0.01075687 -0.00868267 0.00507973
v -0.01146130 -0.01002453 0.00716830
v -0.01521657 -0.00795924 0.00860273
v -0.01256203 -0.01144859 0.00929623
v -0.01707473 -0.00407790 0.00811993
v -0.01555634 -0.00353889 0.00636788
v -0.01444045 -0.00303496 0.00466777
v 0.02371865 -0.01225058 0.02172386
v 0.02196693 -0.01308088 0.02146988
v 0.02369954 -0.01209176 0.02124276
v 0.02192322 -0.01289673 0.02097465
v 0.02189959 -0.01255779 0.02056879
v 0.02017251 -0.01384756 0.02147466
v 0.02011309 -0.01362988 0.02095279
v 0.02011682 -0.01324539 0.02051227
v 0.02536652 -0.01121784 0.02177969
v 0.02534657 -0.01137085 0.02224401
v 0.02684860 -0.01027787 0.02260796
v 0.02365154 -0.01179366 0.02084894
v 0.02529313 -0.01095350 0.02138117
v 0.02674489 -0.01003781 0.02219397
v 0.02379817 -0.01220515 0.02233629
v 0.02530310 -0.01137694 0.02279826
v 0.02406472 -0.01187008 0.02314098
v 0.02679214 -0.01044253 0.02305405
v 0.02661167 -0.01052864 0.02352560
v 0.02545509 -0.01111886 0.02353358
v 0.02211654 -0.01302783 0.02209815
v 0.02036788 -0.01380612 0.02210726
v 0.02245784 -0.01265519 0.02290310
v 0.02077200 -0.01341325 0.02287990
v 0.01072804 -0.00305506 0.03785740
v 0.01158588 -0.00297633 0.03691437
v 0.01092493 -0.00153038 0.03793296
v 0.01172401 -0.00147926 0.03704122
v 0.01240527 -0.00286240 0.03593371
v 0.01250088 -0.00140864 0.03610013
v 0.01019351 -0.00156287 0.03872229
v 0.00990945 -0.00313368 0.03869809
v 0.00961962 -0.00157758 0.03935614
v 0.01041673 -0.00456947 0.03770934
v 0.00938962 -0.00472150 0.03864219
v 0.01004585 -0.00601809 0.03747619
v 0.00925810 -0.00317946 0.03937629
v 0.00854084 -0.00483109 0.03939779
v 0.00884591 -0.00622342 0.03845445
v 0.01138996 -0.00451014 0.03666961
v 0.01227804 -0.00440752 0.03561134
v 0.01108410 -0.00600894 0.03638636
v -0.02112071 -0.00649989 0.03348464
v -0.02199353 -0.00700937 0.03148923
v -0.01958381 -0.01005264 0.03187243
v -0.01894465 -0.00929675 0.03374175
v -0.01669889 -0.01254257 0.03237915
v -0.02253649 -0.00760001 0.02927956
v -0.01995003 -0.01087783 0.02977471
v -0.01996986 -0.00608793 0.03524539
v -0.01813726 -0.00860671 0.03531618
v -0.01852494 -0.00584585 0.03677930
v -0.01637317 -0.01157310 0.03412839
v -0.01699477 -0.00820305 0.03664212
v -0.01571971 -0.00974635 0.03645942
v -0.02135326 -0.00314923 0.03518277
v -0.02266034 -0.00334079 0.03332270
v -0.01977037 -0.00303629 0.03682469
v -0.02365656 -0.00359719 0.03124610
v -0.02430687 -0.00390467 0.02895449
v -0.02252269 -0.00889902 0.02436100
v -0.02205670 -0.00945391 0.02181706
v -0.01960788 -0.01264968 0.02515369
v -0.01901592 -0.01340283 0.02275063
v -0.01993865 -0.01177576 0.02751509
v -0.02269775 -0.00825548 0.02687598
v -0.01682065 -0.01352936 0.03040503
v -0.02450166 -0.00458951 0.02382786
v -0.02457622 -0.00424946 0.02644951
v -0.02412025 -0.00488279 0.02118621
v 0.02621730 -0.00783186 0.01796720
v 0.02498128 -0.00843558 0.01780638
v 0.02598293 -0.00719405 0.01759162
v 0.02713987 -0.00663524 0.01782025
v 0.02686692 -0.00582186 0.01742908
v 0.02470030 -0.00788082 0.01742860
v 0.02567687 -0.00643518 0.01717429
v 0.02723879 -0.00733783 0.01822666
v 0.02811223 -0.00619627 0.01812242
v 0.02798468 -0.00696288 0.01858180
v 0.02796011 -0.00532976 0.01771076
v 0.02889389 -0.00495148 0.01803950
v 0.02884109 -0.00586907 0.01850607
v 0.02636971 -0.00826912 0.01837863
v 0.02531170 -0.00882508 0.01817525
v 0.02567798 -0.00890936 0.01861861
v 0.02710654 -0.00785483 0.01868339
v 0.02641290 -0.00842130 0.01878774
v 0.02400351 -0.00946010 0.01808279
v 0.02359199 -0.00915960 0.01774989
v 0.02456151 -0.00952691 0.01847150
v 0.02319113 -0.01018127 0.01843020
v 0.02251711 -0.01019161 0.01812145
v -0.01480953 -0.00595942 0.03921778
v -0.01274865 -0.00605727 0.04017772
v -0.01398818 -0.00306804 0.04048273
v -0.01598507 -0.00304163 0.03946200
v -0.01076039 -0.00602071 0.04098692
v -0.01205880 -0.00304901 0.04132173
v -0.01676989 -0.00584598 0.03809420
v -0.01794672 -0.00301574 0.03824687
v -0.01535031 -0.00830634 0.03776592
v -0.01331401 -0.00863065 0.03874602
v -0.01417213 -0.01034506 0.03713751
v -0.01099599 -0.00889006 0.03964083
v -0.01196731 -0.01093545 0.03795897
v -0.00937125 -0.01136859 0.03876303
v -0.00877959 -0.00883896 0.04044955
v 0.00326867 -0.00575890 0.04303497
v 0.00321089 -0.00650461 0.04237352
v 0.00507196 -0.00599650 0.04212508
v 0.00495166 -0.00542536 0.04280752
v 0.00637025 -0.00477518 0.04261291
v 0.00299494 -0.00719641 0.04175000
v 0.00503226 -0.00650327 0.04148797
v 0.00672087 -0.00548419 0.04126841
v 0.00471036 -0.00477690 0.04342137
v 0.00324102 -0.00496894 0.04364266
v 0.00454676 -0.00404246 0.04389938
v 0.00595230 -0.00431600 0.04323119
v 0.00550071 -0.00390368 0.04363917
v 0.00173282 -0.00492542 0.04380435
v 0.00150521 -0.00574219 0.04326963
v 0.00036389 -0.00454890 0.04397174
v 0.00319376 -0.00411806 0.04413232
v 0.00182461 -0.00408608 0.04423598
v 0.00081969 -0.00398963 0.04423761
v 0.00122892 -0.00659311 0.04265705
v -0.00015739 -0.00530889 0.04352490
v -0.00068877 -0.00617250 0.04297281
v 0.00080389 -0.00742530 0.04205472
v 0.00857460 -0.01486436 0.03088200
v 0.00884359 -0.01505743 0.03015820
v 0.00976911 -0.01378533 0.03117337
v 0.01028178 -0.01374017 0.03057816
v 0.01067329 -0.01297000 0.03115656
v 0.01085326 -0.01298584 0.03090313
v 0.00931423 -0.01508221 0.02943394
v 0.01089876 -0.01358828 0.02995642
v 0.01105629 -0.01299651 0.03057805
v 0.01135337 -0.01296498 0.03021995
v 0.01132072 -0.01297390 0.03025161
v 0.01105940 -0.01299675 0.03057349
v 0.00933195 -0.01375246 0.03172665
v 0.00813979 -0.01431497 0.03216262
v 0.00835495 -0.01460754 0.03154211
v 0.00899560 -0.01360149 0.03226822
v 0.01015125 -0.01292540 0.03189890
v 0.01005098 -0.01288801 0.03207215
v 0.01042506 -0.01295246 0.03152953
v 0.00957478 -0.01303767 0.03237464
v 0.00726087 -0.01537688 0.03148032
v 0.00716456 -0.01584328 0.03075757
v 0.00617340 -0.01593693 0.03162134
v 0.00720906 -0.01499139 0.03208465
v 0.00646238 -0.01546904 0.03204821
v 0.00700051 -0.01634718 0.02982037
v 0.00722471 -0.01660769 0.02887667
v 0.00569498 -0.01657262 0.03089746
v 0.00500218 -0.01731733 0.02983207
v -0.01083360 -0.01420632 0.03529095
v -0.01046050 -0.01541288 0.03364023
v -0.00799900 -0.01479679 0.03586209
v -0.00739208 -0.01600098 0.03424781
v -0.00851548 -0.01329508 0.03743531
v -0.01123819 -0.01275392 0.03676889
v -0.00576557 -0.01164289 0.03963109
v -0.01364724 -0.01317069 0.03467892
v -0.01371948 -0.01191032 0.03608449
v -0.01600422 -0.01058701 0.03554570
v -0.01361028 -0.01429470 0.03299290
v -0.05159513 -0.00240640 0.00644335
v -0.05158416 -0.00361355 0.00560150
v -0.04987575 -0.00373977 0.00581842
v -0.04970222 -0.00255463 0.00660103
v -0.04804239 -0.00285934 0.00592780
v -0.04837495 -0.00406746 0.00523259
v -0.04961712 -0.00129598 0.00692892
v -0.05157925 -0.00120263 0.00678219
v -0.04790142 -0.00147421 0.00624162
v -0.05351644 -0.00120801 0.00564910
v -0.05345400 -0.00240565 0.00532312
v -0.05515731 -0.00132594 0.00337733
v -0.05324955 -0.00358368 0.00451061
v -0.05501368 -0.00260628 0.00310611
v -0.05462928 -0.00379657 0.00246419
v -0.05652809 -0.00369348 -0.00464396
v -0.05665886 -0.00442036 -0.00942321
v -0.05586476 -0.00532495 -0.00463320
v -0.05584211 -0.00651042 -0.00947042
v -0.05548075 -0.00439867 -0.00061937
v -0.05600904 -0.00306217 -0.00034188
v -0.05682905 -0.00189002 -0.00457383
v -0.05623048 -0.00157023 -0.00018543
v -0.05704616 -0.00223444 -0.00932251
v -0.04587270 -0.00389472 0.00270446
v -0.04466134 -0.00448432 0.00059636
v -0.04449534 -0.00227333 0.00106470
v -0.04568198 -0.00200339 0.00306571
v -0.04688280 -0.00332955 0.00455528
v -0.04670352 -0.00172352 0.00487262
v -0.04733242 -0.00470174 0.00391521
v -0.04637356 -0.00556304 0.00201490
v -0.04820514 -0.00568577 0.00314434
v -0.04512383 -0.00657175 -0.00031974
v 0.00659458 -0.02641244 -0.01481304
v 0.00375868 -0.02676539 -0.01467243
v 0.00438648 -0.02785959 -0.01642362
v 0.00729106 -0.02741520 -0.01654397
v 0.00498086 -0.02889459 -0.01834514
v 0.00074097 -0.02705753 -0.01465880
v 0.00129340 -0.02823230 -0.01641027
v 0.00181364 -0.02934460 -0.01834527
v 0.00909499 -0.02600228 -0.01500854
v 0.00987201 -0.02690506 -0.01669962
v 0.00794134 -0.02836671 -0.01843735
v 0.01056579 -0.02777883 -0.01856423
v 0.00830970 -0.02515051 -0.01360637
v 0.00595507 -0.02542220 -0.01332494
v 0.00320098 -0.02567700 -0.01315541
v 0.00024489 -0.02589488 -0.01314860
v 0.00881191 -0.02988000 -0.02248333
v 0.00578169 -0.03053554 -0.02251804
v 0.00603400 -0.03102848 -0.02479024
v 0.00906835 -0.03035259 -0.02466200
v 0.00922967 -0.03057637 -0.02696182
v 0.00251769 -0.03109300 -0.02260223
v 0.00275300 -0.03159901 -0.02494340
v 0.01149111 -0.02916714 -0.02248335
v 0.01174730 -0.02961720 -0.02456880
v 0.01188229 -0.02986153 -0.02675880
v 0.01110138 -0.02854360 -0.02048699
v 0.00844226 -0.02920317 -0.02041280
v 0.00543829 -0.02980541 -0.02037314
v 0.00221315 -0.03031985 -0.02040606
v 0.00780560 -0.02839372 -0.03972981
v 0.00836689 -0.02887025 -0.03819128
v 0.00571021 -0.02905858 -0.03889324
v 0.00520388 -0.02855995 -0.04043597
v 0.00884760 -0.02932544 -0.03636178
v 0.00612724 -0.02956656 -0.03703196
v 0.00726291 -0.02785268 -0.04100872
v 0.00471415 -0.02801279 -0.04170920
v 0.00688774 -0.02719413 -0.04205916
v 0.00434691 -0.02735916 -0.04276200
v 0.00937403 -0.02760886 -0.04034185
v 0.01003241 -0.02811875 -0.03907463
v 0.01102130 -0.02719499 -0.03990932
v 0.00895605 -0.02699100 -0.04134385
v 0.01029461 -0.02680822 -0.04078668
v 0.01066480 -0.02857421 -0.03753985
v 0.01184346 -0.02767098 -0.03861777
v 0.01256166 -0.02812089 -0.03706086
v 0.01120382 -0.02898950 -0.03573437
v -0.03293430 -0.02776586 -0.02786750
v -0.03595220 -0.02640474 -0.02776850
v -0.03310434 -0.02793583 -0.02929972
v -0.03610348 -0.02657968 -0.02913485
v -0.03614533 -0.02660914 -0.03056971
v -0.03858093 -0.02537243 -0.03038025
v -0.02972514 -0.02924396 -0.02935757
v -0.02954324 -0.02906822 -0.02783125
v -0.02613221 -0.03038223 -0.02917628
v -0.03316312 -0.02791207 -0.03081929
v -0.02979597 -0.02917423 -0.03099160
v -0.03266110 -0.02742155 -0.02647971
v -0.02926367 -0.02867003 -0.02636304
v -0.03229281 -0.02692228 -0.02509343
v -0.02595346 -0.03018364 -0.02753283
v -0.02568657 -0.02972046 -0.02596504
v -0.02889983 -0.02807238 -0.02490331
v -0.03569383 -0.02610116 -0.02643451
v -0.03533069 -0.02568582 -0.02509672
v -0.01871313 -0.03151419 -0.02593010
v -0.02233942 -0.03098391 -0.02684531
v -0.01882133 -0.03181891 -0.02785017
v -0.02249186 -0.03122877 -0.02862372
v -0.01513781 -0.03218799 -0.02700592
v -0.01508659 -0.03181966 -0.02494864
v -0.01145854 -0.03237136 -0.02624124
v -0.01855305 -0.03090115 -0.02413511
v -0.01500581 -0.03113614 -0.02303985
v -0.01835942 -0.03001879 -0.02241605
v -0.01147182 -0.03194548 -0.02406234
v -0.01147770 -0.03120406 -0.02204887
v -0.01491331 -0.03018297 -0.02123713
v -0.02211483 -0.03044671 -0.02516628
v -0.02183660 -0.02965016 -0.02353332
v -0.02534876 -0.02902029 -0.02441904
v -0.00433676 -0.03179255 -0.02301145
v -0.00788081 -0.03193680 -0.02343264
v -0.00419346 -0.03228675 -0.02534771
v -0.00780072 -0.03240435 -0.02570644
v -0.00066585 -0.03201838 -0.02511129
v -0.00086286 -0.03151165 -0.02275067
v -0.00451108 -0.03099490 -0.02084424
v -0.00110945 -0.03071606 -0.02054959
v -0.00143105 -0.02969888 -0.01849544
v -0.00797331 -0.03115728 -0.02133049
v -0.00473965 -0.02995865 -0.01882767
v -0.00809860 -0.03012512 -0.01937401
v -0.01149434 -0.03019949 -0.02016648
v -0.01795568 -0.02766263 -0.01914298
v -0.02122027 -0.02746925 -0.02033914
v -0.01815059 -0.02890617 -0.02072380
v -0.02152322 -0.02862727 -0.02189310
v -0.02457149 -0.02706851 -0.02132718
v -0.02495727 -0.02811073 -0.02284099
v -0.01482695 -0.02900570 -0.01949805
v -0.01475740 -0.02770662 -0.01789573
v -0.01153991 -0.02898412 -0.01838086
v -0.01780378 -0.02638751 -0.01775821
v -0.01471527 -0.02638797 -0.01650327
v -0.01772402 -0.02518016 -0.01665413
v -0.01160512 -0.02765919 -0.01675441
v -0.01168069 -0.02632589 -0.01534956
v -0.01471124 -0.02515204 -0.01539380
v -0.02097327 -0.02626736 -0.01896492
v -0.02425081 -0.02597036 -0.01997392
v -0.02082779 -0.02511281 -0.01786396
v -0.00537825 -0.02745624 -0.01524462
v -0.00847853 -0.02757831 -0.01587603
v -0.00504567 -0.02874866 -0.01694334
v -0.00827704 -0.02889966 -0.01753719
v -0.00230488 -0.02728523 -0.01484420
v -0.00185309 -0.02852743 -0.01657560
v -0.00271574 -0.02605582 -0.01335532
v -0.00568650 -0.02617271 -0.01378487
v -0.00867295 -0.02625844 -0.01444652
v -0.01175733 -0.02508545 -0.01422872
v -0.03135512 -0.02555445 -0.02228313
v -0.03090561 -0.02476068 -0.02103214
v -0.03367165 -0.02402067 -0.02124460
v -0.03430832 -0.02460802 -0.02240148
v -0.03183749 -0.02628745 -0.02366573
v -0.03486509 -0.02517559 -0.02371894
v -0.02846513 -0.02729831 -0.02340247
v -0.02802964 -0.02640243 -0.02195010
v -0.02766346 -0.02543935 -0.02063579
v -0.01783411 -0.02326166 -0.01545354
v -0.01795573 -0.02254025 -0.01518038
v -0.02093024 -0.02322284 -0.01667237
v -0.02108263 -0.02249412 -0.01640179
v -0.01807622 -0.02197056 -0.01500755
v -0.02123877 -0.02191406 -0.01622809
v -0.01774551 -0.02413992 -0.01591535
v -0.02082937 -0.02409686 -0.01712976
v -0.02404238 -0.02391316 -0.01813433
v -0.01475593 -0.02410108 -0.01464041
v -0.01483099 -0.02322456 -0.01415966
v -0.01491809 -0.02251191 -0.01386809
v -0.01499888 -0.02195256 -0.01368227
v -0.03160352 -0.02005574 -0.04461969
v -0.03147637 -0.02049995 -0.04442433
v -0.03444749 -0.01984385 -0.04327594
v -0.03459543 -0.01940454 -0.04347945
v -0.03693062 -0.01946405 -0.04205804
v -0.03136890 -0.02098260 -0.04416666
v -0.03430587 -0.02032987 -0.04301884
v -0.03675773 -0.01995242 -0.04180628
v -0.03179382 -0.01947626 -0.04483045
v -0.03479950 -0.01884165 -0.04371480
v -0.03710007 -0.01902748 -0.04226297
v -0.03732570 -0.01847518 -0.04251121
v -0.02847564 -0.02024798 -0.04579194
v -0.02829754 -0.02084623 -0.04560879
v -0.02501193 -0.02102573 -0.04653300
v -0.02819084 -0.02129629 -0.04542366
v -0.02485067 -0.02164115 -0.04637181
v -0.02476447 -0.02209677 -0.04619434
v -0.02811672 -0.02177536 -0.04516726
v -0.01805225 -0.02283964 -0.04706376
v -0.01800842 -0.02330203 -0.04688296
v -0.02137083 -0.02276532 -0.04665682
v -0.02143608 -0.02230565 -0.04683383
v -0.02471927 -0.02257288 -0.04593814
v -0.01814972 -0.02220516 -0.04721896
v -0.02156967 -0.02167848 -0.04698741
v -0.01475297 -0.02260467 -0.04729145
v -0.01469763 -0.02324301 -0.04713052
v -0.01138028 -0.02287593 -0.04726871
v -0.01467575 -0.02370701 -0.04694464
v -0.01137069 -0.02351568 -0.04710301
v -0.01137130 -0.02398037 -0.04691373
v -0.00480089 -0.02367643 -0.04693180
v -0.00484897 -0.02414145 -0.04674702
v -0.00806988 -0.02365756 -0.04705014
v -0.00809359 -0.02412220 -0.04686208
v -0.00803254 -0.02301789 -0.04721452
v -0.00471694 -0.02303770 -0.04709276
v -0.00156938 -0.02358010 -0.04670786
v -0.00144071 -0.02294254 -0.04686728
v 0.00161899 -0.02337636 -0.04633821
v 0.00178895 -0.02273959 -0.04650195
v -0.00164381 -0.02404700 -0.04652584
v 0.00151555 -0.02384781 -0.04615584
v 0.00143725 -0.02434066 -0.04589242
v 0.00774024 -0.02277806 -0.04501820
v 0.00756918 -0.02326720 -0.04482169
v 0.00475853 -0.02307301 -0.04578272
v 0.00462273 -0.02355280 -0.04559433
v 0.00740410 -0.02379929 -0.04455489
v 0.00450497 -0.02406456 -0.04532893
v 0.00496482 -0.02243603 -0.04596063
v 0.00798142 -0.02213992 -0.04521595
v 0.01045510 -0.02259954 -0.04402146
v 0.01073330 -0.02195935 -0.04424055
v 0.01279408 -0.02264544 -0.04276934
v 0.01311497 -0.02200240 -0.04300705
v 0.01024634 -0.02309624 -0.04381827
v 0.01003016 -0.02364374 -0.04355529
v 0.01254566 -0.02314516 -0.04256444
v 0.01227865 -0.02369683 -0.04231510
v 0.00640790 -0.02112017 -0.00986203
v 0.00338307 -0.02124475 -0.00955664
v 0.00629589 -0.02146964 -0.01004134
v 0.00329656 -0.02158631 -0.00974293
v 0.00025647 -0.02135619 -0.00953910
v 0.00019661 -0.02169931 -0.00973266
v 0.00906148 -0.02145193 -0.01065673
v 0.00920011 -0.02108920 -0.01048441
v 0.01146016 -0.02163579 -0.01161800
v 0.00653461 -0.02064991 -0.00960079
v 0.00936678 -0.02059464 -0.01022922
v 0.01162892 -0.02125860 -0.01145291
v 0.01184116 -0.02073543 -0.01120307
v 0.00347091 -0.02078799 -0.00928700
v 0.00030193 -0.02089561 -0.00925701
v -0.03170808 -0.01992703 -0.01726630
v -0.03485865 -0.01948370 -0.01751061
v -0.03463539 -0.01991384 -0.01792926
v -0.03150972 -0.02036533 -0.01765428
v -0.03753602 -0.01921639 -0.01808265
v -0.03727989 -0.01964059 -0.01851103
v -0.02829163 -0.02041805 -0.01707816
v -0.02811340 -0.02086473 -0.01742521
v -0.02481662 -0.02082844 -0.01667468
v -0.02465695 -0.02128173 -0.01698116
v -0.02857356 -0.01978849 -0.01645970
v -0.03201993 -0.01932616 -0.01658988
v -0.02507550 -0.02017528 -0.01611757
v -0.03521179 -0.01890929 -0.01679142
v -0.03794631 -0.01865890 -0.01734764
v -0.01827873 -0.02109333 -0.01459073
v -0.02149036 -0.02102986 -0.01578430
v -0.02135088 -0.02148601 -0.01606127
v -0.01816148 -0.02154746 -0.01484672
v -0.01505501 -0.02153598 -0.01351871
v -0.01514762 -0.02108986 -0.01327765
v -0.01199774 -0.02152147 -0.01225846
v -0.01533787 -0.02044190 -0.01285929
v -0.01849520 -0.02043058 -0.01413243
v -0.01206290 -0.02109045 -0.01202877
v -0.01221901 -0.02047089 -0.01164567
v -0.02172856 -0.02036550 -0.01528016
v -0.00591997 -0.02126813 -0.01027736
v -0.00899046 -0.02116612 -0.01102778
v -0.00591763 -0.02164979 -0.01048735
v -0.00895595 -0.02157384 -0.01124714
v -0.00287078 -0.02170604 -0.00998167
v -0.00284110 -0.02134773 -0.00978023
v -0.00597859 -0.02073789 -0.00995390
v -0.00284608 -0.02085951 -0.00948002
v -0.00288481 -0.02011141 -0.00900444
v -0.00910108 -0.02058895 -0.01067649
v 0.01608645 -0.02361255 -0.03948392
v 0.01575664 -0.02409858 -0.03929934
v 0.01435857 -0.02351920 -0.04104057
v 0.01464817 -0.02302378 -0.04123862
v 0.01540237 -0.02461157 -0.03911382
v 0.01404508 -0.02405745 -0.04081930
v 0.01651532 -0.02296211 -0.03973640
v 0.01502097 -0.02237713 -0.04148810
v 0.01766207 -0.02363589 -0.03780465
v 0.01717801 -0.02428972 -0.03755986
v 0.01852525 -0.02427704 -0.03574557
v 0.01681141 -0.02476353 -0.03739342
v 0.01799195 -0.02493326 -0.03552103
v 0.01759446 -0.02539428 -0.03537547
v 0.01642344 -0.02524511 -0.03724455
v 0.01899604 -0.02574360 -0.03127772
v 0.01856237 -0.02618399 -0.03117762
v 0.01817732 -0.02587104 -0.03329817
v 0.01859733 -0.02542116 -0.03342206
v 0.01718119 -0.02584403 -0.03525743
v 0.01959353 -0.02508732 -0.03142145
v 0.01916889 -0.02476411 -0.03361186
v 0.01979962 -0.02523689 -0.02919228
v 0.01918998 -0.02589078 -0.02910280
v 0.01978767 -0.02520303 -0.02694226
v 0.02073365 -0.02415679 -0.02697004
v 0.01875199 -0.02632329 -0.02902989
v 0.01918100 -0.02585288 -0.02691207
v 0.01874854 -0.02627910 -0.02687109
v 0.01856762 -0.02521538 -0.02254573
v 0.01817543 -0.02563309 -0.02258277
v 0.01897100 -0.02562009 -0.02472032
v 0.01855439 -0.02604162 -0.02471729
v 0.01955820 -0.02497597 -0.02468935
v 0.01912128 -0.02457918 -0.02245568
v 0.01797852 -0.02466172 -0.02040644
v 0.01848703 -0.02403612 -0.02026341
v 0.01721135 -0.02398206 -0.01832062
v 0.01766556 -0.02337028 -0.01813468
v 0.01761759 -0.02507580 -0.02048179
v 0.01688676 -0.02439203 -0.01842859
v 0.01508478 -0.02241623 -0.01443984
v 0.01484059 -0.02281394 -0.01458652
v 0.01627375 -0.02319939 -0.01630646
v 0.01598884 -0.02360404 -0.01643744
v 0.01666697 -0.02260514 -0.01609163
v 0.01541452 -0.02184284 -0.01420692
v 0.01356349 -0.02173512 -0.01279669
v 0.01383150 -0.02118555 -0.01255320
v 0.01335879 -0.02212382 -0.01295398
v -0.04096871 -0.01950712 -0.02084046
v -0.04062087 -0.01993020 -0.02120157
v -0.03923271 -0.01967589 -0.01966044
v -0.03953288 -0.01925343 -0.01925395
v -0.03898550 -0.02012937 -0.01994276
v -0.04153986 -0.01893948 -0.02018226
v -0.04002066 -0.01869600 -0.01854186
v -0.04260890 -0.01930824 -0.02207700
v -0.04196301 -0.01988981 -0.02265813
v -0.04333280 -0.01972117 -0.02403429
v -0.04157140 -0.02031394 -0.02295845
v -0.04263528 -0.02031379 -0.02452293
v -0.04221133 -0.02073757 -0.02475512
v -0.04338681 -0.02099819 -0.02788129
v -0.04295170 -0.02141352 -0.02798209
v -0.04266768 -0.02111151 -0.02641563
v -0.04310500 -0.02069141 -0.02625078
v -0.04408363 -0.02040835 -0.02759494
v -0.04381654 -0.02009716 -0.02586229
v -0.04415753 -0.02062684 -0.02926622
v -0.04349537 -0.02120967 -0.02945403
v -0.04307466 -0.02162133 -0.02949660
v -0.04269700 -0.02212050 -0.03090033
v -0.03896627 -0.02183925 -0.03871553
v -0.03780629 -0.02153036 -0.03986119
v -0.03803337 -0.02274846 -0.03851910
v -0.03703050 -0.02241536 -0.03960313
v -0.03655649 -0.02365875 -0.03861711
v -0.03615566 -0.02149075 -0.04099399
v -0.03559219 -0.02234784 -0.04063776
v -0.03576156 -0.02327467 -0.03964915
v -0.03875438 -0.02318457 -0.03736054
v -0.03977172 -0.02228026 -0.03752476
v -0.04034206 -0.02273100 -0.03625768
v -0.03717060 -0.02410309 -0.03747541
v -0.03764715 -0.02453803 -0.03621289
v -0.04037591 -0.02145367 -0.03783453
v -0.03951753 -0.02099936 -0.03905610
v -0.04072028 -0.02076830 -0.03815629
v -0.04098374 -0.02192598 -0.03654223
v -0.03827678 -0.02069190 -0.04023956
v -0.03652179 -0.02066013 -0.04141755
v -0.03983064 -0.02030035 -0.03940473
v -0.03855455 -0.01998548 -0.04061148
v -0.04026543 -0.01937456 -0.03980216
v -0.04057233 -0.01881761 -0.04001927
v -0.03894428 -0.01905941 -0.04104519
v -0.03920546 -0.01850790 -0.04128594
v -0.03875218 -0.01949663 -0.04085020
v -0.04004906 -0.01981377 -0.03962537
v -0.04120091 -0.01984712 -0.03850994
v -0.04095817 -0.02028765 -0.03835649
v -0.04155988 -0.01928213 -0.03869146
v -0.03293997 -0.02728488 -0.03416879
v -0.02958894 -0.02831703 -0.03463402
v -0.02974235 -0.02883600 -0.03278295
v -0.03310256 -0.02767521 -0.03246915
v -0.03590325 -0.02621356 -0.03368791
v -0.03607545 -0.02647625 -0.03210925
v -0.03831454 -0.02515922 -0.03334562
v -0.03849936 -0.02532256 -0.03184833
v -0.03563815 -0.02585363 -0.03524012
v -0.03269262 -0.02680078 -0.03583773
v -0.03528960 -0.02542903 -0.03670032
v -0.03802947 -0.02489389 -0.03481839
v -0.02936045 -0.02770508 -0.03644721
v -0.03237780 -0.02628255 -0.03739547
v -0.02908158 -0.02708790 -0.03812492
v -0.01821963 -0.02792649 -0.04210782
v -0.02167872 -0.02737938 -0.04194160
v -0.02154525 -0.02685187 -0.04304684
v -0.01815159 -0.02738889 -0.04323026
v -0.02510143 -0.02674414 -0.04153404
v -0.02490662 -0.02621759 -0.04261985
v -0.02476251 -0.02561136 -0.04354173
v -0.01473667 -0.02781166 -0.04324857
v -0.01473172 -0.02836224 -0.04210895
v -0.01830713 -0.02846979 -0.04073210
v -0.01474243 -0.02891864 -0.04069484
v -0.02183741 -0.02790793 -0.04060764
v -0.02532885 -0.02726008 -0.04024546
v 0.00696675 -0.02545825 -0.04359802
v 0.00718086 -0.02456631 -0.04414628
v 0.00938713 -0.02533772 -0.04265535
v 0.00972966 -0.02443634 -0.04315688
v 0.01141945 -0.02538773 -0.04151736
v 0.01190198 -0.02449572 -0.04194406
v 0.00904483 -0.02621162 -0.04208301
v 0.00682903 -0.02636509 -0.04291229
v 0.01083486 -0.02621880 -0.04110106
v 0.00420808 -0.02654113 -0.04364343
v 0.00423194 -0.02565511 -0.04436042
v 0.00435281 -0.02479746 -0.04491994
v 0.01418647 -0.02617398 -0.03862540
v 0.01509610 -0.02669430 -0.03690157
v 0.01401516 -0.02746072 -0.03687623
v 0.01319786 -0.02698638 -0.03850660
v 0.01315423 -0.02852315 -0.03525900
v 0.01299008 -0.02570248 -0.04016902
v 0.01217848 -0.02652473 -0.03991190
v 0.01490015 -0.02534288 -0.03885849
v 0.01360060 -0.02483263 -0.04050014
v 0.01587526 -0.02592224 -0.03705247
v -0.04113639 -0.02329522 -0.03344196
v -0.04136156 -0.02341024 -0.03197532
v -0.04209207 -0.02266975 -0.03219660
v -0.04184259 -0.02253600 -0.03368539
v -0.04079675 -0.02306906 -0.03488308
v -0.04147289 -0.02228742 -0.03514656
v -0.03969898 -0.02395180 -0.03473653
v -0.04000965 -0.02417804 -0.03329618
v -0.03928058 -0.02362018 -0.03610662
v -0.04021269 -0.02429754 -0.03183147
v -0.03110796 -0.02249422 -0.04325003
v -0.03123759 -0.02167737 -0.04376897
v -0.02803635 -0.02246062 -0.04477033
v -0.02797836 -0.02326406 -0.04423754
v -0.03100552 -0.02334310 -0.04262864
v -0.02797135 -0.02409763 -0.04357358
v -0.02804393 -0.02487330 -0.04278312
v -0.03356483 -0.02270847 -0.04164815
v -0.03387831 -0.02185758 -0.04214623
v -0.03102714 -0.02412952 -0.04188363
v -0.03345203 -0.02347236 -0.04102742
v -0.03497957 -0.02302440 -0.04042478
v -0.03412073 -0.02103292 -0.04262269
v 0.00929544 -0.03022248 -0.03184993
v 0.00641314 -0.03068004 -0.03233553
v 0.00914856 -0.02980246 -0.03420995
v 0.00634904 -0.03014184 -0.03480309
v 0.01158213 -0.02937890 -0.03365507
v 0.01181266 -0.02968938 -0.03140040
v 0.00931392 -0.03050673 -0.02939584
v 0.01190839 -0.02986792 -0.02906882
v 0.00635700 -0.03107680 -0.02975826
v 0.00621812 -0.03122774 -0.02720018
v -0.03163195 -0.02529217 -0.03995470
v -0.03201278 -0.02578986 -0.03876151
v -0.03437337 -0.02450187 -0.03915987
v -0.03486702 -0.02497233 -0.03800294
v -0.03381162 -0.02403602 -0.04018301
v -0.03126967 -0.02475897 -0.04099386
v -0.02848024 -0.02604400 -0.04080892
v -0.02822472 -0.02550306 -0.04187083
v -0.02877702 -0.02655324 -0.03956955
v 0.03119436 -0.00309202 0.02920436
v 0.03104666 -0.00299653 0.02872643
v 0.03117841 -0.00151145 0.02898751
v 0.03134753 -0.00155800 0.02945757
v 0.03073186 -0.00288460 0.02824354
v 0.03085272 -0.00145351 0.02851093
v 0.03118117 -0.00315025 0.02967259
v 0.03136519 -0.00157861 0.02991487
v 0.03103102 -0.00311888 0.03013071
v 0.03123649 -0.00155873 0.03035324
v 0.03081551 -0.00470910 0.02919982
v 0.03089963 -0.00457924 0.02871515
v 0.03026438 -0.00618394 0.02840077
v 0.03061090 -0.00468300 0.02969776
v 0.03079328 -0.00442999 0.02822808
v 0.03044385 -0.00598002 0.02792853
v 0.03039297 -0.00578601 0.02744513
v 0.03049766 -0.00427198 0.02774056
v 0.02899151 -0.00841355 0.02546917
v 0.02905350 -0.00819836 0.02504467
v 0.02982038 -0.00703880 0.02633018
v 0.02980751 -0.00725476 0.02678299
v 0.02886706 -0.00797825 0.02458901
v 0.02959090 -0.00682819 0.02585598
v 0.03012553 -0.00559380 0.02695904
v 0.02952392 -0.00750352 0.02717970
v 0.02865144 -0.00866006 0.02580870
v 0.02884547 -0.00787297 0.02734144
v 0.02799674 -0.00946645 0.02417766
v 0.02770424 -0.00964572 0.02455985
v 0.02795276 -0.00901542 0.02594252
v 0.02708255 -0.00994065 0.02473495
v 0.02807024 -0.00927472 0.02375012
v 0.02792729 -0.00904710 0.02331579
v 0.03038659 -0.00271097 0.03094711
v 0.03076788 -0.00294560 0.03057834
v 0.03096654 -0.00148384 0.03076652
v 0.03055915 -0.00138268 0.03110250
v 0.02988193 -0.00249553 0.03116858
v 0.03001814 -0.00128403 0.03130910
v 0.02924647 -0.00235874 0.03119757
v 0.02934732 -0.00121665 0.03133414
v 0.02960413 -0.00356310 0.03091754
v 0.03002774 -0.00393159 0.03066863
v 0.02905350 -0.00335288 0.03095217
v 0.02882877 -0.00403353 0.03068357
v 0.03035582 -0.00436436 0.03022470
v 0.02895797 -0.00267947 0.01753922
v 0.02789266 -0.00295554 0.01722877
v 0.02810499 -0.00148360 0.01718344
v 0.02917981 -0.00134181 0.01748895
v 0.02678414 -0.00330482 0.01690139
v 0.02700476 -0.00166356 0.01685228
v 0.02990148 -0.00247225 0.01787147
v 0.03014338 -0.00123594 0.01781288
v 0.03064458 -0.00232956 0.01826427
v 0.03090992 -0.00116375 0.01819934
v 0.02948763 -0.00371045 0.01795142
v 0.02855878 -0.00400998 0.01761514
v 0.03020833 -0.00350063 0.01834884
v 0.02960567 -0.00467959 0.01843536
v 0.02749173 -0.00440533 0.01730939
v 0.02635650 -0.00490260 0.01700364
v 0.02539401 -0.01019624 0.02540139
v 0.02384591 -0.01084350 0.02506696
v 0.02464493 -0.01115996 0.02419876
v 0.02307665 -0.01188051 0.02392837
v 0.02229733 -0.01145101 0.02485206
v 0.02145768 -0.01257662 0.02382195
v 0.02602150 -0.01047937 0.02454110
v 0.02681496 -0.00955718 0.02575001
v 0.02639650 -0.01053895 0.02391970
v 0.02616716 -0.00910037 0.02664060
v 0.02764801 -0.00845100 0.02708945
v 0.02463856 -0.00968382 0.02621182
v 0.02316334 -0.01019118 0.02588886
v 0.02392814 -0.00895190 0.02685105
v 0.02757928 -0.00244015 0.03064108
v 0.02658447 -0.00253967 0.03025283
v 0.02748375 -0.00356168 0.03040927
v 0.02647892 -0.00372558 0.03000848
v 0.02552045 -0.00262227 0.02992995
v 0.02539160 -0.00385087 0.02966803
v 0.02834433 -0.00339493 0.03075330
v 0.02847276 -0.00236006 0.03098887
v 0.02764815 -0.00124001 0.03078264
v 0.02855052 -0.00120929 0.03112550
v 0.02666062 -0.00128685 0.03040506
v 0.02560835 -0.00132787 0.03009222
v 0.01590329 -0.00727498 0.02936857
v 0.01559590 -0.00737473 0.02962841
v 0.01555564 -0.00895294 0.02871806
v 0.01584718 -0.00884509 0.02848347
v 0.01545689 -0.01040220 0.02773833
v 0.01519801 -0.00755261 0.03001620
v 0.01515534 -0.00913773 0.02907610
v 0.01507358 -0.00967147 0.02873823
v 0.01499563 -0.00986065 0.02868101
v 0.01507692 -0.00951525 0.02886343
v 0.01494143 -0.00999034 0.02864276
v 0.01475911 -0.01071704 0.02827341
v 0.01507816 -0.00944535 0.02891975
v 0.01517275 -0.01052060 0.02794709
v 0.01614456 -0.00722973 0.02920233
v 0.01606284 -0.00879078 0.02833798
v 0.01634407 -0.00721539 0.02909540
v 0.01565314 -0.01033850 0.02761305
v 0.01580313 -0.01030616 0.02753719
v 0.01603420 -0.00571728 0.03007486
v 0.01576591 -0.00575385 0.03026094
v 0.01586771 -0.00431532 0.03082435
v 0.01626082 -0.00571251 0.02995227
v 0.01611791 -0.00431786 0.03068804
v 0.01543939 -0.00584547 0.03054447
v 0.01557571 -0.00434372 0.03102794
v 0.01523198 -0.00442463 0.03133252
v 0.01503808 -0.00601535 0.03095951
v 0.01054823 -0.01628770 0.02364807
v 0.01019859 -0.01656997 0.02360277
v 0.01081669 -0.01631646 0.02216834
v 0.01047360 -0.01661912 0.02206465
v 0.01122619 -0.01634159 0.02040124
v 0.00963970 -0.01703146 0.02354318
v 0.00992951 -0.01711441 0.02191089
v 0.01070886 -0.01683405 0.02017317
v 0.01102061 -0.01615251 0.02223356
v 0.01075357 -0.01613597 0.02367953
v 0.01114712 -0.01607333 0.02227183
v 0.01155430 -0.01604074 0.02054998
v 0.01175145 -0.01587627 0.02064053
v 0.01072364 -0.01595724 0.02491368
v 0.01092648 -0.01582424 0.02490837
v 0.01131767 -0.01532789 0.02588977
v 0.01087958 -0.01606613 0.02369765
v 0.01105083 -0.01576570 0.02490464
v 0.01151546 -0.01521485 0.02584997
v 0.01037546 -0.01620619 0.02493121
v 0.00981509 -0.01661256 0.02497153
v 0.01097849 -0.01553985 0.02596557
v 0.01043136 -0.01588505 0.02609747
v 0.01429815 -0.01451214 0.01723048
v 0.01402191 -0.01472698 0.01705208
v 0.01562634 -0.01330324 0.01556673
v 0.01587545 -0.01314862 0.01574303
v 0.01707600 -0.01141079 0.01434116
v 0.01358334 -0.01507780 0.01676734
v 0.01522676 -0.01355495 0.01528018
v 0.01670653 -0.01157099 0.01405746
v 0.01446496 -0.01439130 0.01733472
v 0.01602527 -0.01305943 0.01584411
v 0.01457521 -0.01432250 0.01739701
v 0.01730367 -0.01131186 0.01451292
v 0.01743973 -0.01125253 0.01460982
v 0.01612701 -0.01300402 0.01590498
v 0.01296996 -0.01530973 0.01897056
v 0.01278628 -0.01545774 0.01886841
v 0.01308840 -0.01523077 0.01903125
v 0.01187591 -0.01579300 0.02069407
v 0.01248208 -0.01572532 0.01869698
v 0.01200209 -0.01616300 0.01842851
v 0.01909541 -0.00618478 0.01309417
v 0.01888224 -0.00621773 0.01292064
v 0.01929726 -0.00317316 0.01262712
v 0.01951087 -0.00315875 0.01280333
v 0.01853167 -0.00627039 0.01262996
v 0.01894530 -0.00319605 0.01233158
v 0.01922156 -0.00616314 0.01319105
v 0.01963697 -0.00314893 0.01290183
v 0.01972641 -0.00313981 0.01296426
v 0.01931106 -0.00614441 0.01325183
v 0.01849715 -0.00890905 0.01374293
v 0.01836833 -0.00894653 0.01364699
v 0.01858808 -0.00887973 0.01380225
v 0.01753442 -0.01121115 0.01466884
v 0.01815157 -0.00900628 0.01347555
v 0.01779679 -0.00910242 0.01318964
v 0.01346877 -0.01323615 0.02690643
v 0.01316368 -0.01339076 0.02706169
v 0.01230506 -0.01440244 0.02650090
v 0.01198198 -0.01458300 0.02662143
v 0.01268325 -0.01364176 0.02731475
v 0.01146417 -0.01487631 0.02682252
v 0.01249665 -0.01430537 0.02643425
v 0.01365601 -0.01315201 0.02681817
v 0.01261993 -0.01426254 0.02639477
v 0.01163842 -0.01516639 0.02582597
v 0.01459173 -0.01188432 0.02726576
v 0.01477952 -0.01181098 0.02715878
v 0.01378286 -0.01311238 0.02676613
v 0.01491475 -0.01177417 0.02709523
v 0.01430135 -0.01201825 0.02744928
v 0.01385832 -0.01223686 0.02774236
v 0.01543327 -0.00199916 0.03183712
v 0.01507457 -0.00204469 0.03217212
v 0.01511954 -0.00317169 0.03185883
v 0.01547338 -0.00310657 0.03153690
v 0.01467214 -0.00213490 0.03264862
v 0.01471439 -0.00329906 0.03231900
v 0.01482654 -0.00457961 0.03177183
v 0.01575001 -0.00198553 0.03160979
v 0.01578100 -0.00308577 0.03131955
v 0.01602654 -0.00199104 0.03145638
v 0.01604744 -0.00309138 0.03117305
v 0.01575067 -0.00097150 0.03174447
v 0.01542972 -0.00097824 0.03197782
v 0.01603230 -0.00097478 0.03158711
v 0.01506959 -0.00100164 0.03232111
v 0.02261513 -0.00720134 0.02793336
v 0.02161407 -0.00725003 0.02792352
v 0.02221850 -0.00830287 0.02724092
v 0.02123851 -0.00842168 0.02721391
v 0.02159139 -0.00952835 0.02651113
v 0.02065672 -0.00726447 0.02800623
v 0.02031634 -0.00850584 0.02727718
v 0.02059636 -0.00972190 0.02651893
v 0.02328436 -0.00813107 0.02738109
v 0.02367903 -0.00709875 0.02805929
v 0.02269236 -0.00927633 0.02661229
v 0.02285588 -0.00614883 0.02855857
v 0.02393683 -0.00610160 0.02864235
v 0.02301535 -0.00507043 0.02908668
v 0.02411821 -0.00506188 0.02912578
v 0.02181474 -0.00613946 0.02859223
v 0.02080703 -0.00609213 0.02871603
v 0.02193223 -0.00502250 0.02916451
v 0.01676786 -0.01512348 0.02213407
v 0.01529579 -0.01558464 0.02258046
v 0.01527680 -0.01526848 0.02175568
v 0.01670398 -0.01484392 0.02146177
v 0.01549916 -0.01471550 0.02101119
v 0.01405982 -0.01590715 0.02298704
v 0.01411097 -0.01557891 0.02200280
v 0.01469763 -0.01480254 0.02079887
v 0.01841646 -0.01453644 0.02173075
v 0.01834471 -0.01428833 0.02115465
v 0.01680696 -0.01435686 0.02085910
v 0.01838273 -0.01385595 0.02065093
v 0.01705554 -0.01509004 0.02283719
v 0.01866185 -0.01450115 0.02238708
v 0.01762014 -0.01464463 0.02356071
v 0.01914475 -0.01408333 0.02313140
v 0.01560605 -0.01554990 0.02335716
v 0.01437049 -0.01585788 0.02384661
v 0.01624227 -0.01507636 0.02407100
v 0.01505519 -0.01535771 0.02456540
v 0.02061318 -0.01093040 0.01792570
v 0.01917507 -0.01183712 0.01807583
v 0.02072401 -0.01043653 0.01716404
v 0.02200281 -0.00958229 0.01724524
v 0.02208673 -0.00875745 0.01642155
v 0.01791671 -0.01262398 0.01816969
v 0.01958255 -0.01118616 0.01704921
v 0.02103812 -0.00945094 0.01615034
v 0.02211072 -0.01001455 0.01780335
v 0.02335092 -0.00870364 0.01732329
v 0.02324035 -0.00797539 0.01667778
v 0.02445254 -0.00717716 0.01692626
v 0.02092445 -0.01103706 0.01831142
v 0.01927917 -0.01196720 0.01863382
v 0.01998464 -0.01169837 0.01879248
v 0.02164084 -0.01089692 0.01852659
v 0.01763492 -0.01295274 0.01906971
v 0.01827258 -0.01258724 0.01922701
v 0.01655475 -0.01356517 0.01982916
v 0.01622364 -0.01380162 0.01942816
v 0.02468368 -0.00419427 0.01609698
v 0.02371274 -0.00465108 0.01565465
v 0.02406415 -0.00235983 0.01552729
v 0.02498489 -0.00212321 0.01600252
v 0.02280863 -0.00506035 0.01520870
v 0.02320214 -0.00257228 0.01504738
v 0.02571098 -0.00373162 0.01651836
v 0.02596491 -0.00188394 0.01645141
v 0.02522304 -0.00550792 0.01666730
v 0.02411807 -0.00616219 0.01630855
v 0.02306829 -0.00680629 0.01593558
v 0.02210039 -0.00738112 0.01555658
v 0.01958077 -0.01239852 0.02503340
v 0.01841694 -0.01272980 0.02530250
v 0.01851482 -0.01368831 0.02429425
v 0.01723915 -0.01407609 0.02470713
v 0.01738553 -0.01296025 0.02560580
v 0.01612613 -0.01433329 0.02512727
v 0.01992903 -0.01318385 0.02397155
v 0.02087492 -0.01197080 0.02486206
v 0.02065922 -0.01095272 0.02577383
v 0.02184263 -0.01061227 0.02575746
v 0.01959593 -0.01121817 0.02589412
v 0.01863556 -0.01141423 0.02607457
v 0.01967843 -0.00987088 0.02660717
v 0.02329801 -0.00263633 0.02976739
v 0.02217329 -0.00258542 0.02986716
v 0.02316810 -0.00389119 0.02948782
v 0.02205824 -0.00383166 0.02958485
v 0.02106205 -0.00250762 0.03004728
v 0.02096717 -0.00373599 0.02976451
v 0.02087470 -0.00493418 0.02932823
v 0.02428361 -0.00390183 0.02950502
v 0.02441935 -0.00265155 0.02977822
v 0.02338888 -0.00133105 0.02993079
v 0.02451174 -0.00134110 0.02994360
v 0.02225791 -0.00130223 0.03002540
v 0.01885590 -0.00725432 0.02834840
v 0.01809260 -0.00723932 0.02854697
v 0.01859759 -0.00862706 0.02757707
v 0.01787368 -0.00866778 0.02775607
v 0.01801639 -0.01008085 0.02691494
v 0.01747416 -0.00722407 0.02872327
v 0.01728850 -0.00869768 0.02791600
v 0.01733054 -0.01014964 0.02708600
v 0.01942392 -0.00857369 0.02740784
v 0.01972397 -0.00726430 0.02815801
v 0.01880873 -0.00998923 0.02674725
v 0.01982635 -0.00602545 0.02890270
v 0.01891447 -0.00594922 0.02912202
v 0.01984855 -0.00482152 0.02954680
v 0.01811314 -0.00587319 0.02934377
v 0.01889648 -0.00469831 0.02979098
v 0.01806115 -0.00457833 0.03003152
v 0.01746413 -0.00580713 0.02953774
v 0.01242090 -0.01613603 0.02345555
v 0.01191022 -0.01611863 0.02356442
v 0.01214932 -0.01596895 0.02230117
v 0.01262700 -0.01591858 0.02226571
v 0.01288154 -0.01552505 0.02088239
v 0.01154794 -0.01607062 0.02362595
v 0.01179900 -0.01597955 0.02230546
v 0.01252940 -0.01559904 0.02082894
v 0.01311948 -0.01607824 0.02327091
v 0.01325430 -0.01579208 0.02216952
v 0.01334678 -0.01539825 0.02092101
v 0.01393277 -0.01518809 0.02091421
v 0.01340593 -0.01599108 0.02420510
v 0.01267357 -0.01599978 0.02445688
v 0.01335801 -0.01545720 0.02523306
v 0.01410297 -0.01546791 0.02494706
v 0.01213457 -0.01593421 0.02462619
v 0.01279267 -0.01537583 0.02544048
v 0.01237935 -0.01527405 0.02558640
v 0.01623692 -0.01356077 0.01799259
v 0.01568929 -0.01382024 0.01783435
v 0.01731472 -0.01245144 0.01644129
v 0.01789684 -0.01216223 0.01665765
v 0.01878776 -0.01066646 0.01529300
v 0.01528851 -0.01399331 0.01768464
v 0.01688117 -0.01264991 0.01625149
v 0.01832519 -0.01086738 0.01506739
v 0.01695835 -0.01318027 0.01812315
v 0.01864647 -0.01175093 0.01687035
v 0.01939191 -0.01038022 0.01556364
v 0.02014094 -0.00998345 0.01585690
v 0.01527729 -0.01432174 0.01951826
v 0.01463516 -0.01462588 0.01945517
v 0.01413654 -0.01482679 0.01935408
v 0.01376524 -0.01495665 0.01924956
v 0.02124975 -0.00562394 0.01437576
v 0.02062968 -0.00580364 0.01402442
v 0.02105494 -0.00296087 0.01378300
v 0.02167510 -0.00286645 0.01415690
v 0.02013899 -0.00593220 0.01374024
v 0.02056027 -0.00302866 0.01348105
v 0.02198185 -0.00538041 0.01477645
v 0.02239831 -0.00273904 0.01458448
v 0.02124107 -0.00782758 0.01517977
v 0.02049912 -0.00816466 0.01482384
v 0.01988335 -0.00841134 0.01450757
v 0.01940256 -0.00858663 0.01424966
v 0.01572849 -0.01313351 0.02611962
v 0.01510759 -0.01313212 0.02632093
v 0.01444722 -0.01445566 0.02574748
v 0.01385486 -0.01440361 0.02596128
v 0.01462823 -0.01310925 0.02647900
v 0.01340960 -0.01433126 0.02612002
v 0.01519990 -0.01444602 0.02547177
v 0.01648859 -0.01308552 0.02587971
v 0.01698912 -0.01162912 0.02646894
v 0.01776091 -0.01154655 0.02627137
v 0.01633733 -0.01167594 0.02665173
v 0.01582266 -0.01170100 0.02680414
v 0.01678028 -0.01019948 0.02723622
v 0.01897636 -0.00230866 0.03052949
v 0.01809363 -0.00220923 0.03077500
v 0.01806248 -0.00336370 0.03049525
v 0.01892510 -0.00348819 0.03024832
v 0.01737880 -0.00212432 0.03098578
v 0.01736441 -0.00325723 0.03070735
v 0.01738526 -0.00447536 0.03023919
v 0.01998111 -0.00241174 0.03027749
v 0.01990806 -0.00361689 0.02999520
v 0.02004394 -0.00120624 0.03042321
v 0.01902628 -0.00114952 0.03066986
v 0.02113689 -0.00125912 0.03019900
v 0.01813112 -0.00109487 0.03091083
v 0.01740566 -0.00104824 0.03111799
v -0.00746976 -0.00529055 0.04222091
v -0.00901784 -0.00573091 0.04165821
v -0.00704814 -0.00823175 0.04117141
v -0.00563161 -0.00739558 0.04179547
v -0.00449794 -0.00982764 0.04072175
v -0.00606491 -0.00480233 0.04270424
v -0.00435994 -0.00665763 0.04231076
v -0.00480116 -0.00426696 0.04315912
v -0.00331769 -0.00873572 0.04137171
v -0.00224464 -0.00785821 0.04190027
v -0.00325958 -0.00593712 0.04279302
v -0.00720863 -0.00251057 0.04300272
v -0.00868996 -0.00275355 0.04253718
v -0.00583480 -0.00222637 0.04343295
v -0.01029971 -0.00293861 0.04199169
v 0.00794068 -0.00269017 0.04238462
v 0.00834524 -0.00282005 0.04161926
v 0.00824908 -0.00138396 0.04232190
v 0.00867238 -0.00144039 0.04154122
v 0.00856182 -0.00293002 0.04095979
v 0.00890364 -0.00148875 0.04087804
v 0.00755206 -0.00131972 0.04311731
v 0.00728079 -0.00253761 0.04314766
v 0.00649960 -0.00124792 0.04382470
v 0.00734049 -0.00384202 0.04247679
v 0.00677833 -0.00355297 0.04316279
v 0.00628500 -0.00238728 0.04381735
v 0.00591459 -0.00331064 0.04374715
v 0.00769075 -0.00407939 0.04174482
v 0.00786581 -0.00427747 0.04109113
v 0.00662698 -0.00515826 0.04191457
v 0.00203864 -0.00842618 0.04081958
v 0.00163467 -0.00903789 0.04036852
v 0.00444232 -0.00779973 0.04019144
v 0.00453664 -0.00738376 0.04060630
v 0.00668583 -0.00632876 0.04001999
v 0.00158667 -0.00964338 0.03986171
v 0.00449972 -0.00831758 0.03971196
v 0.00254813 -0.00782464 0.04125607
v 0.00479355 -0.00695865 0.04101010
v 0.00658278 -0.00604551 0.04042534
v 0.00665030 -0.00577196 0.04080674
v 0.00013006 -0.00818586 0.04155074
v -0.00067021 -0.00897805 0.04106058
v -0.00134594 -0.00705163 0.04240232
v -0.00147454 -0.00990511 0.04049970
v -0.00163991 -0.01076741 0.03987576
v 0.00321920 -0.00218639 0.04460583
v 0.00325432 -0.00111143 0.04467196
v 0.00149971 -0.00217261 0.04472947
v 0.00140354 -0.00110483 0.04482181
v -0.00011069 -0.00229739 0.04467506
v -0.00037130 -0.00117807 0.04479579
v 0.00169349 -0.00316741 0.04453927
v 0.00319275 -0.00318957 0.04443965
v 0.00034047 -0.00330039 0.04446533
v 0.00465959 -0.00321341 0.04417419
v 0.00487272 -0.00226408 0.04430259
v 0.00501001 -0.00116881 0.04434125
v -0.00258888 -0.00312018 0.04408270
v -0.00367639 -0.00368513 0.04363647
v -0.00235700 -0.00515329 0.04331795
v -0.00153781 -0.00439271 0.04381412
v -0.00143694 -0.00263543 0.04444419
v -0.00068764 -0.00374195 0.04421009
v -0.00189916 -0.00136018 0.04459885
v -0.00326345 -0.00161783 0.04427605
v -0.00454753 -0.00191768 0.04387240
v 0.00873661 -0.00309924 0.04017455
v 0.00890193 -0.00315971 0.03983182
v 0.00912458 -0.00155839 0.04010535
v 0.00929312 -0.00157537 0.03978143
v 0.00865775 -0.00302288 0.04051438
v 0.00902456 -0.00152880 0.04043517
v 0.00790235 -0.00444865 0.04063987
v 0.00793605 -0.00460614 0.04028131
v 0.00810260 -0.00476313 0.03990572
v 0.00721599 -0.00671613 0.03939695
v 0.02380151 -0.00989323 0.01932991
v 0.02410523 -0.00984935 0.01888306
v 0.02511982 -0.00918751 0.01940859
v 0.02533659 -0.00917774 0.01898690
v 0.02633325 -0.00840745 0.01948478
v 0.02643387 -0.00845667 0.01908178
v 0.02480194 -0.00905190 0.01980876
v 0.02350903 -0.00975942 0.01973201
v 0.02429900 -0.00885007 0.02008740
v 0.02601308 -0.00826351 0.01987975
v 0.02541488 -0.00808069 0.02016227
v 0.02237676 -0.01055350 0.01929577
v 0.02215398 -0.01040247 0.01967296
v 0.02087014 -0.01119378 0.01934040
v 0.02312187 -0.00954023 0.02000309
v 0.02190695 -0.01015862 0.01991915
v 0.02075644 -0.01099744 0.01965503
v 0.02268568 -0.01051275 0.01885802
v 0.02112840 -0.01119562 0.01894858
v 0.02844665 -0.00655002 0.01950343
v 0.02839394 -0.00671641 0.01902959
v 0.02926755 -0.00564552 0.01897905
v 0.02933953 -0.00549732 0.01947507
v 0.03003289 -0.00450667 0.01891847
v 0.02900499 -0.00539615 0.01992777
v 0.02812288 -0.00641528 0.01993674
v 0.02821186 -0.00531371 0.02027078
v 0.03010735 -0.00440350 0.01942651
v 0.02976086 -0.00434081 0.01989714
v 0.02892524 -0.00428938 0.02026806
v 0.02744337 -0.00752418 0.01951155
v 0.02712281 -0.00737786 0.01992157
v 0.02738193 -0.00629723 0.02025401
v 0.02644607 -0.00722465 0.02021782
v 0.02745119 -0.00764484 0.01907992
v 0.03120641 -0.00220572 0.01928641
v 0.03110870 -0.00224705 0.01875634
v 0.03139362 -0.00112299 0.01869234
v 0.03150290 -0.00110360 0.01922963
v 0.03114617 -0.00109554 0.01974895
v 0.03085028 -0.00218654 0.01979316
v 0.03023187 -0.00108873 0.02018800
v 0.03073543 -0.00330599 0.01935783
v 0.03038224 -0.00326962 0.01984742
v 0.02995291 -0.00217050 0.02021534
v 0.02951147 -0.00323951 0.02024580
v 0.03065086 -0.00337440 0.01883796
v 0.01786455 -0.01244858 0.01972215
v 0.01672485 -0.01297861 0.01996589
v 0.01786518 -0.01268507 0.01956267
v 0.01638581 -0.01345614 0.02003767
v 0.01615639 -0.01331454 0.02012613
v 0.01556273 -0.01399049 0.02041056
v 0.01930619 -0.01183955 0.01949809
v 0.01948380 -0.01192565 0.01919155
v 0.01807825 -0.01206568 0.01978681
v 0.01933603 -0.01156075 0.01970167
v 0.01839434 -0.01165386 0.01976696
v 0.01945755 -0.01120989 0.01979180
v 0.01716864 -0.01248553 0.01988444
v 0.01674768 -0.01273285 0.01992421
v 0.01763591 -0.01204824 0.01977964
v 0.01726045 -0.01232383 0.01979851
v 0.02957065 -0.00267162 0.02722166
v 0.03024382 -0.00277708 0.02776052
v 0.03001398 -0.00411585 0.02725461
v 0.02933779 -0.00396006 0.02672026
v 0.02965533 -0.00539525 0.02647868
v 0.02870043 -0.00256590 0.02657120
v 0.02846466 -0.00380309 0.02608766
v 0.02762125 -0.00245757 0.02575345
v 0.02898564 -0.00519201 0.02596145
v 0.02811971 -0.00498571 0.02536477
v 0.02739011 -0.00364339 0.02530684
v 0.02883528 -0.00129233 0.02684091
v 0.02969873 -0.00134551 0.02749720
v 0.02775741 -0.00123761 0.02600562
v 0.03036536 -0.00139872 0.02803401
v 0.02321296 -0.01100253 0.02019589
v 0.02348530 -0.01142129 0.02049821
v 0.02181025 -0.01214649 0.02020868
v 0.02166234 -0.01169048 0.01990416
v 0.02009720 -0.01228324 0.01980026
v 0.02011090 -0.01278641 0.02012379
v 0.02284666 -0.01056529 0.01994724
v 0.02146295 -0.01121742 0.01966517
v 0.02239851 -0.01013749 0.01975761
v 0.02007763 -0.01176618 0.01955460
v 0.02005405 -0.01126555 0.01939973
v 0.02415846 -0.00982090 0.02043237
v 0.02467304 -0.01022631 0.02070824
v 0.02532811 -0.00899535 0.02115208
v 0.02352899 -0.00942593 0.02019594
v 0.02454780 -0.00863313 0.02084484
v 0.02505662 -0.01061342 0.02102425
v 0.02596649 -0.00936874 0.02147401
v 0.02644481 -0.00972550 0.02181865
v 0.02785258 -0.00743013 0.02372053
v 0.02846188 -0.00771697 0.02415605
v 0.02757045 -0.00876016 0.02291322
v 0.02701727 -0.00843676 0.02252605
v 0.02705380 -0.00713335 0.02325715
v 0.02628530 -0.00809972 0.02213791
v 0.02608015 -0.00684227 0.02274064
v 0.02539208 -0.00777189 0.02173246
v 0.02765734 -0.00609557 0.02437701
v 0.02849963 -0.00634862 0.02491360
v 0.02663029 -0.00584429 0.02375122
v 0.02706085 -0.00477799 0.02464600
v 0.02914740 -0.00659548 0.02539520
v 0.01731597 -0.01313552 0.01997771
v 0.01642848 -0.01334129 0.02009968
v 0.01695587 -0.01272020 0.01983578
v 0.01766852 -0.01251895 0.01969659
v 0.01749491 -0.01218347 0.01968230
v 0.01876096 -0.01220049 0.01958396
v 0.01859364 -0.01277387 0.01985133
v 0.01807321 -0.01195365 0.01953199
v 0.01896581 -0.01165639 0.01942384
v 0.01846663 -0.01333841 0.02021172
v 0.01701986 -0.01376777 0.02036480
v 0.01591299 -0.01403975 0.02047535
v 0.01905147 -0.01104907 0.01954783
v 0.01967610 -0.01064072 0.01965580
v 0.01949972 -0.01076232 0.01943513
v 0.01986865 -0.01039591 0.01954066
v 0.02004831 -0.01041912 0.01937779
v 0.02037411 -0.01020984 0.01977924
v 0.02030525 -0.01001918 0.01965630
v 0.02016158 -0.01010269 0.01946382
v 0.01920542 -0.01117974 0.01938521
v 0.01852568 -0.01147520 0.01949449
v 0.02002838 -0.01081164 0.01934862
v 0.01870088 -0.01133062 0.01967286
v 0.01804538 -0.01173808 0.01963781
v 0.01955498 -0.01090763 0.01975802
v 0.02052425 -0.01044558 0.01986456
v 0.02067768 -0.01071269 0.01984543
v 0.02140817 -0.00941700 0.01957304
v 0.02069997 -0.00996822 0.01941879
v 0.02058384 -0.00969059 0.01947648
v 0.02109618 -0.00917053 0.01958207
v 0.02061101 -0.00954306 0.01958591
v 0.02033960 -0.00988916 0.01956338
v 0.02165935 -0.00855345 0.01978391
v 0.02212647 -0.00877284 0.01985547
v 0.02222032 -0.00784266 0.02009413
v 0.02104506 -0.00903618 0.01966149
v 0.02155227 -0.00843134 0.01979982
v 0.02188065 -0.00974702 0.01963220
v 0.02280067 -0.00907012 0.01999823
v 0.02280489 -0.00804120 0.02028316
v 0.02364373 -0.00830988 0.02054430
v 0.02093834 -0.01033080 0.01942332
v 0.02121924 -0.01075497 0.01950160
v 0.02189541 -0.00915223 0.01996854
v 0.02112007 -0.00971607 0.01987897
v 0.02152525 -0.00992091 0.01996383
v 0.02253414 -0.00932798 0.02005683
v 0.02268163 -0.00851113 0.02006144
v 0.02352706 -0.00866117 0.02014453
v 0.02345117 -0.00778701 0.02016541
v 0.02448018 -0.00791483 0.02022796
v 0.02195820 -0.00842588 0.01991944
v 0.02135526 -0.00904252 0.01981354
v 0.02257006 -0.00771832 0.02006320
v 0.02207904 -0.00772984 0.02000991
v 0.02080254 -0.00957084 0.01973655
v 0.02389596 -0.00634069 0.02154670
v 0.02339353 -0.00722757 0.02087321
v 0.02317303 -0.00616348 0.02101770
v 0.02272607 -0.00704146 0.02052479
v 0.02302128 -0.00605753 0.02063296
v 0.02257176 -0.00693295 0.02030075
v 0.02355764 -0.00522237 0.02151472
v 0.02431579 -0.00538928 0.02222477
v 0.02387635 -0.00423178 0.02195766
v 0.02341843 -0.00512041 0.02096720
v 0.02375403 -0.00413844 0.02126402
v 0.02494626 -0.00657250 0.02214575
v 0.02542823 -0.00560272 0.02300205
v 0.02465661 -0.00438210 0.02282851
v 0.02581230 -0.00457047 0.02376259
v 0.02435518 -0.00747612 0.02129332
v 0.02511186 -0.00223837 0.02358703
v 0.02522590 -0.00112535 0.02376327
v 0.02632124 -0.00234431 0.02471271
v 0.02644756 -0.00117979 0.02493176
v 0.02610973 -0.00347944 0.02432789
v 0.02492204 -0.00332787 0.02327902
v 0.02430461 -0.00215202 0.02251459
v 0.02412558 -0.00320534 0.02228836
v 0.02421096 -0.00209751 0.02163349
v 0.02401894 -0.00312847 0.02148411
v 0.02441262 -0.00108078 0.02264411
v 0.02432792 -0.00105254 0.02171827
v 0.02668552 -0.00210578 0.02074084
v 0.02688030 -0.00105661 0.02075841
v 0.02529197 -0.00104712 0.02112969
v 0.02514242 -0.00208709 0.02108185
v 0.02637424 -0.00314120 0.02070260
v 0.02490063 -0.00311391 0.02099440
v 0.02595647 -0.00415600 0.02063694
v 0.02457222 -0.00412101 0.02086155
v 0.02804333 -0.00318989 0.02049195
v 0.02842683 -0.00213858 0.02049163
v 0.02753229 -0.00421995 0.02047690
v 0.02866842 -0.00107312 0.02048451
v 0.02484453 -0.00608777 0.02041650
v 0.02417649 -0.00697412 0.02028818
v 0.02536964 -0.00708333 0.02030810
v 0.02618307 -0.00618087 0.02037976
v 0.02544220 -0.00514329 0.02053718
v 0.02690808 -0.00522168 0.02043775
v 0.02416280 -0.00510179 0.02067750
v 0.02368453 -0.00603947 0.02046674
v 0.02314955 -0.00691725 0.02025381
v 0.00302554 -0.01075719 0.03860490
v 0.00214507 -0.01022628 0.03925800
v 0.00110473 -0.01176309 0.03851664
v -0.00052330 -0.01136529 0.03919635
v 0.00247363 -0.01202512 0.03789176
v 0.00394372 -0.01120675 0.03794992
v 0.00352598 -0.01228008 0.03728463
v 0.00502004 -0.00981595 0.03847236
v 0.00544894 -0.01044425 0.03785985
v 0.00683411 -0.00907463 0.03811503
v 0.00479429 -0.01160358 0.03729429
v 0.00682486 -0.00987266 0.03758362
v 0.00676709 -0.01041593 0.03720451
v 0.00469797 -0.00904836 0.03911432
v 0.00689361 -0.00807171 0.03872125
v 0.00306572 -0.01691370 0.03215817
v 0.00140182 -0.01760872 0.03145261
v 0.00309823 -0.01767576 0.03046072
v 0.00432181 -0.01690289 0.03139910
v 0.00392222 -0.01836309 0.02791957
v 0.00433924 -0.01613247 0.03268081
v 0.00521628 -0.01616415 0.03204518
v 0.00542286 -0.01531336 0.03304146
v 0.00600937 -0.01544484 0.03245049
v 0.00349199 -0.01591579 0.03345717
v 0.00194736 -0.01668464 0.03307037
v 0.00481488 -0.01507119 0.03372966
v 0.00421499 -0.01472264 0.03448917
v 0.00002610 -0.01730243 0.03255407
v 0.01201107 -0.00698628 0.03471391
v 0.01211570 -0.00625265 0.03503753
v 0.01168677 -0.00709514 0.03505312
v 0.01228374 -0.00691148 0.03444504
v 0.01005999 -0.01286557 0.03208748
v 0.01006601 -0.01286947 0.03207572
v 0.01007929 -0.01287793 0.03205177
v 0.00961155 -0.01258308 0.03284912
v 0.00961878 -0.01262910 0.03279544
v 0.00963705 -0.01259903 0.03280749
v 0.00964980 -0.01260690 0.03278807
v 0.00983694 -0.01272589 0.03245434
v 0.00924910 -0.00855044 0.03677567
v 0.00967027 -0.00734539 0.03714539
v 0.00849023 -0.00753651 0.03803469
v 0.00821360 -0.00866848 0.03752895
v 0.00874149 -0.00963231 0.03642585
v 0.00790702 -0.00962702 0.03708325
v 0.00806913 -0.01061211 0.03615396
v 0.00741222 -0.01046849 0.03676629
v 0.00946493 -0.00903919 0.03618762
v 0.00984008 -0.00864339 0.03612668
v 0.00915029 -0.00974938 0.03594303
v 0.00932838 -0.00935030 0.03608086
v 0.00886777 -0.01037760 0.03564186
v 0.00887502 -0.01023805 0.03576010
v 0.00859003 -0.01084789 0.03547768
v 0.00900297 -0.01001328 0.03584301
v 0.00886260 -0.01048841 0.03554746
v 0.00882665 -0.01104064 0.03506910
v 0.01016087 -0.00824096 0.03606306
v 0.01032167 -0.00804157 0.03602966
v 0.01061615 -0.00740098 0.03614410
v 0.01039133 -0.00795091 0.03601449
v 0.01071992 -0.00773375 0.03579678
v 0.01093646 -0.00759264 0.03565193
v 0.01151831 -0.00714562 0.03522341
v 0.00758748 -0.01370236 0.03337463
v 0.00651708 -0.01450473 0.03326104
v 0.00692880 -0.01473024 0.03266658
v 0.00788424 -0.01401465 0.03276770
v 0.00878535 -0.01329237 0.03282821
v 0.00947264 -0.01249731 0.03306019
v 0.00924988 -0.01235854 0.03339994
v 0.00859963 -0.01290204 0.03341726
v 0.00724866 -0.01337391 0.03400068
v 0.00833685 -0.01250747 0.03404602
v 0.00800774 -0.01213306 0.03469959
v 0.00924806 -0.01235742 0.03340260
v 0.00918261 -0.01222109 0.03359200
v 0.00902510 -0.01188880 0.03405750
v 0.00909145 -0.01203173 0.03385527
v 0.00878540 -0.01138951 0.03475266
v 0.00878561 -0.01138738 0.03475458
v 0.00883946 -0.01150278 0.03459454
v 0.00607088 -0.01422619 0.03390305
v 0.00687556 -0.01303396 0.03464591
v 0.00560935 -0.01389400 0.03458400
v 0.00601853 -0.01233437 0.03597954
v 0.00468690 -0.01308803 0.03599935
v 0.00515162 -0.01350755 0.03529537
v 0.00647596 -0.01268718 0.03531032
v 0.00715371 -0.01151093 0.03601814
v 0.00762301 -0.01180320 0.03536302
v 0.00879757 -0.01127320 0.03485696
v 0.00657087 -0.01124926 0.03664675
v 0.00547193 -0.01197631 0.03663917
v 0.00597058 -0.01092482 0.03725770
v 0.00420437 -0.01265663 0.03665813
v 0.01507906 -0.00892589 0.02931789
v 0.01508506 -0.00917470 0.02914300
v 0.01476608 -0.00778814 0.03047948
v 0.01506252 -0.00843700 0.02964992
v 0.01473414 -0.01049534 0.02849931
v 0.01460219 -0.01079694 0.02840167
v 0.01431855 -0.00721613 0.03138045
v 0.01454543 -0.00628673 0.03154001
v 0.01397989 -0.00698181 0.03202522
v 0.01458248 -0.00740519 0.03092313
v 0.01460523 -0.00745234 0.03086809
v 0.01455018 -0.00738333 0.03097846
v 0.01466151 -0.00757003 0.03073141
v 0.01395445 -0.00666068 0.03223893
v 0.01434947 -0.00483022 0.03237959
v 0.01471445 -0.00768180 0.03059877
v 0.01372351 -0.00681909 0.03249442
v 0.01374920 -0.00682061 0.03245551
v 0.01377366 -0.00517794 0.03312999
v 0.01321400 -0.00677898 0.03324370
v 0.01241054 -0.00685972 0.03430343
v 0.01274592 -0.00674120 0.03391866
v 0.01307205 -0.00562424 0.03399720
v 0.01269738 -0.00673803 0.03398565
v 0.01283113 -0.00674468 0.03379741
v 0.00755949 -0.01851999 0.02329839
v 0.00575857 -0.01931071 0.02295053
v 0.00791294 -0.01871305 0.02128962
v 0.00616036 -0.01955319 0.02056422
v 0.00719865 -0.01923098 0.01828816
v 0.00912264 -0.01785626 0.02169552
v 0.00880660 -0.01772086 0.02346883
v 0.00881341 -0.01841906 0.01926603
v 0.00994404 -0.01757331 0.01984456
v 0.00771398 -0.01793439 0.02513635
v 0.00897569 -0.01721781 0.02504528
v 0.00839903 -0.01701557 0.02661921
v 0.00960971 -0.01639784 0.02630568
v 0.00588666 -0.01867471 0.02522868
v 0.00668481 -0.01767563 0.02706717
v 0.01207971 -0.01615248 0.01568178
v 0.01105310 -0.01655469 0.01467993
v 0.01296657 -0.01455186 0.01326387
v 0.01385977 -0.01431193 0.01420001
v 0.01457703 -0.01217796 0.01212403
v 0.01292952 -0.01560657 0.01634409
v 0.01462554 -0.01393541 0.01484836
v 0.01542427 -0.01204740 0.01299608
v 0.01614503 -0.01181414 0.01362484
v 0.01129101 -0.01682131 0.01803512
v 0.01029996 -0.01754353 0.01738359
v 0.00898001 -0.01817294 0.01634073
v 0.01730603 -0.00642248 0.01155687
v 0.01650865 -0.00644684 0.01073696
v 0.01692934 -0.00326840 0.01042848
v 0.01771755 -0.00326134 0.01124495
v 0.01799332 -0.00635115 0.01218162
v 0.01840413 -0.00323133 0.01187508
v 0.01725395 -0.00924907 0.01275039
v 0.01655731 -0.00938437 0.01212781
v 0.01574113 -0.00944649 0.01129193
v 0.01109738 -0.01443714 0.02818841
v 0.01013881 -0.01483414 0.02877246
v 0.00963726 -0.01582287 0.02756270
v 0.00829315 -0.01634390 0.02813436
v 0.01068843 -0.01531163 0.02713084
v 0.01197000 -0.01401512 0.02769641
v 0.01244811 -0.01293926 0.02871790
v 0.01321259 -0.01256421 0.02817805
v 0.01278797 -0.01242186 0.02892001
v 0.01364305 -0.01187072 0.02843467
v 0.01357582 -0.01194210 0.02843751
v 0.01350439 -0.01198525 0.02847853
v 0.01307784 -0.01223723 0.02873012
v 0.01454168 -0.01090796 0.02834823
v 0.01365909 -0.01185318 0.02843357
v 0.01164886 -0.01330096 0.02932352
v 0.01253012 -0.01258533 0.02908782
v 0.01240063 -0.01266086 0.02916285
v 0.01201857 -0.01276866 0.02954110
v 0.01177250 -0.01284682 0.02980525
v 0.01370995 -0.00246965 0.03409003
v 0.01310846 -0.00267822 0.03498003
v 0.01370722 -0.00378512 0.03372807
v 0.01304970 -0.00412565 0.03462282
v 0.01425286 -0.00350656 0.03295111
v 0.01422422 -0.00228254 0.03330039
v 0.01373668 -0.00121892 0.03427263
v 0.01423216 -0.00112495 0.03347330
v 0.01467037 -0.00104833 0.03280827
v 0.01316568 -0.00131767 0.03516275
v 0.01674154 -0.00720790 0.02893707
v 0.01652620 -0.00720834 0.02901345
v 0.01639817 -0.00874911 0.02817656
v 0.01659703 -0.00873442 0.02810921
v 0.01613161 -0.01025982 0.02741643
v 0.01623554 -0.00876659 0.02824714
v 0.01594852 -0.01028186 0.02747669
v 0.01704067 -0.00721336 0.02884681
v 0.01687837 -0.00871858 0.02802804
v 0.01639476 -0.01023429 0.02734131
v 0.01700918 -0.00576084 0.02967371
v 0.01669351 -0.00573149 0.02977354
v 0.01691148 -0.00440318 0.03038478
v 0.01646233 -0.00571631 0.02985911
v 0.01658131 -0.00435644 0.03049217
v 0.01633628 -0.00432978 0.03058528
v 0.01111924 -0.01602123 0.02369365
v 0.01099119 -0.01602948 0.02370286
v 0.01125804 -0.01602503 0.02229472
v 0.01138354 -0.01599902 0.02230565
v 0.01198597 -0.01573569 0.02073177
v 0.01129454 -0.01603654 0.02366854
v 0.01155380 -0.01598672 0.02230811
v 0.01211158 -0.01569230 0.02076155
v 0.01228273 -0.01565077 0.02079130
v 0.01148131 -0.01578132 0.02481448
v 0.01129641 -0.01574593 0.02486393
v 0.01189275 -0.01516013 0.02575495
v 0.01175009 -0.01584464 0.02473732
v 0.01209043 -0.01520211 0.02568788
v 0.01116352 -0.01574016 0.02489191
v 0.01175313 -0.01514819 0.02579764
v 0.01481565 -0.01419961 0.01750585
v 0.01468182 -0.01426376 0.01744950
v 0.01623182 -0.01295072 0.01596067
v 0.01637136 -0.01288419 0.01602666
v 0.01763793 -0.01116602 0.01472706
v 0.01500759 -0.01411462 0.01757969
v 0.01657727 -0.01278904 0.01611844
v 0.01778265 -0.01110308 0.01480149
v 0.01800095 -0.01100823 0.01490925
v 0.01350504 -0.01504763 0.01917624
v 0.01332568 -0.01511407 0.01912289
v 0.01319688 -0.01517034 0.01907829
v 0.01956456 -0.00608224 0.01340666
v 0.01941431 -0.00612018 0.01331698
v 0.01983001 -0.00312749 0.01303219
v 0.01998124 -0.00310770 0.01312683
v 0.01979503 -0.00602232 0.01354104
v 0.02021351 -0.00307619 0.01326939
v 0.01906553 -0.00870950 0.01406888
v 0.01883938 -0.00879156 0.01394652
v 0.01869119 -0.00884444 0.01386388
v 0.01406455 -0.01308582 0.02666499
v 0.01390681 -0.01309133 0.02671951
v 0.01288597 -0.01425083 0.02630510
v 0.01273812 -0.01424468 0.02635577
v 0.01309822 -0.01428001 0.02623056
v 0.01429279 -0.01309280 0.02658927
v 0.01521693 -0.01173289 0.02698524
v 0.01546227 -0.01171830 0.02691061
v 0.01504750 -0.01174983 0.02704209
v 0.01652735 -0.00202592 0.03124402
v 0.01626464 -0.00200292 0.03134304
v 0.01627780 -0.00310550 0.03106374
v 0.01653328 -0.00313396 0.03096645
v 0.01687508 -0.00318259 0.03085604
v 0.01687772 -0.00206481 0.03113351
v 0.01689714 -0.00101555 0.03126321
v 0.01654145 -0.00099417 0.03137247
v 0.01627454 -0.00098146 0.03147179
v 0.01397041 0.00709153 0.03270237
v 0.01287629 0.00696320 0.03411330
v 0.01482025 0.00766833 0.03126065
v 0.01370766 0.00803147 0.03280915
v 0.01266376 0.01281970 0.02945289
v 0.01379117 0.01209499 0.02873995
v 0.01147530 0.01315148 0.03060901
v 0.01119759 0.01300675 0.03037050
v 0.01211751 0.01260110 0.03090023
v 0.01318701 0.01242894 0.02975583
v 0.01058352 0.00811175 0.03604110
v 0.01169439 0.00733402 0.03528186
v 0.01263610 0.00784331 0.03415779
v 0.01155893 0.00803788 0.03529239
v 0.01494143 0.00998920 0.02864276
v 0.01470737 0.01103860 0.02863305
v 0.01525314 0.00982856 0.02907280
v 0.01389783 0.01196497 0.02916809
v 0.01468870 0.01109379 0.02917105
v 0.01511726 0.01004378 0.02945717
v 0.00917605 0.01041962 0.03583298
v 0.00970252 0.00920412 0.03622402
v 0.01076571 0.00845553 0.03584376
v 0.01010493 0.00942576 0.03598496
v 0.00959849 0.01040868 0.03567008
v 0.01526929 0.00864291 0.02999974
v 0.01512015 0.00932849 0.03021011
v 0.01459516 0.00854549 0.03143156
v 0.01037599 0.01302911 0.03204540
v 0.00953683 0.01248879 0.03353990
v 0.01106190 0.01241944 0.03229521
v 0.00912884 0.01156673 0.03487035
v 0.00969876 0.01118278 0.03500688
v 0.01019679 0.01193099 0.03373327
v 0.01245531 0.01028050 0.03261161
v 0.01342586 0.01062776 0.03124293
v 0.01148641 0.00994087 0.03398517
v 0.01070126 0.00966365 0.03517414
v 0.01421593 0.01092785 0.03006852
v 0.01397041 -0.00709267 0.03270237
v 0.01287629 -0.00696434 0.03411330
v 0.01370766 -0.00803261 0.03280915
v 0.01482025 -0.00766947 0.03126065
v 0.01266376 -0.01282084 0.02945289
v 0.01379117 -0.01209613 0.02873995
v 0.01318701 -0.01243008 0.02975583
v 0.01211751 -0.01260224 0.03090023
v 0.01147530 -0.01315262 0.03060901
v 0.01119759 -0.01300789 0.03037050
v 0.01058352 -0.00811289 0.03604110
v 0.01169439 -0.00733516 0.03528186
v 0.01155893 -0.00803902 0.03529239
v 0.01263610 -0.00784445 0.03415779
v 0.01470737 -0.01103974 0.02863305
v 0.01525314 -0.00982970 0.02907280
v 0.01511726 -0.01004492 0.02945717
v 0.01468870 -0.01109493 0.02917105
v 0.01389783 -0.01196611 0.02916809
v 0.00917605 -0.01042076 0.03583298
v 0.00970251 -0.00920525 0.03622402
v 0.00959849 -0.01040982 0.03567008
v 0.01010493 -0.00942690 0.03598496
v 0.01076571 -0.00845667 0.03584376
v 0.01526929 -0.00864405 0.02999974
v 0.01459516 -0.00854662 0.03143156
v 0.01512015 -0.00932962 0.03021011
v 0.01037599 -0.01303025 0.03204540
v 0.01106190 -0.01242058 0.03229521
v 0.00953683 -0.01248993 0.03353990
v 0.00912884 -0.01156787 0.03487035
v 0.01019679 -0.01193213 0.03373327
v 0.00969876 -0.01118392 0.03500688
v 0.01245531 -0.01028164 0.03261161
v 0.01342586 -0.01062890 0.03124293
v 0.01148640 -0.00994201 0.03398518
v 0.01070125 -0.00966479 0.03517416
v 0.01421593 -0.01092899 0.03006852
v -0.02498804 -0.00000057 0.02883450
v 0.02937473 -0.00000057 0.03137519
v 0.00898600 -0.00000057 0.04084958
f 1 2 3
f 4 3 5
f 2 6 7
f 3 7 8
f 1 4 9
f 10 9 11
f 4 12 13
f 9 13 14
f 1 10 15
f 16 15 17
f 10 18 15
f 15 19 20
f 1 16 2
f 2 21 6
f 16 22 21
f 21 23 24
f 25 26 27
f 28 27 29
f 26 30 31
f 27 31 32
f 25 28 33
f 33 34 35
f 28 36 34
f 34 37 38
f 25 33 39
f 40 39 41
f 33 35 42
f 39 42 43
f 25 40 26
f 26 44 30
f 40 45 44
f 44 46 47
f 48 49 50
f 51 50 46
f 49 52 53
f 50 53 54
f 48 51 55
f 55 56 57
f 51 45 56
f 56 41 58
f 48 55 59
f 60 59 61
f 55 57 62
f 59 62 63
f 48 60 49
f 49 64 52
f 60 65 64
f 64 66 67
f 68 69 70
f 71 70 72
f 69 35 38
f 70 38 73
f 68 71 74
f 74 75 76
f 71 77 75
f 75 78 79
f 68 74 80
f 81 80 82
f 74 76 83
f 80 83 84
f 68 81 69
f 69 85 35
f 81 86 85
f 85 87 42
f 88 89 90
f 91 90 87
f 89 57 58
f 90 58 43
f 88 91 92
f 92 93 94
f 91 86 93
f 82 84 95
f 88 92 96
f 97 96 98
f 92 94 99
f 96 99 100
f 88 97 89
f 89 101 57
f 97 102 101
f 101 103 62
f 104 105 106
f 106 107 108
f 105 76 79
f 107 79 109
f 104 106 110
f 111 110 112
f 106 108 113
f 110 113 114
f 104 111 115
f 115 116 117
f 111 118 116
f 116 119 120
f 104 115 121
f 105 121 76
f 115 117 122
f 121 122 83
f 123 124 125
f 125 126 117
f 124 94 95
f 126 95 84
f 123 125 127
f 128 127 129
f 125 117 120
f 127 120 130
f 123 128 131
f 131 132 133
f 128 134 132
f 132 135 136
f 123 131 137
f 124 137 94
f 131 133 138
f 137 138 99
f 139 140 141
f 141 142 143
f 140 118 142
f 142 112 144
f 139 141 145
f 146 145 147
f 141 143 148
f 145 148 149
f 139 146 150
f 150 151 152
f 146 153 151
f 151 154 155
f 139 150 156
f 140 156 119
f 150 152 157
f 156 157 130
f 158 159 160
f 160 161 152
f 159 134 161
f 161 129 157
f 158 160 162
f 163 162 164
f 160 152 155
f 162 155 165
f 158 163 166
f 166 167 168
f 163 169 167
f 167 170 171
f 158 166 172
f 159 172 135
f 166 168 173
f 172 173 174
f 175 176 177
f 177 178 179
f 176 180 178
f 178 181 182
f 175 177 183
f 184 183 185
f 177 179 186
f 183 186 187
f 175 184 188
f 188 189 190
f 184 191 189
f 189 192 193
f 175 188 194
f 176 194 195
f 188 190 196
f 194 196 197
f 198 199 200
f 200 201 202
f 199 203 201
f 201 204 205
f 198 200 206
f 207 206 208
f 200 202 209
f 208 206 210
f 198 207 211
f 211 212 213
f 207 214 212
f 212 215 216
f 198 211 217
f 199 217 218
f 211 213 219
f 217 219 220
f 221 222 223
f 224 223 225
f 222 226 227
f 223 227 228
f 221 224 229
f 229 230 231
f 224 232 230
f 230 233 234
f 221 229 235
f 236 235 237
f 229 231 238
f 235 238 239
f 221 236 222
f 222 240 226
f 236 241 240
f 240 242 243
f 244 245 246
f 247 246 242
f 245 248 249
f 246 249 250
f 244 247 251
f 251 252 253
f 247 241 252
f 252 237 254
f 244 251 255
f 256 255 257
f 251 253 258
f 255 258 259
f 244 256 245
f 245 260 248
f 256 261 260
f 260 262 263
f 264 265 266
f 267 266 262
f 265 268 269
f 266 269 270
f 264 267 271
f 271 272 273
f 267 261 272
f 272 257 274
f 264 271 275
f 276 275 186
f 271 273 277
f 275 277 186
f 264 276 265
f 265 278 268
f 276 179 278
f 279 278 280
f 281 282 283
f 284 283 285
f 282 231 234
f 283 234 286
f 281 284 287
f 287 288 289
f 284 290 288
f 288 291 292
f 281 287 293
f 294 293 295
f 287 289 296
f 293 296 297
f 281 294 282
f 282 298 231
f 294 299 298
f 298 300 238
f 301 302 303
f 304 303 300
f 302 253 254
f 303 254 239
f 301 304 305
f 305 306 307
f 304 299 306
f 306 295 308
f 301 305 309
f 310 309 311
f 305 307 312
f 309 312 313
f 301 310 302
f 302 314 253
f 310 315 314
f 314 316 258
f 317 318 319
f 320 319 316
f 318 321 322
f 319 322 259
f 317 320 323
f 323 324 325
f 320 315 324
f 324 311 326
f 317 323 327
f 328 327 329
f 323 325 330
f 327 330 331
f 317 328 318
f 318 332 321
f 328 333 332
f 332 334 335
f 336 337 338
f 339 338 340
f 337 341 338
f 338 342 343
f 336 339 344
f 345 346 347
f 339 340 348
f 345 348 346
f 336 344 349
f 350 349 351
f 344 347 352
f 349 352 353
f 336 350 337
f 337 354 341
f 350 355 354
f 354 356 357
f 358 359 360
f 360 361 362
f 359 363 361
f 361 364 365
f 358 360 366
f 367 366 13
f 360 362 368
f 368 14 13
f 358 367 369
f 369 370 371
f 367 12 370
f 370 5 372
f 358 369 373
f 359 373 374
f 369 371 375
f 373 375 374
f 376 377 378
f 379 378 380
f 377 381 382
f 378 382 383
f 376 379 384
f 384 385 386
f 379 387 385
f 385 388 389
f 376 384 390
f 391 390 392
f 384 386 393
f 390 393 394
f 376 391 377
f 377 395 381
f 391 396 397
f 395 397 398
f 399 400 401
f 402 401 403
f 400 347 346
f 401 346 404
f 399 402 405
f 405 406 407
f 402 408 406
f 406 409 410
f 399 405 411
f 412 411 413
f 405 407 414
f 411 414 413
f 399 412 400
f 400 415 347
f 412 416 415
f 415 417 352
f 418 419 420
f 420 421 422
f 419 355 421
f 421 351 423
f 418 420 424
f 425 424 388
f 420 422 426
f 424 426 427
f 418 425 428
f 428 429 430
f 425 387 429
f 429 380 431
f 418 428 432
f 419 432 356
f 428 430 433
f 432 433 434
f 435 436 437
f 438 437 439
f 436 440 437
f 437 441 442
f 435 438 443
f 443 444 445
f 438 439 444
f 444 446 447
f 435 443 448
f 449 448 450
f 443 445 451
f 448 451 450
f 435 449 436
f 436 452 440
f 449 453 452
f 452 454 455
f 456 457 458
f 458 459 460
f 457 461 462
f 459 462 463
f 456 458 464
f 465 464 466
f 458 467 468
f 464 468 469
f 456 465 470
f 470 471 386
f 465 472 471
f 471 473 393
f 456 470 474
f 457 474 475
f 470 386 389
f 474 389 427
f 476 477 478
f 479 478 480
f 477 481 482
f 478 482 483
f 476 479 484
f 484 485 486
f 479 487 485
f 485 488 489
f 476 484 490
f 491 490 492
f 484 486 493
f 490 493 494
f 476 491 477
f 477 495 481
f 491 492 496
f 495 496 497
f 498 499 500
f 501 500 451
f 499 502 503
f 500 503 504
f 498 501 505
f 506 505 507
f 501 445 447
f 505 447 508
f 498 506 509
f 510 509 511
f 506 512 509
f 509 513 511
f 498 510 499
f 499 514 502
f 510 515 514
f 514 516 517
f 518 519 520
f 520 521 522
f 519 523 521
f 521 524 525
f 518 520 526
f 526 527 528
f 520 522 529
f 527 529 530
f 518 526 531
f 532 531 533
f 526 528 534
f 531 534 535
f 518 532 519
f 519 536 537
f 532 538 536
f 536 539 537
f 540 541 542
f 543 542 544
f 541 545 546
f 542 546 547
f 540 543 548
f 548 549 550
f 543 551 549
f 549 552 553
f 540 548 554
f 555 554 23
f 548 550 556
f 554 556 557
f 540 555 541
f 541 558 545
f 555 22 558
f 558 17 559
f 560 561 562
f 563 562 564
f 561 486 489
f 562 489 565
f 560 563 566
f 566 567 441
f 563 564 568
f 567 568 569
f 560 566 570
f 571 570 572
f 566 440 455
f 570 455 573
f 560 571 561
f 561 574 486
f 571 575 574
f 574 576 493
f 577 578 579
f 580 579 581
f 578 582 583
f 579 583 584
f 577 580 585
f 585 586 481
f 580 587 586
f 586 588 482
f 577 585 589
f 590 589 591
f 585 481 592
f 589 592 591
f 577 590 578
f 578 593 582
f 590 594 593
f 593 595 596
f 597 598 599
f 600 599 601
f 598 153 599
f 599 147 601
f 597 600 602
f 602 603 604
f 600 605 603
f 603 606 607
f 597 602 608
f 609 608 610
f 602 604 611
f 608 611 612
f 597 609 598
f 598 613 154
f 609 614 615
f 613 615 165
f 616 617 618
f 618 619 614
f 617 169 619
f 619 164 615
f 616 618 620
f 620 621 622
f 618 614 621
f 621 610 623
f 616 620 624
f 625 624 626
f 620 622 627
f 624 627 628
f 616 625 629
f 617 629 170
f 625 626 630
f 629 630 631
f 632 633 634
f 635 634 636
f 633 604 607
f 634 607 637
f 632 635 638
f 638 639 640
f 635 641 639
f 639 642 643
f 632 638 644
f 645 644 646
f 638 640 647
f 644 647 646
f 632 645 633
f 633 648 604
f 645 649 648
f 648 650 611
f 651 652 653
f 653 654 650
f 652 622 623
f 654 623 612
f 651 653 655
f 656 655 657
f 653 649 646
f 655 646 658
f 651 656 659
f 659 660 661
f 656 662 660
f 660 663 664
f 651 659 665
f 652 665 622
f 659 661 666
f 665 666 628
f 667 668 669
f 669 670 671
f 668 640 670
f 670 643 672
f 667 669 673
f 674 673 675
f 669 671 676
f 673 676 677
f 667 674 678
f 678 679 680
f 674 681 679
f 679 682 683
f 667 678 684
f 668 684 647
f 678 680 685
f 684 685 658
f 686 687 688
f 688 689 680
f 687 662 689
f 689 657 685
f 686 688 690
f 691 690 692
f 688 680 683
f 690 683 693
f 686 691 694
f 694 695 696
f 691 697 695
f 695 698 699
f 686 694 700
f 687 700 663
f 694 696 701
f 700 701 702
f 703 704 705
f 705 706 707
f 704 681 706
f 706 675 708
f 703 705 709
f 710 709 190
f 705 707 711
f 709 711 196
f 703 710 712
f 712 713 714
f 710 190 193
f 713 193 715
f 703 712 716
f 704 716 682
f 712 714 717
f 716 717 693
f 718 719 720
f 720 721 714
f 719 697 721
f 721 692 717
f 718 720 722
f 723 722 202
f 720 714 722
f 722 715 209
f 718 723 724
f 724 725 726
f 723 202 725
f 725 727 728
f 718 724 729
f 719 729 698
f 724 726 730
f 729 730 731
f 732 733 734
f 735 734 736
f 733 737 738
f 734 738 739
f 732 735 740
f 740 741 742
f 735 743 741
f 741 744 745
f 732 740 746
f 746 747 748
f 740 742 747
f 747 749 750
f 732 746 751
f 733 751 752
f 746 748 753
f 751 753 754
f 755 756 757
f 757 758 213
f 756 759 758
f 758 760 219
f 755 757 761
f 762 761 763
f 757 213 216
f 761 216 764
f 755 762 765
f 765 766 767
f 762 768 766
f 766 769 770
f 755 765 771
f 756 771 772
f 765 767 773
f 771 773 774
f 775 776 777
f 777 778 779
f 776 768 778
f 778 763 780
f 775 777 781
f 782 781 783
f 777 779 781
f 781 784 785
f 775 782 786
f 786 787 788
f 787 782 789
f 787 789 790
f 775 786 791
f 776 791 769
f 786 788 792
f 791 792 793
f 794 795 796
f 797 796 798
f 795 783 785
f 796 785 799
f 794 797 800
f 800 801 802
f 797 803 801
f 801 804 805
f 794 800 806
f 807 806 808
f 800 802 809
f 806 809 739
f 794 807 795
f 795 810 783
f 807 811 810
f 810 812 789
f 813 814 815
f 815 816 817
f 814 818 816
f 816 819 820
f 813 815 821
f 822 821 823
f 815 817 824
f 821 824 754
f 813 822 825
f 825 826 827
f 822 828 826
f 826 829 830
f 813 825 831
f 814 831 832
f 825 827 833
f 831 833 834
f 835 836 837
f 838 837 277
f 836 839 840
f 837 840 187
f 835 838 841
f 841 842 321
f 838 273 842
f 842 274 322
f 835 841 843
f 844 843 804
f 841 321 335
f 843 335 845
f 835 844 836
f 836 846 839
f 844 803 846
f 846 798 847
f 848 849 850
f 850 851 191
f 849 214 851
f 851 208 192
f 848 850 852
f 853 852 839
f 850 191 185
f 852 185 840
f 848 853 854
f 854 855 784
f 853 839 847
f 855 847 799
f 848 854 856
f 849 856 215
f 854 779 780
f 856 780 764
f 857 858 859
f 860 859 861
f 858 232 859
f 859 225 861
f 857 860 862
f 862 863 864
f 860 865 863
f 863 866 867
f 857 862 868
f 869 868 870
f 862 864 871
f 868 871 872
f 857 869 858
f 858 873 232
f 869 874 873
f 873 875 233
f 876 877 878
f 879 878 875
f 877 880 881
f 878 881 286
f 876 879 882
f 882 883 884
f 879 874 883
f 883 870 885
f 876 882 886
f 887 886 888
f 882 884 889
f 886 889 890
f 876 887 877
f 877 891 880
f 887 892 891
f 893 891 894
f 895 896 897
f 898 897 899
f 896 900 901
f 897 901 834
f 895 898 902
f 902 903 904
f 898 905 903
f 903 906 904
f 895 902 907
f 908 907 909
f 902 910 907
f 909 907 911
f 895 908 896
f 896 912 900
f 908 913 912
f 912 914 915
f 916 917 918
f 919 918 920
f 917 864 867
f 918 867 921
f 916 919 922
f 922 923 924
f 919 925 923
f 923 926 927
f 916 922 928
f 929 928 930
f 922 924 931
f 928 931 932
f 916 929 917
f 917 933 864
f 929 934 933
f 933 935 871
f 936 937 938
f 939 938 935
f 937 940 941
f 938 941 872
f 936 939 942
f 942 943 944
f 939 934 943
f 943 930 945
f 936 942 946
f 947 946 948
f 942 944 949
f 946 949 950
f 936 947 937
f 937 951 940
f 947 952 951
f 951 953 954
f 955 956 957
f 958 957 812
f 956 959 960
f 957 960 961
f 955 958 962
f 962 963 737
f 958 811 963
f 963 808 738
f 955 962 964
f 964 965 817
f 962 737 965
f 965 752 824
f 955 964 956
f 956 966 959
f 964 817 966
f 966 820 967
f 968 969 970
f 971 970 524
f 969 924 927
f 970 927 972
f 968 971 973
f 973 974 975
f 971 523 974
f 974 537 976
f 968 973 977
f 978 977 979
f 973 975 980
f 980 981 977
f 968 978 969
f 969 982 924
f 978 983 982
f 982 984 931
f 985 986 987
f 988 987 984
f 986 944 945
f 987 945 932
f 985 988 989
f 989 990 991
f 988 983 990
f 990 979 992
f 985 989 993
f 994 993 995
f 989 991 996
f 993 996 997
f 985 994 986
f 986 998 944
f 994 999 998
f 998 1000 949
f 1001 1002 1003
f 1003 1004 1005
f 1002 1006 1004
f 1004 1007 1008
f 1001 1003 1009
f 1010 1009 1011
f 1003 1005 1012
f 1009 1012 1013
f 1001 1010 1014
f 1014 1015 1016
f 1010 1017 1015
f 1015 1018 1019
f 1001 1014 1020
f 1002 1020 1021
f 1014 1016 1022
f 1020 1022 1023
f 1024 1025 1026
f 1026 1027 1028
f 1025 975 1027
f 1027 1029 1030
f 1024 1026 1031
f 1032 1031 30
f 1026 1028 1033
f 1031 1033 31
f 1024 1032 1034
f 1035 1034 1036
f 1032 30 47
f 1034 47 54
f 1024 1035 1037
f 1025 1037 980
f 1035 1038 1039
f 1037 1039 981
f 1040 1041 1042
f 1043 1042 1039
f 1041 991 992
f 1042 992 981
f 1040 1043 1044
f 1044 1045 52
f 1043 1038 1045
f 1045 1036 53
f 1040 1044 1046
f 1047 1046 1048
f 1044 52 67
f 1046 67 1049
f 1040 1047 1041
f 1041 1050 991
f 1047 1051 1050
f 1050 1052 996
f 1053 1054 1055
f 1056 1055 334
f 1054 802 805
f 1055 805 845
f 1053 1056 1057
f 1057 1058 1059
f 1056 333 1058
f 1058 329 1060
f 1053 1057 1061
f 1062 1061 744
f 1057 1059 1063
f 1061 1063 1064
f 1053 1062 1054
f 1054 1065 802
f 1062 743 1065
f 1065 736 809
f 1066 1067 1068
f 1068 1069 1070
f 1067 1071 1072
f 1069 1072 1073
f 1066 1068 1074
f 1075 1074 1076
f 1068 1077 1078
f 1074 1078 1079
f 1066 1075 1080
f 1080 1081 1082
f 1075 1083 1081
f 1081 1084 1085
f 1066 1080 1086
f 1067 1086 1087
f 1080 1082 1088
f 1086 1088 1089
f 1090 1091 1092
f 1092 1093 1094
f 1091 1095 1093
f 1093 1096 1097
f 1090 1092 1098
f 1099 1098 1100
f 1092 1094 1101
f 1098 1101 1100
f 1090 1099 1102
f 1102 1103 1104
f 1099 1105 1103
f 1103 1106 1107
f 1090 1102 1108
f 1091 1108 1109
f 1102 1104 1110
f 1108 1110 1111
f 1112 1113 1114
f 1115 1114 1116
f 1113 1117 1118
f 1114 1118 1119
f 1112 1115 1120
f 1120 1121 1122
f 1115 1116 1121
f 1121 1123 1124
f 1112 1120 1125
f 1126 1125 1127
f 1120 1122 1128
f 1125 1128 1129
f 1112 1126 1113
f 1113 1130 1117
f 1126 1131 1130
f 1132 1130 1133
f 1134 1135 1136
f 1136 1137 748
f 1135 828 1137
f 1137 823 753
f 1134 1136 1138
f 1139 1138 1140
f 1136 748 750
f 1138 750 1141
f 1134 1139 1142
f 1142 1143 1116
f 1139 1144 1143
f 1143 1145 1123
f 1134 1142 1146
f 1135 1146 829
f 1142 1116 1119
f 1146 1119 1147
f 1148 1149 1150
f 1151 1152 1153
f 1149 1154 1155
f 1150 1155 1156
f 1148 1152 1157
f 1157 1158 1159
f 1152 1151 1158
f 1158 1160 1161
f 1148 1157 1162
f 1163 1162 1164
f 1157 1159 1165
f 1162 1165 1166
f 1148 1163 1149
f 1149 1167 1154
f 1163 1168 1167
f 1167 1169 1170
f 1171 1172 1173
f 1174 1173 1175
f 1172 1176 1177
f 1173 1177 1178
f 1171 1174 1179
f 1179 1180 1181
f 1174 1182 1180
f 1180 1183 1184
f 1171 1179 1185
f 1186 1185 1187
f 1179 1181 1188
f 1185 1188 1133
f 1171 1186 1172
f 1172 1189 1176
f 1186 1131 1189
f 1189 1127 1190
f 1191 1192 1193
f 1194 1193 1195
f 1192 1196 1193
f 1193 1197 1198
f 1191 1194 1199
f 1199 1200 1201
f 1194 1202 1200
f 1200 1203 1204
f 1191 1199 1205
f 1206 1205 1207
f 1199 1201 1208
f 1205 1208 1209
f 1191 1206 1210
f 1192 1210 1211
f 1206 1207 1212
f 1210 1212 1213
f 1214 1215 1216
f 1216 1217 1218
f 1219 1217 1215
f 1220 1217 1219
f 1221 1222 1217
f 1223 1224 1222
f 1222 1221 1225
f 1214 1216 1226
f 1226 1227 1228
f 1216 1218 1229
f 1227 1229 1230
f 1214 1226 1231
f 1232 1231 1233
f 1226 1228 1234
f 1231 1234 1235
f 1214 1232 1236
f 1215 1237 1238
f 1238 1239 1215
f 1215 1236 1237
f 1236 1232 1240
f 1236 1240 1241
f 1242 1243 1244
f 1244 1245 827
f 1243 905 1245
f 1245 899 833
f 1242 1244 1246
f 1247 1246 1118
f 1244 827 830
f 1246 830 1147
f 1242 1247 1248
f 1248 1249 1181
f 1247 1117 1249
f 1249 1132 1188
f 1242 1248 1250
f 1243 1250 906
f 1248 1181 1184
f 1250 1184 1251
f 1252 1253 1254
f 1255 1254 1256
f 1253 1257 1254
f 1254 1258 1256
f 1252 1255 1259
f 1259 1260 1261
f 1255 892 1260
f 1260 888 1262
f 1252 1259 1263
f 1264 1263 1265
f 1259 1261 1266
f 1263 1266 1267
f 1252 1264 1268
f 1253 1268 1269
f 1264 1270 1271
f 1268 1271 1272
f 1273 1274 1275
f 1275 1276 940
f 1274 884 885
f 1276 885 941
f 1273 1275 1277
f 1278 1277 1279
f 1275 940 954
f 1277 954 1280
f 1273 1278 1281
f 1281 1282 1261
f 1278 1283 1282
f 1282 1284 1266
f 1273 1281 1285
f 884 1274 889
f 1281 1261 1262
f 1285 1262 890
f 1286 1287 1288
f 1289 1288 291
f 1287 1290 1291
f 1288 1291 1292
f 1286 1289 1293
f 1293 1294 880
f 1289 290 1294
f 1294 285 881
f 1286 1293 1295
f 1296 1295 1258
f 1293 880 893
f 1295 893 894
f 1286 1296 1287
f 1287 1297 1290
f 1296 1257 1297
f 1297 1269 1298
f 1299 1300 1301
f 1302 1301 1303
f 1300 1304 1305
f 1301 1305 1306
f 1299 1302 1307
f 1307 1308 492
f 1302 1309 1308
f 1308 1310 496
f 1299 1307 1311
f 1312 1311 576
f 1307 492 1313
f 1311 1313 494
f 1299 1312 1300
f 1300 1314 1304
f 1312 575 1314
f 1314 572 1315
f 1316 1317 1318
f 1319 1318 1320
f 1317 1321 1318
f 1318 1322 398
f 1316 1319 1323
f 1323 1324 1304
f 1319 1325 1324
f 1324 1326 1305
f 1316 1323 1327
f 1328 1327 454
f 1323 1304 1315
f 1327 1315 573
f 1316 1328 1317
f 1317 1329 1330
f 1328 453 1329
f 1329 450 504
f 1331 1332 1333
f 1334 1333 1335
f 1332 430 431
f 1333 431 383
f 1331 1334 1336
f 1336 1337 1338
f 1334 1339 1337
f 1337 1340 1341
f 1331 1336 1342
f 1343 1342 1344
f 1336 1338 1345
f 1342 1345 1346
f 1331 1343 1332
f 1347 433 430
f 1343 1348 1347
f 1347 1349 433
f 1350 1351 1352
f 1352 1353 375
f 1351 1354 1355
f 1353 1355 1356
f 1350 1352 1357
f 1358 1357 1359
f 1352 371 372
f 1357 372 8
f 1350 1358 1360
f 1360 1361 1362
f 1358 1363 1361
f 1361 1364 1365
f 1350 1360 1366
f 1351 1366 1367
f 1360 1362 1368
f 1366 1368 469
f 1369 1370 1371
f 1371 1372 1362
f 1370 472 1372
f 1372 466 1368
f 1369 1371 1373
f 1374 1373 1375
f 1371 1362 1365
f 1373 1365 1376
f 1369 1374 1377
f 1377 1378 1379
f 1374 1380 1378
f 1378 1381 1382
f 1369 1377 1383
f 1370 1383 473
f 1377 1379 1384
f 1383 1384 394
f 1385 1386 1387
f 1387 1388 1379
f 1386 396 1388
f 1388 392 1384
f 1385 1387 1389
f 1390 1389 1391
f 1387 1379 1382
f 1389 1382 1392
f 1385 1390 1393
f 1393 1394 1326
f 1390 1395 1396
f 1394 1396 1306
f 1385 1393 1397
f 1386 1397 397
f 1393 1325 1397
f 1397 1320 397
f 1398 1399 1400
f 1400 1401 1402
f 1399 1380 1401
f 1401 1375 1403
f 1398 1400 1404
f 1405 1404 1406
f 1400 1402 1407
f 1404 1407 553
f 1398 1405 1408
f 1408 1409 1410
f 1405 1411 1409
f 1409 1412 1413
f 1398 1408 1414
f 1399 1414 1381
f 1408 1410 1415
f 1414 1415 1392
f 1416 1417 1418
f 1418 1419 1410
f 1417 1395 1419
f 1419 1391 1415
f 1416 1418 1420
f 1421 1420 595
f 1418 1410 1413
f 1420 1413 1422
f 1416 1421 1423
f 1424 1423 1310
f 1421 594 591
f 1423 591 497
f 1416 1424 1417
f 1417 1425 1395
f 1424 1309 1425
f 1425 1303 1396
f 1426 1427 1428
f 1429 1428 556
f 1427 6 24
f 1428 24 557
f 1426 1429 1430
f 1430 1431 1402
f 1429 550 1431
f 1431 1432 1407
f 1426 1430 1433
f 1434 1433 1364
f 1430 1402 1403
f 1433 1403 1376
f 1426 1434 1427
f 1427 1435 6
f 1434 1363 1435
f 1435 1359 7
f 1436 1437 1438
f 1438 1439 1440
f 1437 551 1439
f 1439 544 1441
f 1436 1438 1442
f 1442 1443 582
f 1438 1440 1444
f 1443 1444 583
f 1436 1442 1445
f 1446 1445 1412
f 1442 582 596
f 1445 596 1422
f 1436 1446 1437
f 1437 1447 552
f 1446 1411 1447
f 1447 1406 552
f 1448 1449 1450
f 1451 1450 1452
f 1449 1453 1454
f 1450 1454 1455
f 1448 1451 1456
f 1456 1457 1458
f 1451 1459 1457
f 1457 1460 1461
f 1448 1456 1462
f 1463 1462 37
f 1456 1458 1464
f 1462 1464 73
f 1448 1463 1449
f 1449 1465 1453
f 1463 36 1465
f 1465 29 1466
f 1467 1468 1469
f 1470 1469 409
f 1468 1458 1461
f 1469 1461 1471
f 1467 1470 1472
f 1472 1473 1474
f 1470 408 1473
f 1473 403 1475
f 1467 1472 1476
f 1477 1476 78
f 1472 1474 1478
f 1476 1478 109
f 1467 1477 1468
f 1468 1479 1458
f 1477 77 1479
f 1479 72 1464
f 1480 1481 1482
f 1482 1483 340
f 1481 1474 1475
f 1483 1475 404
f 1480 1482 1484
f 1485 1484 1486
f 1482 340 343
f 1484 343 1487
f 1480 1485 1488
f 1488 1489 108
f 1485 1490 1489
f 1489 1491 113
f 1480 1488 1492
f 1481 1492 1474
f 1488 108 1493
f 1492 1493 1478
f 1494 1495 1496
f 1496 1497 1498
f 1495 1490 1497
f 1497 1486 1499
f 1494 1496 1500
f 1501 1500 1502
f 1496 1498 1503
f 1500 1503 1504
f 1494 1501 1505
f 1505 1506 143
f 1501 1507 1506
f 1506 1508 148
f 1494 1505 1509
f 1495 1509 1491
f 1505 143 144
f 1509 144 114
f 1510 1511 1512
f 1512 1513 1514
f 1511 487 1513
f 1513 480 1515
f 1510 1512 1516
f 1517 1516 181
f 1512 1514 1518
f 1516 1518 280
f 1510 1517 1519
f 1519 1520 1521
f 1517 180 1520
f 1520 195 1522
f 1510 1519 1523
f 1511 1523 488
f 1519 1521 1524
f 1523 1524 565
f 1525 1526 1527
f 1528 1527 1529
f 1526 545 559
f 1527 559 20
f 1525 1528 1530
f 1530 1531 226
f 1528 1532 1531
f 1531 1533 227
f 1525 1530 1534
f 1535 1534 1536
f 1530 226 243
f 1534 243 250
f 1525 1535 1526
f 1526 1537 545
f 1535 1538 1537
f 1537 1539 546
f 1540 1541 1542
f 1543 1542 1539
f 1541 1440 1441
f 1542 1441 547
f 1540 1543 1544
f 1544 1545 248
f 1543 1538 1545
f 1545 1536 249
f 1540 1544 1546
f 1547 1546 1548
f 1544 248 263
f 1546 263 270
f 1540 1547 1549
f 1541 1549 1444
f 1547 1550 1551
f 1549 1551 584
f 1552 1553 1554
f 1554 1555 1550
f 1553 587 1555
f 1555 581 1551
f 1552 1554 1556
f 1556 1557 268
f 1554 1550 1557
f 1557 1548 269
f 1552 1556 1558
f 1558 1559 1514
f 1556 268 279
f 1559 279 1518
f 1552 1558 1560
f 1553 1560 588
f 1558 1514 1515
f 1560 1515 483
f 1561 1562 1563
f 1564 1563 1565
f 1562 1507 1502
f 1563 1502 1504
f 1561 1564 1566
f 1566 1567 1568
f 1564 1569 1567
f 1567 1570 1571
f 1561 1566 1572
f 1573 1572 606
f 1566 1568 1574
f 1572 1574 637
f 1561 1573 1562
f 1562 1575 1508
f 1573 605 1575
f 1575 601 149
f 1576 1577 1578
f 1579 1578 513
f 1577 1568 1571
f 1578 1571 1580
f 1576 1579 1581
f 1581 1582 1583
f 1579 512 1582
f 1582 507 1584
f 1576 1581 1585
f 1586 1585 642
f 1581 1583 1587
f 1585 1587 1588
f 1576 1586 1577
f 1577 1589 1568
f 1586 641 1589
f 1589 636 1574
f 1590 1591 1592
f 1592 1593 446
f 1591 1583 1584
f 1593 1584 508
f 1590 1592 1594
f 1595 1594 1596
f 1592 439 442
f 1594 442 569
f 1590 1595 1597
f 1597 1598 671
f 1595 1599 1598
f 1598 1600 676
f 1590 1597 1601
f 1591 1601 1587
f 1597 671 672
f 1601 672 1588
f 1602 1603 1604
f 1604 1605 564
f 1603 1599 1605
f 1605 1596 568
f 1602 1604 1606
f 1607 1606 1524
f 1604 564 1608
f 1606 1608 1524
f 1602 1607 1609
f 1609 1610 707
f 1607 1521 1610
f 1610 1522 711
f 1602 1609 1611
f 1603 1611 1600
f 1609 707 708
f 1611 708 677
f 1612 1613 1614
f 1615 1614 19
f 1613 1532 1614
f 1614 1529 19
f 1612 1615 1616
f 1616 1617 1618
f 1615 18 1617
f 1617 11 1619
f 1612 1616 1620
f 1621 1620 866
f 1616 1618 1622
f 1620 1622 921
f 1612 1621 1613
f 1613 1623 1533
f 1621 865 1623
f 1623 861 228
f 1624 1625 1626
f 1627 1626 368
f 1625 1618 1619
f 1626 1619 14
f 1624 1627 1628
f 1628 1629 522
f 1627 362 365
f 1629 365 1630
f 1624 1628 1631
f 1632 1631 926
f 1628 522 525
f 1631 525 972
f 1624 1632 1625
f 1625 1633 1618
f 1632 925 1633
f 1633 920 1622
f 1634 1635 1636
f 1636 1637 1638
f 1635 1639 1637
f 1637 1640 1641
f 1634 1636 1642
f 1642 1643 1644
f 1636 1638 1645
f 1643 1645 1646
f 1634 1642 1647
f 1648 1647 1649
f 1642 1644 1650
f 1647 1650 535
f 1634 1648 1651
f 1635 1651 1652
f 1648 1653 1651
f 1651 1654 1655
f 1656 1657 1658
f 1658 1659 1028
f 1657 1453 1466
f 1659 1466 32
f 1656 1658 1660
f 1661 1660 539
f 1658 1028 1030
f 1660 1030 976
f 1656 1661 1662
f 1662 1663 1644
f 1661 538 1663
f 1663 533 1650
f 1656 1662 1664
f 1657 1664 1453
f 1662 1644 1646
f 1664 1646 1454
f 1665 1666 1667
f 1668 1667 468
f 1666 1354 1367
f 1667 1367 468
f 1665 1668 1669
f 1669 1670 1671
f 1668 467 1670
f 1670 460 1672
f 1665 1669 1673
f 1674 1673 1675
f 1669 1671 1676
f 1673 1676 1655
f 1665 1674 1666
f 1666 1677 1354
f 1674 1678 1677
f 1677 1679 1355
f 1680 1681 1682
f 1683 1682 1684
f 1681 416 413
f 1682 413 1685
f 1680 1683 1686
f 1686 1687 461
f 1683 1688 1687
f 1687 1689 462
f 1680 1686 1690
f 1690 1691 422
f 1686 461 1691
f 1691 475 426
f 1680 1690 1692
f 1681 1692 417
f 1690 422 423
f 1692 423 353
f 1693 1694 1695
f 1695 1696 1498
f 1694 1697 1696
f 1696 1698 1503
f 1693 1695 1699
f 1700 1699 342
f 1695 1498 1499
f 1699 1499 1487
f 1693 1700 1701
f 1702 1701 1349
f 1700 341 357
f 1701 357 434
f 1693 1702 1703
f 1694 1703 1704
f 1702 1348 1703
f 1703 1344 1346
f 1705 1706 1707
f 1708 1707 516
f 1706 1338 1341
f 1707 1341 1709
f 1705 1708 1710
f 1711 1710 1570
f 1708 515 511
f 1710 511 1580
f 1705 1711 1712
f 1712 1713 1698
f 1711 1569 1713
f 1713 1565 1698
f 1705 1712 1706
f 1706 1714 1338
f 1697 1704 1714
f 1714 1704 1345
f 1715 1716 1717
f 1718 1717 364
f 1716 528 530
f 1717 530 1630
f 1715 1718 1719
f 1719 1720 1679
f 1718 363 1720
f 1720 374 1356
f 1715 1719 1721
f 1722 1721 1654
f 1719 1678 1721
f 1721 1675 1654
f 1715 1722 1716
f 1716 1723 528
f 1722 1653 1723
f 1723 1649 534
f 1724 1725 1726
f 1727 1726 1460
f 1725 407 410
f 1726 410 1471
f 1724 1727 1728
f 1728 1729 1638
f 1727 1459 1729
f 1729 1452 1645
f 1724 1728 1730
f 1731 1730 1732
f 1728 1638 1641
f 1730 1641 1733
f 1724 1731 1725
f 1725 1734 407
f 1731 1732 1735
f 1734 1735 1685
f 1736 1737 1738
f 1738 1739 381
f 1737 1339 1739
f 1739 1335 382
f 1736 1738 1740
f 1741 1740 1322
f 1738 381 1742
f 1740 1742 398
f 1736 1741 1743
f 1743 1744 502
f 1741 1321 1744
f 1744 1330 503
f 1736 1743 1745
f 1737 1745 1340
f 1743 502 517
f 1745 517 1709
f 1746 1747 1748
f 1748 1749 1671
f 1747 1639 1749
f 1749 1652 1676
f 1746 1748 1750
f 1751 1750 1689
f 1748 1671 1672
f 1750 1672 463
f 1746 1751 1752
f 1752 1753 1732
f 1751 1688 1753
f 1753 1684 1735
f 1746 1752 1754
f 1747 1754 1640
f 1752 1732 1755
f 1754 1755 1733
f 1756 1757 1758
f 1759 1758 1760
f 1757 1761 1762
f 1758 1762 1763
f 1756 1759 1764
f 1764 1765 1766
f 1759 1767 1765
f 1765 1768 1769
f 1756 1764 1770
f 1771 1770 1772
f 1764 1766 1773
f 1770 1773 1023
f 1756 1771 1757
f 1757 1774 1761
f 1771 1775 1774
f 1774 1776 1777
f 1778 1779 1780
f 1781 1780 1782
f 1779 1766 1769
f 1780 1769 1783
f 1778 1781 1784
f 1784 1785 1082
f 1781 1786 1785
f 1785 1787 1088
f 1778 1784 1788
f 1788 1789 1790
f 1784 1082 1085
f 1789 1085 1791
f 1778 1788 1792
f 1779 1792 1766
f 1788 1790 1793
f 1792 1793 1023
f 1794 1795 1796
f 1797 1796 1776
f 1795 1798 1799
f 1796 1799 1800
f 1794 1797 1801
f 1801 1802 1016
f 1797 1775 1802
f 1802 1772 1022
f 1794 1801 1803
f 1804 1803 1805
f 1801 1016 1019
f 1803 1019 1806
f 1794 1804 1795
f 1795 1807 1798
f 1804 1808 1807
f 1807 1809 1810
f 1811 1812 1813
f 1814 1813 1815
f 1812 1816 1817
f 1813 1817 1818
f 1811 1814 1819
f 1819 1820 1154
f 1814 1821 1820
f 1820 1822 1155
f 1811 1819 1823
f 1824 1823 1825
f 1819 1154 1170
f 1823 1170 1826
f 1811 1824 1812
f 1812 1827 1816
f 1824 1828 1827
f 1827 1829 1830
f 1831 1832 1833
f 1833 1834 1835
f 1832 1083 1834
f 1834 1076 1836
f 1831 1833 1837
f 1838 1837 1007
f 1833 1835 1839
f 1837 1839 1840
f 1831 1838 1841
f 1841 1842 1790
f 1838 1006 1842
f 1842 1021 1793
f 1831 1841 1843
f 1832 1843 1084
f 1841 1790 1791
f 1843 1791 1844
f 1845 1846 1847
f 1847 1848 1849
f 1846 1017 1848
f 1848 1011 1850
f 1845 1847 1851
f 1852 1851 1853
f 1847 1849 1854
f 1851 1854 1855
f 1845 1852 1856
f 1856 1857 1808
f 1852 1858 1857
f 1857 1859 1809
f 1845 1856 1860
f 1846 1860 1018
f 1856 1808 1805
f 1860 1805 1806
f 1861 1862 1863
f 1864 1863 1865
f 1862 1866 1863
f 1863 1867 1868
f 1868 1869 1863
f 1863 1870 1867
f 1871 1865 1863
f 1863 1872 1870
f 1861 1864 1873
f 1873 1874 1875
f 1864 1876 1874
f 1874 1877 1878
f 1861 1873 1879
f 1880 1879 1881
f 1873 1875 1882
f 1879 1882 1883
f 1861 1880 1862
f 1862 1884 1885
f 1880 1886 1884
f 1884 1887 1888
f 1889 1890 1891
f 1891 1892 1893
f 1890 1894 1895
f 1892 1895 1896
f 1889 1891 1897
f 1898 1897 1899
f 1891 1893 1900
f 1897 1900 1901
f 1889 1898 1902
f 1902 1903 1904
f 1898 1905 1903
f 1903 1906 1907
f 1889 1902 1908
f 1890 1908 1894
f 1902 1904 1909
f 1908 1909 1910
f 1911 1912 1913
f 1914 1913 1915
f 1912 1916 1917
f 1913 1917 1918
f 1911 1914 1919
f 1919 1920 1894
f 1914 1921 1920
f 1920 1922 1895
f 1911 1919 1923
f 1924 1923 1925
f 1919 1894 1910
f 1923 1910 1926
f 1911 1924 1912
f 1912 1927 1916
f 1924 1928 1927
f 1927 1929 1930
f 1931 1932 1933
f 1934 1933 1935
f 1932 1936 1937
f 1933 1937 1938
f 1931 1934 1939
f 1939 1940 1916
f 1934 1941 1940
f 1940 1942 1917
f 1931 1939 1943
f 1944 1943 1945
f 1939 1916 1930
f 1943 1930 1946
f 1931 1944 1932
f 1947 1948 1936
f 1949 1950 1947
f 1950 1951 1948
f 1952 1953 1954
f 1954 1955 1956
f 1953 1905 1955
f 1955 1899 1957
f 1952 1954 1958
f 1959 1958 1872
f 1954 1956 1960
f 1958 1960 1870
f 1952 1959 1961
f 1961 1962 1963
f 1959 1866 1962
f 1962 1885 1964
f 1952 1961 1965
f 1953 1965 1906
f 1961 1963 1966
f 1965 1966 1967
f 1968 1969 1970
f 1971 1970 1972
f 1969 1875 1878
f 1970 1878 1973
f 1968 1971 1974
f 1974 1975 1976
f 1971 1977 1975
f 1975 1978 1979
f 1968 1974 1980
f 1981 1980 1982
f 1974 1983 1984
f 1980 1984 1985
f 1968 1981 1969
f 1986 1882 1875
f 1981 1987 1986
f 1988 1883 1882
f 1989 1990 1991
f 1991 1992 1993
f 1990 1994 1992
f 1992 1995 1996
f 1989 1991 1997
f 1998 1997 1999
f 1991 1993 2000
f 1997 2000 1999
f 1989 1998 2001
f 2001 2002 1005
f 1998 2003 2002
f 2002 2004 1012
f 1989 2001 2005
f 1990 2005 2006
f 2001 1005 1008
f 2005 1008 1840
f 2007 2008 2009
f 2010 2009 2011
f 2008 2012 2013
f 2009 2013 2014
f 2007 2010 2015
f 2016 2015 2017
f 2010 2018 2019
f 2015 2019 2020
f 2007 2016 2021
f 2021 2022 1077
f 2016 2023 2022
f 2022 2024 1078
f 2007 2021 2008
f 2008 2025 2012
f 2021 1077 2025
f 2025 1070 2026
f 2027 2028 2029
f 2030 2029 2031
f 2028 2032 2033
f 2029 2033 2034
f 2027 2030 2035
f 2035 2036 2037
f 2030 2038 2036
f 2036 2039 2040
f 2027 2035 2041
f 1151 2042 1160
f 2035 2037 2043
f 1160 2041 2044
f 2027 2042 2028
f 2028 2045 2032
f 2042 1151 2045
f 2045 1153 2046
f 2047 2048 2049
f 2050 2049 2051
f 2048 2052 2053
f 2049 2053 2054
f 2047 2050 2055
f 2055 2056 2032
f 2050 2057 2056
f 2056 2058 2033
f 2047 2055 2059
f 2060 2059 1822
f 2055 2032 2046
f 2059 2046 1156
f 2047 2060 2048
f 2048 2061 2052
f 2060 1821 2061
f 2061 1815 2062
f 2063 2064 2065
f 2065 2066 2067
f 2064 2023 2066
f 2066 2017 2068
f 2063 2065 2069
f 2070 2069 1995
f 2065 2067 2071
f 2069 2071 2072
f 2063 2070 2073
f 2073 2074 1835
f 2070 1994 2074
f 2074 2006 1839
f 2063 2073 2075
f 2064 2075 2024
f 2073 1835 1836
f 2075 1836 1079
f 2076 2077 2078
f 2078 2079 2080
f 2077 2003 2079
f 2079 1999 2081
f 2076 2078 2082
f 2083 2082 2084
f 2078 2085 2082
f 2082 2086 2087
f 2076 2083 2088
f 2088 2089 1849
f 2083 2090 2089
f 2089 2091 1854
f 2076 2088 2092
f 2077 2092 2004
f 2088 1849 1850
f 2092 1850 1013
f 2093 2094 2095
f 2095 2096 2097
f 2094 2098 2096
f 2096 2099 2097
f 2093 2095 2100
f 2100 2101 2102
f 2095 2103 2101
f 2101 2104 2105
f 2093 2100 2106
f 2107 2106 2000
f 2100 2102 2108
f 2106 2108 2081
f 2093 2107 2109
f 2094 2109 2110
f 2107 1993 1996
f 2109 1996 2072
f 2111 2112 2113
f 2114 2113 2115
f 2112 2116 2117
f 2113 2117 2118
f 2111 2114 2119
f 2119 2120 2121
f 2114 2122 2120
f 2120 2123 2124
f 2111 2119 2125
f 2126 2125 2018
f 2119 2127 2125
f 2125 2128 2019
f 2111 2126 2112
f 2112 2129 2116
f 2126 2018 2129
f 2129 2011 2130
f 2131 2132 2133
f 2134 2133 2135
f 2132 2136 2137
f 2133 2137 2138
f 2131 2134 2139
f 2139 2140 2116
f 2134 2141 2140
f 2140 2142 2117
f 2131 2139 2143
f 2144 2143 2039
f 2139 2116 2130
f 2143 2130 2014
f 2131 2144 2132
f 2132 2145 2136
f 2144 2038 2145
f 2145 2031 2146
f 2147 2148 2149
f 2150 2149 2151
f 2148 2152 2153
f 2149 2153 2154
f 2147 2150 2155
f 2155 2156 2136
f 2150 2157 2156
f 2156 2158 2137
f 2147 2155 2159
f 2160 2159 2058
f 2155 2136 2146
f 2159 2146 2034
f 2147 2160 2148
f 2148 2161 2152
f 2160 2057 2161
f 2161 2051 2162
f 2163 2164 2165
f 2165 2166 2167
f 2164 2127 2166
f 2166 2121 2168
f 2163 2165 2169
f 2170 2169 2099
f 2165 2167 2171
f 2169 2171 2172
f 2163 2170 2173
f 2173 2174 2067
f 2170 2098 2174
f 2174 2110 2071
f 2163 2173 2175
f 2164 2175 2128
f 2173 2067 2068
f 2175 2068 2020
f 2176 2177 2178
f 2179 2178 2180
f 2177 2102 2105
f 2178 2105 2181
f 2176 2179 2182
f 2182 2183 2184
f 2179 2185 2183
f 2183 2186 2187
f 2176 2182 2188
f 2189 2188 2086
f 2182 2184 2190
f 2188 2190 2087
f 2176 2189 2177
f 2177 2191 2102
f 2189 2085 2191
f 2191 2080 2108
f 2192 2193 2194
f 2195 2194 1183
f 2193 2196 2197
f 2194 2197 1251
f 2192 2195 2198
f 2198 2199 2200
f 2195 1182 2199
f 2199 1175 2201
f 2192 2198 2202
f 2203 2202 2204
f 2198 2200 2205
f 2202 2205 2206
f 2192 2203 2193
f 2193 2207 2196
f 2203 2208 2207
f 2207 2209 2210
f 2211 2212 2213
f 2213 2214 2215
f 2212 2216 2214
f 2214 2217 2218
f 2211 2213 2219
f 2220 2219 1197
f 2213 2215 2221
f 2219 2221 1197
f 2211 2220 2222
f 2222 2223 2224
f 2220 1196 2223
f 2223 1211 2225
f 2211 2222 2226
f 2212 2226 2227
f 2222 2224 2228
f 2226 2228 2229
f 2230 2231 2232
f 2233 2232 2234
f 2231 2235 2236
f 2232 2236 2234
f 2230 2233 2237
f 2237 2238 2196
f 2233 2239 2238
f 2238 2240 2197
f 2230 2237 2241
f 2242 2241 1203
f 2237 2196 2210
f 2241 2210 2243
f 2230 2242 2231
f 2231 2244 2235
f 2242 1202 2244
f 2244 1195 2245
f 2246 2247 2248
f 2248 2249 2250
f 2247 2251 2249
f 2249 2252 2253
f 2246 2248 2254
f 2254 2255 2224
f 2248 2250 2255
f 2255 2256 2228
f 2246 2254 2257
f 2258 2257 1212
f 2254 2224 2225
f 2257 2225 1213
f 2246 2258 2259
f 2247 2259 2260
f 2258 1207 2261
f 2259 2261 1209
f 2262 2263 2264
f 2265 2264 2209
f 2263 1201 1204
f 2264 1204 2243
f 2262 2265 2266
f 2266 2267 2268
f 2265 2208 2267
f 2267 2204 2269
f 2262 2266 2270
f 2271 2270 2252
f 2266 2268 2272
f 2270 2272 2273
f 2262 2271 2263
f 2263 2274 1201
f 2271 2251 2274
f 2274 2260 1208
f 2275 2276 2277
f 2277 2278 1104
f 2276 2279 2278
f 2278 2280 1110
f 2281 2275 2282
f 2281 2282 2235
f 2277 1104 1107
f 2282 1107 2283
f 2275 2281 2284
f 2285 2284 2221
f 2281 2235 2245
f 2284 2245 1198
f 2275 2285 2276
f 2276 2286 2279
f 2285 2215 2286
f 2286 2218 2287
f 2288 2289 2290
f 2290 2291 1159
f 2289 2292 2291
f 2291 2293 1165
f 2288 2290 2294
f 2295 2294 2296
f 2290 1159 1161
f 2294 1161 2044
f 2288 2295 2297
f 2297 2298 2299
f 2295 2300 2298
f 2298 2301 2302
f 2288 2297 2303
f 2289 2303 2304
f 2297 2299 2305
f 2303 2305 2306
f 2307 2308 2309
f 2310 2309 1169
f 2308 2311 2312
f 2309 2312 1826
f 2307 2310 2313
f 2313 2314 2292
f 2310 1168 2314
f 2314 1164 2293
f 2307 2313 2315
f 2315 2316 2317
f 2313 2292 2316
f 2316 2304 2318
f 2307 2315 2319
f 2308 2319 2320
f 2315 2317 2321
f 2319 2321 2322
f 2323 2324 2325
f 2326 2325 1829
f 2324 2327 2328
f 2325 2328 2329
f 2323 2326 2330
f 2330 2331 2311
f 2326 1828 2331
f 2331 1825 2312
f 2323 2330 2332
f 2332 2333 2334
f 2330 2311 2333
f 2333 2320 2335
f 2323 2332 2336
f 2324 2336 2337
f 2332 2334 2338
f 2336 2338 2339
f 2340 2341 2342
f 2342 2343 2344
f 2341 2037 2040
f 2343 2040 2345
f 2346 2340 2347
f 2346 2347 2348
f 2347 2342 2349
f 2347 2349 2350
f 2340 2346 2351
f 2351 2352 2300
f 2346 2353 2352
f 2352 2354 2301
f 2340 2351 2341
f 2341 2355 2037
f 2351 2300 2355
f 2355 2296 2043
f 2356 2357 2358
f 2359 2358 1768
f 2357 2360 2361
f 2358 2361 1783
f 2356 2359 2362
f 2362 2363 2364
f 2359 1767 2363
f 2363 1760 2365
f 2356 2362 2366
f 2367 2366 2368
f 2362 2364 2369
f 2366 2369 2370
f 2356 2367 2357
f 2357 2371 2360
f 2367 2372 2371
f 2371 2373 2374
f 2375 2376 2377
f 2378 2377 1072
f 2376 2379 2377
f 2377 2380 1072
f 2375 2378 2381
f 2381 2382 2383
f 2378 1071 2382
f 2382 1087 2384
f 2375 2381 2385
f 2386 2385 2387
f 2381 2383 2388
f 2385 2388 2389
f 2375 2386 2376
f 2376 2390 2391
f 2386 2392 2390
f 2390 2393 2394
f 2395 2396 2397
f 2398 2397 1787
f 2396 2383 2384
f 2397 2384 1089
f 2395 2398 2399
f 2399 2400 2360
f 2398 1786 2400
f 2400 1782 2361
f 2395 2399 2401
f 2402 2401 2403
f 2399 2360 2374
f 2401 2374 2404
f 2395 2402 2396
f 2396 2405 2383
f 2402 2406 2405
f 2405 2407 2388
f 2408 2409 2410
f 2411 2410 2349
f 2409 2412 2413
f 2410 2413 2350
f 2408 2411 2414
f 2414 2415 2012
f 2411 2344 2415
f 2415 2345 2013
f 2408 2414 2416
f 2417 2416 2380
f 2414 2012 2026
f 2416 2026 1073
f 2417 2418 2409
f 2409 2418 2412
f 2417 2379 2418
f 2418 2391 2419
f 2420 2421 2422
f 2422 2423 2424
f 2421 2425 2423
f 2423 2426 2427
f 2428 2420 2429
f 2428 2429 2354
f 2422 2424 2430
f 2429 2430 2431
f 2420 2428 2432
f 2432 2433 2412
f 2428 2353 2433
f 2433 2348 2413
f 2420 2432 2434
f 2421 2434 2435
f 2432 2412 2419
f 2434 2419 2394
f 2436 2437 2438
f 2439 2438 2426
f 2437 2440 2441
f 2438 2441 2442
f 2436 2439 2443
f 2444 2443 2393
f 2439 2425 2443
f 2443 2435 2393
f 2436 2444 2445
f 2445 2446 2447
f 2444 2392 2446
f 2446 2387 2448
f 2436 2445 2449
f 2437 2449 2440
f 2445 2447 2450
f 2449 2450 2451
f 2452 2453 2454
f 2455 2454 2430
f 2453 2299 2302
f 2454 2302 2431
f 2452 2455 2456
f 2456 2457 2440
f 2455 2424 2457
f 2441 2457 2442
f 2452 2456 2458
f 2459 2458 2460
f 2456 2440 2451
f 2458 2451 2461
f 2452 2459 2453
f 2453 2462 2299
f 2459 2463 2462
f 2462 2464 2305
f 2465 2466 2467
f 2467 2468 2447
f 2466 2469 2468
f 2468 2470 2450
f 2465 2467 2471
f 2472 2471 2407
f 2467 2447 2448
f 2471 2448 2389
f 2465 2472 2473
f 2473 2474 2475
f 2472 2406 2474
f 2474 2403 2476
f 2465 2473 2477
f 2466 2477 2478
f 2473 2475 2479
f 2477 2479 2480
f 2481 2482 2483
f 2483 2484 2485
f 2482 2372 2484
f 2484 2368 2486
f 2481 2483 2487
f 2488 2487 2489
f 2483 2485 2490
f 2487 2490 2491
f 2481 2488 2492
f 2492 2493 2475
f 2488 2494 2493
f 2493 2495 2479
f 2481 2492 2496
f 2482 2496 2373
f 2492 2475 2476
f 2496 2476 2404
f 2497 2498 2499
f 2500 2499 2501
f 2498 2494 2489
f 2499 2489 2491
f 2497 2500 2502
f 2502 2503 2334
f 2500 2504 2503
f 2503 2505 2338
f 2497 2502 2506
f 2507 2506 2508
f 2502 2334 2335
f 2506 2335 2322
f 2497 2507 2498
f 2498 2509 2494
f 2507 2510 2509
f 2509 2511 2495
f 2512 2513 2514
f 2515 2514 2464
f 2513 2317 2318
f 2514 2318 2306
f 2512 2515 2516
f 2516 2517 2469
f 2515 2463 2517
f 2517 2460 2470
f 2512 2516 2518
f 2519 2518 2511
f 2516 2469 2478
f 2518 2478 2480
f 2512 2519 2513
f 2513 2520 2317
f 2519 2510 2520
f 2520 2508 2321
f 2521 2522 2523
f 2523 2524 2239
f 2522 910 2524
f 2524 904 2240
f 2521 2523 2525
f 2526 2525 2527
f 2523 2239 2234
f 2525 2234 2528
f 2521 2526 2529
f 2529 2530 2531
f 2526 2527 2530
f 2532 2530 2533
f 2521 2529 2534
f 2522 2534 2535
f 2529 2531 2536
f 2534 2536 911
f 2537 2538 2539
f 2540 2539 819
f 2538 1228 1230
f 2539 1230 2541
f 2537 2540 2542
f 2542 2543 900
f 2540 818 2543
f 2543 832 901
f 2537 2542 2544
f 2545 2544 2546
f 2542 900 915
f 2544 915 2547
f 2537 2545 2538
f 2538 2548 1228
f 2545 2549 2548
f 2548 2550 1234
f 2551 2552 2553
f 2553 2552 2554
f 2555 2556 2557
f 2558 2556 2555
f 2559 1237 2560
f 2561 1237 2559
f 2562 1241 2556
f 1237 1241 2562
f 2563 2564 2565
f 2566 2565 1106
f 2564 2527 2528
f 2565 2528 2283
f 2563 2566 2567
f 2568 2569 2567
f 2567 2570 2563
f 2568 2571 2572
f 2572 2569 2568
f 2568 2573 2571
f 2566 1105 2568
f 2568 1100 2573
f 2574 2573 2552
f 2552 2551 2574
f 2563 2575 2576
f 2563 2570 2575
f 2577 2578 2576
f 2576 2579 2580
f 2581 2582 2580
f 2576 2578 2583
f 2576 2582 2584
f 2585 2582 2581
f 2563 2576 2564
f 2564 2586 2527
f 2576 2584 2586
f 2586 2587 2588
f 2589 2590 2591
f 2592 2591 2550
f 2590 2593 1233
f 2591 1233 1235
f 2589 2592 2594
f 2594 2595 2596
f 2592 2549 2595
f 2595 2546 2597
f 2589 2594 2598
f 2598 2599 2600
f 2601 2602 2598
f 2598 2603 2599
f 2594 2596 2604
f 2603 2604 2605
f 2606 2607 2604
f 2604 2608 2606
f 2589 2598 2609
f 2590 2609 1240
f 2610 2557 2556
f 2556 2598 2610
f 2598 2556 2609
f 2609 2556 1241
f 2611 2612 2613
f 2614 2613 914
f 2612 2596 2597
f 2613 2597 2547
f 2611 2614 2615
f 2615 2616 2531
f 2614 913 2616
f 2616 909 2536
f 2611 2615 2617
f 2618 2617 2587
f 2615 2531 2532
f 2617 2532 2533
f 2611 2618 2612
f 2612 2619 2596
f 2618 2584 2619
f 2620 2619 2582
f 2604 2619 2608
f 2621 2622 2623
f 2622 2624 2623
f 2622 2625 2626
f 2625 2622 2621
f 2552 2627 2628
f 2552 2629 2627
f 2629 2625 2630
f 2631 2629 2630
f 2622 2632 2624
f 2632 2633 2634
f 2635 2636 2632
f 2632 2637 2633
f 2637 2632 1877
f 2638 2639 1876
f 2622 2626 2640
f 2632 2640 1973
f 1865 2641 2642
f 2643 2638 1876
f 2643 1876 1865
f 2641 1865 1871
f 1870 2644 2645
f 2646 2647 2648
f 2648 2649 959
f 2647 2650 2651
f 2649 2651 960
f 2646 2648 2652
f 2653 2652 2654
f 2648 959 967
f 2652 967 2541
f 2646 2653 2655
f 2655 2656 1893
f 2653 2657 2656
f 2656 2658 1900
f 2646 2655 2659
f 2647 2659 2650
f 2655 1893 2660
f 2659 2660 2661
f 2662 2663 2664
f 2665 2664 792
f 2663 2666 2667
f 2664 2667 793
f 2662 2665 2668
f 2668 2669 2650
f 2665 788 2669
f 2669 790 2651
f 2662 2668 2670
f 2671 2670 1922
f 2668 2650 2661
f 2670 2661 1896
f 2662 2671 2663
f 2663 2672 2666
f 2671 1921 2672
f 2672 1915 2673
f 2674 2675 2676
f 2677 2676 767
f 2675 2678 2679
f 2676 2679 773
f 2674 2677 2680
f 2680 2681 2666
f 2677 767 770
f 2681 770 2667
f 2674 2680 2682
f 2683 2682 1942
f 2680 2666 2673
f 2682 2673 1918
f 2674 2683 2675
f 2684 2685 2678
f 2683 1941 2684
f 2684 1935 2685
f 2686 2687 2688
f 2688 2689 1218
f 2687 2657 2689
f 2689 2654 1229
f 2686 2688 2690
f 2691 2690 2692
f 2693 2692 2690
f 2690 2694 2693
f 2688 1218 1222
f 2690 1224 2695
f 2690 1222 1224
f 2686 2691 2696
f 2696 2697 1956
f 2698 2697 2699
f 2700 2701 2697
f 2697 2698 2702
f 2702 2700 2697
f 2701 2703 2697
f 1870 1960 2704
f 2704 2644 1870
f 2686 2696 2705
f 2687 2705 2658
f 2696 1956 1957
f 2705 1957 1901
f 2706 2707 2708
f 2708 2709 1094
f 2707 2626 2629
f 2709 2629 1101
f 2706 2708 2710
f 2711 2710 2712
f 2708 1094 1097
f 2710 1097 2713
f 2706 2711 2714
f 2714 2715 1977
f 2711 2716 2715
f 2715 2717 1978
f 2706 2714 2718
f 2707 2718 2626
f 2714 1977 2718
f 2718 1972 2640
f 2719 2720 2721
f 2722 2721 1887
f 2720 2723 2721
f 2721 2724 1887
f 2719 2722 2725
f 2725 2726 2727
f 2722 1886 2726
f 2726 1881 2728
f 2719 2725 2729
f 2730 2729 2104
f 2725 2727 2731
f 2729 2731 2181
f 2719 2730 2720
f 2720 2732 2733
f 2730 2103 2732
f 2732 2097 2172
f 2734 2735 2736
f 2737 2736 1909
f 2735 2738 2739
f 2736 2739 1926
f 2734 2737 2740
f 2741 2740 2742
f 2737 1904 1907
f 2740 1907 1967
f 2734 2741 2743
f 2744 2743 2123
f 2741 2745 2743
f 2743 2746 2123
f 2734 2744 2735
f 2735 2747 2738
f 2744 2122 2747
f 2747 2115 2748
f 2749 2750 2751
f 2752 2751 1929
f 2750 2753 2754
f 2751 2754 1946
f 2749 2752 2755
f 2755 2756 2738
f 2752 1928 2756
f 2756 1925 2739
f 2749 2755 2757
f 2758 2757 2142
f 2755 2738 2748
f 2757 2748 2118
f 2749 2758 2750
f 2759 2760 2753
f 2758 2141 2759
f 2759 2135 2760
f 2761 2762 2763
f 2764 2763 1950
f 2762 2765 2766
f 2763 2766 1951
f 2764 2767 2768
f 2768 2767 2753
f 2764 1949 2767
f 2767 1945 2754
f 2761 2768 2769
f 2770 2769 2158
f 2768 2753 2760
f 2769 2760 2138
f 2761 2770 2762
f 2762 2771 2765
f 2770 2157 2771
f 2771 2151 2772
f 2773 2774 2775
f 2775 2776 1963
f 2774 2745 2776
f 2776 2742 1966
f 2773 2775 2777
f 2778 2777 2724
f 2775 1963 1964
f 2777 1964 1888
f 2773 2778 2779
f 2779 2780 2167
f 2723 2733 2780
f 2780 2733 2171
f 2773 2779 2781
f 2774 2781 2746
f 2779 2167 2168
f 2781 2168 2124
f 2782 2783 2784
f 2785 2784 1988
f 2783 2727 2728
f 2784 2728 1883
f 2785 2786 2787
f 2787 2786 2788
f 2785 1987 2786
f 1982 1985 2789
f 2782 2787 2790
f 2791 2790 2186
f 2787 2788 2792
f 2790 2792 2793
f 2791 2794 2783
f 2783 2794 2727
f 2791 2185 2794
f 2794 2180 2731
f 2795 2796 2797
f 2798 2797 2799
f 2796 2800 2801
f 2797 2801 2802
f 2795 2798 2803
f 2803 2804 2805
f 2798 2806 2804
f 2804 2807 2808
f 2795 2803 2809
f 2810 2809 2811
f 2803 2805 2812
f 2809 2812 2813
f 2795 2810 2814
f 2796 2814 2815
f 2810 2811 2816
f 2814 2816 2817
f 2818 2819 2820
f 2821 2820 2822
f 2819 2823 2824
f 2820 2824 2825
f 2818 2821 2826
f 2826 2827 2828
f 2821 2829 2827
f 2827 2830 2831
f 2818 2826 2832
f 2833 2832 2834
f 2826 2828 2835
f 2832 2835 2836
f 2818 2833 2819
f 2819 2837 2823
f 2833 2838 2837
f 2837 2839 2840
f 2841 2842 2843
f 2844 2843 2845
f 2842 2828 2831
f 2843 2831 2846
f 2841 2844 2847
f 2847 2848 65
f 2844 2849 2848
f 2848 2850 66
f 2841 2847 2851
f 2852 2851 2853
f 2847 65 61
f 2851 61 63
f 2841 2852 2842
f 2842 2854 2828
f 2852 2855 2854
f 2854 2856 2835
f 2857 2858 2859
f 2860 2859 2839
f 2858 2861 2862
f 2859 2862 2863
f 2857 2860 2864
f 2864 2865 2866
f 2860 2838 2865
f 2865 2834 2867
f 2857 2864 2868
f 2869 2868 2870
f 2864 2866 2871
f 2868 2871 2872
f 2857 2869 2858
f 2858 2873 2861
f 2869 2874 2873
f 2873 2875 2876
f 2877 2878 2879
f 2880 2879 2856
f 2878 2866 2867
f 2879 2867 2836
f 2877 2880 2881
f 2881 2882 102
f 2880 2855 2882
f 2882 2853 103
f 2877 2881 2883
f 2884 2883 2885
f 2881 102 98
f 2883 98 100
f 2877 2884 2878
f 2878 2886 2866
f 2884 2887 2886
f 2888 2872 2871
f 2889 2890 2891
f 2891 2892 2875
f 2890 2893 2892
f 2892 2894 2895
f 2889 2891 2896
f 2897 2896 2898
f 2891 2874 2896
f 2896 2870 2898
f 2889 2897 2899
f 2899 2900 2901
f 2897 2902 2900
f 2900 2903 2904
f 2889 2899 2905
f 2890 2905 2906
f 2899 2901 2907
f 2905 2907 2908
f 2909 2910 2911
f 2911 2912 2888
f 2910 2902 2912
f 2912 2898 2872
f 2909 2911 2913
f 2914 2913 138
f 2911 2887 2913
f 2913 2885 138
f 2909 2914 2915
f 2915 2916 2917
f 2914 133 2916
f 2916 136 2918
f 2909 2915 2919
f 2910 2919 2903
f 2915 2917 2920
f 2919 2920 2921
f 2922 2923 2924
f 2924 2925 2901
f 2923 2926 2925
f 2925 2927 2907
f 2922 2924 2928
f 2929 2928 2930
f 2924 2901 2904
f 2928 2904 2921
f 2922 2929 2931
f 2931 2932 2933
f 2929 2934 2932
f 2932 2935 2936
f 2922 2931 2937
f 2923 2937 2938
f 2931 2933 2939
f 2937 2939 2940
f 2941 2942 2943
f 2943 2944 2917
f 2942 2934 2944
f 2944 2930 2920
f 2941 2943 2945
f 2946 2945 173
f 2943 2917 2918
f 2945 2918 174
f 2941 2946 2947
f 2947 2948 2949
f 2946 168 2948
f 2948 171 2950
f 2941 2947 2951
f 2942 2951 2935
f 2947 2949 2952
f 2951 2952 2953
f 2954 2955 2956
f 2956 2957 2958
f 2955 2959 2957
f 2957 2960 2961
f 2954 2956 2962
f 2963 2962 2964
f 2956 2958 2965
f 2962 2965 2966
f 2954 2963 2967
f 2967 2968 2969
f 2963 2970 2968
f 2968 2971 2972
f 2954 2967 2973
f 2955 2973 2974
f 2967 2969 2975
f 2973 2975 2976
f 2977 2978 2979
f 2979 2980 203
f 2978 2981 2980
f 2980 2982 205
f 2977 2979 2983
f 2984 2983 2985
f 2979 203 218
f 2983 218 220
f 2977 2984 2986
f 2986 2987 2988
f 2984 2989 2987
f 2987 2990 2991
f 2977 2986 2992
f 2978 2992 2993
f 2986 2988 2994
f 2993 2992 2995
f 2996 2997 2998
f 2999 2998 3000
f 2997 3001 3002
f 2998 3002 3003
f 2996 2999 3004
f 3004 3005 3006
f 2999 3007 3005
f 3005 3008 3009
f 2996 3004 3010
f 3011 3010 3012
f 3004 3006 3013
f 3010 3013 3014
f 2996 3011 2997
f 2997 3015 3001
f 3011 3016 3015
f 3015 3017 3018
f 3019 3020 3021
f 3022 3021 3023
f 3020 3006 3009
f 3021 3009 3024
f 3019 3022 3025
f 3025 3026 3027
f 3022 3028 3026
f 3026 3029 3030
f 3019 3025 3031
f 3032 3031 3033
f 3025 3027 3034
f 3031 3034 3035
f 3019 3032 3020
f 3020 3036 3006
f 3032 3037 3036
f 3036 3038 3013
f 3039 3040 3041
f 3042 3041 3043
f 3040 3027 3030
f 3041 3030 3044
f 3039 3042 3045
f 3045 3046 2959
f 3042 3047 3046
f 2960 3046 3048
f 3039 3045 3049
f 3050 3049 3051
f 3045 2959 2974
f 3049 2974 3051
f 3039 3050 3040
f 3040 3052 3027
f 3050 3053 3052
f 3052 3054 3034
f 3055 3056 3057
f 3058 3057 3017
f 3056 3059 3060
f 3057 3060 3061
f 3055 3058 3062
f 3062 3063 3064
f 3058 3016 3063
f 3063 3012 3065
f 3055 3062 3066
f 3067 3066 296
f 3062 3064 3068
f 3066 3068 297
f 3055 3067 3056
f 3056 3069 3059
f 3067 289 3069
f 3069 292 3070
f 3071 3072 3073
f 3074 3073 3038
f 3072 3064 3065
f 3073 3065 3014
f 3071 3074 3075
f 3075 3076 3077
f 3074 3037 3076
f 3076 3033 3078
f 3071 3075 3079
f 3080 3079 312
f 3075 3077 3081
f 3079 3081 313
f 3071 3080 3072
f 3072 3082 3064
f 3080 307 3082
f 3082 308 3068
f 3083 3084 3085
f 3086 3085 3087
f 3084 3077 3078
f 3085 3078 3035
f 3083 3086 3088
f 3088 3089 3090
f 3086 3091 3089
f 3089 3092 3093
f 3083 3088 3094
f 3095 3094 330
f 3088 3090 3096
f 3094 3096 331
f 3083 3095 3084
f 3084 3097 3077
f 3095 325 3097
f 3097 326 3081
f 3098 3099 3100
f 3101 3100 3102
f 3099 3103 3100
f 3100 3104 3105
f 3098 3101 3106
f 3106 3107 3108
f 3101 3102 3107
f 3107 3109 3110
f 3098 3106 3111
f 3112 3111 3113
f 3106 3108 3114
f 3111 3114 3115
f 3098 3112 3099
f 3099 3116 3117
f 3118 3119 3116
f 3116 3119 3117
f 3120 3121 3122
f 3122 3123 3124
f 3121 3125 3123
f 3123 3126 3127
f 3120 3122 3128
f 3129 3128 3130
f 3122 3124 3131
f 3128 3131 3130
f 3120 3129 3132
f 3132 3133 2800
f 3129 3134 3133
f 3133 3135 2801
f 3120 3132 3136
f 3121 3136 3137
f 3132 2800 2815
f 2815 2817 3137
f 3138 3139 3140
f 3141 3140 3142
f 3139 3143 3144
f 3140 3144 3145
f 3138 3141 3146
f 3146 3147 3148
f 3141 3149 3147
f 3147 3150 3151
f 3138 3146 3152
f 3153 3152 3154
f 3146 3155 3156
f 3152 3156 3157
f 3138 3153 3139
f 3139 3158 3143
f 3153 3159 3158
f 3158 3160 3161
f 3162 3163 3164
f 3165 3164 3119
f 3163 3166 3167
f 3164 3167 3168
f 3162 3165 3169
f 3169 3170 3171
f 3165 3118 3170
f 3170 3113 3172
f 3162 3169 3173
f 3174 3173 3175
f 3169 3171 3176
f 3173 3176 3175
f 3162 3174 3163
f 3163 3177 3166
f 3174 3178 3177
f 3177 3179 3180
f 3181 3182 3183
f 3183 3184 3108
f 3182 3185 3184
f 3184 3186 3114
f 3181 3183 3187
f 3188 3187 3189
f 3183 3108 3110
f 3187 3110 3190
f 3181 3188 3191
f 3191 3192 3143
f 3188 3193 3192
f 3192 3194 3144
f 3181 3191 3195
f 3182 3195 3196
f 3191 3143 3161
f 3195 3161 3197
f 3198 3199 3200
f 3201 3200 3202
f 3199 3203 3200
f 3200 3204 3205
f 3198 3201 3206
f 3206 3207 3208
f 3201 3202 3207
f 3207 3209 3210
f 3198 3206 3211
f 3212 3211 3213
f 3206 3208 3214
f 3211 3214 3213
f 3198 3212 3199
f 3199 3215 3203
f 3212 3216 3215
f 3215 3217 3218
f 3219 3220 3221
f 3221 3222 3223
f 3220 3224 3225
f 3222 3225 3226
f 3219 3221 3227
f 3228 3227 3160
f 3221 3229 3230
f 3227 3230 3197
f 3219 3228 3231
f 3231 3232 3233
f 3228 3159 3232
f 3232 3154 3234
f 3219 3231 3235
f 3220 3235 3236
f 3231 3233 3237
f 3235 3237 3238
f 3239 3240 3241
f 3242 3241 3243
f 3240 3244 3245
f 3241 3245 3246
f 3239 3242 3247
f 3247 3248 3249
f 3242 3250 3248
f 3248 3251 3252
f 3239 3247 3253
f 3254 3253 3255
f 3247 3256 3253
f 3253 3257 3258
f 3239 3254 3240
f 3240 3259 3244
f 3254 3260 3259
f 3259 3261 3262
f 3263 3264 3265
f 3266 3265 3267
f 3264 3216 3213
f 3265 3213 3268
f 3263 3266 3269
f 3269 3270 3271
f 3266 3272 3270
f 3270 3273 3274
f 3263 3269 3275
f 3276 3275 3277
f 3269 3271 3278
f 3275 3278 3279
f 3263 3276 3280
f 3264 3280 3217
f 3276 3277 3281
f 3280 3281 3282
f 3283 3284 3285
f 3285 3286 3287
f 3284 3288 3286
f 3286 3289 3290
f 3283 3285 3291
f 3291 3292 3293
f 3285 3287 3294
f 3292 3294 3295
f 3283 3291 3296
f 3297 3296 3298
f 3291 3293 3299
f 3296 3299 3300
f 3283 3297 3284
f 3284 3301 3302
f 3297 3303 3301
f 3301 3304 3302
f 3305 3306 3307
f 3308 3307 3309
f 3306 3310 3311
f 3307 3311 3312
f 3305 3308 3313
f 3313 3314 2805
f 3308 3315 3314
f 3314 3316 2812
f 3305 3313 3317
f 3318 3317 3319
f 3313 2805 2808
f 3317 2808 3320
f 3305 3318 3306
f 3306 3321 3310
f 3318 3322 3321
f 3321 3323 3324
f 3325 3326 3327
f 3328 3327 3261
f 3326 3329 3327
f 3327 3330 3331
f 3325 3328 3332
f 3332 3333 3334
f 3328 3260 3333
f 3333 3255 3335
f 3325 3332 3336
f 3337 3336 3209
f 3332 3334 3338
f 3336 3338 3339
f 3325 3337 3326
f 3326 3340 3341
f 3337 3202 3205
f 3340 3205 3342
f 3343 3344 3345
f 3346 3345 3347
f 3344 3348 3349
f 3345 3349 3350
f 3343 3346 3351
f 3351 3352 3353
f 3346 3354 3352
f 3352 3355 3356
f 3343 3351 3357
f 3358 3357 3251
f 3351 3353 3359
f 3357 3359 3251
f 3343 3358 3344
f 3344 3360 3348
f 3358 3250 3360
f 3360 3243 3361
f 3362 3363 3364
f 3365 3364 2933
f 3363 3366 3367
f 3364 3367 2939
f 3362 3365 3368
f 3368 3369 3370
f 3365 2933 2936
f 3369 2936 2953
f 3362 3368 3371
f 3372 3371 3373
f 3368 3374 3375
f 3371 3375 3376
f 3362 3372 3363
f 3363 3377 3366
f 3372 3378 3377
f 3377 3379 3380
f 3381 3382 3383
f 3383 3384 2949
f 3382 3374 3384
f 3384 3370 2952
f 3381 3383 3385
f 3386 3385 630
f 3383 2949 2950
f 3385 2950 631
f 3381 3386 3387
f 3388 3387 3389
f 3386 626 3387
f 3387 3390 628
f 3381 3388 3382
f 3382 3391 3374
f 3388 3392 3391
f 3391 3393 3375
f 3394 3395 3396
f 3397 3396 3379
f 3395 3398 3399
f 3396 3399 3400
f 3394 3397 3401
f 3401 3402 3403
f 3397 3378 3402
f 3402 3373 3404
f 3394 3401 3405
f 3406 3405 3407
f 3401 3403 3408
f 3405 3408 3407
f 3394 3406 3395
f 3395 3409 3398
f 3406 3410 3409
f 3409 3411 3412
f 3413 3414 3415
f 3415 3416 3393
f 3414 3403 3404
f 3416 3404 3376
f 3413 3415 3417
f 3418 3417 666
f 3415 3392 3417
f 3417 3389 628
f 3413 3418 3419
f 3419 3420 3421
f 3418 661 3420
f 3420 664 3422
f 3413 3419 3423
f 3414 3423 3408
f 3419 3421 3424
f 3423 3424 3425
f 3426 3427 3428
f 3428 3429 3410
f 3427 3430 3429
f 3429 3431 3411
f 3426 3428 3432
f 3433 3432 3434
f 3428 3410 3407
f 3432 3407 3425
f 3426 3433 3435
f 3435 3436 3437
f 3433 3438 3436
f 3436 3439 3440
f 3426 3435 3441
f 3427 3441 3442
f 3435 3437 3443
f 3441 3443 3444
f 3445 3446 3447
f 3447 3448 3421
f 3446 3438 3448
f 3448 3434 3424
f 3445 3447 3449
f 3450 3449 701
f 3447 3421 3422
f 3449 3422 702
f 3445 3450 3451
f 3451 3452 3453
f 3450 696 3452
f 3452 699 3454
f 3445 3451 3455
f 3446 3455 3439
f 3451 3453 3456
f 3455 3456 3457
f 3458 3459 3460
f 3460 3461 3437
f 3459 3462 3461
f 3461 3463 3443
f 3458 3460 3464
f 3465 3464 3466
f 3460 3437 3440
f 3464 3440 3457
f 3458 3465 3467
f 3467 3468 2971
f 3465 3469 3468
f 3468 3470 2971
f 3458 3467 3471
f 3459 3471 3472
f 3467 2970 3471
f 3471 2964 3472
f 3473 3474 3475
f 3475 3476 3453
f 3474 3469 3476
f 3476 3466 3456
f 3473 3475 3477
f 3478 3477 730
f 3475 3453 3454
f 3477 3454 731
f 3473 3478 3479
f 3479 3480 2981
f 3478 726 3480
f 3480 728 2982
f 3473 3479 3481
f 3474 3481 3469
f 3479 2981 3481
f 3481 2993 3470
f 3482 3483 3484
f 3485 3484 3486
f 3483 3487 3488
f 3484 3488 3489
f 3482 3485 3490
f 3491 3490 3492
f 3485 3493 3494
f 3490 3494 3495
f 3482 3491 3496
f 3496 3497 742
f 3491 3498 3497
f 3497 3499 749
f 3482 3496 3483
f 3483 3500 3487
f 3496 742 3500
f 3500 745 3501
f 3502 3503 3504
f 3504 3505 759
f 3503 2989 3505
f 3505 2985 760
f 3502 3504 3506
f 3507 3506 3508
f 3504 759 772
f 3506 772 774
f 3502 3507 3509
f 3509 3510 3511
f 3507 3512 3510
f 3510 3513 3514
f 3502 3509 3515
f 3503 3515 2990
f 3509 3511 3516
f 3515 3516 3517
f 3518 3519 3520
f 3520 3521 3511
f 3519 3522 3521
f 3521 3523 3516
f 3518 3520 3524
f 3525 3524 3526
f 3520 3511 3514
f 3524 3514 3527
f 3518 3525 3528
f 3529 3528 3530
f 3525 3531 3532
f 3532 3533 3530
f 3518 3528 3534
f 3519 3534 3522
f 3528 3529 3534
f 3534 3535 3536
f 3537 3538 3539
f 3540 3539 3535
f 3538 3541 3542
f 3539 3542 3543
f 3537 3540 3544
f 3544 3545 3546
f 3540 3529 3545
f 3545 3530 3547
f 3537 3544 3548
f 3549 3548 3550
f 3544 3546 3551
f 3548 3551 3489
f 3537 3549 3538
f 3538 3552 3541
f 3549 3553 3552
f 3552 3554 3555
f 3556 3557 3558
f 3558 3559 3560
f 3557 3561 3559
f 3559 3562 3563
f 3556 3558 3564
f 3565 3564 3566
f 3558 3560 3567
f 3564 3567 3568
f 3556 3565 3569
f 3569 3570 3571
f 3565 3572 3570
f 3570 3573 3574
f 3556 3569 3575
f 3557 3575 3576
f 3569 3571 3577
f 3575 3577 3495
f 3578 3579 3580
f 3581 3580 3582
f 3579 3053 3051
f 3580 3051 2976
f 3578 3581 3583
f 3583 3584 3541
f 3581 3585 3584
f 3584 3586 3542
f 3578 3583 3587
f 3588 3587 3092
f 3583 3541 3555
f 3587 3555 3589
f 3578 3588 3579
f 3579 3590 3053
f 3588 3091 3590
f 3590 3087 3054
f 3591 3592 3593
f 3593 3594 2988
f 3592 2969 3594
f 3594 2972 2994
f 3591 3593 3595
f 3596 3595 3523
f 3593 2988 2991
f 3595 2991 3517
f 3591 3596 3597
f 3597 3598 3586
f 3596 3522 3536
f 3598 3536 3543
f 3591 3597 3599
f 3592 3599 2975
f 3597 3585 3599
f 3599 3582 2975
f 3600 3601 3602
f 3603 3602 3001
f 3601 3604 3605
f 3602 3605 3002
f 3600 3603 3606
f 3606 3607 3608
f 3603 3001 3607
f 3607 3018 3609
f 3600 3606 3610
f 3611 3610 3612
f 3606 3608 3613
f 3610 3613 3614
f 3600 3611 3601
f 3601 3615 3604
f 3611 3616 3615
f 3615 3617 3618
f 3619 3620 3621
f 3622 3621 3623
f 3620 3608 3609
f 3621 3609 3061
f 3619 3622 3624
f 3624 3625 3626
f 3622 3627 3625
f 3628 3625 3629
f 3619 3624 3630
f 3631 3630 3632
f 3624 3626 3633
f 3630 3633 3634
f 3619 3631 3620
f 3620 3635 3608
f 3631 3636 3635
f 3635 3637 3613
f 3638 3639 3640
f 3641 3640 3642
f 3639 3643 3644
f 3640 3644 3568
f 3638 3641 3645
f 3645 3646 3647
f 3641 3648 3646
f 3646 3649 3650
f 3638 3645 3651
f 3652 3651 3653
f 3645 3647 3654
f 3655 3651 3656
f 3638 3652 3639
f 3639 3657 3643
f 3652 3653 3658
f 3657 3658 3659
f 3660 3661 3662
f 3663 3662 3617
f 3661 3664 3665
f 3662 3665 3666
f 3660 3663 3667
f 3667 3668 3669
f 3663 3616 3668
f 3668 3612 3670
f 3660 3667 3671
f 3672 3671 3673
f 3667 3669 3674
f 3671 3674 3675
f 3660 3672 3661
f 3661 3676 3664
f 3672 3677 3676
f 3676 3678 3679
f 3680 3681 3682
f 3683 3682 3684
f 3681 3669 3670
f 3682 3670 3614
f 3680 3683 3685
f 3685 3686 952
f 3683 3687 3686
f 3686 3688 953
f 3680 3685 3689
f 3690 3689 3691
f 3685 952 948
f 3689 948 950
f 3680 3690 3681
f 3681 3692 3669
f 3690 3693 3692
f 3692 3694 3674
f 3695 3696 3697
f 3698 3697 3699
f 3696 3546 3547
f 3697 3547 3700
f 3695 3698 3701
f 3701 3702 3561
f 3698 3703 3702
f 3702 3704 3562
f 3695 3701 3705
f 3705 3706 3493
f 3701 3561 3706
f 3706 3576 3494
f 3695 3705 3696
f 3696 3707 3546
f 3705 3493 3707
f 3707 3486 3551
f 3708 3709 3710
f 3711 3710 3678
f 3709 3287 3290
f 3710 3290 3712
f 3708 3711 3713
f 3713 3714 3715
f 3711 3677 3714
f 3714 3673 3716
f 3708 3713 3717
f 3718 3717 3719
f 3713 3715 3720
f 3720 3721 3717
f 3708 3718 3709
f 3709 3722 3287
f 3718 3723 3722
f 3722 3724 3725
f 3726 3727 3728
f 3729 3728 3694
f 3727 3715 3716
f 3728 3716 3675
f 3726 3729 3730
f 3730 3731 999
f 3729 3693 3731
f 3731 3691 1000
f 3726 3730 3732
f 3733 3732 3734
f 3730 999 995
f 3732 995 997
f 3726 3733 3727
f 3727 3735 3715
f 3733 3736 3735
f 3735 3737 3720
f 3738 3739 3740
f 3740 3741 3742
f 3739 3743 3741
f 3741 3744 3745
f 3738 3740 3746
f 3747 3746 3748
f 3740 3742 3749
f 3746 3749 3750
f 3738 3747 3751
f 3751 3752 3753
f 3747 3754 3752
f 3752 3755 3756
f 3738 3751 3757
f 3739 3757 3758
f 3751 3753 3759
f 3757 3759 3760
f 3761 3762 3763
f 3763 3764 3723
f 3762 3765 3764
f 3764 3766 3724
f 3761 3763 3767
f 3768 3767 3769
f 3763 3723 3719
f 3767 3719 3721
f 3761 3768 3770
f 3771 3770 2830
f 3768 3772 3773
f 3770 3773 2846
f 3761 3771 3774
f 3762 3774 3775
f 3771 2829 3774
f 3774 2822 3775
f 3776 3777 3778
f 3779 3778 3737
f 3777 3772 3769
f 3778 3769 3721
f 3776 3779 3780
f 3780 3781 1051
f 3779 3736 3781
f 3781 3734 1052
f 3776 3780 3782
f 3783 3782 2850
f 3780 1051 1048
f 3782 1048 1049
f 3776 3783 3777
f 3777 3784 3772
f 3783 2849 3784
f 3784 2845 3773
f 3785 3786 3787
f 3788 3787 3554
f 3786 3090 3093
f 3787 3093 3589
f 3785 3788 3789
f 3789 3790 3487
f 3788 3553 3790
f 3790 3550 3488
f 3785 3789 3791
f 3792 3791 1063
f 3789 3487 3501
f 3791 3501 1064
f 3785 3792 3786
f 3786 3793 3090
f 3792 1059 3793
f 3793 1060 3096
f 3794 3795 3796
f 3796 3797 3798
f 3795 3799 3800
f 3797 3800 3801
f 3794 3796 3802
f 3803 3802 3804
f 3796 3805 3806
f 3802 3806 3807
f 3794 3803 3808
f 3808 3809 3810
f 3803 3811 3809
f 3809 3812 3813
f 3794 3808 3814
f 3795 3814 3815
f 3808 3810 3816
f 3814 3816 3817
f 3818 3819 3820
f 3820 3821 1095
f 3819 3822 3821
f 3821 3823 1096
f 3818 3820 3824
f 3825 3824 3826
f 3820 1095 1109
f 3824 1109 1111
f 3818 3825 3827
f 3827 3828 3829
f 3825 3830 3828
f 3828 3831 3832
f 3818 3827 3833
f 3819 3833 3834
f 3827 3829 3835
f 3833 3835 3834
f 3836 3837 3838
f 3839 3838 3840
f 3837 3841 3838
f 3838 3842 3840
f 3836 3839 3843
f 3843 3844 3845
f 3839 3846 3844
f 3847 3844 3848
f 3836 3843 3849
f 3850 3849 1128
f 3843 3845 3851
f 3849 3851 1129
f 3836 3850 3837
f 3837 3852 3841
f 3850 1122 3852
f 3852 1124 3853
f 3854 3855 3856
f 3856 3857 3571
f 3855 3498 3857
f 3857 3492 3577
f 3854 3856 3858
f 3859 3858 3842
f 3856 3571 3574
f 3858 3574 3860
f 3854 3859 3861
f 3861 3862 1144
f 3859 3841 3862
f 3862 3853 1145
f 3854 3861 3863
f 3855 3863 3499
f 3861 1144 1140
f 3863 1140 1141
f 3864 3865 3866
f 3867 3866 3868
f 3866 3865 3869
f 3866 3869 3870
f 3864 3867 3871
f 3871 3872 3873
f 3867 3874 3872
f 3872 3875 3876
f 3864 3871 3877
f 3878 3877 3879
f 3871 3873 3880
f 3877 3880 3881
f 3864 3878 3865
f 3865 3882 3883
f 3878 3884 3882
f 3882 3885 3886
f 3887 3888 3889
f 3890 3889 1177
f 3888 3891 3892
f 3889 3892 1178
f 3887 3890 3893
f 3893 3894 3845
f 3890 1176 3894
f 3894 1190 3851
f 3887 3893 3895
f 3896 3895 3897
f 3893 3845 3847
f 3895 3847 3848
f 3887 3896 3888
f 3888 3898 3891
f 3896 3899 3898
f 3898 3900 3901
f 3902 3903 3904
f 3905 3904 3906
f 3903 3907 3908
f 3904 3908 3909
f 3902 3905 3910
f 3911 3910 3912
f 3905 3906 3913
f 3910 3913 3914
f 3902 3911 3915
f 3916 3915 3917
f 3911 3918 3915
f 3915 3919 3920
f 3902 3916 3903
f 3903 3921 3907
f 3916 3922 3921
f 3921 3923 3924
f 3925 3926 3927
f 3927 3928 3929
f 3929 3928 3930
f 3926 3931 3928
f 3928 3932 3933
f 3932 3934 3935
f 3936 3933 3932
f 3925 3927 3937
f 3938 3939 3940
f 3927 3941 3942
f 3927 3943 3941
f 3927 3942 3937
f 3937 3942 3944
f 3925 3939 3945
f 3946 3945 3947
f 3939 3938 3948
f 3945 3948 3949
f 3925 3946 3926
f 3926 3950 3951
f 3946 3952 3950
f 3950 3953 3951
f 3954 3955 3956
f 3956 3957 3643
f 3955 3572 3957
f 3957 3566 3644
f 3954 3956 3958
f 3959 3958 3900
f 3956 3643 3659
f 3958 3659 3960
f 3954 3959 3961
f 3961 3962 3846
f 3959 3899 3962
f 3962 3897 3963
f 3954 3961 3964
f 3955 3964 3573
f 3961 3846 3840
f 3964 3840 3860
f 3965 3966 3967
f 3968 3967 3969
f 3966 3626 3628
f 3967 3628 3970
f 3965 3968 3971
f 3972 3971 1271
f 3968 3969 3973
f 3971 3973 1272
f 3965 3972 3974
f 3975 3974 3976
f 3972 1270 1265
f 3974 1265 1267
f 3965 3975 3966
f 3966 3977 3626
f 3975 3978 3977
f 3977 3979 3633
f 3980 3981 3982
f 3982 3983 3637
f 3981 3687 3983
f 3983 3684 3637
f 3980 3982 3984
f 3985 3984 3979
f 3984 3982 3632
f 3984 3632 3634
f 3980 3985 3986
f 3986 3987 1283
f 3985 3978 3987
f 3987 3976 1284
f 3980 3986 3988
f 3981 3988 3688
f 3986 1283 1279
f 3988 1279 1280
f 3989 3990 3991
f 3992 3991 1291
f 3990 3059 3070
f 3991 3070 1292
f 3989 3992 3993
f 3993 3994 3969
f 3992 1290 3994
f 3994 1298 3973
f 3989 3993 3995
f 3996 3995 3997
f 3993 3969 3970
f 3995 3970 3629
f 3989 3996 3990
f 3990 3998 3059
f 3996 3627 3998
f 3998 3623 3060
f 3999 4000 4001
f 4002 4001 4003
f 4000 4004 4005
f 4001 4005 4006
f 3999 4002 4007
f 4007 4008 3334
f 4002 4009 4008
f 4008 4010 3338
f 3999 4007 4011
f 4012 4011 3257
f 4007 3334 3335
f 4011 3335 3258
f 3999 4012 4000
f 4000 4013 4004
f 4012 3256 4013
f 4013 3249 4014
f 4015 4016 4017
f 4018 4017 4019
f 4016 4020 4021
f 4017 4021 3151
f 4015 4018 4022
f 4022 4023 3208
f 4018 4019 4024
f 4023 4024 3268
f 4015 4022 4025
f 4026 4025 4010
f 4022 3208 3210
f 4025 3210 3339
f 4015 4026 4016
f 4016 4027 4020
f 4026 4009 4027
f 4027 4003 4028
f 4029 4030 4031
f 4032 4031 3194
f 4030 4033 4034
f 4031 4034 3145
f 4029 4032 4035
f 4035 4036 4037
f 3193 3189 4036
f 4036 3189 4038
f 4029 4035 4039
f 4040 4039 4041
f 4035 4037 4042
f 4039 4042 4043
f 4029 4040 4030
f 4030 4044 4033
f 4040 4045 4044
f 4044 4046 4047
f 4048 4049 4050
f 4050 4051 4052
f 4049 3134 3130
f 4051 3130 4053
f 4048 4050 4054
f 4055 4054 4056
f 4050 4057 4058
f 4054 4058 3238
f 4048 4055 4059
f 4059 4060 4061
f 4055 4062 4060
f 4060 4063 4064
f 4048 4059 4065
f 4049 4065 3135
f 4059 4061 4066
f 4065 4066 2802
f 4067 4068 4069
f 4069 4070 3233
f 4068 4062 4070
f 4070 4056 3237
f 4067 4069 4071
f 4072 4071 4073
f 4069 3233 3234
f 4071 3234 3157
f 4067 4072 4074
f 4074 4075 4076
f 4072 4077 4075
f 4075 4078 4079
f 4067 4074 4080
f 4068 4080 4063
f 4074 4076 4081
f 4080 4081 4082
f 4083 4084 4085
f 4085 4086 3155
f 4084 4077 4086
f 4086 4073 3156
f 4083 4085 4087
f 4088 4087 4020
f 4085 3155 3148
f 4087 3148 4021
f 4083 4088 4089
f 4089 4090 4091
f 4088 4020 4028
f 4090 4028 4006
f 4083 4089 4092
f 4084 4092 4078
f 4089 4093 4094
f 4092 4094 4095
f 4096 4097 4098
f 4098 4099 4076
f 4097 4100 4099
f 4099 4101 4081
f 4096 4098 4102
f 4103 4102 4104
f 4098 4076 4079
f 4102 4079 4095
f 4096 4103 4105
f 4105 4106 4107
f 4103 4108 4106
f 4106 4109 4110
f 4096 4105 4111
f 4097 4111 4112
f 4105 4107 4113
f 4111 4113 3324
f 4114 4115 4116
f 4116 4117 4093
f 4115 4108 4117
f 4117 4104 4094
f 4114 4116 4118
f 4118 4119 4004
f 4116 4093 4119
f 4119 4091 4005
f 4114 4118 4120
f 4121 4120 3359
f 4118 4004 4014
f 4120 4014 3252
f 4114 4121 4122
f 4115 4122 4109
f 4121 3353 3356
f 4122 3356 4123
f 4124 4125 4126
f 4127 4126 2807
f 4125 3322 3319
f 4126 3319 3320
f 4124 4127 4128
f 4128 4129 4061
f 4127 2806 4129
f 4129 2799 4066
f 4124 4128 4130
f 4131 4130 4101
f 4128 4061 4064
f 4130 4064 4082
f 4124 4131 4125
f 4125 4132 3322
f 4131 4100 4132
f 4132 4112 3323
f 4133 4134 4135
f 4135 4136 3310
f 4134 4137 4136
f 4136 4138 3311
f 4133 4135 4139
f 4139 4140 4107
f 4135 3310 4141
f 4140 4141 4113
f 4133 4139 4142
f 4143 4142 3355
f 4139 4107 4110
f 4142 4110 4123
f 4133 4143 4134
f 4134 4144 4145
f 4143 3354 4144
f 4144 3347 4145
f 4146 4147 4148
f 4149 4148 4150
f 4147 4151 4152
f 4148 4152 4153
f 4146 4149 4154
f 4154 4155 2823
f 4149 4156 4155
f 4155 4157 2824
f 4146 4154 4158
f 4159 4158 4160
f 4154 2823 2840
f 4158 2840 2863
f 4146 4159 4147
f 4147 4161 4151
f 4159 4162 4161
f 4161 4163 4164
f 4165 4166 4167
f 4168 4167 4163
f 4166 3166 3180
f 4167 3180 4169
f 4165 4168 4170
f 4170 4171 2861
f 4168 4162 4171
f 4171 4160 2862
f 4165 4170 4172
f 4173 4172 4174
f 4170 2861 2876
f 4172 2876 2895
f 4165 4173 4166
f 4166 4175 3166
f 4173 4176 4175
f 4175 4177 3167
f 4178 4179 4180
f 4180 4181 4177
f 4179 3103 4181
f 4181 3117 3168
f 4178 4180 4182
f 4183 4182 2894
f 4180 4176 4182
f 4182 4174 2894
f 4178 4183 4184
f 4184 4185 4186
f 4183 2893 4185
f 4185 2906 4187
f 4178 4184 4188
f 4179 4188 3104
f 4184 4186 4189
f 4188 4189 4190
f 4191 4192 4193
f 4193 4194 4186
f 4192 4195 4194
f 4194 4196 4189
f 4191 4193 4197
f 4198 4197 2927
f 4193 4186 4187
f 4197 4187 2908
f 4191 4198 4199
f 4199 4200 4201
f 4198 2926 4200
f 4200 2938 4202
f 4191 4199 4203
f 4192 4203 4204
f 4199 4201 4205
f 4203 4205 4206
f 4207 4208 4209
f 4209 4210 3244
f 4208 4211 4210
f 4210 4212 3245
f 4207 4209 4213
f 4214 4213 4215
f 4209 3244 3262
f 4213 3262 3331
f 4207 4214 4216
f 4216 4217 2958
f 4214 4218 4217
f 4217 4219 2965
f 4207 4216 4220
f 4208 4220 4221
f 4216 2958 2961
f 4220 2961 3048
f 4222 4223 4224
f 4225 4224 3316
f 4223 4226 4227
f 4224 4227 2813
f 4222 4225 4228
f 4228 4229 4230
f 4225 3315 4229
f 4229 3309 4231
f 4222 4228 4232
f 4233 4232 3008
f 4228 4230 4234
f 4232 4234 3024
f 4222 4233 4223
f 4223 4235 4226
f 4233 3007 4235
f 4235 3000 4236
f 4237 4238 4239
f 4240 4239 4138
f 4238 4230 4231
f 4239 4231 3312
f 4237 4240 4241
f 4242 4241 4243
f 4240 4137 4145
f 4241 4145 3350
f 4237 4242 4244
f 4245 4244 3029
f 4242 4246 4247
f 4244 4247 3044
f 4237 4245 4238
f 4238 4248 4230
f 4245 3028 4248
f 4248 3023 4234
f 4249 4250 4251
f 4251 4252 3348
f 4250 4246 4252
f 4252 4243 3349
f 4249 4251 4253
f 4254 4253 4212
f 4251 3348 3361
f 4253 3361 3246
f 4249 4254 4255
f 4255 4256 4257
f 4254 4211 4256
f 4256 4221 4257
f 4249 4255 4250
f 4250 4258 4246
f 4255 3047 4258
f 4258 3043 4247
f 4259 4260 4261
f 4262 4261 4205
f 4260 4263 4264
f 4261 4264 4206
f 4259 4262 4265
f 4265 4266 3366
f 4262 4201 4202
f 4266 4202 2940
f 4259 4265 4267
f 4268 4267 4269
f 4265 3366 3380
f 4267 3380 3400
f 4259 4268 4260
f 4260 4270 4263
f 4268 4271 4270
f 4270 4272 4273
f 4274 4275 4276
f 4277 4276 4272
f 4275 3277 3279
f 4276 3279 4278
f 4274 4277 4279
f 4279 4280 3398
f 4277 4271 4280
f 4280 4269 3399
f 4274 4279 4281
f 4282 4281 4283
f 4279 3398 3412
f 4281 3412 4284
f 4274 4282 4275
f 4275 4285 3277
f 4282 4286 4285
f 4285 4287 3281
f 4288 4289 4290
f 4290 4291 4287
f 4289 3203 3218
f 4291 3218 3282
f 4288 4290 4292
f 4293 4292 3431
f 4290 4286 4283
f 4292 4283 4284
f 4288 4293 4294
f 4294 4295 4296
f 4293 3430 4295
f 4295 3442 4297
f 4288 4294 4298
f 4289 4298 3204
f 4294 4296 4299
f 4298 4299 3342
f 4300 4301 4302
f 4302 4303 4296
f 4301 3329 4303
f 4303 3341 4299
f 4300 4302 4304
f 4305 4304 3463
f 4302 4296 4297
f 4304 4297 3444
f 4300 4305 4306
f 4306 4307 4218
f 4305 3462 4307
f 4307 3472 4219
f 4300 4306 4308
f 4301 4308 3330
f 4306 4218 4215
f 4308 4215 3330
f 4309 4310 4311
f 4312 4311 4226
f 4310 2811 4313
f 4311 4313 4227
f 4309 4312 4314
f 4314 4315 3604
f 4312 4226 4236
f 4315 4236 3003
f 4309 4314 4316
f 4317 4316 4318
f 4314 3604 3618
f 4316 3618 3666
f 4309 4317 4310
f 4310 4319 2811
f 4317 4320 4319
f 4319 4321 2816
f 4322 4323 4324
f 4325 4324 4321
f 4323 3125 3137
f 4324 3137 2817
f 4322 4325 4326
f 4326 4327 3664
f 4325 4320 4327
f 4327 4318 3665
f 4322 4326 4328
f 4329 4328 3289
f 4326 3664 3679
f 4328 3679 3712
f 4322 4329 4323
f 4323 4330 3126
f 4329 3288 4330
f 4330 3302 4331
f 4332 4333 4334
f 4334 4335 4336
f 4333 4337 4335
f 4335 4338 4339
f 4332 4334 4340
f 4341 4340 4342
f 4334 4336 4343
f 4340 4343 4344
f 4332 4341 4345
f 4346 4345 4347
f 4341 4342 4348
f 4345 4348 3300
f 4332 4346 4333
f 4333 4349 4350
f 4346 4351 4349
f 4349 4352 4350
f 4353 4354 4355
f 4355 4356 4157
f 4354 3765 4356
f 4356 3775 2825
f 4353 4355 4357
f 4358 4357 4352
f 4355 4156 4357
f 4357 4150 4352
f 4353 4358 4359
f 4359 4360 3293
f 4358 4351 4360
f 4360 4347 3299
f 4353 4359 4361
f 4354 4361 3766
f 4359 3293 3295
f 4361 3295 3725
f 4362 4363 4364
f 4365 4364 4058
f 4363 3224 3236
f 4364 3236 4058
f 4362 4365 4366
f 4366 4367 4368
f 4365 4057 4367
f 4367 4052 4369
f 4362 4366 4370
f 4371 4370 4372
f 4366 4368 4373
f 4370 4373 4344
f 4362 4371 4363
f 4363 4374 3224
f 4371 4375 4374
f 4374 4376 3225
f 4377 4378 4379
f 4380 4379 3176
f 4378 4381 4382
f 4379 4382 4383
f 4377 4380 4384
f 4385 4384 3186
f 4380 3171 3172
f 4384 3172 3115
f 4377 4385 4386
f 4386 4387 3229
f 4385 3185 4387
f 4387 3196 3230
f 4377 4386 4378
f 4378 4388 4381
f 4386 3229 4388
f 4388 3223 4389
f 4390 4391 4392
f 4392 4393 4394
f 4391 4195 4393
f 4393 4204 4395
f 4390 4392 4396
f 4397 4396 4037
f 4392 4394 4398
f 4396 4398 4043
f 4390 4397 4399
f 4400 4399 3109
f 4397 4037 4038
f 4399 4038 3190
f 4390 4400 4401
f 4391 4401 4196
f 4400 3102 3105
f 4401 3105 4190
f 4402 4403 4404
f 4405 4404 4046
f 4403 3271 3274
f 4404 3274 4406
f 4402 4405 4407
f 4408 4398 4394
f 4405 4045 4408
f 4408 4041 4398
f 4402 4407 4409
f 4409 4410 4263
f 4407 4394 4395
f 4410 4395 4264
f 4402 4409 4411
f 4403 4411 3278
f 4409 4263 4273
f 4411 4273 4278
f 4412 4413 4414
f 4415 4414 3304
f 4413 3124 3127
f 4414 3127 4331
f 4412 4415 4416
f 4416 4417 4342
f 4415 3303 4417
f 4417 3298 4348
f 4412 4416 4418
f 4419 4418 4368
f 4416 4342 4420
f 4418 4420 4373
f 4412 4419 4413
f 4413 4421 3124
f 4419 4368 4369
f 4421 4369 4053
f 4422 4423 4424
f 4425 4424 3179
f 4423 4151 4164
f 4424 4164 4169
f 4422 4425 4426
f 4426 4427 4428
f 4425 3178 4427
f 4427 3175 4383
f 4422 4426 4429
f 4430 4429 4338
f 4426 4431 4429
f 4429 4432 4433
f 4422 4430 4423
f 4423 4434 4151
f 4430 4337 4434
f 4434 4350 4152
f 4435 4436 4437
f 4437 4438 4033
f 4436 3149 4438
f 4438 3142 4034
f 4435 4437 4439
f 4440 4439 3273
f 4437 4033 4047
f 4439 4047 4406
f 4435 4440 4441
f 4441 4442 4019
f 4440 3272 4442
f 4442 3267 4024
f 4435 4441 4443
f 4436 4443 3150
f 4441 4019 4444
f 4443 4444 3151
f 4445 4446 4447
f 4447 4448 4336
f 4446 4375 4448
f 4448 4372 4343
f 4445 4447 4449
f 4450 4449 4432
f 4447 4336 4339
f 4449 4339 4433
f 4445 4450 4451
f 4451 4452 4381
f 4450 4431 4452
f 4452 4428 4382
f 4445 4451 4453
f 4446 4453 4376
f 4451 4381 4389
f 4453 4389 3226
f 4454 4455 4456
f 4457 4456 1762
f 4455 4458 4459
f 4456 4459 1763
f 4454 4457 4460
f 4460 4461 4462
f 4457 1761 4461
f 4461 1777 4463
f 4454 4460 4464
f 4465 4464 4466
f 4460 4462 4467
f 4464 4467 3750
f 4454 4465 4455
f 4455 4468 4458
f 4465 4469 4468
f 4468 4470 4471
f 4472 4473 4474
f 4475 4474 4470
f 4473 4476 4477
f 4474 4477 4478
f 4472 4475 4479
f 4480 4479 4481
f 4475 4469 4479
f 4479 4466 3750
f 4472 4480 4482
f 4482 4483 3812
f 4480 4484 4483
f 4483 4485 3812
f 4472 4482 4473
f 4473 4486 4476
f 4482 3811 4486
f 4486 3804 4487
f 4488 4489 4490
f 4491 4490 1799
f 4489 4462 4463
f 4490 4463 1800
f 4488 4491 4492
f 4492 4493 4494
f 4491 1798 4493
f 4493 1810 4495
f 4488 4492 4496
f 4497 4496 3755
f 4492 4494 4498
f 4496 4498 4499
f 4488 4497 4489
f 4489 4500 4462
f 4497 3754 4500
f 4500 3748 4467
f 4501 4502 4503
f 4504 4503 1817
f 4502 4505 4506
f 4503 4506 1818
f 4501 4504 4507
f 4507 4508 4509
f 4504 1816 4508
f 4508 1830 4510
f 4501 4507 4511
f 4512 4511 3875
f 4507 4509 4513
f 4511 4513 4514
f 4501 4512 4502
f 4502 4515 4505
f 4512 3874 4515
f 4515 3868 4516
f 4517 4518 4519
f 4519 4520 3810
f 4518 4521 4520
f 4520 4522 3816
f 4517 4519 4523
f 4524 4523 4485
f 4519 3810 3813
f 4523 3813 4525
f 4517 4524 4526
f 4526 4527 3742
f 4524 4484 4527
f 4527 4481 3749
f 4517 4526 4528
f 4518 4528 4529
f 4526 3742 3745
f 4528 3745 4530
f 4531 4532 4533
f 4533 4534 3753
f 4532 4535 4534
f 4534 4536 3759
f 4531 4533 4537
f 4538 4537 4498
f 4533 3753 3756
f 4537 3756 4499
f 4531 4538 4539
f 4539 4540 1858
f 4538 4494 4540
f 4540 4495 1859
f 4531 4539 4541
f 4532 4541 4542
f 4539 1858 1853
f 4541 1853 1855
f 4543 4544 4545
f 4546 4545 4547
f 4544 4548 4549
f 4545 4550 4551
f 4545 4552 4550
f 4553 4554 4551
f 4545 4549 4555
f 4545 4554 4556
f 4543 4546 4557
f 4557 4558 4559
f 4546 4547 4560
f 4558 4560 4561
f 4543 4557 4562
f 4563 4562 4564
f 4557 4559 4565
f 4562 4565 4566
f 4543 4563 4544
f 4544 4567 4548
f 4563 4568 4567
f 4567 4569 4570
f 4571 4572 4573
f 4573 4574 4575
f 4572 4576 4574
f 4574 4577 4578
f 4571 4573 4579
f 4580 4579 4581
f 4573 4582 4579
f 4579 4583 4581
f 4571 4580 4584
f 4584 4585 4586
f 4580 4587 4585
f 4585 4588 4589
f 4571 4584 4590
f 4572 4590 4591
f 4584 4586 4592
f 4590 4592 4593
f 4594 4595 4596
f 4597 4596 4598
f 4595 4599 4600
f 4596 4600 4601
f 4594 4597 4602
f 4602 4603 4604
f 4597 4605 4603
f 4603 4606 4607
f 4594 4602 4608
f 4609 4608 4583
f 4602 4604 4610
f 4608 4610 4611
f 4594 4609 4595
f 4595 4612 4599
f 4609 4582 4612
f 4612 4575 4613
f 4614 4615 4616
f 4617 4616 1937
f 4615 4618 4619
f 4616 4619 1938
f 4614 4617 4620
f 4621 4622 4623
f 1936 1948 4621
f 1948 1951 4622
f 4614 4620 4624
f 4625 4624 4606
f 4620 4623 4626
f 4624 4626 4627
f 4614 4625 4615
f 4615 4628 4618
f 4625 4605 4628
f 4628 4598 4629
f 4630 4631 4632
f 4632 4633 4586
f 4631 4634 4633
f 4633 4635 4592
f 4630 4632 4636
f 4637 4636 4638
f 4632 4586 4589
f 4636 4589 4639
f 4630 4637 4640
f 4640 4641 4547
f 4637 4642 4641
f 4641 4643 4560
f 4630 4640 4644
f 4631 4644 4645
f 4640 4547 4556
f 4644 4556 4554
f 4646 4647 4648
f 4649 4648 4569
f 4647 4650 4651
f 4648 4651 4652
f 4646 4649 4653
f 4653 4654 4655
f 4568 4564 4654
f 4564 4566 4656
f 4646 4653 4657
f 4658 4657 1984
f 4653 4655 4659
f 4657 4659 1985
f 4646 4658 4647
f 4647 4660 4650
f 4658 1983 1976
f 4660 1976 1979
f 4661 4662 4663
f 4663 4664 4665
f 4662 4666 4664
f 4664 4667 4668
f 4661 4663 4669
f 4670 4669 3744
f 4663 4665 4671
f 4669 4671 4530
f 4661 4670 4672
f 4672 4673 4674
f 4670 3743 4673
f 4673 3758 4675
f 4661 4672 4676
f 4662 4676 4677
f 4672 4674 4678
f 4676 4678 4677
f 4679 4680 4681
f 4682 4681 4683
f 4680 4684 4685
f 4681 4685 4686
f 4679 4682 4687
f 4687 4688 3799
f 4682 4689 4688
f 4688 4690 3800
f 4679 4687 4691
f 4691 4692 4693
f 4687 3799 4692
f 4692 3815 4694
f 4679 4691 4695
f 4680 4695 4696
f 4691 4693 4697
f 4695 4697 4698
f 4699 4700 4701
f 4702 4701 4703
f 4700 4704 4705
f 4701 4705 4706
f 4699 4702 4707
f 4707 4708 3883
f 4702 4709 4708
f 4708 4710 3869
f 4699 4707 4711
f 4712 4711 4713
f 4711 4707 3886
f 4713 4711 4714
f 4699 4712 4700
f 4700 4715 4704
f 4712 4716 4715
f 4715 4717 4718
f 4719 4720 4721
f 4722 4721 2053
f 4720 4723 4724
f 4721 4724 2054
f 4719 4722 4725
f 4725 4726 4505
f 4722 2052 4726
f 4726 2062 4506
f 4719 4725 4727
f 4728 4727 4710
f 4725 4505 4516
f 4727 4516 3870
f 4719 4728 4720
f 4720 4729 4723
f 4728 4709 4729
f 4729 4703 4730
f 4731 4732 4733
f 4733 4734 4693
f 4732 4735 4734
f 4734 4736 4697
f 4731 4733 4737
f 4738 4737 4522
f 4733 4693 4694
f 4737 4694 3817
f 4731 4738 4739
f 4739 4740 4665
f 4738 4521 4740
f 4740 4529 4671
f 4731 4739 4741
f 4732 4741 4742
f 4739 4665 4668
f 4741 4668 4743
f 4744 4745 4746
f 4746 4747 4674
f 4745 4748 4749
f 4747 4749 4750
f 4744 4746 4751
f 4752 4751 4536
f 4746 4674 4675
f 4751 4675 3760
f 4744 4752 4753
f 4753 4754 2090
f 4752 4535 4754
f 4754 4542 2091
f 4744 4753 4755
f 4745 4755 4748
f 4753 2090 2084
f 4755 2084 2087
f 4756 4757 4758
f 4758 4759 4760
f 4757 4761 4762
f 4759 4762 4763
f 4756 4758 4764
f 4765 4764 4667
f 4758 4760 4766
f 4764 4766 4743
f 4756 4765 4767
f 4768 4767 4769
f 4765 4666 4677
f 4767 4677 4750
f 4756 4768 4757
f 4757 4770 4761
f 4768 4771 4770
f 4770 4772 4773
f 4774 4775 4776
f 4777 4776 4778
f 4775 4779 4780
f 4776 4780 4781
f 4774 4777 4782
f 4782 4783 4684
f 4777 4784 4783
f 4783 4785 4685
f 4774 4782 4786
f 4787 4786 4788
f 4782 4684 4786
f 4786 4696 4789
f 4774 4787 4775
f 4775 4790 4779
f 4787 4788 4791
f 4790 4791 4792
f 4793 4794 4795
f 4796 4795 4797
f 4794 4798 4799
f 4795 4799 4800
f 4793 4796 4801
f 4801 4802 4704
f 4796 4803 4802
f 4802 4804 4705
f 4793 4801 4805
f 4806 4805 4785
f 4801 4704 4718
f 4805 4718 4686
f 4793 4806 4794
f 4794 4807 4798
f 4806 4784 4807
f 4807 4778 4808
f 4809 4810 4811
f 4812 4811 2153
f 4810 4813 4814
f 4811 4814 2154
f 4809 4812 4815
f 4815 4816 4723
f 4812 2152 4816
f 4816 2162 4724
f 4809 4815 4817
f 4818 4817 4804
f 4815 4723 4730
f 4817 4730 4706
f 4809 4818 4810
f 4810 4819 4813
f 4818 4803 4819
f 4819 4797 4820
f 4821 4822 4823
f 4823 4824 4788
f 4822 4825 4824
f 4824 4826 4791
f 4821 4823 4827
f 4828 4827 4736
f 4823 4788 4789
f 4827 4789 4698
f 4821 4828 4829
f 4829 4830 4760
f 4828 4735 4830
f 4830 4742 4766
f 4821 4829 4831
f 4822 4831 4832
f 4829 4760 4763
f 4831 4763 4833
f 4834 4835 4836
f 4837 4836 4772
f 4835 4838 4839
f 4836 4839 4840
f 4834 4837 4841
f 4841 4842 4748
f 4837 4771 4842
f 4842 4769 4749
f 4834 4841 4843
f 4844 4843 2190
f 4841 4748 4845
f 4843 4845 2087
f 4834 4844 4835
f 4835 4846 4838
f 4844 2184 4846
f 4846 2187 4847
f 4848 4849 4850
f 4851 4850 4852
f 4849 3891 3901
f 4850 3901 3960
f 4848 4851 4853
f 4853 4854 4855
f 4851 4856 4854
f 4854 4857 4858
f 4848 4853 4859
f 4860 4859 2205
f 4853 4855 4861
f 4859 4861 2206
f 4848 4860 4849
f 4849 4862 3891
f 4860 2200 4862
f 4862 2201 3892
f 4863 4864 4865
f 4865 4866 2216
f 4864 4867 4866
f 4866 4868 2217
f 4863 4865 4869
f 4870 4869 4871
f 4865 2216 2227
f 4869 2227 2229
f 4863 4870 4872
f 4872 4873 3906
f 4870 4874 4873
f 4873 4875 3913
f 4863 4872 4876
f 4864 4876 4877
f 4872 3906 4878
f 4876 4878 4877
f 4879 4880 4881
f 4882 4881 4883
f 4880 4884 4885
f 4881 4885 4883
f 4879 4882 4886
f 4886 4887 3907
f 4882 4888 4887
f 4887 4889 3908
f 4879 4886 4890
f 4891 4890 4857
f 4886 3907 3924
f 4890 3924 4892
f 4879 4891 4880
f 4880 4893 4884
f 4891 4856 4893
f 4893 4852 4894
f 4895 4896 4897
f 4897 4898 4899
f 4896 2250 4898
f 4898 2253 4900
f 4895 4897 4901
f 4902 4901 3919
f 4897 4899 4903
f 4901 4903 3920
f 4895 4902 4904
f 4905 4904 4875
f 4902 3918 3912
f 4904 3912 3914
f 4895 4905 4896
f 4896 4906 2250
f 4905 4874 4906
f 4906 4871 2256
f 4907 4908 4909
f 4910 4909 3923
f 4908 4855 4858
f 4909 4858 4892
f 4907 4910 4911
f 4911 4912 4899
f 4910 3922 4912
f 4912 3917 4903
f 4907 4911 4913
f 4914 4913 2272
f 4911 4899 4900
f 4913 4900 2273
f 4907 4914 4908
f 4908 4915 4855
f 4914 2268 4915
f 4915 2269 4861
f 4916 4917 4918
f 4918 4919 2279
f 4917 3830 4919
f 4919 3826 2280
f 4916 4918 4920
f 4920 4921 4867
f 4918 2279 4921
f 4921 2287 4868
f 4916 4920 4922
f 4923 4922 4889
f 4920 4867 4877
f 4922 4877 3909
f 4917 4916 4924
f 4917 4924 3831
f 4923 4888 4924
f 4924 4883 4925
f 4926 4927 4928
f 4928 4929 4930
f 4927 3884 4929
f 4929 3879 4931
f 4926 4928 4932
f 4933 4932 4934
f 4928 4930 4935
f 4932 4935 4936
f 4926 4933 4937
f 4937 4938 4939
f 4933 4940 4938
f 4938 4941 4942
f 4926 4937 4943
f 4927 4943 3885
f 4937 4939 4944
f 4943 4944 4714
f 4945 4946 4947
f 4948 4947 4949
f 4946 3873 3876
f 4947 3876 4514
f 4945 4948 4950
f 4951 4950 4952
f 4948 4953 4954
f 4950 4954 4955
f 4945 4951 4956
f 4956 4957 4930
f 4951 4958 4957
f 4957 4959 4935
f 4945 4956 4946
f 4946 4960 3873
f 4956 4930 4960
f 4960 4931 3880
f 4961 4962 4963
f 4964 4963 2328
f 4962 4509 4510
f 4963 4510 2329
f 4961 4964 4965
f 4966 4965 4967
f 4964 2327 2337
f 4965 2337 2339
f 4961 4966 4968
f 4968 4969 4953
f 4966 4970 4969
f 4969 4971 4954
f 4961 4968 4962
f 4962 4972 4509
f 4968 4953 4972
f 4972 4949 4513
f 4973 4974 4975
f 4975 4976 4717
f 4974 4977 4976
f 4976 4978 4717
f 4973 4975 4979
f 4979 4980 4939
f 4975 4716 4980
f 4980 4713 4944
f 4973 4979 4981
f 4981 4982 4983
f 4979 4939 4982
f 4982 4942 4984
f 4974 4973 4985
f 4977 4974 4986
f 4981 4983 4987
f 4985 4987 4988
f 4989 4990 4991
f 4992 4991 4993
f 4990 4458 4471
f 4991 4471 4478
f 4989 4992 4994
f 4994 4995 4996
f 4992 4997 4995
f 4995 4998 4999
f 4989 4994 5000
f 5001 5000 2369
f 4994 4996 5002
f 5000 5002 2370
f 4989 5001 4990
f 4990 5003 4458
f 5001 2364 5003
f 5003 2365 4459
f 5004 5005 5006
f 5007 5006 5008
f 5005 3805 3798
f 5006 3798 5009
f 5004 5007 5010
f 5010 5011 5012
f 5007 5008 5013
f 5011 5013 5014
f 5004 5010 5015
f 5016 5015 5017
f 5010 5012 5018
f 5015 5018 5019
f 5004 5016 5005
f 5005 5020 3805
f 5016 5021 5020
f 5020 5022 3806
f 5023 5024 5025
f 5026 5025 5022
f 5024 4476 4487
f 5025 4487 3807
f 5023 5026 5027
f 5027 5028 5029
f 5026 5021 5028
f 5028 5017 5030
f 5023 5027 5031
f 5032 5031 4998
f 5027 5029 5033
f 5031 5033 5034
f 5023 5032 5024
f 5024 5035 4476
f 5032 4997 5035
f 5035 4993 4477
f 5036 5037 5038
f 5039 5038 5040
f 5037 4977 4986
f 5038 4986 4988
f 5039 5041 5042
f 5042 5041 5008
f 5039 5043 5041
f 5041 5044 5013
f 5036 5042 5045
f 5046 5045 4690
f 5042 5008 5009
f 5045 5009 3801
f 5036 5046 5037
f 5037 5047 4977
f 5046 4689 5047
f 5047 4683 4978
f 5048 5049 5050
f 5050 5051 5052
f 5049 5053 5051
f 5051 5054 5055
f 5048 5050 5056
f 5057 5056 5044
f 5050 5052 5058
f 5056 5058 5014
f 5048 5057 5059
f 5059 5060 4983
f 5057 5043 5060
f 5060 5040 4987
f 5049 5048 5061
f 5049 5061 5062
f 5059 4983 4984
f 5061 4984 5063
f 5064 5065 5066
f 5067 5066 5068
f 5065 5052 5055
f 5066 5055 5069
f 5064 5067 5070
f 5071 5070 5072
f 5067 5073 5070
f 5070 5074 5072
f 5064 5071 5075
f 5075 5076 5012
f 5071 5077 5076
f 5076 5078 5018
f 5064 5075 5079
f 5065 5079 5052
f 5075 5012 5080
f 5079 5080 5058
f 5081 5082 5083
f 5084 5083 4941
f 5082 5053 5062
f 5083 5062 5063
f 5081 5084 5085
f 5085 5086 5087
f 5084 4940 5086
f 5086 4934 5088
f 5081 5085 5089
f 5090 5089 5074
f 5085 5087 5091
f 5089 5091 5092
f 5081 5090 5082
f 5082 5093 5053
f 5090 5073 5093
f 5054 5093 5069
f 5094 5095 5096
f 5096 5097 5098
f 5095 5077 5097
f 5097 5072 5099
f 5094 5096 5100
f 5101 5100 5102
f 5096 5098 5103
f 5100 5103 5104
f 5094 5101 5105
f 5105 5106 5029
f 5101 5107 5106
f 5106 5108 5033
f 5094 5105 5109
f 5095 5109 5078
f 5105 5029 5030
f 5109 5030 5019
f 5110 5111 5112
f 5112 5113 4996
f 5111 2485 5113
f 5113 2486 5002
f 5110 5112 5114
f 5115 5114 5108
f 5112 4996 4999
f 5114 4999 5034
f 5110 5115 5116
f 5116 5117 5118
f 5115 5107 5117
f 5117 5102 5119
f 5110 5116 5120
f 5111 5120 2490
f 5116 5118 5121
f 5120 5121 2491
f 5122 5123 5124
f 5125 5124 5121
f 5123 2504 2501
f 5124 2501 2491
f 5122 5125 5126
f 5126 5127 5128
f 5125 5118 5127
f 5127 5119 5129
f 5122 5126 5130
f 5131 5130 4971
f 5126 5128 5132
f 5130 5132 4955
f 5122 5131 5123
f 5123 5133 2504
f 5131 4970 5133
f 5133 4967 2505
f 5134 5135 5136
f 5137 5136 4959
f 5135 5087 5088
f 5136 5088 4936
f 5134 5137 5138
f 5138 5139 5128
f 5137 4958 5139
f 5139 4952 5132
f 5134 5138 5140
f 5141 5140 5103
f 5138 5128 5129
f 5140 5129 5104
f 5134 5141 5135
f 5135 5142 5087
f 5141 5098 5142
f 5142 5099 5091
f 5143 5144 5145
f 5145 5146 3653
f 5144 4884 5146
f 5146 4894 3658
f 5143 5145 5147
f 5148 5147 5149
f 5145 3653 3655
f 5147 3655 3656
f 5143 5148 5150
f 5150 5151 5152
f 5148 5153 5151
f 5154 5151 5155
f 5143 5150 5156
f 5144 5156 4885
f 5150 5152 5156
f 5156 5157 4885
f 5158 5159 5160
f 5161 5160 3953
f 5159 3560 3563
f 5160 3563 5162
f 5158 5161 5163
f 5163 5164 5165
f 5161 3952 5164
f 5164 3947 5166
f 5158 5163 5167
f 5168 5167 3649
f 5163 5165 5169
f 5167 5169 5170
f 5158 5168 5159
f 5159 5171 3560
f 5168 3648 5171
f 5171 3642 3567
f 5172 5173 5174
f 5175 5173 5172
f 5176 3942 5177
f 5177 3942 5178
f 5179 5180 5181
f 5181 5180 5182
f 5180 3944 5183
f 5183 3944 3942
f 5184 5185 5186
f 5187 5186 5157
f 5185 3829 3832
f 5186 3832 4925
f 5184 5187 5188
f 5188 5189 5190
f 5187 5152 5189
f 5189 5154 5191
f 5184 5188 5192
f 5192 5193 5184
f 5188 5194 5195
f 5188 5196 5197
f 5188 5198 5196
f 5199 5194 5188
f 5188 5190 5198
f 5200 5198 5201
f 5184 5202 5185
f 5202 5203 5204
f 5184 5193 5202
f 5185 5204 3829
f 5204 5205 5206
f 5204 5203 5205
f 5206 5207 5204
f 5204 5207 3835
f 5173 5207 5208
f 5208 5174 5173
f 5209 5210 5211
f 5212 5211 3948
f 5210 5165 5166
f 5211 5166 3949
f 5209 5212 5213
f 5180 5179 5214
f 5215 5216 5214
f 5216 5213 5180
f 5212 3938 3940
f 5213 3940 3944
f 5209 5216 5217
f 5217 5218 5219
f 5216 5220 5221
f 5216 5215 5220
f 5222 5218 5223
f 5224 5225 5219
f 5219 5218 5226
f 5226 5218 5222
f 5209 5217 5210
f 5210 5227 5165
f 5217 5228 5227
f 5227 5229 5169
f 5230 5231 5232
f 5233 5232 5229
f 5231 3647 3650
f 5232 3650 5170
f 5230 5233 5234
f 5234 5235 5190
f 5233 5228 5235
f 5198 5235 5236
f 5236 5235 5225
f 5230 5234 5237
f 5238 5237 5239
f 5234 5190 5191
f 5237 5191 5155
f 5230 5238 5231
f 5231 5240 3647
f 5238 5153 5240
f 5240 5149 3654
f 5241 5242 4549
f 4548 5243 5244
f 4549 4548 5244
f 4555 4549 5242
f 5245 5246 4554
f 5247 5248 5249
f 5248 5250 5251
f 5248 5247 5252
f 5251 5253 5248
f 5254 5248 5255
f 5256 4548 5253
f 5243 4548 5256
f 4570 5248 5253
f 5248 4570 4652
f 5254 5257 5258
f 5258 5249 5254
f 5254 5259 5260
f 5257 5254 5260
f 5173 5175 5261
f 5262 5263 5264
f 5265 5260 5263
f 5263 5262 5265
f 5266 5267 5268
f 5268 5269 5270
f 5267 3703 5269
f 5269 3699 5270
f 5266 5268 5271
f 5272 5271 4577
f 5268 5273 5271
f 5271 5274 4577
f 5266 5272 5275
f 5275 5276 5277
f 5272 4576 5276
f 5276 4591 5278
f 5266 5275 5279
f 5267 5279 3704
f 5275 5277 5280
f 5279 5280 5162
f 5281 5282 5283
f 5284 5283 5285
f 5282 3531 3526
f 5283 3526 3527
f 5281 5284 5286
f 5286 5287 4599
f 5284 5288 5287
f 5287 5289 4600
f 5281 5286 5290
f 5291 5290 5274
f 5286 4599 4613
f 5290 4613 4578
f 5281 5291 5282
f 5282 5292 3531
f 5291 5273 5292
f 5292 5270 3533
f 5293 5294 5295
f 5296 5295 2679
f 5294 3512 5295
f 5295 3508 2679
f 5293 5296 5297
f 5297 5298 4618
f 2678 2685 5298
f 5298 2685 4619
f 5293 5297 5299
f 5300 5299 5289
f 5297 4618 4629
f 5299 4629 4601
f 5293 5300 5294
f 5294 5301 3513
f 5300 5288 5301
f 5301 5285 3513
f 5302 5303 5304
f 5304 5305 5277
f 5303 3931 5305
f 5305 3951 5280
f 5302 5304 5306
f 5307 5306 4635
f 5304 5277 5278
f 5306 5278 4593
f 5302 5307 5308
f 5308 5309 5310
f 5309 5311 5312
f 5313 5314 5309
f 5309 5312 5313
f 5307 4634 5309
f 5315 5316 5309
f 5309 4645 5315
f 4554 5246 5315
f 5302 5308 5317
f 5303 5317 3932
f 5318 5317 5308
f 5317 5318 5319
f 5319 5320 5317
f 5321 3934 5317
f 3934 3932 5317
f 5322 5323 5324
f 5324 5325 5263
f 5323 3822 5325
f 5325 3834 5263
f 5322 5324 5326
f 5327 5326 4650
f 5324 5259 5326
f 5326 5255 4651
f 5322 5327 5328
f 5328 5329 2716
f 5327 4650 5329
f 5329 5330 2717
f 5322 5328 5331
f 5323 5331 3823
f 5328 2716 2712
f 5331 2712 2713
f 5332 5333 5334
f 5335 5334 5336
f 5333 4559 5337
f 5334 5337 5338
f 5332 5335 5339
f 5339 5340 4761
f 5335 5336 5341
f 5340 5341 4833
f 5332 5339 5342
f 5343 5342 5344
f 5339 4761 4773
f 5342 4773 4840
f 5332 5343 5333
f 5333 5345 4559
f 5343 5346 5345
f 5345 5347 4565
f 5348 5349 5350
f 5351 5350 5352
f 5349 4587 4581
f 5350 4581 4611
f 5348 5351 5353
f 5353 5354 4779
f 5351 5355 5354
f 5354 5356 4780
f 5348 5353 5357
f 5358 5357 5359
f 5353 4779 5360
f 5357 5360 5361
f 5348 5358 5362
f 5349 5362 4588
f 5358 5359 5363
f 5362 5363 4639
f 5364 5365 5366
f 5367 5366 5368
f 5365 4604 4607
f 5366 4607 4627
f 5364 5367 5369
f 5369 5370 4798
f 5371 5372 5370
f 5370 5372 4799
f 5364 5369 5373
f 5374 5373 5356
f 5369 4798 4808
f 5373 4808 4781
f 5364 5374 5365
f 5365 5375 4604
f 5374 5355 5375
f 5375 5352 4610
f 5376 5377 5378
f 5379 5378 2766
f 5377 4623 4622
f 5378 4622 1951
f 5376 5379 5380
f 5380 5381 4813
f 5379 2765 5381
f 5381 2772 4814
f 5376 5380 5382
f 5383 5382 5372
f 5380 4813 4820
f 5382 4820 4800
f 5383 5384 5377
f 5377 5384 4623
f 5383 5371 5384
f 5384 5368 4626
f 5385 5386 5387
f 5387 5388 5359
f 5386 4642 5388
f 5388 4638 5363
f 5385 5387 5389
f 5390 5389 4826
f 5387 5359 5361
f 5389 5361 4792
f 5385 5390 5391
f 5392 5341 5336
f 5390 4825 5392
f 5392 4832 5341
f 5385 5391 5393
f 5386 5393 4643
f 5391 5336 5338
f 5393 5338 4561
f 5394 5395 5396
f 5397 5396 5347
f 5395 4655 4656
f 5396 4656 4566
f 5397 5398 5399
f 5399 5398 4838
f 5397 5346 5398
f 5398 5344 4839
f 5394 5399 5400
f 5401 5400 2792
f 5399 4838 4847
f 5400 4847 2793
f 5401 5402 5395
f 5395 5402 4655
f 5401 2788 5402
f 2789 1985 4659
f 5403 2625 2621
f 5403 5404 2625
f 5404 2631 2630
f 2621 2623 5403
f 5404 2627 2631
f 5405 5403 2635
f 2624 2636 5403
f 5403 2623 2624
f 5403 5405 5406
f 5403 5406 5404
f 2702 2698 2699
f 2692 5407 2699
f 2692 2693 5407
f 2700 2702 5408
f 5407 2695 1224
f 1223 5409 1224
f 5407 2693 2694
f 1223 5410 5409
f 5407 5409 5411
f 5407 5412 5408
f 2571 2573 5413
f 5413 2572 2571
f 2573 2574 5414
f 5414 2551 2553
f 2628 5404 2554
f 5414 2574 2551
f 2628 2627 5404
f 5414 5404 5415
f 5414 5416 5413
f 1867 5417 5418
f 2645 2644 5418
f 2644 2704 5418
f 1867 5418 5419
f 2703 2701 5408
f 2701 2700 5408
f 2703 5418 2704
f 5418 5408 5420
f 5418 5421 5422
f 2583 2578 5423
f 5424 2578 2577
f 5423 2579 2583
f 2577 2575 5424
f 5424 2570 2567
f 5424 2575 2570
f 2569 2572 5413
f 5424 5413 5425
f 5424 5426 5427
f 2637 2639 2638
f 2638 5428 2637
f 2638 2643 5428
f 5428 5405 2633
f 5419 5428 1869
f 2641 1871 5428
f 5428 2642 2641
f 5428 2643 2642
f 5428 5419 5429
f 5428 5429 5430
f 5431 1220 1219
f 5431 5409 1221
f 1239 1238 5431
f 5431 1221 1220
f 5409 5410 1225
f 2560 2562 5431
f 5431 2561 2559
f 2555 2557 2558
f 2610 5432 2557
f 2610 2602 5432
f 2602 2601 5432
f 5431 1238 2561
f 5431 5432 5433
f 5431 5433 5409
f 5434 2600 2599
f 2607 2606 5434
f 2601 2600 5432
f 5434 2608 2620
f 2585 2581 5434
f 5434 2606 2608
f 2580 5423 2581
f 2580 2579 5423
f 5434 5423 5435
f 5434 5435 5436
f 5437 5406 5430
f 5437 5438 5411
f 5437 5433 5436
f 5437 5439 5415
f 5440 5435 5427
f 5440 5426 5425
f 5440 5416 5439
f 5440 5439 5435
f 5441 5429 5422
f 5441 5421 5420
f 5441 5412 5438
f 5441 5438 5429
f 5442 5265 5443
f 5262 5264 5443
f 5442 5257 5260
f 5260 5265 5442
f 5442 5258 5257
f 5442 5443 5444
f 5442 5444 5445
f 5252 5442 5445
f 5252 5247 5442
f 5249 5258 5442
f 5310 5314 5313
f 5313 5446 5310
f 5446 5319 5318
f 5312 5447 5313
f 5446 5447 5448
f 5446 5448 5449
f 5446 3934 5321
f 5446 5450 3934
f 5320 5319 5446
f 5450 5451 3935
f 5452 5453 5206
f 5453 5207 5206
f 5453 5208 5207
f 5453 5452 5454
f 5453 5454 5455
f 5453 5175 5172
f 5453 5443 5175
f 5174 5208 5453
f 5443 5264 5261
f 5245 4553 5456
f 5456 5246 5245
f 5456 5315 5246
f 5457 5456 4551
f 5456 5457 5458
f 5456 5459 5460
f 5447 5311 5316
f 5447 5312 5311
f 5315 5456 5316
f 5461 5462 5199
f 5462 5195 5194
f 5194 5199 5462
f 5462 5192 5195
f 5462 5461 5463
f 5462 5464 5465
f 5462 5203 5202
f 5193 5192 5462
f 5452 5205 5203
f 5243 5256 5253
f 5251 5466 5253
f 5466 5244 5243
f 5250 5445 5251
f 5466 5445 5467
f 5466 5468 5457
f 4552 5242 5457
f 4552 4555 5242
f 5457 4550 4552
f 5242 5241 5466
f 5241 5244 5466
f 5469 3943 3929
f 3933 3936 3930
f 5469 3941 3943
f 5450 5469 3936
f 5469 5450 5470
f 5469 5470 5471
f 5182 5183 5469
f 5177 5178 5469
f 5469 5179 5182
f 5469 5471 5179
f 5471 5215 5214
f 5471 5220 5215
f 5178 3941 5469
f 5472 5222 5223
f 5472 5224 5226
f 5220 5471 5221
f 5472 5471 5473
f 5472 5474 5461
f 5472 5201 5236
f 5472 5200 5201
f 5225 5224 5472
f 5472 5461 5200
f 5461 5197 5196
f 5475 5476 5467
f 5475 5444 5455
f 5475 5477 5473
f 5475 5470 5449
f 5478 5464 5463
f 5478 5474 5477
f 5478 5477 5454
f 5478 5454 5465
f 5479 5459 5458
f 5479 5468 5476
f 5479 5476 5448
f 5479 5448 5460
f 4 1 3
f 12 4 5
f 3 2 7
f 5 3 8
f 10 1 9
f 18 10 11
f 9 4 13
f 11 9 14
f 16 1 15
f 22 16 17
f 18 19 15
f 17 15 20
f 16 21 2
f 21 24 6
f 22 23 21
f 23 557 24
f 28 25 27
f 36 28 29
f 27 26 31
f 29 27 32
f 28 34 33
f 34 38 35
f 36 37 34
f 37 73 38
f 40 25 39
f 45 40 41
f 39 33 42
f 41 39 43
f 40 44 26
f 44 47 30
f 45 46 44
f 46 54 47
f 51 48 50
f 45 51 46
f 50 49 53
f 46 50 54
f 51 56 55
f 56 58 57
f 45 41 56
f 41 43 58
f 60 48 59
f 65 60 61
f 59 55 62
f 61 59 63
f 60 64 49
f 64 67 52
f 65 66 64
f 66 1049 67
f 71 68 70
f 77 71 72
f 70 69 38
f 72 70 73
f 71 75 74
f 75 79 76
f 77 78 75
f 78 109 79
f 81 68 80
f 86 81 82
f 80 74 83
f 82 80 84
f 81 85 69
f 85 42 35
f 86 87 85
f 87 43 42
f 91 88 90
f 86 91 87
f 90 89 58
f 87 90 43
f 91 93 92
f 93 95 94
f 86 82 93
f 93 82 95
f 97 88 96
f 102 97 98
f 96 92 99
f 98 96 100
f 97 101 89
f 101 62 57
f 102 103 101
f 103 63 62
f 105 107 106
f 107 1493 108
f 107 105 79
f 1493 107 109
f 111 104 110
f 118 111 112
f 110 106 113
f 112 110 114
f 111 116 115
f 116 120 117
f 118 119 116
f 119 130 120
f 105 104 121
f 121 83 76
f 121 115 122
f 122 84 83
f 124 126 125
f 126 122 117
f 126 124 95
f 122 126 84
f 128 123 127
f 134 128 129
f 127 125 120
f 129 127 130
f 128 132 131
f 132 136 133
f 134 135 132
f 135 174 136
f 124 123 137
f 137 99 94
f 137 131 138
f 138 100 99
f 140 142 141
f 142 144 143
f 118 112 142
f 112 114 144
f 146 139 145
f 153 146 147
f 145 141 148
f 147 145 149
f 146 151 150
f 151 155 152
f 153 154 151
f 154 165 155
f 140 139 156
f 118 140 119
f 156 150 157
f 119 156 130
f 159 161 160
f 161 157 152
f 134 129 161
f 129 130 157
f 163 158 162
f 169 163 164
f 162 160 155
f 164 162 165
f 163 167 166
f 167 171 168
f 169 170 167
f 170 631 171
f 159 158 172
f 134 159 135
f 172 166 173
f 135 172 174
f 176 178 177
f 178 182 179
f 180 181 178
f 181 280 182
f 184 175 183
f 191 184 185
f 183 177 186
f 185 183 187
f 184 189 188
f 189 193 190
f 191 192 189
f 192 210 193
f 176 175 194
f 180 176 195
f 194 188 196
f 195 194 197
f 199 201 200
f 201 727 202
f 203 204 201
f 727 201 205
f 207 198 206
f 214 207 208
f 206 200 209
f 3528 3532 3530
f 207 212 211
f 212 216 213
f 214 215 212
f 215 764 216
f 199 198 217
f 203 199 218
f 217 211 219
f 218 217 220
f 224 221 223
f 232 224 225
f 223 222 227
f 225 223 228
f 224 230 229
f 230 234 231
f 232 233 230
f 233 286 234
f 236 221 235
f 241 236 237
f 235 229 238
f 237 235 239
f 236 240 222
f 240 243 226
f 241 242 240
f 242 250 243
f 247 244 246
f 241 247 242
f 246 245 249
f 242 246 250
f 247 252 251
f 252 254 253
f 241 237 252
f 237 239 254
f 256 244 255
f 261 256 257
f 255 251 258
f 257 255 259
f 256 260 245
f 260 263 248
f 261 262 260
f 262 270 263
f 267 264 266
f 261 267 262
f 266 265 269
f 262 266 270
f 267 272 271
f 272 274 273
f 261 257 272
f 257 259 274
f 276 264 275
f 179 276 186
f 275 271 277
f 277 187 186
f 276 278 265
f 278 279 268
f 179 182 278
f 5179 5181 5182
f 284 281 283
f 290 284 285
f 283 282 234
f 285 283 286
f 284 288 287
f 288 292 289
f 290 291 288
f 291 1292 292
f 294 281 293
f 299 294 295
f 293 287 296
f 295 293 297
f 294 298 282
f 298 238 231
f 299 300 298
f 300 239 238
f 304 301 303
f 299 304 300
f 303 302 254
f 300 303 239
f 304 306 305
f 306 308 307
f 299 295 306
f 295 297 308
f 310 301 309
f 315 310 311
f 309 305 312
f 311 309 313
f 310 314 302
f 314 258 253
f 315 316 314
f 316 259 258
f 320 317 319
f 315 320 316
f 319 318 322
f 316 319 259
f 320 324 323
f 324 326 325
f 315 311 324
f 311 313 326
f 328 317 327
f 333 328 329
f 327 323 330
f 329 327 331
f 328 332 318
f 332 335 321
f 333 334 332
f 334 845 335
f 339 336 338
f 338 343 340
f 341 342 338
f 342 1487 343
f 339 345 344
f 344 345 347
f 345 339 348
f 348 404 346
f 350 336 349
f 355 350 351
f 349 344 352
f 351 349 353
f 350 354 337
f 354 357 341
f 355 356 354
f 356 434 357
f 359 361 360
f 361 365 362
f 363 364 361
f 364 1630 365
f 367 358 366
f 12 367 13
f 366 360 368
f 366 368 13
f 367 370 369
f 370 372 371
f 12 5 370
f 5 8 372
f 359 358 373
f 363 359 374
f 373 369 375
f 375 1356 374
f 379 376 378
f 387 379 380
f 378 377 382
f 380 378 383
f 379 385 384
f 385 389 386
f 387 388 385
f 388 427 389
f 391 376 390
f 396 391 392
f 390 384 393
f 392 390 394
f 391 395 377
f 395 1742 381
f 395 391 397
f 1742 395 398
f 402 399 401
f 408 402 403
f 401 400 346
f 403 401 404
f 402 406 405
f 406 410 407
f 408 409 406
f 409 1471 410
f 412 399 411
f 416 412 413
f 411 405 414
f 414 1685 413
f 412 415 400
f 415 352 347
f 416 417 415
f 417 353 352
f 419 421 420
f 421 423 422
f 355 351 421
f 351 353 423
f 425 418 424
f 387 425 388
f 424 420 426
f 388 424 427
f 425 429 428
f 429 431 430
f 387 380 429
f 380 383 431
f 419 418 432
f 355 419 356
f 432 428 433
f 356 432 434
f 438 435 437
f 437 442 439
f 440 441 437
f 441 569 442
f 438 444 443
f 444 447 445
f 439 446 444
f 446 508 447
f 449 435 448
f 453 449 450
f 448 443 451
f 451 504 450
f 449 452 436
f 452 455 440
f 453 454 452
f 454 573 455
f 457 459 458
f 467 458 460
f 459 457 462
f 460 459 463
f 465 456 464
f 472 465 466
f 464 458 468
f 466 464 469
f 465 471 470
f 471 393 386
f 472 473 471
f 473 394 393
f 457 456 474
f 461 457 475
f 474 470 389
f 475 474 427
f 479 476 478
f 487 479 480
f 478 477 482
f 480 478 483
f 479 485 484
f 485 489 486
f 487 488 485
f 488 565 489
f 491 476 490
f 490 1313 492
f 490 484 493
f 1313 490 494
f 491 495 477
f 495 592 481
f 495 491 496
f 592 495 497
f 501 498 500
f 445 501 451
f 500 499 503
f 451 500 504
f 506 498 505
f 512 506 507
f 505 501 447
f 507 505 508
f 510 498 509
f 515 510 511
f 512 513 509
f 513 1580 511
f 510 514 499
f 514 517 502
f 515 516 514
f 516 1709 517
f 519 521 520
f 521 525 522
f 523 524 521
f 524 972 525
f 520 527 526
f 527 530 528
f 527 520 529
f 529 1630 530
f 532 518 531
f 538 532 533
f 531 526 534
f 533 531 535
f 532 536 519
f 523 519 537
f 538 539 536
f 539 976 537
f 543 540 542
f 551 543 544
f 542 541 546
f 544 542 547
f 543 549 548
f 549 1432 550
f 551 552 549
f 1432 549 553
f 555 540 554
f 22 555 23
f 554 548 556
f 23 554 557
f 555 558 541
f 558 559 545
f 22 17 558
f 17 20 559
f 563 560 562
f 562 1608 564
f 562 561 489
f 1608 562 565
f 563 567 566
f 440 566 441
f 567 563 568
f 441 567 569
f 571 560 570
f 575 571 572
f 570 566 455
f 572 570 573
f 571 574 561
f 574 493 486
f 575 576 574
f 576 494 493
f 580 577 579
f 587 580 581
f 579 578 583
f 581 579 584
f 580 586 585
f 586 482 481
f 587 588 586
f 588 483 482
f 590 577 589
f 594 590 591
f 589 585 592
f 592 497 591
f 590 593 578
f 593 596 582
f 594 595 593
f 595 1422 596
f 600 597 599
f 605 600 601
f 153 147 599
f 147 149 601
f 600 603 602
f 603 607 604
f 605 606 603
f 606 637 607
f 609 597 608
f 614 609 610
f 608 602 611
f 610 608 612
f 609 613 598
f 153 598 154
f 613 609 615
f 154 613 165
f 617 619 618
f 619 615 614
f 169 164 619
f 164 165 615
f 618 621 620
f 621 623 622
f 614 610 621
f 610 612 623
f 625 616 624
f 624 3390 626
f 624 620 627
f 3390 624 628
f 617 616 629
f 169 617 170
f 629 625 630
f 170 629 631
f 635 632 634
f 641 635 636
f 634 633 607
f 636 634 637
f 635 639 638
f 639 643 640
f 641 642 639
f 642 1588 643
f 645 632 644
f 649 645 646
f 644 638 647
f 647 658 646
f 645 648 633
f 648 611 604
f 649 650 648
f 650 612 611
f 652 654 653
f 649 653 650
f 654 652 623
f 650 654 612
f 656 651 655
f 662 656 657
f 655 653 646
f 657 655 658
f 656 660 659
f 660 664 661
f 662 663 660
f 663 702 664
f 652 651 665
f 665 627 622
f 665 659 666
f 627 665 628
f 668 670 669
f 670 672 671
f 640 643 670
f 643 1588 672
f 674 667 673
f 681 674 675
f 673 669 676
f 675 673 677
f 674 679 678
f 679 683 680
f 681 682 679
f 682 693 683
f 668 667 684
f 640 668 647
f 684 678 685
f 647 684 658
f 687 689 688
f 689 685 680
f 662 657 689
f 657 658 685
f 691 686 690
f 697 691 692
f 690 688 683
f 692 690 693
f 691 695 694
f 695 699 696
f 697 698 695
f 698 731 699
f 687 686 700
f 662 687 663
f 700 694 701
f 663 700 702
f 704 706 705
f 706 708 707
f 681 675 706
f 675 677 708
f 710 703 709
f 709 196 190
f 709 705 711
f 711 197 196
f 710 713 712
f 713 715 714
f 713 710 193
f 193 210 715
f 704 703 716
f 681 704 682
f 716 712 717
f 682 716 693
f 719 721 720
f 721 717 714
f 697 692 721
f 692 693 717
f 723 718 722
f 722 209 202
f 714 715 722
f 715 210 209
f 723 725 724
f 725 728 726
f 202 727 725
f 727 205 728
f 719 718 729
f 697 719 698
f 729 724 730
f 698 729 731
f 735 732 734
f 743 735 736
f 734 733 738
f 736 734 739
f 735 741 740
f 741 745 742
f 743 744 741
f 744 1064 745
f 740 747 746
f 747 750 748
f 742 749 747
f 749 1141 750
f 733 732 751
f 737 733 752
f 751 746 753
f 752 751 754
f 756 758 757
f 758 219 213
f 759 760 758
f 760 220 219
f 762 755 761
f 768 762 763
f 761 757 216
f 763 761 764
f 762 766 765
f 766 770 767
f 768 769 766
f 769 793 770
f 756 755 771
f 759 756 772
f 771 765 773
f 772 771 774
f 776 778 777
f 778 780 779
f 768 763 778
f 763 764 780
f 782 775 781
f 781 785 783
f 779 784 781
f 784 799 785
f 782 787 786
f 787 790 788
f 3982 3636 3632
f 789 961 790
f 776 775 791
f 768 776 769
f 791 786 792
f 769 791 793
f 797 794 796
f 803 797 798
f 796 795 785
f 798 796 799
f 797 801 800
f 801 805 802
f 803 804 801
f 804 845 805
f 807 794 806
f 811 807 808
f 806 800 809
f 808 806 739
f 807 810 795
f 810 789 783
f 811 812 810
f 812 961 789
f 814 816 815
f 816 820 817
f 818 819 816
f 819 2541 820
f 822 813 821
f 828 822 823
f 821 815 824
f 823 821 754
f 822 826 825
f 826 830 827
f 828 829 826
f 829 1147 830
f 814 813 831
f 818 814 832
f 831 825 833
f 832 831 834
f 838 835 837
f 273 838 277
f 837 836 840
f 277 837 187
f 838 842 841
f 842 322 321
f 273 274 842
f 274 259 322
f 844 835 843
f 803 844 804
f 843 841 335
f 804 843 845
f 844 846 836
f 846 847 839
f 803 798 846
f 798 799 847
f 849 851 850
f 851 192 191
f 214 208 851
f 208 210 192
f 853 848 852
f 852 840 839
f 852 850 185
f 185 187 840
f 853 855 854
f 779 854 784
f 855 853 847
f 784 855 799
f 849 848 856
f 214 849 215
f 856 854 780
f 215 856 764
f 860 857 859
f 865 860 861
f 232 225 859
f 225 228 861
f 860 863 862
f 863 867 864
f 865 866 863
f 866 921 867
f 869 857 868
f 874 869 870
f 868 862 871
f 870 868 872
f 869 873 858
f 873 233 232
f 874 875 873
f 875 286 233
f 879 876 878
f 874 879 875
f 878 877 881
f 875 878 286
f 879 883 882
f 883 885 884
f 874 870 883
f 870 872 885
f 887 876 886
f 892 887 888
f 886 882 889
f 888 886 890
f 887 891 877
f 891 893 880
f 892 1256 891
f 1237 2561 1238
f 898 895 897
f 905 898 899
f 897 896 901
f 899 897 834
f 898 903 902
f 910 902 904
f 905 906 903
f 906 1251 904
f 908 895 907
f 913 908 909
f 910 2535 907
f 1130 1187 1133
f 908 912 896
f 912 915 900
f 913 914 912
f 914 2547 915
f 919 916 918
f 925 919 920
f 918 917 867
f 920 918 921
f 919 923 922
f 923 927 924
f 925 926 923
f 926 972 927
f 929 916 928
f 934 929 930
f 928 922 931
f 930 928 932
f 929 933 917
f 933 871 864
f 934 935 933
f 935 872 871
f 939 936 938
f 934 939 935
f 938 937 941
f 935 938 872
f 939 943 942
f 943 945 944
f 934 930 943
f 930 932 945
f 947 936 946
f 952 947 948
f 946 942 949
f 948 946 950
f 947 951 937
f 951 954 940
f 952 953 951
f 953 1280 954
f 958 955 957
f 811 958 812
f 957 956 960
f 812 957 961
f 958 963 962
f 963 738 737
f 811 808 963
f 808 739 738
f 962 965 964
f 965 824 817
f 737 752 965
f 752 754 824
f 964 966 956
f 966 967 959
f 817 820 966
f 820 2541 967
f 971 968 970
f 523 971 524
f 970 969 927
f 524 970 972
f 971 974 973
f 974 1029 975
f 523 537 974
f 1029 974 976
f 978 968 977
f 983 978 979
f 977 973 980
f 981 979 977
f 978 982 969
f 982 931 924
f 983 984 982
f 984 932 931
f 988 985 987
f 983 988 984
f 987 986 945
f 984 987 932
f 988 990 989
f 990 992 991
f 983 979 990
f 979 981 992
f 994 985 993
f 999 994 995
f 993 989 996
f 995 993 997
f 994 998 986
f 998 949 944
f 999 1000 998
f 1000 950 949
f 1002 1004 1003
f 1004 1008 1005
f 1006 1007 1004
f 1007 1840 1008
f 1010 1001 1009
f 1017 1010 1011
f 1009 1003 1012
f 1011 1009 1013
f 1010 1015 1014
f 1015 1019 1016
f 1017 1018 1015
f 1018 1806 1019
f 1002 1001 1020
f 1006 1002 1021
f 1020 1014 1022
f 1021 1020 1023
f 1025 1027 1026
f 1027 1030 1028
f 975 1029 1027
f 1029 976 1030
f 1032 1024 1031
f 1031 31 30
f 1031 1026 1033
f 1033 32 31
f 1035 1024 1034
f 1038 1035 1036
f 1034 1032 47
f 1036 1034 54
f 1025 1024 1037
f 975 1025 980
f 1037 1035 1039
f 980 1037 981
f 1043 1040 1042
f 1038 1043 1039
f 1042 1041 992
f 1039 1042 981
f 1043 1045 1044
f 1045 53 52
f 1038 1036 1045
f 1036 54 53
f 1047 1040 1046
f 1051 1047 1048
f 1046 1044 67
f 1048 1046 1049
f 1047 1050 1041
f 1050 996 991
f 1051 1052 1050
f 1052 997 996
f 1056 1053 1055
f 333 1056 334
f 1055 1054 805
f 334 1055 845
f 1056 1058 1057
f 1058 1060 1059
f 333 329 1058
f 329 331 1060
f 1062 1053 1061
f 743 1062 744
f 1061 1057 1063
f 744 1061 1064
f 1062 1065 1054
f 1065 809 802
f 743 736 1065
f 736 739 809
f 1067 1069 1068
f 1077 1068 1070
f 1069 1067 1072
f 1070 1069 1073
f 1075 1066 1074
f 1083 1075 1076
f 1074 1068 1078
f 1076 1074 1079
f 1075 1081 1080
f 1081 1085 1082
f 1083 1084 1081
f 1084 1844 1085
f 1067 1066 1086
f 1071 1067 1087
f 1086 1080 1088
f 1087 1086 1089
f 1091 1093 1092
f 1093 1097 1094
f 1095 1096 1093
f 1096 2713 1097
f 1099 1090 1098
f 1105 1099 1100
f 1098 1092 1101
f 1101 2552 1100
f 1099 1103 1102
f 1103 1107 1104
f 1105 1106 1103
f 1106 2283 1107
f 1091 1090 1108
f 1095 1091 1109
f 1108 1102 1110
f 1109 1108 1111
f 1115 1112 1114
f 1114 1119 1116
f 1114 1113 1118
f 1118 1147 1119
f 1115 1121 1120
f 1121 1124 1122
f 1116 1123 1121
f 1123 5480 1124
f 1126 1112 1125
f 1131 1126 1127
f 1125 1120 1128
f 1127 1125 1129
f 1126 1130 1113
f 1130 1132 1117
f 1131 1187 1130
f 3844 3963 3848
f 1135 1137 1136
f 1137 753 748
f 828 823 1137
f 823 754 753
f 1139 1134 1138
f 1144 1139 1140
f 1138 1136 750
f 1140 1138 1141
f 1139 1143 1142
f 1143 1123 1116
f 1144 1145 1143
f 1145 5480 1123
f 1135 1134 1146
f 828 1135 829
f 1146 1142 1119
f 829 1146 1147
f 1152 1148 1150
f 1151 1160 1158
f 1150 1149 1155
f 1153 1150 1156
f 1152 1158 1157
f 1158 1161 1159
f 3882 3886 3883
f 4711 3886 4714
f 1163 1148 1162
f 1168 1163 1164
f 1162 1157 1165
f 1164 1162 1166
f 1163 1167 1149
f 1167 1170 1154
f 1168 1169 1167
f 1169 1826 1170
f 1174 1171 1173
f 1182 1174 1175
f 1173 1172 1177
f 1175 1173 1178
f 1174 1180 1179
f 1180 1184 1181
f 1182 1183 1180
f 1183 1251 1184
f 1186 1171 1185
f 1131 1186 1187
f 1185 1179 1188
f 1187 1185 1133
f 1186 1189 1172
f 1189 1190 1176
f 1131 1127 1189
f 1127 1129 1190
f 1194 1191 1193
f 1202 1194 1195
f 1196 1197 1193
f 1195 1193 1198
f 1194 1200 1199
f 1200 1204 1201
f 1202 1203 1200
f 1203 2243 1204
f 1206 1191 1205
f 1205 2261 1207
f 1205 1199 1208
f 2261 1205 1209
f 1192 1191 1210
f 1196 1192 1211
f 1210 1206 1212
f 1211 1210 1213
f 1215 1217 1216
f 1217 1222 1218
f 1239 1219 1215
f 1220 1221 1217
f 5410 1223 1222
f 5410 1222 1225
f 1216 1227 1226
f 1227 1230 1228
f 1227 1216 1229
f 1229 2541 1230
f 1232 1214 1231
f 2593 1232 1233
f 1231 1226 1234
f 1233 1231 1235
f 1215 1214 1236
f 3941 5178 3942
f 3046 4257 3048
f 1237 1236 1241
f 1243 1245 1244
f 1245 833 827
f 905 899 1245
f 899 834 833
f 1247 1242 1246
f 1117 1247 1118
f 1246 1244 830
f 1118 1246 1147
f 1247 1249 1248
f 1249 1188 1181
f 1117 1132 1249
f 1132 1133 1188
f 1243 1242 1250
f 905 1243 906
f 1250 1248 1184
f 906 1250 1251
f 1255 1252 1254
f 892 1255 1256
f 1257 1258 1254
f 1258 894 1256
f 1255 1260 1259
f 1260 1262 1261
f 892 888 1260
f 888 890 1262
f 1264 1252 1263
f 1270 1264 1265
f 1263 1259 1266
f 1265 1263 1267
f 1253 1252 1268
f 1257 1253 1269
f 1268 1264 1271
f 1269 1268 1272
f 1274 1276 1275
f 1276 941 940
f 1276 1274 885
f 885 872 941
f 1278 1273 1277
f 1283 1278 1279
f 1277 1275 954
f 1279 1277 1280
f 1278 1282 1281
f 1282 1266 1261
f 1283 1284 1282
f 1284 1267 1266
f 1274 1273 1285
f 4554 4545 4551
f 1285 1281 1262
f 889 1285 890
f 1289 1286 1288
f 290 1289 291
f 1288 1287 1291
f 291 1288 1292
f 1289 1294 1293
f 1294 881 880
f 290 285 1294
f 285 286 881
f 1296 1286 1295
f 1257 1296 1258
f 1295 1293 893
f 1258 1295 894
f 1296 1297 1287
f 1297 1298 1290
f 1257 1269 1297
f 1269 1272 1298
f 1302 1299 1301
f 1309 1302 1303
f 1301 1300 1305
f 1303 1301 1306
f 1302 1308 1307
f 1308 496 492
f 1309 1310 1308
f 1310 497 496
f 1312 1299 1311
f 575 1312 576
f 1311 1307 1313
f 576 1311 494
f 1312 1314 1300
f 1314 1315 1304
f 575 572 1314
f 572 573 1315
f 1319 1316 1318
f 1325 1319 1320
f 1321 1322 1318
f 1320 1318 398
f 1319 1324 1323
f 1324 1305 1304
f 1325 1326 1324
f 1326 1306 1305
f 1328 1316 1327
f 453 1328 454
f 1327 1323 1315
f 454 1327 573
f 1328 1329 1317
f 1321 1317 1330
f 453 450 1329
f 1330 1329 504
f 1334 1331 1333
f 1339 1334 1335
f 1333 1332 431
f 1335 1333 383
f 1334 1337 1336
f 1337 1341 1338
f 1339 1340 1337
f 1340 1709 1341
f 1343 1331 1342
f 1348 1343 1344
f 1342 1336 1345
f 1344 1342 1346
f 1343 1347 1332
f 1332 1347 430
f 1348 1349 1347
f 1349 434 433
f 1351 1353 1352
f 371 1352 375
f 1353 1351 1355
f 375 1353 1356
f 1358 1350 1357
f 1363 1358 1359
f 1357 1352 372
f 1359 1357 8
f 1358 1361 1360
f 1361 1365 1362
f 1363 1364 1361
f 1364 1376 1365
f 1351 1350 1366
f 1354 1351 1367
f 1366 1360 1368
f 1367 1366 469
f 1370 1372 1371
f 1372 1368 1362
f 472 466 1372
f 466 469 1368
f 1374 1369 1373
f 1380 1374 1375
f 1373 1371 1365
f 1375 1373 1376
f 1374 1378 1377
f 1378 1382 1379
f 1380 1381 1378
f 1381 1392 1382
f 1370 1369 1383
f 472 1370 473
f 1383 1377 1384
f 473 1383 394
f 1386 1388 1387
f 1388 1384 1379
f 396 392 1388
f 392 394 1384
f 1390 1385 1389
f 1395 1390 1391
f 1389 1387 1382
f 1391 1389 1392
f 1390 1394 1393
f 1325 1393 1326
f 1394 1390 1396
f 1326 1394 1306
f 1386 1385 1397
f 396 1386 397
f 1325 1320 1397
f 1320 398 397
f 1399 1401 1400
f 1401 1403 1402
f 1380 1375 1401
f 1375 1376 1403
f 1405 1398 1404
f 1411 1405 1406
f 1404 1400 1407
f 1406 1404 553
f 1405 1409 1408
f 1409 1413 1410
f 1411 1412 1409
f 1412 1422 1413
f 1399 1398 1414
f 1380 1399 1381
f 1414 1408 1415
f 1381 1414 1392
f 1417 1419 1418
f 1419 1415 1410
f 1395 1391 1419
f 1391 1392 1415
f 1421 1416 1420
f 594 1421 595
f 1420 1418 1413
f 595 1420 1422
f 1424 1416 1423
f 1309 1424 1310
f 1423 1421 591
f 1310 1423 497
f 1424 1425 1417
f 1425 1396 1395
f 1309 1303 1425
f 1303 1306 1396
f 1429 1426 1428
f 550 1429 556
f 1428 1427 24
f 556 1428 557
f 1429 1431 1430
f 1431 1407 1402
f 550 1432 1431
f 1432 553 1407
f 1434 1426 1433
f 1363 1434 1364
f 1433 1430 1403
f 1364 1433 1376
f 1434 1435 1427
f 1435 7 6
f 1363 1359 1435
f 1359 8 7
f 1437 1439 1438
f 1439 1441 1440
f 551 544 1439
f 544 547 1441
f 1438 1443 1442
f 1443 583 582
f 1443 1438 1444
f 1444 584 583
f 1446 1436 1445
f 1411 1446 1412
f 1445 1442 596
f 1412 1445 1422
f 1446 1447 1437
f 551 1437 552
f 1411 1406 1447
f 1406 553 552
f 1451 1448 1450
f 1459 1451 1452
f 1450 1449 1454
f 1452 1450 1455
f 1451 1457 1456
f 1457 1461 1458
f 1459 1460 1457
f 1460 1471 1461
f 1463 1448 1462
f 36 1463 37
f 1462 1456 1464
f 37 1462 73
f 1463 1465 1449
f 1465 1466 1453
f 36 29 1465
f 29 32 1466
f 1470 1467 1469
f 408 1470 409
f 1469 1468 1461
f 409 1469 1471
f 1470 1473 1472
f 1473 1475 1474
f 408 403 1473
f 403 404 1475
f 1477 1467 1476
f 77 1477 78
f 1476 1472 1478
f 78 1476 109
f 1477 1479 1468
f 1479 1464 1458
f 77 72 1479
f 72 73 1464
f 1481 1483 1482
f 1483 348 340
f 1483 1481 1475
f 348 1483 404
f 1485 1480 1484
f 1490 1485 1486
f 1484 1482 343
f 1486 1484 1487
f 1485 1489 1488
f 1489 113 108
f 1490 1491 1489
f 1491 114 113
f 1481 1480 1492
f 1492 1478 1474
f 1492 1488 1493
f 1493 109 1478
f 1495 1497 1496
f 1497 1499 1498
f 1490 1486 1497
f 1486 1487 1499
f 1501 1494 1500
f 1507 1501 1502
f 1500 1496 1503
f 1502 1500 1504
f 1501 1506 1505
f 1506 148 143
f 1507 1508 1506
f 1508 149 148
f 1495 1494 1509
f 1490 1495 1491
f 1509 1505 144
f 1491 1509 114
f 1511 1513 1512
f 1513 1515 1514
f 487 480 1513
f 480 483 1515
f 1517 1510 1516
f 180 1517 181
f 1516 1512 1518
f 181 1516 280
f 1517 1520 1519
f 1520 1522 1521
f 180 195 1520
f 195 197 1522
f 1511 1510 1523
f 487 1511 488
f 1523 1519 1524
f 488 1523 565
f 1528 1525 1527
f 1532 1528 1529
f 1527 1526 559
f 1529 1527 20
f 1528 1531 1530
f 1531 227 226
f 1532 1533 1531
f 1533 228 227
f 1535 1525 1534
f 1538 1535 1536
f 1534 1530 243
f 1536 1534 250
f 1535 1537 1526
f 1537 546 545
f 1538 1539 1537
f 1539 547 546
f 1543 1540 1542
f 1538 1543 1539
f 1542 1541 1441
f 1539 1542 547
f 1543 1545 1544
f 1545 249 248
f 1538 1536 1545
f 1536 250 249
f 1547 1540 1546
f 1550 1547 1548
f 1546 1544 263
f 1548 1546 270
f 1541 1540 1549
f 1440 1541 1444
f 1549 1547 1551
f 1444 1549 584
f 1553 1555 1554
f 1555 1551 1550
f 587 581 1555
f 581 584 1551
f 1554 1557 1556
f 1557 269 268
f 1550 1548 1557
f 1548 270 269
f 1556 1559 1558
f 1559 1518 1514
f 1559 1556 279
f 279 280 1518
f 1553 1552 1560
f 587 1553 588
f 1560 1558 1515
f 588 1560 483
f 1564 1561 1563
f 1569 1564 1565
f 1563 1562 1502
f 1565 1563 1504
f 1564 1567 1566
f 1567 1571 1568
f 1569 1570 1567
f 1570 1580 1571
f 1573 1561 1572
f 605 1573 606
f 1572 1566 1574
f 606 1572 637
f 1573 1575 1562
f 1507 1562 1508
f 605 601 1575
f 1508 1575 149
f 1579 1576 1578
f 512 1579 513
f 1578 1577 1571
f 513 1578 1580
f 1579 1582 1581
f 1582 1584 1583
f 512 507 1582
f 507 508 1584
f 1586 1576 1585
f 641 1586 642
f 1585 1581 1587
f 642 1585 1588
f 1586 1589 1577
f 1589 1574 1568
f 641 636 1589
f 636 637 1574
f 1591 1593 1592
f 439 1592 446
f 1593 1591 1584
f 446 1593 508
f 1595 1590 1594
f 1599 1595 1596
f 1594 1592 442
f 1596 1594 569
f 1595 1598 1597
f 1598 676 671
f 1599 1600 1598
f 1600 677 676
f 1591 1590 1601
f 1583 1591 1587
f 1601 1597 672
f 1587 1601 1588
f 1603 1605 1604
f 1605 568 564
f 1599 1596 1605
f 1596 569 568
f 1607 1602 1606
f 1521 1607 1524
f 1606 1604 1608
f 1608 565 1524
f 1607 1610 1609
f 1610 711 707
f 1521 1522 1610
f 1522 197 711
f 1603 1602 1611
f 1599 1603 1600
f 1611 1609 708
f 1600 1611 677
f 1615 1612 1614
f 18 1615 19
f 1532 1529 1614
f 1529 20 19
f 1615 1617 1616
f 1617 1619 1618
f 18 11 1617
f 11 14 1619
f 1621 1612 1620
f 865 1621 866
f 1620 1616 1622
f 866 1620 921
f 1621 1623 1613
f 1532 1613 1533
f 865 861 1623
f 1533 1623 228
f 1627 1624 1626
f 362 1627 368
f 1626 1625 1619
f 368 1626 14
f 1627 1629 1628
f 1629 529 522
f 1629 1627 365
f 529 1629 1630
f 1632 1624 1631
f 925 1632 926
f 1631 1628 525
f 926 1631 972
f 1632 1633 1625
f 1633 1622 1618
f 925 920 1633
f 920 921 1622
f 1635 1637 1636
f 1637 1641 1638
f 1639 1640 1637
f 1640 1733 1641
f 1636 1643 1642
f 1643 1646 1644
f 1643 1636 1645
f 1645 1455 1646
f 1648 1634 1647
f 1653 1648 1649
f 1647 1642 1650
f 1649 1647 535
f 1635 1634 1651
f 1639 1635 1652
f 1653 1654 1651
f 1652 1651 1655
f 1657 1659 1658
f 1659 1033 1028
f 1659 1657 1466
f 1033 1659 32
f 1661 1656 1660
f 538 1661 539
f 1660 1658 1030
f 539 1660 976
f 1661 1663 1662
f 1663 1650 1644
f 538 533 1663
f 533 535 1650
f 1657 1656 1664
f 1664 1454 1453
f 1664 1662 1646
f 1646 1455 1454
f 1668 1665 1667
f 467 1668 468
f 1667 1666 1367
f 1367 469 468
f 1668 1670 1669
f 1670 1672 1671
f 467 460 1670
f 460 463 1672
f 1674 1665 1673
f 1678 1674 1675
f 1673 1669 1676
f 1675 1673 1655
f 1674 1677 1666
f 1677 1355 1354
f 1678 1679 1677
f 1679 1356 1355
f 1683 1680 1682
f 1688 1683 1684
f 1682 1681 413
f 1684 1682 1685
f 1683 1687 1686
f 1687 462 461
f 1688 1689 1687
f 1689 463 462
f 1686 1691 1690
f 1691 426 422
f 461 475 1691
f 475 427 426
f 1681 1680 1692
f 416 1681 417
f 1692 1690 423
f 417 1692 353
f 1694 1696 1695
f 1696 1503 1498
f 1697 1698 1696
f 1698 1504 1503
f 1700 1693 1699
f 341 1700 342
f 1699 1695 1499
f 342 1699 1487
f 1702 1693 1701
f 1348 1702 1349
f 1701 1700 357
f 1349 1701 434
f 1694 1693 1703
f 1697 1694 1704
f 1348 1344 1703
f 1704 1703 1346
f 1708 1705 1707
f 515 1708 516
f 1707 1706 1341
f 516 1707 1709
f 1711 1705 1710
f 1569 1711 1570
f 1710 1708 511
f 1570 1710 1580
f 1711 1713 1712
f 1697 1712 1698
f 1569 1565 1713
f 1565 1504 1698
f 1712 1714 1706
f 1714 1345 1338
f 1712 1697 1714
f 1704 1346 1345
f 1718 1715 1717
f 363 1718 364
f 1717 1716 530
f 364 1717 1630
f 1718 1720 1719
f 1678 1719 1679
f 363 374 1720
f 1679 1720 1356
f 1722 1715 1721
f 1653 1722 1654
f 1678 1675 1721
f 1675 1655 1654
f 1722 1723 1716
f 1723 534 528
f 1653 1649 1723
f 1649 535 534
f 1727 1724 1726
f 1459 1727 1460
f 1726 1725 410
f 1460 1726 1471
f 1727 1729 1728
f 1729 1645 1638
f 1459 1452 1729
f 1452 1455 1645
f 1731 1724 1730
f 1730 1755 1732
f 1730 1728 1641
f 1755 1730 1733
f 1731 1734 1725
f 1734 414 407
f 1734 1731 1735
f 414 1734 1685
f 1737 1739 1738
f 1739 382 381
f 1339 1335 1739
f 1335 383 382
f 1741 1736 1740
f 1321 1741 1322
f 1740 1738 1742
f 1322 1740 398
f 1741 1744 1743
f 1744 503 502
f 1321 1330 1744
f 1330 504 503
f 1737 1736 1745
f 1339 1737 1340
f 1745 1743 517
f 1340 1745 1709
f 1747 1749 1748
f 1749 1676 1671
f 1639 1652 1749
f 1652 1655 1676
f 1751 1746 1750
f 1688 1751 1689
f 1750 1748 1672
f 1689 1750 463
f 1751 1753 1752
f 1753 1735 1732
f 1688 1684 1753
f 1684 1685 1735
f 1747 1746 1754
f 1639 1747 1640
f 1754 1752 1755
f 1640 1754 1733
f 1759 1756 1758
f 1767 1759 1760
f 1758 1757 1762
f 1760 1758 1763
f 1759 1765 1764
f 1765 1769 1766
f 1767 1768 1765
f 1768 1783 1769
f 1771 1756 1770
f 1775 1771 1772
f 1770 1764 1773
f 1772 1770 1023
f 1771 1774 1757
f 1774 1777 1761
f 1775 1776 1774
f 1776 1800 1777
f 1781 1778 1780
f 1786 1781 1782
f 1780 1779 1769
f 1782 1780 1783
f 1781 1785 1784
f 1785 1088 1082
f 1786 1787 1785
f 1787 1089 1088
f 1784 1789 1788
f 1789 1791 1790
f 1789 1784 1085
f 1085 1844 1791
f 1779 1778 1792
f 1792 1773 1766
f 1792 1788 1793
f 1773 1792 1023
f 1797 1794 1796
f 1775 1797 1776
f 1796 1795 1799
f 1776 1796 1800
f 1797 1802 1801
f 1802 1022 1016
f 1775 1772 1802
f 1772 1023 1022
f 1804 1794 1803
f 1808 1804 1805
f 1803 1801 1019
f 1805 1803 1806
f 1804 1807 1795
f 1807 1810 1798
f 1808 1809 1807
f 1809 5481 1810
f 1814 1811 1813
f 1821 1814 1815
f 1813 1812 1817
f 1815 1813 1818
f 1814 1820 1819
f 1820 1155 1154
f 1821 1822 1820
f 1822 1156 1155
f 1824 1811 1823
f 1828 1824 1825
f 1823 1819 1170
f 1825 1823 1826
f 1824 1827 1812
f 1827 1830 1816
f 1828 1829 1827
f 1829 2329 1830
f 1832 1834 1833
f 1834 1836 1835
f 1083 1076 1834
f 1076 1079 1836
f 1838 1831 1837
f 1006 1838 1007
f 1837 1833 1839
f 1007 1837 1840
f 1838 1842 1841
f 1842 1793 1790
f 1006 1021 1842
f 1021 1023 1793
f 1832 1831 1843
f 1083 1832 1084
f 1843 1841 1791
f 1084 1843 1844
f 1846 1848 1847
f 1848 1850 1849
f 1017 1011 1848
f 1011 1013 1850
f 1852 1845 1851
f 1858 1852 1853
f 1851 1847 1854
f 1853 1851 1855
f 1852 1857 1856
f 1857 1809 1808
f 1858 1859 1857
f 1859 5481 1809
f 1846 1845 1860
f 1017 1846 1018
f 1860 1856 1805
f 1018 1860 1806
f 1864 1861 1863
f 1876 1864 1865
f 1866 1872 1863
f 3939 3937 3940
f 1869 1871 1863
f 1864 1874 1873
f 1874 1878 1875
f 1876 1877 1874
f 1877 1973 1878
f 1880 1861 1879
f 1886 1880 1881
f 1879 1873 1882
f 1881 1879 1883
f 1880 1884 1862
f 1866 1862 1885
f 1886 1887 1884
f 1885 1884 1888
f 1890 1892 1891
f 1892 2660 1893
f 1892 1890 1895
f 2660 1892 1896
f 1898 1889 1897
f 1905 1898 1899
f 1897 1891 1900
f 1899 1897 1901
f 1898 1903 1902
f 1903 1907 1904
f 1905 1906 1903
f 1906 1967 1907
f 1890 1889 1908
f 1908 1910 1894
f 1908 1902 1909
f 1909 1926 1910
f 1914 1911 1913
f 1921 1914 1915
f 1913 1912 1917
f 1915 1913 1918
f 1914 1920 1919
f 1920 1895 1894
f 1921 1922 1920
f 1922 1896 1895
f 1924 1911 1923
f 1928 1924 1925
f 1923 1919 1910
f 1925 1923 1926
f 1924 1927 1912
f 1927 1930 1916
f 1928 1929 1927
f 1929 1946 1930
f 1934 1931 1933
f 1941 1934 1935
f 1933 1932 1937
f 1935 1933 1938
f 1934 1940 1939
f 1940 1917 1916
f 1941 1942 1940
f 1942 1918 1917
f 1944 1931 1943
f 1949 1944 1945
f 1943 1939 1930
f 1945 1943 1946
f 1944 1947 1932
f 1932 1947 1936
f 1944 1949 1947
f 1947 1950 1948
f 1953 1955 1954
f 1955 1957 1956
f 1905 1899 1955
f 1899 1901 1957
f 1959 1952 1958
f 1866 1959 1872
f 1958 1954 1960
f 1872 1958 1870
f 1959 1962 1961
f 1962 1964 1963
f 1866 1885 1962
f 1885 1888 1964
f 1953 1952 1965
f 1905 1953 1906
f 1965 1961 1966
f 1906 1965 1967
f 1971 1968 1970
f 1977 1971 1972
f 1970 1969 1878
f 1972 1970 1973
f 1971 1975 1974
f 1983 1974 1976
f 1977 1978 1975
f 1976 1975 1979
f 1981 1968 1980
f 1987 1981 1982
f 1980 1974 1984
f 1982 1980 1985
f 1981 1986 1969
f 1969 1986 1875
f 1987 1988 1986
f 1986 1988 1882
f 1990 1992 1991
f 1992 1996 1993
f 1994 1995 1992
f 1995 2072 1996
f 1998 1989 1997
f 2003 1998 1999
f 1997 1991 2000
f 2000 2081 1999
f 1998 2002 2001
f 2002 1012 1005
f 2003 2004 2002
f 2004 1013 1012
f 1990 1989 2005
f 1994 1990 2006
f 2005 2001 1008
f 2006 2005 1840
f 2010 2007 2009
f 2018 2010 2011
f 2009 2008 2013
f 2011 2009 2014
f 2016 2007 2015
f 2023 2016 2017
f 2015 2010 2019
f 2017 2015 2020
f 2016 2022 2021
f 2022 1078 1077
f 2023 2024 2022
f 2024 1079 1078
f 2021 2025 2008
f 2025 2026 2012
f 1077 1070 2025
f 1070 1073 2026
f 2030 2027 2029
f 2038 2030 2031
f 2029 2028 2033
f 2031 2029 2034
f 2030 2036 2035
f 2036 2040 2037
f 2038 2039 2036
f 2039 2014 2040
f 2042 2027 2041
f 3885 4714 3886
f 2041 2035 2043
f 2343 2345 2344
f 2042 2045 2028
f 2045 2046 2032
f 1151 1153 2045
f 1153 1156 2046
f 2050 2047 2049
f 2057 2050 2051
f 2049 2048 2053
f 2051 2049 2054
f 2050 2056 2055
f 2056 2033 2032
f 2057 2058 2056
f 2058 2034 2033
f 2060 2047 2059
f 1821 2060 1822
f 2059 2055 2046
f 1822 2059 1156
f 2060 2061 2048
f 2061 2062 2052
f 1821 1815 2061
f 1815 1818 2062
f 2064 2066 2065
f 2066 2068 2067
f 2023 2017 2066
f 2017 2020 2068
f 2070 2063 2069
f 1994 2070 1995
f 2069 2065 2071
f 1995 2069 2072
f 2070 2074 2073
f 2074 1839 1835
f 1994 2006 2074
f 2006 1840 1839
f 2064 2063 2075
f 2023 2064 2024
f 2075 2073 1836
f 2024 2075 1079
f 2077 2079 2078
f 2085 2078 2080
f 2003 1999 2079
f 2080 2079 2081
f 2083 2076 2082
f 2090 2083 2084
f 2085 2086 2082
f 2084 2082 2087
f 2083 2089 2088
f 2089 1854 1849
f 2090 2091 2089
f 2091 1855 1854
f 2077 2076 2092
f 2003 2077 2004
f 2092 2088 1850
f 2004 2092 1013
f 2094 2096 2095
f 2103 2095 2097
f 2098 2099 2096
f 2099 2172 2097
f 2095 2101 2100
f 2101 2105 2102
f 2103 2104 2101
f 2104 2181 2105
f 2107 2093 2106
f 1993 2107 2000
f 2106 2100 2108
f 2000 2106 2081
f 2094 2093 2109
f 2098 2094 2110
f 2109 2107 1996
f 2110 2109 2072
f 2114 2111 2113
f 2122 2114 2115
f 2113 2112 2117
f 2115 2113 2118
f 2114 2120 2119
f 2127 2119 2121
f 2122 2123 2120
f 2121 2120 2124
f 2126 2111 2125
f 2125 2019 2018
f 2127 2128 2125
f 2128 2020 2019
f 2126 2129 2112
f 2129 2130 2116
f 2018 2011 2129
f 2011 2014 2130
f 2134 2131 2133
f 2141 2134 2135
f 2133 2132 2137
f 2135 2133 2138
f 2134 2140 2139
f 2140 2117 2116
f 2141 2142 2140
f 2142 2118 2117
f 2144 2131 2143
f 2038 2144 2039
f 2143 2139 2130
f 2039 2143 2014
f 2144 2145 2132
f 2145 2146 2136
f 2038 2031 2145
f 2031 2034 2146
f 2150 2147 2149
f 2157 2150 2151
f 2149 2148 2153
f 2151 2149 2154
f 2150 2156 2155
f 2156 2137 2136
f 2157 2158 2156
f 2158 2138 2137
f 2160 2147 2159
f 2057 2160 2058
f 2159 2155 2146
f 2058 2159 2034
f 2160 2161 2148
f 2161 2162 2152
f 2057 2051 2161
f 2051 2054 2162
f 2164 2166 2165
f 2166 2168 2167
f 2127 2121 2166
f 2121 2124 2168
f 2170 2163 2169
f 2098 2170 2099
f 2169 2165 2171
f 2099 2169 2172
f 2170 2174 2173
f 2174 2071 2067
f 2098 2110 2174
f 2110 2072 2071
f 2164 2163 2175
f 2127 2164 2128
f 2175 2173 2068
f 2128 2175 2020
f 2179 2176 2178
f 2185 2179 2180
f 2178 2177 2105
f 2180 2178 2181
f 2179 2183 2182
f 2183 2187 2184
f 2185 2186 2183
f 2186 2793 2187
f 2189 2176 2188
f 2085 2189 2086
f 2188 2182 2190
f 2086 2188 2087
f 2189 2191 2177
f 2191 2108 2102
f 2085 2080 2191
f 2080 2081 2108
f 2195 2192 2194
f 1182 2195 1183
f 2194 2193 2197
f 1183 2194 1251
f 2195 2199 2198
f 2199 2201 2200
f 1182 1175 2199
f 1175 1178 2201
f 2203 2192 2202
f 2208 2203 2204
f 2202 2198 2205
f 2204 2202 2206
f 2203 2207 2193
f 2207 2210 2196
f 2208 2209 2207
f 2209 2243 2210
f 2212 2214 2213
f 2214 2218 2215
f 2216 2217 2214
f 2217 5482 2218
f 2220 2211 2219
f 1196 2220 1197
f 2219 2213 2221
f 2221 1198 1197
f 2220 2223 2222
f 2223 2225 2224
f 1196 1211 2223
f 1211 1213 2225
f 2212 2211 2226
f 2216 2212 2227
f 2226 2222 2228
f 2227 2226 2229
f 2233 2230 2232
f 2239 2233 2234
f 2232 2231 2236
f 2236 2283 2234
f 2233 2238 2237
f 2238 2197 2196
f 2239 2240 2238
f 2240 1251 2197
f 2242 2230 2241
f 1202 2242 1203
f 2241 2237 2210
f 1203 2241 2243
f 2242 2244 2231
f 2244 2245 2235
f 1202 1195 2244
f 1195 1198 2245
f 2247 2249 2248
f 2249 2253 2250
f 2251 2252 2249
f 2252 2273 2253
f 2248 2255 2254
f 2255 2228 2224
f 2250 2256 2255
f 2256 2229 2228
f 2258 2246 2257
f 1207 2258 1212
f 2257 2254 2225
f 1212 2257 1213
f 2247 2246 2259
f 2251 2247 2260
f 2259 2258 2261
f 2260 2259 1209
f 2265 2262 2264
f 2208 2265 2209
f 2264 2263 1204
f 2209 2264 2243
f 2265 2267 2266
f 2267 2269 2268
f 2208 2204 2267
f 2204 2206 2269
f 2271 2262 2270
f 2251 2271 2252
f 2270 2266 2272
f 2252 2270 2273
f 2271 2274 2263
f 2274 1208 1201
f 2251 2260 2274
f 2260 1209 1208
f 2276 2278 2277
f 2278 1110 1104
f 2279 2280 2278
f 2280 1111 1110
f 3936 5469 3930
f 2282 2236 2235
f 2282 2277 1107
f 2236 2282 2283
f 2285 2275 2284
f 2215 2285 2221
f 2284 2281 2245
f 2221 2284 1198
f 2285 2286 2276
f 2286 2287 2279
f 2215 2218 2286
f 2218 5482 2287
f 2289 2291 2290
f 2291 1165 1159
f 2292 2293 2291
f 2293 1166 1165
f 2295 2288 2294
f 2300 2295 2296
f 2294 2290 1161
f 2296 2294 2044
f 2295 2298 2297
f 2298 2302 2299
f 2300 2301 2298
f 2301 2431 2302
f 2289 2288 2303
f 2292 2289 2304
f 2303 2297 2305
f 2304 2303 2306
f 2310 2307 2309
f 1168 2310 1169
f 2309 2308 2312
f 1169 2309 1826
f 2310 2314 2313
f 2314 2293 2292
f 1168 1164 2314
f 1164 1166 2293
f 2313 2316 2315
f 2316 2318 2317
f 2292 2304 2316
f 2304 2306 2318
f 2308 2307 2319
f 2311 2308 2320
f 2319 2315 2321
f 2320 2319 2322
f 2326 2323 2325
f 1828 2326 1829
f 2325 2324 2328
f 1829 2325 2329
f 2326 2331 2330
f 2331 2312 2311
f 1828 1825 2331
f 1825 1826 2312
f 2330 2333 2332
f 2333 2335 2334
f 2311 2320 2333
f 2320 2322 2335
f 2324 2323 2336
f 2327 2324 2337
f 2336 2332 2338
f 2337 2336 2339
f 2341 2343 2342
f 4977 4978 4976
f 2343 2341 2040
f 2040 2014 2345
f 5471 5472 5221
f 2353 2346 2348
f 4974 4985 4986
f 2348 2347 2350
f 2346 2352 2351
f 2352 2301 2300
f 2353 2354 2352
f 2354 2431 2301
f 2351 2355 2341
f 5060 4987 4983
f 2300 2296 2355
f 2296 2044 2043
f 2359 2356 2358
f 1767 2359 1768
f 2358 2357 2361
f 1768 2358 1783
f 2359 2363 2362
f 2363 2365 2364
f 1767 1760 2363
f 1760 1763 2365
f 2367 2356 2366
f 2372 2367 2368
f 2366 2362 2369
f 2368 2366 2370
f 2367 2371 2357
f 2371 2374 2360
f 2372 2373 2371
f 2373 2404 2374
f 2378 2375 2377
f 1071 2378 1072
f 2379 2380 2377
f 2380 1073 1072
f 2378 2382 2381
f 2382 2384 2383
f 1071 1087 2382
f 1087 1089 2384
f 2386 2375 2385
f 2392 2386 2387
f 2385 2381 2388
f 2387 2385 2389
f 2386 2390 2376
f 2379 2376 2391
f 2392 2393 2390
f 2391 2390 2394
f 2398 2395 2397
f 1786 2398 1787
f 2397 2396 2384
f 1787 2397 1089
f 2398 2400 2399
f 2400 2361 2360
f 1786 1782 2400
f 1782 1783 2361
f 2402 2395 2401
f 2406 2402 2403
f 2401 2399 2374
f 2403 2401 2404
f 2402 2405 2396
f 2405 2388 2383
f 2406 2407 2405
f 2407 2389 2388
f 2411 2408 2410
f 2344 2411 2349
f 2410 2409 2413
f 2349 2410 2350
f 2411 2415 2414
f 2415 2013 2012
f 2344 2345 2415
f 2345 2014 2013
f 2417 2408 2416
f 2379 2417 2380
f 2416 2414 2026
f 2380 2416 1073
f 2408 2417 2409
f 2418 2419 2412
f 2379 2391 2418
f 2391 2394 2419
f 5049 5051 5050
f 2423 2427 2424
f 5051 5055 5052
f 5054 5069 5055
f 5265 5262 5443
f 2353 2428 2354
f 2429 2422 2430
f 2354 2429 2431
f 2342 2344 2349
f 2433 2413 2412
f 5048 5059 5061
f 5040 4988 4987
f 2421 2420 2434
f 2425 2421 2435
f 2434 2432 2419
f 2435 2434 2394
f 2439 2436 2438
f 2425 2439 2426
f 2438 2437 2441
f 2426 2438 2442
f 2444 2436 2443
f 2392 2444 2393
f 2425 2435 2443
f 2435 2394 2393
f 2444 2446 2445
f 2446 2448 2447
f 2392 2387 2446
f 2387 2389 2448
f 2437 2436 2449
f 2449 2451 2440
f 2449 2445 2450
f 2450 2461 2451
f 2455 2452 2454
f 2424 2455 2430
f 2454 2453 2302
f 2430 2454 2431
f 2455 2457 2456
f 2457 2441 2440
f 2424 2427 2457
f 5093 5068 5069
f 2459 2452 2458
f 2463 2459 2460
f 2458 2456 2451
f 2460 2458 2461
f 2459 2462 2453
f 2462 2305 2299
f 2463 2464 2462
f 2464 2306 2305
f 2466 2468 2467
f 2468 2450 2447
f 2469 2470 2468
f 2470 2461 2450
f 2472 2465 2471
f 2406 2472 2407
f 2471 2467 2448
f 2407 2471 2389
f 2472 2474 2473
f 2474 2476 2475
f 2406 2403 2474
f 2403 2404 2476
f 2466 2465 2477
f 2469 2466 2478
f 2477 2473 2479
f 2478 2477 2480
f 2482 2484 2483
f 2484 2486 2485
f 2372 2368 2484
f 2368 2370 2486
f 2488 2481 2487
f 2494 2488 2489
f 2487 2483 2490
f 2489 2487 2491
f 2488 2493 2492
f 2493 2479 2475
f 2494 2495 2493
f 2495 2480 2479
f 2482 2481 2496
f 2372 2482 2373
f 2496 2492 2476
f 2373 2496 2404
f 2500 2497 2499
f 2504 2500 2501
f 2499 2498 2489
f 2501 2499 2491
f 2500 2503 2502
f 2503 2338 2334
f 2504 2505 2503
f 2505 2339 2338
f 2507 2497 2506
f 2510 2507 2508
f 2506 2502 2335
f 2508 2506 2322
f 2507 2509 2498
f 2509 2495 2494
f 2510 2511 2509
f 2511 2480 2495
f 2515 2512 2514
f 2463 2515 2464
f 2514 2513 2318
f 2464 2514 2306
f 2515 2517 2516
f 2517 2470 2469
f 2463 2460 2517
f 2460 2461 2470
f 2519 2512 2518
f 2510 2519 2511
f 2518 2516 2478
f 2511 2518 2480
f 2519 2520 2513
f 2520 2321 2317
f 2510 2508 2520
f 2508 2322 2321
f 2522 2524 2523
f 2524 2240 2239
f 910 904 2524
f 904 1251 2240
f 2526 2521 2525
f 2525 2528 2527
f 2525 2523 2234
f 2234 2283 2528
f 2526 2530 2529
f 2530 2532 2531
f 2527 2588 2530
f 2457 2427 2442
f 2522 2521 2534
f 910 2522 2535
f 2534 2529 2536
f 2535 2534 911
f 2540 2537 2539
f 818 2540 819
f 2539 2538 1230
f 819 2539 2541
f 2540 2543 2542
f 2543 901 900
f 818 832 2543
f 832 834 901
f 2545 2537 2544
f 2549 2545 2546
f 2544 2542 915
f 2546 2544 2547
f 2545 2548 2538
f 2548 1234 1228
f 2549 2550 2548
f 2550 1235 1234
f 2558 2562 2556
f 2560 1237 2562
f 2566 2563 2565
f 1105 2566 1106
f 2565 2564 2528
f 1106 2565 2283
f 2566 2568 2567
f 1105 1100 2568
f 1100 2552 2573
f 2575 2577 2576
f 2582 2576 2580
f 2579 2576 2583
f 2576 2586 2564
f 2586 2588 2527
f 2584 2587 2586
f 2587 2533 2588
f 2592 2589 2591
f 2549 2592 2550
f 2591 2590 1233
f 2550 2591 1235
f 2592 2595 2594
f 2595 2597 2596
f 2549 2546 2595
f 2546 2547 2597
f 2594 2603 2598
f 2601 2598 2600
f 2603 2605 2599
f 2603 2594 2604
f 2604 2607 2605
f 2590 2589 2609
f 2593 2590 1240
f 2598 2602 2610
f 1240 2609 1241
f 2614 2611 2613
f 913 2614 914
f 2613 2612 2597
f 914 2613 2547
f 2614 2616 2615
f 2616 2536 2531
f 913 909 2616
f 909 911 2536
f 2618 2611 2617
f 2584 2618 2587
f 2617 2615 2532
f 2587 2617 2533
f 2618 2619 2612
f 2619 2604 2596
f 2584 2582 2619
f 2585 2620 2582
f 2992 2994 2995
f 2625 2629 2626
f 2554 2552 2628
f 2629 2631 2627
f 2632 2636 2624
f 2634 2635 2632
f 2639 2637 1877
f 3651 3654 3656
f 2632 2622 2640
f 1877 2632 1973
f 2643 1865 2642
f 5417 1870 2645
f 2647 2649 2648
f 2649 960 959
f 2649 2647 2651
f 2651 961 960
f 2653 2646 2652
f 2657 2653 2654
f 2652 2648 967
f 2654 2652 2541
f 2653 2656 2655
f 2656 1900 1893
f 2657 2658 2656
f 2658 1901 1900
f 2647 2646 2659
f 2659 2661 2650
f 2659 2655 2660
f 2660 1896 2661
f 2665 2662 2664
f 788 2665 792
f 2664 2663 2667
f 792 2664 793
f 2665 2669 2668
f 2669 2651 2650
f 788 790 2669
f 790 961 2651
f 2671 2662 2670
f 1921 2671 1922
f 2670 2668 2661
f 1922 2670 1896
f 2671 2672 2663
f 2672 2673 2666
f 1921 1915 2672
f 1915 1918 2673
f 2677 2674 2676
f 2676 773 767
f 2676 2675 2679
f 2679 774 773
f 2677 2681 2680
f 2681 2667 2666
f 2681 2677 770
f 770 793 2667
f 2683 2674 2682
f 1941 2683 1942
f 2682 2680 2673
f 1942 2682 1918
f 2683 2684 2675
f 2675 2684 2678
f 1941 1935 2684
f 1935 1938 2685
f 2687 2689 2688
f 2689 1229 1218
f 2657 2654 2689
f 2654 2541 1229
f 2691 2686 2690
f 2699 2691 2692
f 2690 2688 1222
f 2694 2690 2695
f 2691 2697 2696
f 2697 1960 1956
f 2697 2691 2699
f 2703 2704 2697
f 1960 2697 2704
f 2687 2686 2705
f 2657 2687 2658
f 2705 2696 1957
f 2658 2705 1901
f 2707 2709 2708
f 2709 1101 1094
f 2709 2707 2629
f 2629 2552 1101
f 2711 2706 2710
f 2716 2711 2712
f 2710 2708 1097
f 2712 2710 2713
f 2711 2715 2714
f 2715 1978 1977
f 2716 2717 2715
f 2717 1979 1978
f 2707 2706 2718
f 2718 2640 2626
f 1977 1972 2718
f 1972 1973 2640
f 2722 2719 2721
f 1886 2722 1887
f 2723 2724 2721
f 2724 1888 1887
f 2722 2726 2725
f 2726 2728 2727
f 1886 1881 2726
f 1881 1883 2728
f 2730 2719 2729
f 2103 2730 2104
f 2729 2725 2731
f 2104 2729 2181
f 2730 2732 2720
f 2723 2720 2733
f 2103 2097 2732
f 2733 2732 2172
f 2737 2734 2736
f 1904 2737 1909
f 2736 2735 2739
f 1909 2736 1926
f 2741 2734 2740
f 2745 2741 2742
f 2740 2737 1907
f 2742 2740 1967
f 2744 2734 2743
f 2122 2744 2123
f 2745 2746 2743
f 2746 2124 2123
f 2744 2747 2735
f 2747 2748 2738
f 2122 2115 2747
f 2115 2118 2748
f 2752 2749 2751
f 1928 2752 1929
f 2751 2750 2754
f 1929 2751 1946
f 2752 2756 2755
f 2756 2739 2738
f 1928 1925 2756
f 1925 1926 2739
f 2758 2749 2757
f 2141 2758 2142
f 2757 2755 2748
f 2142 2757 2118
f 2758 2759 2750
f 2750 2759 2753
f 2141 2135 2759
f 2135 2138 2760
f 2764 2761 2763
f 1949 2764 1950
f 2763 2762 2766
f 1950 2763 1951
f 2761 2764 2768
f 2767 2754 2753
f 1949 1945 2767
f 1945 1946 2754
f 2770 2761 2769
f 2157 2770 2158
f 2769 2768 2760
f 2158 2769 2138
f 2770 2771 2762
f 2771 2772 2765
f 2157 2151 2771
f 2151 2154 2772
f 2774 2776 2775
f 2776 1966 1963
f 2745 2742 2776
f 2742 1967 1966
f 2778 2773 2777
f 2723 2778 2724
f 2777 2775 1964
f 2724 2777 1888
f 2778 2780 2779
f 2780 2171 2167
f 2778 2723 2780
f 2733 2172 2171
f 2774 2773 2781
f 2745 2774 2746
f 2781 2779 2168
f 2746 2781 2124
f 2785 2782 2784
f 1987 2785 1988
f 2784 2783 2728
f 1988 2784 1883
f 2782 2785 2787
f 2786 2789 2788
f 1987 1982 2786
f 2786 1982 2789
f 2791 2782 2790
f 2185 2791 2186
f 2790 2787 2792
f 2186 2790 2793
f 2782 2791 2783
f 2794 2731 2727
f 2185 2180 2794
f 2180 2181 2731
f 2798 2795 2797
f 2806 2798 2799
f 2797 2796 2801
f 2799 2797 2802
f 2798 2804 2803
f 2804 2808 2805
f 2806 2807 2804
f 2807 3320 2808
f 2810 2795 2809
f 2809 4313 2811
f 2809 2803 2812
f 4313 2809 2813
f 2796 2795 2814
f 2800 2796 2815
f 2814 2810 2816
f 2815 2814 2817
f 2821 2818 2820
f 2829 2821 2822
f 2820 2819 2824
f 2822 2820 2825
f 2821 2827 2826
f 2827 2831 2828
f 2829 2830 2827
f 2830 2846 2831
f 2833 2818 2832
f 2838 2833 2834
f 2832 2826 2835
f 2834 2832 2836
f 2833 2837 2819
f 2837 2840 2823
f 2838 2839 2837
f 2839 2863 2840
f 2844 2841 2843
f 2849 2844 2845
f 2843 2842 2831
f 2845 2843 2846
f 2844 2848 2847
f 2848 66 65
f 2849 2850 2848
f 2850 1049 66
f 2852 2841 2851
f 2855 2852 2853
f 2851 2847 61
f 2853 2851 63
f 2852 2854 2842
f 2854 2835 2828
f 2855 2856 2854
f 2856 2836 2835
f 2860 2857 2859
f 2838 2860 2839
f 2859 2858 2862
f 2839 2859 2863
f 2860 2865 2864
f 2865 2867 2866
f 2838 2834 2865
f 2834 2836 2867
f 2869 2857 2868
f 2874 2869 2870
f 2868 2864 2871
f 2870 2868 2872
f 2869 2873 2858
f 2873 2876 2861
f 2874 2875 2873
f 2875 2895 2876
f 2880 2877 2879
f 2855 2880 2856
f 2879 2878 2867
f 2856 2879 2836
f 2880 2882 2881
f 2882 103 102
f 2855 2853 2882
f 2853 63 103
f 2884 2877 2883
f 2887 2884 2885
f 2883 2881 98
f 2885 2883 100
f 2884 2886 2878
f 2886 2871 2866
f 2887 2888 2886
f 2886 2888 2871
f 2890 2892 2891
f 2874 2891 2875
f 2893 2894 2892
f 2875 2892 2895
f 2897 2889 2896
f 2902 2897 2898
f 2874 2870 2896
f 2870 2872 2898
f 2897 2900 2899
f 2900 2904 2901
f 2902 2903 2900
f 2903 2921 2904
f 2890 2889 2905
f 2893 2890 2906
f 2905 2899 2907
f 2906 2905 2908
f 2910 2912 2911
f 2887 2911 2888
f 2902 2898 2912
f 2888 2912 2872
f 2914 2909 2913
f 133 2914 138
f 2887 2885 2913
f 2885 100 138
f 2914 2916 2915
f 2916 2918 2917
f 133 136 2916
f 136 174 2918
f 2910 2909 2919
f 2902 2910 2903
f 2919 2915 2920
f 2903 2919 2921
f 2923 2925 2924
f 2925 2907 2901
f 2926 2927 2925
f 2927 2908 2907
f 2929 2922 2928
f 2934 2929 2930
f 2928 2924 2904
f 2930 2928 2921
f 2929 2932 2931
f 2932 2936 2933
f 2934 2935 2932
f 2935 2953 2936
f 2923 2922 2937
f 2926 2923 2938
f 2937 2931 2939
f 2938 2937 2940
f 2942 2944 2943
f 2944 2920 2917
f 2934 2930 2944
f 2930 2921 2920
f 2946 2941 2945
f 168 2946 173
f 2945 2943 2918
f 173 2945 174
f 2946 2948 2947
f 2948 2950 2949
f 168 171 2948
f 171 631 2950
f 2942 2941 2951
f 2934 2942 2935
f 2951 2947 2952
f 2935 2951 2953
f 2955 2957 2956
f 2957 2961 2958
f 2959 2960 2957
f 2960 3048 2961
f 2963 2954 2962
f 2970 2963 2964
f 2962 2956 2965
f 2964 2962 2966
f 2963 2968 2967
f 2968 2972 2969
f 2970 2971 2968
f 2971 2995 2972
f 2955 2954 2973
f 2959 2955 2974
f 2973 2967 2975
f 2974 2973 2976
f 2978 2980 2979
f 2980 204 203
f 2981 2982 2980
f 204 2980 205
f 2984 2977 2983
f 2989 2984 2985
f 2983 2979 218
f 2985 2983 220
f 2984 2987 2986
f 2987 2991 2988
f 2989 2990 2987
f 2990 3517 2991
f 2978 2977 2992
f 2981 2978 2993
f 2992 2986 2994
f 206 209 210
f 2999 2996 2998
f 3007 2999 3000
f 2998 2997 3002
f 3000 2998 3003
f 2999 3005 3004
f 3005 3009 3006
f 3007 3008 3005
f 3008 3024 3009
f 3011 2996 3010
f 3016 3011 3012
f 3010 3004 3013
f 3012 3010 3014
f 3011 3015 2997
f 3015 3018 3001
f 3016 3017 3015
f 3017 3061 3018
f 3022 3019 3021
f 3028 3022 3023
f 3021 3020 3009
f 3023 3021 3024
f 3022 3026 3025
f 3026 3030 3027
f 3028 3029 3026
f 3029 3044 3030
f 3032 3019 3031
f 3037 3032 3033
f 3031 3025 3034
f 3033 3031 3035
f 3032 3036 3020
f 3036 3013 3006
f 3037 3038 3036
f 3038 3014 3013
f 3042 3039 3041
f 3047 3042 3043
f 3041 3040 3030
f 3043 3041 3044
f 3042 3046 3045
f 3046 2960 2959
f 3047 4257 3046
f 278 182 280
f 3050 3039 3049
f 3053 3050 3051
f 3049 3045 2974
f 2974 2976 3051
f 3050 3052 3040
f 3052 3034 3027
f 3053 3054 3052
f 3054 3035 3034
f 3058 3055 3057
f 3016 3058 3017
f 3057 3056 3060
f 3017 3057 3061
f 3058 3063 3062
f 3063 3065 3064
f 3016 3012 3063
f 3012 3014 3065
f 3067 3055 3066
f 289 3067 296
f 3066 3062 3068
f 296 3066 297
f 3067 3069 3056
f 3069 3070 3059
f 289 292 3069
f 292 1292 3070
f 3074 3071 3073
f 3037 3074 3038
f 3073 3072 3065
f 3038 3073 3014
f 3074 3076 3075
f 3076 3078 3077
f 3037 3033 3076
f 3033 3035 3078
f 3080 3071 3079
f 307 3080 312
f 3079 3075 3081
f 312 3079 313
f 3080 3082 3072
f 3082 3068 3064
f 307 308 3082
f 308 297 3068
f 3086 3083 3085
f 3091 3086 3087
f 3085 3084 3078
f 3087 3085 3035
f 3086 3089 3088
f 3089 3093 3090
f 3091 3092 3089
f 3092 3589 3093
f 3095 3083 3094
f 325 3095 330
f 3094 3088 3096
f 330 3094 331
f 3095 3097 3084
f 3097 3081 3077
f 325 326 3097
f 326 313 3081
f 3101 3098 3100
f 3100 3105 3102
f 3103 3104 3100
f 3104 4190 3105
f 3101 3107 3106
f 3107 3110 3108
f 3102 3109 3107
f 3109 3190 3110
f 3112 3098 3111
f 3118 3112 3113
f 3111 3106 3114
f 3113 3111 3115
f 3112 3116 3099
f 3103 3099 3117
f 3112 3118 3116
f 3119 3168 3117
f 3121 3123 3122
f 3123 3127 3124
f 3125 3126 3123
f 3126 4331 3127
f 3129 3120 3128
f 3134 3129 3130
f 3128 3122 3131
f 3131 4053 3130
f 3129 3133 3132
f 3133 2801 2800
f 3134 3135 3133
f 3135 2802 2801
f 3121 3120 3136
f 3125 3121 3137
f 3136 3132 2815
f 3136 2815 3137
f 3141 3138 3140
f 3149 3141 3142
f 3140 3139 3144
f 3142 3140 3145
f 3141 3147 3146
f 3155 3146 3148
f 3149 3150 3147
f 3148 3147 3151
f 3153 3138 3152
f 3159 3153 3154
f 3152 3146 3156
f 3154 3152 3157
f 3153 3158 3139
f 3158 3161 3143
f 3159 3160 3158
f 3160 3197 3161
f 3165 3162 3164
f 3118 3165 3119
f 3164 3163 3167
f 3119 3164 3168
f 3165 3170 3169
f 3170 3172 3171
f 3118 3113 3170
f 3113 3115 3172
f 3174 3162 3173
f 3178 3174 3175
f 3173 3169 3176
f 3176 4383 3175
f 3174 3177 3163
f 3177 3180 3166
f 3178 3179 3177
f 3179 4169 3180
f 3182 3184 3183
f 3184 3114 3108
f 3185 3186 3184
f 3186 3115 3114
f 3188 3181 3187
f 3193 3188 3189
f 3187 3183 3110
f 3189 3187 3190
f 3188 3192 3191
f 3192 3144 3143
f 3193 3194 3192
f 3194 3145 3144
f 3182 3181 3195
f 3185 3182 3196
f 3195 3191 3161
f 3196 3195 3197
f 3201 3198 3200
f 3200 3205 3202
f 3203 3204 3200
f 3204 3342 3205
f 3201 3207 3206
f 3207 3210 3208
f 3202 3209 3207
f 3209 3339 3210
f 3212 3198 3211
f 3216 3212 3213
f 3211 3206 3214
f 3214 3268 3213
f 3212 3215 3199
f 3215 3218 3203
f 3216 3217 3215
f 3217 3282 3218
f 3220 3222 3221
f 3229 3221 3223
f 3222 3220 3225
f 3223 3222 3226
f 3228 3219 3227
f 3159 3228 3160
f 3227 3221 3230
f 3160 3227 3197
f 3228 3232 3231
f 3232 3234 3233
f 3159 3154 3232
f 3154 3157 3234
f 3220 3219 3235
f 3224 3220 3236
f 3235 3231 3237
f 3236 3235 3238
f 3242 3239 3241
f 3250 3242 3243
f 3241 3240 3245
f 3243 3241 3246
f 3242 3248 3247
f 3256 3247 3249
f 3250 3251 3248
f 3249 3248 3252
f 3254 3239 3253
f 3260 3254 3255
f 3256 3257 3253
f 3255 3253 3258
f 3254 3259 3240
f 3259 3262 3244
f 3260 3261 3259
f 3261 3331 3262
f 3266 3263 3265
f 3272 3266 3267
f 3265 3264 3213
f 3267 3265 3268
f 3266 3270 3269
f 3270 3274 3271
f 3272 3273 3270
f 3273 4406 3274
f 3276 3263 3275
f 3275 3279 3277
f 3275 3269 3278
f 3278 4278 3279
f 3264 3263 3280
f 3216 3264 3217
f 3280 3276 3281
f 3217 3280 3282
f 3284 3286 3285
f 3286 3290 3287
f 3288 3289 3286
f 3289 3712 3290
f 3285 3292 3291
f 3292 3295 3293
f 3292 3285 3294
f 3294 3725 3295
f 3297 3283 3296
f 3303 3297 3298
f 3296 3291 3299
f 3298 3296 3300
f 3297 3301 3284
f 3288 3284 3302
f 3303 3304 3301
f 3304 4331 3302
f 3308 3305 3307
f 3315 3308 3309
f 3307 3306 3311
f 3309 3307 3312
f 3308 3314 3313
f 3314 2812 2805
f 3315 3316 3314
f 3316 2813 2812
f 3318 3305 3317
f 3322 3318 3319
f 3317 3313 2808
f 3319 3317 3320
f 3318 3321 3306
f 3321 4141 3310
f 3322 3323 3321
f 4141 3321 3324
f 3328 3325 3327
f 3260 3328 3261
f 3329 3330 3327
f 3261 3327 3331
f 3328 3333 3332
f 3333 3335 3334
f 3260 3255 3333
f 3255 3258 3335
f 3337 3325 3336
f 3202 3337 3209
f 3336 3332 3338
f 3209 3336 3339
f 3337 3340 3326
f 3329 3326 3341
f 3340 3337 3205
f 3341 3340 3342
f 3346 3343 3345
f 3354 3346 3347
f 3345 3344 3349
f 3347 3345 3350
f 3346 3352 3351
f 3352 3356 3353
f 3354 3355 3352
f 3355 4123 3356
f 3358 3343 3357
f 3250 3358 3251
f 3357 3351 3359
f 3359 3252 3251
f 3358 3360 3344
f 3360 3361 3348
f 3250 3243 3360
f 3243 3246 3361
f 3365 3362 3364
f 3364 2939 2933
f 3364 3363 3367
f 3367 2940 2939
f 3365 3369 3368
f 3374 3368 3370
f 3369 3365 2936
f 3370 3369 2953
f 3372 3362 3371
f 3378 3372 3373
f 3371 3368 3375
f 3373 3371 3376
f 3372 3377 3363
f 3377 3380 3366
f 3378 3379 3377
f 3379 3400 3380
f 3382 3384 3383
f 3384 2952 2949
f 3374 3370 3384
f 3370 2953 2952
f 3386 3381 3385
f 626 3386 630
f 3385 3383 2950
f 630 3385 631
f 3388 3381 3387
f 3392 3388 3389
f 626 3390 3387
f 3389 3387 628
f 3388 3391 3382
f 3391 3375 3374
f 3392 3393 3391
f 3393 3376 3375
f 3397 3394 3396
f 3378 3397 3379
f 3396 3395 3399
f 3379 3396 3400
f 3397 3402 3401
f 3402 3404 3403
f 3378 3373 3402
f 3373 3376 3404
f 3406 3394 3405
f 3410 3406 3407
f 3405 3401 3408
f 3408 3425 3407
f 3406 3409 3395
f 3409 3412 3398
f 3410 3411 3409
f 3411 4284 3412
f 3414 3416 3415
f 3392 3415 3393
f 3416 3414 3404
f 3393 3416 3376
f 3418 3413 3417
f 661 3418 666
f 3392 3389 3417
f 666 3417 628
f 3418 3420 3419
f 3420 3422 3421
f 661 664 3420
f 664 702 3422
f 3414 3413 3423
f 3403 3414 3408
f 3423 3419 3424
f 3408 3423 3425
f 3427 3429 3428
f 3429 3411 3410
f 3430 3431 3429
f 3431 4284 3411
f 3433 3426 3432
f 3438 3433 3434
f 3432 3428 3407
f 3434 3432 3425
f 3433 3436 3435
f 3436 3440 3437
f 3438 3439 3436
f 3439 3457 3440
f 3427 3426 3441
f 3430 3427 3442
f 3441 3435 3443
f 3442 3441 3444
f 3446 3448 3447
f 3448 3424 3421
f 3438 3434 3448
f 3434 3425 3424
f 3450 3445 3449
f 696 3450 701
f 3449 3447 3422
f 701 3449 702
f 3450 3452 3451
f 3452 3454 3453
f 696 699 3452
f 699 731 3454
f 3446 3445 3455
f 3438 3446 3439
f 3455 3451 3456
f 3439 3455 3457
f 3459 3461 3460
f 3461 3443 3437
f 3462 3463 3461
f 3463 3444 3443
f 3465 3458 3464
f 3469 3465 3466
f 3464 3460 3440
f 3466 3464 3457
f 3465 3468 3467
f 2970 3467 2971
f 3469 3470 3468
f 3470 2995 2971
f 3459 3458 3471
f 3462 3459 3472
f 2970 2964 3471
f 2964 2966 3472
f 3474 3476 3475
f 3476 3456 3453
f 3469 3466 3476
f 3466 3457 3456
f 3478 3473 3477
f 726 3478 730
f 3477 3475 3454
f 730 3477 731
f 3478 3480 3479
f 3480 2982 2981
f 726 728 3480
f 728 205 2982
f 3474 3473 3481
f 3481 3470 3469
f 2981 2993 3481
f 2993 2995 3470
f 3485 3482 3484
f 3493 3485 3486
f 3484 3483 3488
f 3486 3484 3489
f 3491 3482 3490
f 3498 3491 3492
f 3490 3485 3494
f 3492 3490 3495
f 3491 3497 3496
f 3497 749 742
f 3498 3499 3497
f 3499 1141 749
f 3496 3500 3483
f 3500 3501 3487
f 742 745 3500
f 745 1064 3501
f 3503 3505 3504
f 3505 760 759
f 2989 2985 3505
f 2985 220 760
f 3507 3502 3506
f 3512 3507 3508
f 3506 3504 772
f 3508 3506 774
f 3507 3510 3509
f 3510 3514 3511
f 3512 3513 3510
f 3513 3527 3514
f 3503 3502 3515
f 2989 3503 2990
f 3515 3509 3516
f 2990 3515 3517
f 3519 3521 3520
f 3521 3516 3511
f 3522 3523 3521
f 3523 3517 3516
f 3525 3518 3524
f 3531 3525 3526
f 3524 3520 3514
f 3526 3524 3527
f 3525 3532 3528
f 782 783 789
f 3531 3533 3532
f 3533 3700 3530
f 3519 3518 3534
f 3534 3536 3522
f 3529 3535 3534
f 3535 3543 3536
f 3540 3537 3539
f 3529 3540 3535
f 3539 3538 3542
f 3535 3539 3543
f 3540 3545 3544
f 3545 3547 3546
f 3529 3530 3545
f 3530 3700 3547
f 3549 3537 3548
f 3553 3549 3550
f 3548 3544 3551
f 3550 3548 3489
f 3549 3552 3538
f 3552 3555 3541
f 3553 3554 3552
f 3554 3589 3555
f 3557 3559 3558
f 3559 3563 3560
f 3561 3562 3559
f 3562 5162 3563
f 3565 3556 3564
f 3572 3565 3566
f 3564 3558 3567
f 3566 3564 3568
f 3565 3570 3569
f 3570 3574 3571
f 3572 3573 3570
f 3573 3860 3574
f 3557 3556 3575
f 3561 3557 3576
f 3575 3569 3577
f 3576 3575 3495
f 3581 3578 3580
f 3585 3581 3582
f 3580 3579 3051
f 3582 3580 2976
f 3581 3584 3583
f 3584 3542 3541
f 3585 3586 3584
f 3586 3543 3542
f 3588 3578 3587
f 3091 3588 3092
f 3587 3583 3555
f 3092 3587 3589
f 3588 3590 3579
f 3590 3054 3053
f 3091 3087 3590
f 3087 3035 3054
f 3592 3594 3593
f 3594 2994 2988
f 2969 2972 3594
f 2972 2995 2994
f 3596 3591 3595
f 3522 3596 3523
f 3595 3593 2991
f 3523 3595 3517
f 3596 3598 3597
f 3585 3597 3586
f 3598 3596 3536
f 3586 3598 3543
f 3592 3591 3599
f 2969 3592 2975
f 3585 3582 3599
f 3582 2976 2975
f 3603 3600 3602
f 3602 3002 3001
f 3602 3601 3605
f 3605 3003 3002
f 3603 3607 3606
f 3607 3609 3608
f 3001 3018 3607
f 3018 3061 3609
f 3611 3600 3610
f 3616 3611 3612
f 3610 3606 3613
f 3612 3610 3614
f 3611 3615 3601
f 3615 3618 3604
f 3616 3617 3615
f 3617 3666 3618
f 3622 3619 3621
f 3627 3622 3623
f 3621 3620 3609
f 3623 3621 3061
f 3622 3625 3624
f 3625 3628 3626
f 3627 3997 3625
f 891 1256 894
f 3631 3619 3630
f 3636 3631 3632
f 3630 3624 3633
f 3632 3630 3634
f 3631 3635 3620
f 3635 3613 3608
f 3636 3637 3635
f 3637 3614 3613
f 3641 3638 3640
f 3648 3641 3642
f 3640 3639 3644
f 3642 3640 3568
f 3641 3646 3645
f 3646 3650 3647
f 3648 3649 3646
f 3649 5170 3650
f 3652 3638 3651
f 3651 3655 3653
f 3651 3645 3654
f 907 2535 911
f 3652 3657 3639
f 3657 3659 3643
f 3657 3652 3658
f 3658 3960 3659
f 3663 3660 3662
f 3616 3663 3617
f 3662 3661 3665
f 3617 3662 3666
f 3663 3668 3667
f 3668 3670 3669
f 3616 3612 3668
f 3612 3614 3670
f 3672 3660 3671
f 3677 3672 3673
f 3671 3667 3674
f 3673 3671 3675
f 3672 3676 3661
f 3676 3679 3664
f 3677 3678 3676
f 3678 3712 3679
f 3683 3680 3682
f 3687 3683 3684
f 3682 3681 3670
f 3684 3682 3614
f 3683 3686 3685
f 3686 953 952
f 3687 3688 3686
f 3688 1280 953
f 3690 3680 3689
f 3693 3690 3691
f 3689 3685 948
f 3691 3689 950
f 3690 3692 3681
f 3692 3674 3669
f 3693 3694 3692
f 3694 3675 3674
f 3698 3695 3697
f 3703 3698 3699
f 3697 3696 3547
f 3699 3697 3700
f 3698 3702 3701
f 3702 3562 3561
f 3703 3704 3702
f 3704 5162 3562
f 3701 3706 3705
f 3706 3494 3493
f 3561 3576 3706
f 3576 3495 3494
f 3705 3707 3696
f 3707 3551 3546
f 3493 3486 3707
f 3486 3489 3551
f 3711 3708 3710
f 3677 3711 3678
f 3710 3709 3290
f 3678 3710 3712
f 3711 3714 3713
f 3714 3716 3715
f 3677 3673 3714
f 3673 3675 3716
f 3718 3708 3717
f 3723 3718 3719
f 3717 3713 3720
f 3721 3719 3717
f 3718 3722 3709
f 3722 3294 3287
f 3723 3724 3722
f 3294 3722 3725
f 3729 3726 3728
f 3693 3729 3694
f 3728 3727 3716
f 3694 3728 3675
f 3729 3731 3730
f 3731 1000 999
f 3693 3691 3731
f 3691 950 1000
f 3733 3726 3732
f 3736 3733 3734
f 3732 3730 995
f 3734 3732 997
f 3733 3735 3727
f 3735 3720 3715
f 3736 3737 3735
f 3737 3721 3720
f 3739 3741 3740
f 3741 3745 3742
f 3743 3744 3741
f 3744 4530 3745
f 3747 3738 3746
f 3754 3747 3748
f 3746 3740 3749
f 3748 3746 3750
f 3747 3752 3751
f 3752 3756 3753
f 3754 3755 3752
f 3755 4499 3756
f 3739 3738 3757
f 3743 3739 3758
f 3757 3751 3759
f 3758 3757 3760
f 3762 3764 3763
f 3764 3724 3723
f 3765 3766 3764
f 3766 3725 3724
f 3768 3761 3767
f 3772 3768 3769
f 3767 3763 3719
f 3769 3767 3721
f 3771 3761 3770
f 2829 3771 2830
f 3770 3768 3773
f 2830 3770 2846
f 3762 3761 3774
f 3765 3762 3775
f 2829 2822 3774
f 2822 2825 3775
f 3779 3776 3778
f 3736 3779 3737
f 3778 3777 3769
f 3737 3778 3721
f 3779 3781 3780
f 3781 1052 1051
f 3736 3734 3781
f 3734 997 1052
f 3783 3776 3782
f 2849 3783 2850
f 3782 3780 1048
f 2850 3782 1049
f 3783 3784 3777
f 3784 3773 3772
f 2849 2845 3784
f 2845 2846 3773
f 3788 3785 3787
f 3553 3788 3554
f 3787 3786 3093
f 3554 3787 3589
f 3788 3790 3789
f 3790 3488 3487
f 3553 3550 3790
f 3550 3489 3488
f 3792 3785 3791
f 1059 3792 1063
f 3791 3789 3501
f 1063 3791 1064
f 3792 3793 3786
f 3793 3096 3090
f 1059 1060 3793
f 1060 331 3096
f 3795 3797 3796
f 3805 3796 3798
f 3797 3795 3800
f 3798 3797 3801
f 3803 3794 3802
f 3811 3803 3804
f 3802 3796 3806
f 3804 3802 3807
f 3803 3809 3808
f 3809 3813 3810
f 3811 3812 3809
f 3812 4525 3813
f 3795 3794 3814
f 3799 3795 3815
f 3814 3808 3816
f 3815 3814 3817
f 3819 3821 3820
f 3821 1096 1095
f 3822 3823 3821
f 3823 2713 1096
f 3825 3818 3824
f 3830 3825 3826
f 3824 3820 1109
f 3826 3824 1111
f 3825 3828 3827
f 3828 3832 3829
f 3830 3831 3828
f 3831 4925 3832
f 3819 3818 3833
f 3822 3819 3834
f 3833 3827 3835
f 3835 5173 3834
f 3839 3836 3838
f 3846 3839 3840
f 3841 3842 3838
f 3842 3860 3840
f 3839 3844 3843
f 3844 3847 3845
f 3846 3963 3844
f 3625 3997 3629
f 3850 3836 3849
f 1122 3850 1128
f 3849 3843 3851
f 1128 3849 1129
f 3850 3852 3837
f 3852 3853 3841
f 1122 1124 3852
f 1124 5480 3853
f 3855 3857 3856
f 3857 3577 3571
f 3498 3492 3857
f 3492 3495 3577
f 3859 3854 3858
f 3841 3859 3842
f 3858 3856 3574
f 3842 3858 3860
f 3859 3862 3861
f 3862 1145 1144
f 3841 3853 3862
f 3853 5480 1145
f 3855 3854 3863
f 3498 3855 3499
f 3863 3861 1140
f 3499 3863 1141
f 3867 3864 3866
f 3874 3867 3868
f 1152 1150 1153
f 3868 3866 3870
f 3867 3872 3871
f 3872 3876 3873
f 3874 3875 3872
f 3875 4514 3876
f 3878 3864 3877
f 3884 3878 3879
f 3877 3871 3880
f 3879 3877 3881
f 3878 3882 3865
f 4707 3883 3886
f 3884 3885 3882
f 1160 2044 1161
f 3890 3887 3889
f 1176 3890 1177
f 3889 3888 3892
f 1177 3889 1178
f 3890 3894 3893
f 3894 3851 3845
f 1176 1190 3894
f 1190 1129 3851
f 3896 3887 3895
f 3899 3896 3897
f 3895 3893 3847
f 3897 3895 3848
f 3896 3898 3888
f 3898 3901 3891
f 3899 3900 3898
f 3900 3960 3901
f 3905 3902 3904
f 3904 4878 3906
f 3904 3903 3908
f 4878 3904 3909
f 3911 3902 3910
f 3918 3911 3912
f 3910 3905 3913
f 3912 3910 3914
f 3916 3902 3915
f 3922 3916 3917
f 3918 3919 3915
f 3917 3915 3920
f 3916 3921 3903
f 3921 3924 3907
f 3922 3923 3921
f 3923 4892 3924
f 3926 3928 3927
f 3943 3927 3929
f 3931 3932 3928
f 3930 3928 3933
f 5451 3932 3935
f 5451 3936 3932
f 3939 3925 3937
f 1232 2593 1240
f 5151 5239 5155
f 3940 3937 3944
f 3946 3925 3945
f 3952 3946 3947
f 3945 3939 3948
f 3947 3945 3949
f 3946 3950 3926
f 3931 3926 3951
f 3952 3953 3950
f 3953 5162 3951
f 3955 3957 3956
f 3957 3644 3643
f 3572 3566 3957
f 3566 3568 3644
f 3959 3954 3958
f 3899 3959 3900
f 3958 3956 3659
f 3900 3958 3960
f 3959 3962 3961
f 3962 3963 3846
f 3899 3897 3962
f 3897 3848 3963
f 3955 3954 3964
f 3572 3955 3573
f 3964 3961 3840
f 3573 3964 3860
f 3968 3965 3967
f 3967 3970 3969
f 3967 3966 3628
f 3628 3629 3970
f 3972 3965 3971
f 1270 3972 1271
f 3971 3968 3973
f 1271 3971 1272
f 3975 3965 3974
f 3978 3975 3976
f 3974 3972 1265
f 3976 3974 1267
f 3975 3977 3966
f 3977 3633 3626
f 3978 3979 3977
f 3979 3634 3633
f 3981 3983 3982
f 3636 3982 3637
f 3687 3684 3983
f 3684 3614 3637
f 3985 3980 3984
f 3978 3985 3979
f 1274 1285 889
f 3979 3984 3634
f 3985 3987 3986
f 3987 1284 1283
f 3978 3976 3987
f 3976 1267 1284
f 3981 3980 3988
f 3687 3981 3688
f 3988 3986 1279
f 3688 3988 1280
f 3992 3989 3991
f 1290 3992 1291
f 3991 3990 3070
f 1291 3991 1292
f 3992 3994 3993
f 3994 3973 3969
f 1290 1298 3994
f 1298 1272 3973
f 3996 3989 3995
f 3627 3996 3997
f 3995 3993 3970
f 3997 3995 3629
f 3996 3998 3990
f 3998 3060 3059
f 3627 3623 3998
f 3623 3061 3060
f 4002 3999 4001
f 4009 4002 4003
f 4001 4000 4005
f 4003 4001 4006
f 4002 4008 4007
f 4008 3338 3334
f 4009 4010 4008
f 4010 3339 3338
f 4012 3999 4011
f 3256 4012 3257
f 4011 4007 3335
f 3257 4011 3258
f 4012 4013 4000
f 4013 4014 4004
f 3256 3249 4013
f 3249 3252 4014
f 4018 4015 4017
f 4017 4444 4019
f 4017 4016 4021
f 4444 4017 3151
f 4018 4023 4022
f 4023 3214 3208
f 4023 4018 4024
f 3214 4023 3268
f 4026 4015 4025
f 4009 4026 4010
f 4025 4022 3210
f 4010 4025 3339
f 4026 4027 4016
f 4027 4028 4020
f 4009 4003 4027
f 4003 4006 4028
f 4032 4029 4031
f 3193 4032 3194
f 4031 4030 4034
f 3194 4031 3145
f 4032 4036 4035
f 4036 4038 4037
f 4032 3193 4036
f 3189 3190 4038
f 4040 4029 4039
f 4045 4040 4041
f 4039 4035 4042
f 4041 4039 4043
f 4040 4044 4030
f 4044 4047 4033
f 4045 4046 4044
f 4046 4406 4047
f 4049 4051 4050
f 4057 4050 4052
f 4051 4049 3130
f 4052 4051 4053
f 4055 4048 4054
f 4062 4055 4056
f 4054 4050 4058
f 4056 4054 3238
f 4055 4060 4059
f 4060 4064 4061
f 4062 4063 4060
f 4063 4082 4064
f 4049 4048 4065
f 3134 4049 3135
f 4065 4059 4066
f 3135 4065 2802
f 4068 4070 4069
f 4070 3237 3233
f 4062 4056 4070
f 4056 3238 3237
f 4072 4067 4071
f 4077 4072 4073
f 4071 4069 3234
f 4073 4071 3157
f 4072 4075 4074
f 4075 4079 4076
f 4077 4078 4075
f 4078 4095 4079
f 4068 4067 4080
f 4062 4068 4063
f 4080 4074 4081
f 4063 4080 4082
f 4084 4086 4085
f 4086 3156 3155
f 4077 4073 4086
f 4073 3157 3156
f 4088 4083 4087
f 4087 4021 4020
f 4087 4085 3148
f 3148 3151 4021
f 4088 4090 4089
f 4093 4089 4091
f 4090 4088 4028
f 4091 4090 4006
f 4084 4083 4092
f 4077 4084 4078
f 4092 4089 4094
f 4078 4092 4095
f 4097 4099 4098
f 4099 4081 4076
f 4100 4101 4099
f 4101 4082 4081
f 4103 4096 4102
f 4108 4103 4104
f 4102 4098 4079
f 4104 4102 4095
f 4103 4106 4105
f 4106 4110 4107
f 4108 4109 4106
f 4109 4123 4110
f 4097 4096 4111
f 4100 4097 4112
f 4111 4105 4113
f 4112 4111 3324
f 4115 4117 4116
f 4117 4094 4093
f 4108 4104 4117
f 4104 4095 4094
f 4116 4119 4118
f 4119 4005 4004
f 4093 4091 4119
f 4091 4006 4005
f 4121 4114 4120
f 3353 4121 3359
f 4120 4118 4014
f 3359 4120 3252
f 4115 4114 4122
f 4108 4115 4109
f 4122 4121 3356
f 4109 4122 4123
f 4127 4124 4126
f 2806 4127 2807
f 4126 4125 3319
f 2807 4126 3320
f 4127 4129 4128
f 4129 4066 4061
f 2806 2799 4129
f 2799 2802 4066
f 4131 4124 4130
f 4100 4131 4101
f 4130 4128 4064
f 4101 4130 4082
f 4131 4132 4125
f 4132 3323 3322
f 4100 4112 4132
f 4112 3324 3323
f 4134 4136 4135
f 4136 3311 3310
f 4137 4138 4136
f 4138 3312 3311
f 4135 4140 4139
f 4140 4113 4107
f 4140 4135 4141
f 4141 3324 4113
f 4143 4133 4142
f 3354 4143 3355
f 4142 4139 4110
f 3355 4142 4123
f 4143 4144 4134
f 4137 4134 4145
f 3354 3347 4144
f 3347 3350 4145
f 4149 4146 4148
f 4156 4149 4150
f 4148 4147 4152
f 4150 4148 4153
f 4149 4155 4154
f 4155 2824 2823
f 4156 4157 4155
f 4157 2825 2824
f 4159 4146 4158
f 4162 4159 4160
f 4158 4154 2840
f 4160 4158 2863
f 4159 4161 4147
f 4161 4164 4151
f 4162 4163 4161
f 4163 4169 4164
f 4168 4165 4167
f 4162 4168 4163
f 4167 4166 3180
f 4163 4167 4169
f 4168 4171 4170
f 4171 2862 2861
f 4162 4160 4171
f 4160 2863 2862
f 4173 4165 4172
f 4176 4173 4174
f 4172 4170 2876
f 4174 4172 2895
f 4173 4175 4166
f 4175 3167 3166
f 4176 4177 4175
f 4177 3168 3167
f 4179 4181 4180
f 4176 4180 4177
f 3103 3117 4181
f 4177 4181 3168
f 4183 4178 4182
f 2893 4183 2894
f 4176 4174 4182
f 4174 2895 2894
f 4183 4185 4184
f 4185 4187 4186
f 2893 2906 4185
f 2906 2908 4187
f 4179 4178 4188
f 3103 4179 3104
f 4188 4184 4189
f 3104 4188 4190
f 4192 4194 4193
f 4194 4189 4186
f 4195 4196 4194
f 4196 4190 4189
f 4198 4191 4197
f 2926 4198 2927
f 4197 4193 4187
f 2927 4197 2908
f 4198 4200 4199
f 4200 4202 4201
f 2926 2938 4200
f 2938 2940 4202
f 4192 4191 4203
f 4195 4192 4204
f 4203 4199 4205
f 4204 4203 4206
f 4208 4210 4209
f 4210 3245 3244
f 4211 4212 4210
f 4212 3246 3245
f 4214 4207 4213
f 4218 4214 4215
f 4213 4209 3262
f 4215 4213 3331
f 4214 4217 4216
f 4217 2965 2958
f 4218 4219 4217
f 4219 2966 2965
f 4208 4207 4220
f 4211 4208 4221
f 4220 4216 2961
f 4221 4220 3048
f 4225 4222 4224
f 3315 4225 3316
f 4224 4223 4227
f 3316 4224 2813
f 4225 4229 4228
f 4229 4231 4230
f 3315 3309 4229
f 3309 3312 4231
f 4233 4222 4232
f 3007 4233 3008
f 4232 4228 4234
f 3008 4232 3024
f 4233 4235 4223
f 4235 4236 4226
f 3007 3000 4235
f 3000 3003 4236
f 4240 4237 4239
f 4137 4240 4138
f 4239 4238 4231
f 4138 4239 3312
f 4242 4237 4241
f 4246 4242 4243
f 4241 4240 4145
f 4243 4241 3350
f 4245 4237 4244
f 3028 4245 3029
f 4244 4242 4247
f 3029 4244 3044
f 4245 4248 4238
f 4248 4234 4230
f 3028 3023 4248
f 3023 3024 4234
f 4250 4252 4251
f 4252 3349 3348
f 4246 4243 4252
f 4243 3350 3349
f 4254 4249 4253
f 4211 4254 4212
f 4253 4251 3361
f 4212 4253 3246
f 4254 4256 4255
f 3047 4255 4257
f 4211 4221 4256
f 4221 3048 4257
f 4255 4258 4250
f 4258 4247 4246
f 3047 3043 4258
f 3043 3044 4247
f 4262 4259 4261
f 4201 4262 4205
f 4261 4260 4264
f 4205 4261 4206
f 4262 4266 4265
f 4266 3367 3366
f 4266 4262 4202
f 3367 4266 2940
f 4268 4259 4267
f 4271 4268 4269
f 4267 4265 3380
f 4269 4267 3400
f 4268 4270 4260
f 4270 4273 4263
f 4271 4272 4270
f 4272 4278 4273
f 4277 4274 4276
f 4271 4277 4272
f 4276 4275 3279
f 4272 4276 4278
f 4277 4280 4279
f 4280 3399 3398
f 4271 4269 4280
f 4269 3400 3399
f 4282 4274 4281
f 4286 4282 4283
f 4281 4279 3412
f 4283 4281 4284
f 4282 4285 4275
f 4285 3281 3277
f 4286 4287 4285
f 4287 3282 3281
f 4289 4291 4290
f 4286 4290 4287
f 4291 4289 3218
f 4287 4291 3282
f 4293 4288 4292
f 3430 4293 3431
f 4292 4290 4283
f 3431 4292 4284
f 4293 4295 4294
f 4295 4297 4296
f 3430 3442 4295
f 3442 3444 4297
f 4289 4288 4298
f 3203 4289 3204
f 4298 4294 4299
f 3204 4298 3342
f 4301 4303 4302
f 4303 4299 4296
f 3329 3341 4303
f 3341 3342 4299
f 4305 4300 4304
f 3462 4305 3463
f 4304 4302 4297
f 3463 4304 3444
f 4305 4307 4306
f 4307 4219 4218
f 3462 3472 4307
f 3472 2966 4219
f 4301 4300 4308
f 3329 4301 3330
f 4308 4306 4215
f 4215 3331 3330
f 4312 4309 4311
f 4311 4227 4226
f 4311 4310 4313
f 4313 2813 4227
f 4312 4315 4314
f 4315 3605 3604
f 4315 4312 4236
f 3605 4315 3003
f 4317 4309 4316
f 4320 4317 4318
f 4316 4314 3618
f 4318 4316 3666
f 4317 4319 4310
f 4319 2816 2811
f 4320 4321 4319
f 4321 2817 2816
f 4325 4322 4324
f 4320 4325 4321
f 4324 4323 3137
f 4321 4324 2817
f 4325 4327 4326
f 4327 3665 3664
f 4320 4318 4327
f 4318 3666 3665
f 4329 4322 4328
f 3288 4329 3289
f 4328 4326 3679
f 3289 4328 3712
f 4329 4330 4323
f 3125 4323 3126
f 3288 3302 4330
f 3126 4330 4331
f 4333 4335 4334
f 4335 4339 4336
f 4337 4338 4335
f 4338 4433 4339
f 4341 4332 4340
f 4340 4420 4342
f 4340 4334 4343
f 4420 4340 4344
f 4346 4332 4345
f 4351 4346 4347
f 4345 4341 4348
f 4347 4345 3300
f 4346 4349 4333
f 4337 4333 4350
f 4351 4352 4349
f 4352 4153 4350
f 4354 4356 4355
f 4156 4355 4157
f 3765 3775 4356
f 4157 4356 2825
f 4358 4353 4357
f 4351 4358 4352
f 4156 4150 4357
f 4150 4153 4352
f 4358 4360 4359
f 4360 3299 3293
f 4351 4347 4360
f 4347 3300 3299
f 4354 4353 4361
f 3765 4354 3766
f 4361 4359 3295
f 3766 4361 3725
f 4365 4362 4364
f 4057 4365 4058
f 4364 4363 3236
f 3236 3238 4058
f 4365 4367 4366
f 4367 4369 4368
f 4057 4052 4367
f 4052 4053 4369
f 4371 4362 4370
f 4375 4371 4372
f 4370 4366 4373
f 4372 4370 4344
f 4371 4374 4363
f 4374 3225 3224
f 4375 4376 4374
f 4376 3226 3225
f 4380 4377 4379
f 3171 4380 3176
f 4379 4378 4382
f 3176 4379 4383
f 4385 4377 4384
f 3185 4385 3186
f 4384 4380 3172
f 3186 4384 3115
f 4385 4387 4386
f 4387 3230 3229
f 3185 3196 4387
f 3196 3197 3230
f 4386 4388 4378
f 4388 4389 4381
f 3229 3223 4388
f 3223 3226 4389
f 4391 4393 4392
f 4393 4395 4394
f 4195 4204 4393
f 4204 4206 4395
f 4397 4390 4396
f 4396 4042 4037
f 4396 4392 4398
f 4042 4396 4043
f 4400 4390 4399
f 3102 4400 3109
f 4399 4397 4038
f 3109 4399 3190
f 4391 4390 4401
f 4195 4391 4196
f 4401 4400 3105
f 4196 4401 4190
f 4405 4402 4404
f 4045 4405 4046
f 4404 4403 3274
f 4046 4404 4406
f 4405 4408 4407
f 4407 4408 4394
f 4045 4041 4408
f 4041 4043 4398
f 4407 4410 4409
f 4410 4264 4263
f 4410 4407 4395
f 4395 4206 4264
f 4403 4402 4411
f 3271 4403 3278
f 4411 4409 4273
f 3278 4411 4278
f 4415 4412 4414
f 3303 4415 3304
f 4414 4413 3127
f 3304 4414 4331
f 4415 4417 4416
f 4417 4348 4342
f 3303 3298 4417
f 3298 3300 4348
f 4419 4412 4418
f 4418 4373 4368
f 4418 4416 4420
f 4420 4344 4373
f 4419 4421 4413
f 4421 3131 3124
f 4421 4419 4369
f 3131 4421 4053
f 4425 4422 4424
f 3178 4425 3179
f 4424 4423 4164
f 3179 4424 4169
f 4425 4427 4426
f 4431 4426 4428
f 3178 3175 4427
f 4428 4427 4383
f 4430 4422 4429
f 4337 4430 4338
f 4431 4432 4429
f 4338 4429 4433
f 4430 4434 4423
f 4434 4152 4151
f 4337 4350 4434
f 4350 4153 4152
f 4436 4438 4437
f 4438 4034 4033
f 3149 3142 4438
f 3142 3145 4034
f 4440 4435 4439
f 3272 4440 3273
f 4439 4437 4047
f 3273 4439 4406
f 4440 4442 4441
f 4442 4024 4019
f 3272 3267 4442
f 3267 3268 4024
f 4436 4435 4443
f 3149 4436 3150
f 4443 4441 4444
f 3150 4443 3151
f 4446 4448 4447
f 4448 4343 4336
f 4375 4372 4448
f 4372 4344 4343
f 4450 4445 4449
f 4431 4450 4432
f 4449 4447 4339
f 4432 4449 4433
f 4450 4452 4451
f 4452 4382 4381
f 4431 4428 4452
f 4428 4383 4382
f 4446 4445 4453
f 4375 4446 4376
f 4453 4451 4389
f 4376 4453 3226
f 4457 4454 4456
f 1761 4457 1762
f 4456 4455 4459
f 1762 4456 1763
f 4457 4461 4460
f 4461 4463 4462
f 1761 1777 4461
f 1777 1800 4463
f 4465 4454 4464
f 4469 4465 4466
f 4464 4460 4467
f 4466 4464 3750
f 4465 4468 4455
f 4468 4471 4458
f 4469 4470 4468
f 4470 4478 4471
f 4475 4472 4474
f 4469 4475 4470
f 4474 4473 4477
f 4470 4474 4478
f 4480 4472 4479
f 4484 4480 4481
f 4469 4466 4479
f 4481 4479 3750
f 4480 4483 4482
f 3811 4482 3812
f 4484 4485 4483
f 4485 4525 3812
f 4482 4486 4473
f 4486 4487 4476
f 3811 3804 4486
f 3804 3807 4487
f 4491 4488 4490
f 1798 4491 1799
f 4490 4489 4463
f 1799 4490 1800
f 4491 4493 4492
f 4493 4495 4494
f 1798 1810 4493
f 1810 5481 4495
f 4497 4488 4496
f 3754 4497 3755
f 4496 4492 4498
f 3755 4496 4499
f 4497 4500 4489
f 4500 4467 4462
f 3754 3748 4500
f 3748 3750 4467
f 4504 4501 4503
f 1816 4504 1817
f 4503 4502 4506
f 1817 4503 1818
f 4504 4508 4507
f 4508 4510 4509
f 1816 1830 4508
f 1830 2329 4510
f 4512 4501 4511
f 3874 4512 3875
f 4511 4507 4513
f 3875 4511 4514
f 4512 4515 4502
f 4515 4516 4505
f 3874 3868 4515
f 3868 3870 4516
f 4518 4520 4519
f 4520 3816 3810
f 4521 4522 4520
f 4522 3817 3816
f 4524 4517 4523
f 4484 4524 4485
f 4523 4519 3813
f 4485 4523 4525
f 4524 4527 4526
f 4527 3749 3742
f 4484 4481 4527
f 4481 3750 3749
f 4518 4517 4528
f 4521 4518 4529
f 4528 4526 3745
f 4529 4528 4530
f 4532 4534 4533
f 4534 3759 3753
f 4535 4536 4534
f 4536 3760 3759
f 4538 4531 4537
f 4494 4538 4498
f 4537 4533 3756
f 4498 4537 4499
f 4538 4540 4539
f 4540 1859 1858
f 4494 4495 4540
f 4495 5481 1859
f 4532 4531 4541
f 4535 4532 4542
f 4541 4539 1853
f 4542 4541 1855
f 4546 4543 4545
f 4545 4556 4547
f 4545 4544 4549
f 1870 5417 1867
f 4552 4545 4555
f 4546 4558 4557
f 4558 5337 4559
f 4558 4546 4560
f 5337 4558 4561
f 4563 4543 4562
f 4568 4563 4564
f 4562 4557 4565
f 4564 4562 4566
f 4563 4567 4544
f 4567 4570 4548
f 4568 4569 4567
f 4569 4652 4570
f 4572 4574 4573
f 4582 4573 4575
f 4576 4577 4574
f 4575 4574 4578
f 4580 4571 4579
f 4587 4580 4581
f 4582 4583 4579
f 4583 4611 4581
f 4580 4585 4584
f 4585 4589 4586
f 4587 4588 4585
f 4588 4639 4589
f 4572 4571 4590
f 4576 4572 4591
f 4590 4584 4592
f 4591 4590 4593
f 4597 4594 4596
f 4605 4597 4598
f 4596 4595 4600
f 4598 4596 4601
f 4597 4603 4602
f 4603 4607 4604
f 4605 4606 4603
f 4606 4627 4607
f 4609 4594 4608
f 4582 4609 4583
f 4608 4602 4610
f 4583 4608 4611
f 4609 4612 4595
f 4612 4613 4599
f 4582 4575 4612
f 4575 4578 4613
f 4617 4614 4616
f 1936 4617 1937
f 4616 4615 4619
f 1937 4616 1938
f 4617 4621 4620
f 4620 4621 4623
f 4617 1936 4621
f 4621 1948 4622
f 4625 4614 4624
f 4605 4625 4606
f 4624 4620 4626
f 4606 4624 4627
f 4625 4628 4615
f 4628 4629 4618
f 4605 4598 4628
f 4598 4601 4629
f 4631 4633 4632
f 4633 4592 4586
f 4634 4635 4633
f 4635 4593 4592
f 4637 4630 4636
f 4642 4637 4638
f 4636 4632 4589
f 4638 4636 4639
f 4637 4641 4640
f 4641 4560 4547
f 4642 4643 4641
f 4643 4561 4560
f 4631 4630 4644
f 4634 4631 4645
f 4644 4640 4556
f 4645 4644 4554
f 4649 4646 4648
f 4568 4649 4569
f 4648 4647 4651
f 4569 4648 4652
f 4649 4654 4653
f 4654 4656 4655
f 4649 4568 4654
f 4654 4564 4656
f 4658 4646 4657
f 1983 4658 1984
f 4657 4653 4659
f 1984 4657 1985
f 4658 4660 4647
f 4660 5330 4650
f 4660 4658 1976
f 5330 4660 1979
f 4662 4664 4663
f 4664 4668 4665
f 4666 4667 4664
f 4667 4743 4668
f 4670 4661 4669
f 3743 4670 3744
f 4669 4663 4671
f 3744 4669 4530
f 4670 4673 4672
f 4673 4675 4674
f 3743 3758 4673
f 3758 3760 4675
f 4662 4661 4676
f 4666 4662 4677
f 4676 4672 4678
f 4678 4750 4677
f 4682 4679 4681
f 4689 4682 4683
f 4681 4680 4685
f 4683 4681 4686
f 4682 4688 4687
f 4688 3800 3799
f 4689 4690 4688
f 4690 3801 3800
f 4687 4692 4691
f 4692 4694 4693
f 3799 3815 4692
f 3815 3817 4694
f 4680 4679 4695
f 4684 4680 4696
f 4695 4691 4697
f 4696 4695 4698
f 4702 4699 4701
f 4709 4702 4703
f 4701 4700 4705
f 4703 4701 4706
f 4702 4708 4707
f 4708 3869 3883
f 4709 4710 4708
f 4710 3870 3869
f 4712 4699 4711
f 4716 4712 4713
f 2042 2041 1160
f 2041 2043 2044
f 4712 4715 4700
f 4715 4718 4704
f 4716 4717 4715
f 4717 4686 4718
f 4722 4719 4721
f 2052 4722 2053
f 4721 4720 4724
f 2053 4721 2054
f 4722 4726 4725
f 4726 4506 4505
f 2052 2062 4726
f 2062 1818 4506
f 4728 4719 4727
f 4709 4728 4710
f 4727 4725 4516
f 4710 4727 3870
f 4728 4729 4720
f 4729 4730 4723
f 4709 4703 4729
f 4703 4706 4730
f 4732 4734 4733
f 4734 4697 4693
f 4735 4736 4734
f 4736 4698 4697
f 4738 4731 4737
f 4521 4738 4522
f 4737 4733 4694
f 4522 4737 3817
f 4738 4740 4739
f 4740 4671 4665
f 4521 4529 4740
f 4529 4530 4671
f 4732 4731 4741
f 4735 4732 4742
f 4741 4739 4668
f 4742 4741 4743
f 4745 4747 4746
f 4747 4678 4674
f 4747 4745 4749
f 4678 4747 4750
f 4752 4744 4751
f 4535 4752 4536
f 4751 4746 4675
f 4536 4751 3760
f 4752 4754 4753
f 4754 2091 2090
f 4535 4542 4754
f 4542 1855 2091
f 4745 4744 4755
f 4755 4845 4748
f 4755 4753 2084
f 4845 4755 2087
f 4757 4759 4758
f 4759 4763 4760
f 4759 4757 4762
f 4762 4833 4763
f 4765 4756 4764
f 4666 4765 4667
f 4764 4758 4766
f 4667 4764 4743
f 4768 4756 4767
f 4771 4768 4769
f 4767 4765 4677
f 4769 4767 4750
f 4768 4770 4757
f 4770 4773 4761
f 4771 4772 4770
f 4772 4840 4773
f 4777 4774 4776
f 4784 4777 4778
f 4776 4775 4780
f 4778 4776 4781
f 4777 4783 4782
f 4783 4685 4684
f 4784 4785 4783
f 4785 4686 4685
f 4787 4774 4786
f 4786 4789 4788
f 4684 4696 4786
f 4696 4698 4789
f 4787 4790 4775
f 4790 5360 4779
f 4790 4787 4791
f 5360 4790 4792
f 4796 4793 4795
f 4803 4796 4797
f 4795 4794 4799
f 4797 4795 4800
f 4796 4802 4801
f 4802 4705 4704
f 4803 4804 4802
f 4804 4706 4705
f 4806 4793 4805
f 4784 4806 4785
f 4805 4801 4718
f 4785 4805 4686
f 4806 4807 4794
f 4807 4808 4798
f 4784 4778 4807
f 4778 4781 4808
f 4812 4809 4811
f 2152 4812 2153
f 4811 4810 4814
f 2153 4811 2154
f 4812 4816 4815
f 4816 4724 4723
f 2152 2162 4816
f 2162 2054 4724
f 4818 4809 4817
f 4803 4818 4804
f 4817 4815 4730
f 4804 4817 4706
f 4818 4819 4810
f 4819 4820 4813
f 4803 4797 4819
f 4797 4800 4820
f 4822 4824 4823
f 4824 4791 4788
f 4825 4826 4824
f 4826 4792 4791
f 4828 4821 4827
f 4735 4828 4736
f 4827 4823 4789
f 4736 4827 4698
f 4828 4830 4829
f 4830 4766 4760
f 4735 4742 4830
f 4742 4743 4766
f 4822 4821 4831
f 4825 4822 4832
f 4831 4829 4763
f 4832 4831 4833
f 4837 4834 4836
f 4771 4837 4772
f 4836 4835 4839
f 4772 4836 4840
f 4837 4842 4841
f 4842 4749 4748
f 4771 4769 4842
f 4769 4750 4749
f 4844 4834 4843
f 2184 4844 2190
f 4843 4841 4845
f 2190 4843 2087
f 4844 4846 4835
f 4846 4847 4838
f 2184 2187 4846
f 2187 2793 4847
f 4851 4848 4850
f 4856 4851 4852
f 4850 4849 3901
f 4852 4850 3960
f 4851 4854 4853
f 4854 4858 4855
f 4856 4857 4854
f 4857 4892 4858
f 4860 4848 4859
f 2200 4860 2205
f 4859 4853 4861
f 2205 4859 2206
f 4860 4862 4849
f 4862 3892 3891
f 2200 2201 4862
f 2201 1178 3892
f 4864 4866 4865
f 4866 2217 2216
f 4867 4868 4866
f 4868 5482 2217
f 4870 4863 4869
f 4874 4870 4871
f 4869 4865 2227
f 4871 4869 2229
f 4870 4873 4872
f 4873 3913 3906
f 4874 4875 4873
f 4875 3914 3913
f 4864 4863 4876
f 4867 4864 4877
f 4876 4872 4878
f 4878 3909 4877
f 4882 4879 4881
f 4888 4882 4883
f 4881 4880 4885
f 4885 4925 4883
f 4882 4887 4886
f 4887 3908 3907
f 4888 4889 4887
f 4889 3909 3908
f 4891 4879 4890
f 4856 4891 4857
f 4890 4886 3924
f 4857 4890 4892
f 4891 4893 4880
f 4893 4894 4884
f 4856 4852 4893
f 4852 3960 4894
f 4896 4898 4897
f 4898 4900 4899
f 2250 2253 4898
f 2253 2273 4900
f 4902 4895 4901
f 3918 4902 3919
f 4901 4897 4903
f 3919 4901 3920
f 4905 4895 4904
f 4874 4905 4875
f 4904 4902 3912
f 4875 4904 3914
f 4905 4906 4896
f 4906 2256 2250
f 4874 4871 4906
f 4871 2229 2256
f 4910 4907 4909
f 3922 4910 3923
f 4909 4908 4858
f 3923 4909 4892
f 4910 4912 4911
f 4912 4903 4899
f 3922 3917 4912
f 3917 3920 4903
f 4914 4907 4913
f 2268 4914 2272
f 4913 4911 4900
f 2272 4913 2273
f 4914 4915 4908
f 4915 4861 4855
f 2268 2269 4915
f 2269 2206 4861
f 4917 4919 4918
f 4919 2280 2279
f 3830 3826 4919
f 3826 1111 2280
f 4918 4921 4920
f 4921 4868 4867
f 2279 2287 4921
f 2287 5482 4868
f 4923 4916 4922
f 4888 4923 4889
f 4922 4920 4877
f 4889 4922 3909
f 2275 2277 2282
f 3830 4917 3831
f 4888 4883 4924
f 3831 4924 4925
f 4927 4929 4928
f 4929 4931 4930
f 3884 3879 4929
f 3879 3881 4931
f 4933 4926 4932
f 4940 4933 4934
f 4932 4928 4935
f 4934 4932 4936
f 4933 4938 4937
f 4938 4942 4939
f 4940 4941 4938
f 4941 5063 4942
f 4927 4926 4943
f 3884 4927 3885
f 4943 4937 4944
f 3885 4943 4714
f 4948 4945 4947
f 4953 4948 4949
f 4947 4946 3876
f 4949 4947 4514
f 4951 4945 4950
f 4958 4951 4952
f 4950 4948 4954
f 4952 4950 4955
f 4951 4957 4956
f 4957 4935 4930
f 4958 4959 4957
f 4959 4936 4935
f 4956 4960 4946
f 4960 3880 3873
f 4930 4931 4960
f 4931 3881 3880
f 4964 4961 4963
f 2327 4964 2328
f 4963 4962 4510
f 2328 4963 2329
f 4966 4961 4965
f 4970 4966 4967
f 4965 4964 2337
f 4967 4965 2339
f 4966 4969 4968
f 4969 4954 4953
f 4970 4971 4969
f 4971 4955 4954
f 4968 4972 4962
f 4972 4513 4509
f 4953 4949 4972
f 4949 4514 4513
f 4974 4976 4975
f 4716 4975 4717
f 4973 4981 4985
f 4978 4686 4717
f 4975 4980 4979
f 4980 4944 4939
f 2355 2043 2037
f 4713 4714 4944
f 4979 4982 4981
f 4982 4984 4983
f 4939 4942 4982
f 4942 5063 4984
f 2340 2342 2347
f 2421 2423 2422
f 4985 4981 4987
f 4986 4985 4988
f 4992 4989 4991
f 4997 4992 4993
f 4991 4990 4471
f 4993 4991 4478
f 4992 4995 4994
f 4995 4999 4996
f 4997 4998 4995
f 4998 5034 4999
f 5001 4989 5000
f 2364 5001 2369
f 5000 4994 5002
f 2369 5000 2370
f 5001 5003 4990
f 5003 4459 4458
f 2364 2365 5003
f 2365 1763 4459
f 5007 5004 5006
f 5006 5009 5008
f 5006 5005 3798
f 3798 3801 5009
f 5007 5011 5010
f 5011 5080 5012
f 5011 5007 5013
f 5080 5011 5014
f 5016 5004 5015
f 5021 5016 5017
f 5015 5010 5018
f 5017 5015 5019
f 5016 5020 5005
f 5020 3806 3805
f 5021 5022 5020
f 5022 3807 3806
f 5026 5023 5025
f 5021 5026 5022
f 5025 5024 4487
f 5022 5025 3807
f 5026 5028 5027
f 5028 5030 5029
f 5021 5017 5028
f 5017 5019 5030
f 5032 5023 5031
f 4997 5032 4998
f 5031 5027 5033
f 4998 5031 5034
f 5032 5035 5024
f 5035 4477 4476
f 4997 4993 5035
f 4993 4478 4477
f 5039 5036 5038
f 5043 5039 5040
f 5038 5037 4986
f 5040 5038 4988
f 5036 5039 5042
f 5041 5013 5008
f 5043 5044 5041
f 5044 5014 5013
f 5046 5036 5045
f 4689 5046 4690
f 5045 5042 5009
f 4690 5045 3801
f 5046 5047 5037
f 5047 4978 4977
f 4689 4683 5047
f 4683 4686 4978
f 4716 4713 4980
f 5057 5060 5059
f 5053 5054 5051
f 5447 5446 5313
f 5057 5048 5056
f 5043 5057 5044
f 5056 5050 5058
f 5044 5056 5014
f 2428 2433 2432
f 2353 2348 2433
f 5043 5040 5060
f 5461 5196 5200
f 2420 2422 2429
f 5053 5049 5062
f 5061 5059 4984
f 5062 5061 5063
f 5067 5064 5066
f 5073 5067 5068
f 5066 5065 5055
f 5068 5066 5069
f 5071 5064 5070
f 5077 5071 5072
f 5073 5074 5070
f 5074 5092 5072
f 5071 5076 5075
f 5076 5018 5012
f 5077 5078 5076
f 5078 5019 5018
f 5065 5064 5079
f 5079 5058 5052
f 5079 5075 5080
f 5080 5014 5058
f 5084 5081 5083
f 4940 5084 4941
f 5083 5082 5062
f 4941 5083 5063
f 5084 5086 5085
f 5086 5088 5087
f 4940 4934 5086
f 4934 4936 5088
f 5090 5081 5089
f 5073 5090 5074
f 5089 5085 5091
f 5074 5089 5092
f 5090 5093 5082
f 5093 5054 5053
f 5073 5068 5093
f 5235 5219 5225
f 5095 5097 5096
f 5097 5099 5098
f 5077 5072 5097
f 5072 5092 5099
f 5101 5094 5100
f 5107 5101 5102
f 5100 5096 5103
f 5102 5100 5104
f 5101 5106 5105
f 5106 5033 5029
f 5107 5108 5106
f 5108 5034 5033
f 5095 5094 5109
f 5077 5095 5078
f 5109 5105 5030
f 5078 5109 5019
f 5111 5113 5112
f 5113 5002 4996
f 2485 2486 5113
f 2486 2370 5002
f 5115 5110 5114
f 5107 5115 5108
f 5114 5112 4999
f 5108 5114 5034
f 5115 5117 5116
f 5117 5119 5118
f 5107 5102 5117
f 5102 5104 5119
f 5111 5110 5120
f 2485 5111 2490
f 5120 5116 5121
f 2490 5120 2491
f 5125 5122 5124
f 5118 5125 5121
f 5124 5123 2501
f 5121 5124 2491
f 5125 5127 5126
f 5127 5129 5128
f 5118 5119 5127
f 5119 5104 5129
f 5131 5122 5130
f 4970 5131 4971
f 5130 5126 5132
f 4971 5130 4955
f 5131 5133 5123
f 5133 2505 2504
f 4970 4967 5133
f 4967 2339 2505
f 5137 5134 5136
f 4958 5137 4959
f 5136 5135 5088
f 4959 5136 4936
f 5137 5139 5138
f 5139 5132 5128
f 4958 4952 5139
f 4952 4955 5132
f 5141 5134 5140
f 5098 5141 5103
f 5140 5138 5129
f 5103 5140 5104
f 5141 5142 5135
f 5142 5091 5087
f 5098 5099 5142
f 5099 5092 5091
f 5144 5146 5145
f 5146 3658 3653
f 4884 4894 5146
f 4894 3960 3658
f 5148 5143 5147
f 5153 5148 5149
f 5147 5145 3655
f 5149 5147 3656
f 5148 5151 5150
f 5151 5154 5152
f 5153 5239 5151
f 2530 2588 2533
f 5144 5143 5156
f 4884 5144 4885
f 5152 5157 5156
f 5157 4925 4885
f 5161 5158 5160
f 3952 5161 3953
f 5160 5159 3563
f 3953 5160 5162
f 5161 5164 5163
f 5164 5166 5165
f 3952 3947 5164
f 3947 3949 5166
f 5168 5158 5167
f 3648 5168 3649
f 5167 5163 5169
f 3649 5167 5170
f 5168 5171 5159
f 5171 3567 3560
f 3648 3642 5171
f 3642 3568 3567
f 5182 5180 5183
f 5176 5183 3942
f 5187 5184 5186
f 5152 5187 5157
f 5186 5185 3832
f 5157 5186 4925
f 5187 5189 5188
f 5189 5191 5190
f 5152 5154 5189
f 5154 5155 5191
f 5188 5195 5192
f 5198 5200 5196
f 5197 5199 5188
f 5202 5204 5185
f 5204 3835 3829
f 5207 5173 3835
f 5212 5209 5211
f 3938 5212 3948
f 5211 5210 5166
f 3948 5211 3949
f 5216 5209 5213
f 5216 5180 5214
f 5213 5212 3940
f 5180 5213 3944
f 5216 5218 5217
f 5228 5217 5219
f 5223 5216 5221
f 5218 5216 5223
f 5224 5219 5226
f 5217 5227 5210
f 5227 5169 5165
f 5228 5229 5227
f 5229 5170 5169
f 5233 5230 5232
f 5228 5233 5229
f 5232 5231 3650
f 5229 5232 5170
f 5233 5235 5234
f 5235 5198 5190
f 5228 5219 5235
f 5201 5198 5236
f 2619 2620 2608
f 5238 5230 5237
f 5153 5238 5239
f 5237 5234 5191
f 5239 5237 5155
f 5238 5240 5231
f 5240 3654 3647
f 5153 5149 5240
f 5149 3656 3654
f 5244 5241 4549
f 4553 5245 4554
f 5248 5254 5249
f 5250 5248 5252
f 5259 5254 5255
f 4548 4570 5253
f 5255 5248 4652
f 5259 5263 5260
f 5264 5173 5261
f 5263 5173 5264
f 5267 5269 5268
f 5273 5268 5270
f 3703 3699 5269
f 3699 3700 5270
f 5272 5266 5271
f 4576 5272 4577
f 5273 5274 5271
f 5274 4578 4577
f 5272 5276 5275
f 5276 5278 5277
f 4576 4591 5276
f 4591 4593 5278
f 5267 5266 5279
f 3703 5267 3704
f 5279 5275 5280
f 3704 5279 5162
f 5284 5281 5283
f 5288 5284 5285
f 5283 5282 3526
f 5285 5283 3527
f 5284 5287 5286
f 5287 4600 4599
f 5288 5289 5287
f 5289 4601 4600
f 5291 5281 5290
f 5273 5291 5274
f 5290 5286 4613
f 5274 5290 4578
f 5291 5292 5282
f 5292 3533 3531
f 5273 5270 5292
f 5270 3700 3533
f 5296 5293 5295
f 2678 5296 2679
f 3512 3508 5295
f 3508 774 2679
f 5296 5298 5297
f 5298 4619 4618
f 5296 2678 5298
f 2685 1938 4619
f 5300 5293 5299
f 5288 5300 5289
f 5299 5297 4629
f 5289 5299 4601
f 5300 5301 5294
f 3512 5294 3513
f 5288 5285 5301
f 5285 3527 3513
f 5303 5305 5304
f 5305 5280 5277
f 3931 3951 5305
f 3951 5162 5280
f 5307 5302 5306
f 4634 5307 4635
f 5306 5304 5278
f 4635 5306 4593
f 5307 5309 5308
f 5309 5314 5310
f 4634 4645 5309
f 5316 5311 5309
f 4645 4554 5315
f 5303 5302 5317
f 3931 5303 3932
f 5310 5318 5308
f 5320 5321 5317
f 5323 5325 5324
f 5259 5324 5263
f 3822 3834 5325
f 3834 5173 5263
f 5327 5322 5326
f 5326 4651 4650
f 5259 5255 5326
f 5255 4652 4651
f 5327 5329 5328
f 5329 2717 2716
f 4650 5330 5329
f 5330 1979 2717
f 5323 5322 5331
f 3822 5323 3823
f 5331 5328 2712
f 3823 5331 2713
f 5335 5332 5334
f 5334 5338 5336
f 5334 5333 5337
f 5337 4561 5338
f 5335 5340 5339
f 5340 4762 4761
f 5340 5335 5341
f 4762 5340 4833
f 5343 5332 5342
f 5346 5343 5344
f 5342 5339 4773
f 5344 5342 4840
f 5343 5345 5333
f 5345 4565 4559
f 5346 5347 5345
f 5347 4566 4565
f 5351 5348 5350
f 5355 5351 5352
f 5350 5349 4581
f 5352 5350 4611
f 5351 5354 5353
f 5354 4780 4779
f 5355 5356 5354
f 5356 4781 4780
f 5358 5348 5357
f 5357 5361 5359
f 5357 5353 5360
f 5360 4792 5361
f 5349 5348 5362
f 4587 5349 4588
f 5362 5358 5363
f 4588 5362 4639
f 5367 5364 5366
f 5371 5367 5368
f 5366 5365 4607
f 5368 5366 4627
f 5367 5370 5369
f 5370 4799 4798
f 5367 5371 5370
f 5372 4800 4799
f 5374 5364 5373
f 5355 5374 5356
f 5373 5369 4808
f 5356 5373 4781
f 5374 5375 5365
f 5375 4610 4604
f 5355 5352 5375
f 5352 4611 4610
f 5379 5376 5378
f 2765 5379 2766
f 5378 5377 4622
f 2766 5378 1951
f 5379 5381 5380
f 5381 4814 4813
f 2765 2772 5381
f 2772 2154 4814
f 5383 5376 5382
f 5371 5383 5372
f 5382 5380 4820
f 5372 5382 4800
f 5376 5383 5377
f 5384 4626 4623
f 5371 5368 5384
f 5368 4627 4626
f 5386 5388 5387
f 5388 5363 5359
f 4642 4638 5388
f 4638 4639 5363
f 5390 5385 5389
f 4825 5390 4826
f 5389 5387 5361
f 4826 5389 4792
f 5390 5392 5391
f 5391 5392 5336
f 4825 4832 5392
f 4832 4833 5341
f 5386 5385 5393
f 4642 5386 4643
f 5393 5391 5338
f 4643 5393 4561
f 5397 5394 5396
f 5346 5397 5347
f 5396 5395 4656
f 5347 5396 4566
f 5394 5397 5399
f 5398 4839 4838
f 5346 5344 5398
f 5344 4840 4839
f 5401 5394 5400
f 2788 5401 2792
f 5400 5399 4847
f 2792 5400 2793
f 5394 5401 5395
f 5402 4659 4655
f 2788 2789 5402
f 5402 2789 4659
f 2348 2350 2413
f 2634 5405 2635
f 2636 2635 5403
f 5405 5430 5406
f 5406 5415 5404
f 5407 2702 2699
f 2639 1877 1876
f 5409 5407 1224
f 2695 5407 2694
f 5412 5407 5411
f 5412 5420 5408
f 2573 5414 5413
f 2554 5414 2553
f 5404 5414 2554
f 5416 5414 5415
f 5416 5425 5413
f 5417 2645 5418
f 1868 1867 5419
f 5418 2703 5408
f 5421 5418 5420
f 5419 5418 5422
f 2578 5424 5423
f 2569 5424 2567
f 5424 2569 5413
f 5426 5424 5425
f 5423 5424 5427
f 5428 2633 2637
f 5405 2634 2633
f 1868 5419 1869
f 1871 1869 5428
f 5419 5422 5429
f 5405 5428 5430
f 1239 5431 1219
f 5409 1225 1221
f 2562 2558 5431
f 2560 5431 2559
f 4916 4923 4924
f 5432 5431 2557
f 5432 5436 5433
f 5433 5411 5409
f 2605 5434 2599
f 2605 2607 5434
f 2425 2426 2423
f 2585 5434 2620
f 2426 2442 2427
f 5423 5427 5435
f 5432 5434 5436
f 5438 5437 5430
f 5433 5437 5411
f 5439 5437 5436
f 5406 5437 5415
f 5426 5440 5427
f 5416 5440 5425
f 5416 5415 5439
f 5439 5436 5435
f 5421 5441 5422
f 5412 5441 5420
f 5412 5411 5438
f 5438 5430 5429
f 5404 2630 2625
f 5443 5455 5444
f 5444 5467 5445
f 5250 5252 5445
f 5247 5249 5442
f 5446 5318 5310
f 2702 5407 5408
f 5447 5460 5448
f 5450 5446 5449
f 5450 3935 3934
f 5321 5320 5446
f 5205 5452 5206
f 5452 5465 5454
f 5443 5453 5455
f 5174 5453 5172
f 5443 5261 5175
f 4553 4551 5456
f 4550 5457 4551
f 5459 5456 5458
f 5447 5456 5460
f 5456 5447 5316
f 5197 5461 5199
f 5464 5462 5463
f 5452 5462 5465
f 5193 5462 5202
f 5462 5452 5203
f 5466 5243 5253
f 5445 5466 5251
f 5468 5466 5467
f 5468 5458 5457
f 5242 5466 5457
f 3930 5469 3929
f 5451 5450 3936
f 5450 5449 5470
f 5470 5473 5471
f 5183 5176 5469
f 5176 5177 5469
f 2557 5431 2558
f 5471 5214 5179
f 5221 5472 5223
f 5222 5472 5226
f 2600 5434 5432
f 5474 5472 5473
f 5474 5463 5461
f 5225 5472 5236
f 5423 5434 2581
f 5444 5475 5467
f 5477 5475 5455
f 5470 5475 5473
f 5476 5475 5449
f 5474 5478 5463
f 5474 5473 5477
f 5477 5455 5454
f 5464 5478 5465
f 5468 5479 5458
f 5468 5467 5476
f 5476 5449 5448
f 5459 5479 5460
f 3865 3883 3869