# Converted from tip_shell.STL with black material
mtllib tip_shell_black.mtl
o tip_shell_black
v 2.9026148 27.5823154 22.6394100
v 2.8770018 27.4842777 22.6394100
v 2.9942262 27.4541798 22.6394100
v 26.0973835 11.4176836 22.6394100
v 26.1229973 11.5157213 22.6394100
v 26.0057735 11.5458193 22.6394100
v 10.7917957 35.9126778 22.6394100
v 9.3906479 35.3579254 22.6394100
v 9.4421787 35.2484169 22.6394100
v 26.1229973 27.4842777 22.6394100
v 26.0973835 27.5823154 22.6394100
v 26.0057735 27.4541798 22.6394100
v 25.9821472 27.9871578 22.6394100
v 25.5447903 28.8729420 22.6394100
v 18.2082043 3.0873213 22.6394100
v 19.6093521 3.6420748 22.6394100
v 19.5578194 3.7515833 22.6394100
v 26.0139370 27.4221973 22.6394100
v 26.0620518 27.2256145 22.6394100
v 26.3291206 26.5178871 22.6394100
v 26.2063255 26.5179024 22.6394100
v 26.4053764 26.0039978 22.6394100
v 26.2853031 25.9888287 22.6394100
v 26.4817638 25.1613140 22.6394100
v 26.3605537 25.1612530 22.6394100
v 26.5000000 24.5000000 22.6394100
v 26.3789730 24.5000000 22.6394100
v 26.5000000 14.5000000 22.6394100
v 26.3789730 14.5000000 22.6394100
v 26.4817638 13.8386850 22.6394100
v 26.3605537 13.8387470 22.6394100
v 26.4053764 12.9960012 22.6394100
v 25.9821472 11.0128412 22.6394100
v 25.5447903 10.1270580 22.6394100
v 25.7106133 10.2195644 22.6394100
v 3.0178511 27.9871578 22.6394100
v 3.4552095 28.8729420 22.6394100
v 3.2893858 28.7804356 22.6394100
v 26.2853031 13.0111694 22.6394100
v 26.2063255 12.4820976 22.6394100
v 26.1861458 11.7734661 22.6394100
v 26.0620518 11.7743845 22.6394100
v 26.0139370 11.5778017 22.6394100
v 2.8770018 11.5157213 22.6394100
v 2.9026148 11.4176836 22.6394100
v 2.9942262 11.5458193 22.6394100
v 3.0178511 11.0128412 22.6394100
v 3.4552095 10.1270580 22.6394100
v 8.3243113 34.6474571 22.6394100
v 8.2812376 34.7628937 22.6394100
v 8.1349277 34.5297470 22.6394100
v 8.0700779 34.6319351 22.6394100
v 6.9280572 33.6529045 22.6394100
v 6.8509116 33.7461586 22.6394100
v 6.3105373 33.1048088 22.6394100
v 6.2536488 33.2176666 22.6394100
v 5.8406005 32.6317139 22.6394100
v 5.7523761 32.7145653 22.6394100
v 5.3804770 32.1121178 22.6394100
v 5.3173585 32.2252235 22.6394100
v 4.8897090 31.4822845 22.6394100
v 4.7917953 31.5534229 22.6394100
v 4.5092983 30.9261875 22.6394100
v 4.4403086 31.0423717 22.6394100
v 4.0903764 30.2227383 22.6394100
v 3.9843190 30.2810440 22.6394100
v 3.3426816 28.9174938 22.6394100
v 10.8291950 35.7975731 22.6394100
v 11.6176224 36.0239716 22.6394100
v 12.2514238 36.2874489 22.6394100
v 12.2741022 36.1685638 22.6394100
v 12.7513618 36.3719101 22.6394100
v 13.7541122 36.3555336 22.6394100
v 2.9860623 11.5778017 22.6394100
v 2.9379482 11.7743845 22.6394100
v 2.6708777 12.4821110 22.6394100
v 2.7936735 12.4820976 22.6394100
v 2.5946229 12.9960012 22.6394100
v 2.7146955 13.0111694 22.6394100
v 2.5182357 13.8386850 22.6394100
v 2.6394455 13.8387470 22.6394100
v 2.4999995 14.5000000 22.6394100
v 2.6210268 14.5000000 22.6394100
v 2.4999995 24.5000000 22.6394100
v 2.6210268 24.5000000 22.6394100
v 2.5182357 25.1613140 22.6394100
v 2.6394455 25.1612530 22.6394100
v 2.5946229 26.0039978 22.6394100
v 20.6756878 4.3525434 22.6394100
v 20.7187614 4.2371054 22.6394100
v 20.8650723 4.4702506 22.6394100
v 20.9299202 4.3680649 22.6394100
v 22.0719414 5.3470936 22.6394100
v 22.1490879 5.2538404 22.6394100
v 22.6894608 5.8951926 22.6394100
v 22.7463512 5.7823334 22.6394100
v 23.1593990 6.3682833 22.6394100
v 23.2476234 6.2854347 22.6394100
v 23.6195221 6.8878837 22.6394100
v 23.6826401 6.7747750 22.6394100
v 24.1102905 7.5177145 22.6394100
v 24.2082043 7.4465766 22.6394100
v 24.4907017 8.0738115 22.6394100
v 24.5596905 7.9576287 22.6394100
v 24.9096222 8.7772608 22.6394100
v 25.0156803 8.7189550 22.6394100
v 25.6573181 10.0825052 22.6394100
v 18.1708031 3.2024252 22.6394100
v 17.3823776 2.9760292 22.6394100
v 16.7485752 2.7125525 22.6394100
v 16.7258968 2.8314357 22.6394100
v 16.2486382 2.6280890 22.6394100
v 15.2458868 2.6444671 22.6394100
v 2.7146955 25.9888287 22.6394100
v 2.7936735 26.5179024 22.6394100
v 2.8138533 27.2265320 22.6394100
v 2.9379482 27.2256145 22.6394100
v 2.9860623 27.4221973 22.6394100
v 25.7106133 28.7804356 22.6394100
v 25.6573181 28.9174938 22.6394100
v 24.9096222 30.2227383 22.6394100
v 25.0156803 30.2810440 22.6394100
v 24.4907017 30.9261875 22.6394100
v 24.5596905 31.0423717 22.6394100
v 24.1102905 31.4822845 22.6394100
v 24.2082043 31.5534229 22.6394100
v 23.6195221 32.1121178 22.6394100
v 23.6826401 32.2252235 22.6394100
v 23.1593990 32.6317139 22.6394100
v 23.2476234 32.7145653 22.6394100
v 22.6894608 33.1048088 22.6394100
v 22.7463512 33.2176666 22.6394100
v 22.0719414 33.6529045 22.6394100
v 22.1490879 33.7461586 22.6394100
v 20.8650723 34.5297470 22.6394100
v 20.9299202 34.6319351 22.6394100
v 20.6756878 34.6474571 22.6394100
v 20.7187614 34.7628937 22.6394100
v 19.5578194 35.2484169 22.6394100
v 19.6093521 35.3579254 22.6394100
v 18.1708031 35.7975731 22.6394100
v 18.2082043 35.9126778 22.6394100
v 17.3823776 36.0239716 22.6394100
v 16.7485752 36.2874489 22.6394100
v 16.7258968 36.1685638 22.6394100
v 16.2486382 36.3719101 22.6394100
v 15.2458868 36.3555336 22.6394100
v 15.2534857 36.4763184 22.6394100
v 15.0798292 36.3648109 22.6394100
v 15.0838556 36.4857864 22.6394100
v 13.9201698 36.3648109 22.6394100
v 13.9161434 36.4857864 22.6394100
v 13.7465134 36.4763184 22.6394100
v 3.2893858 10.2195644 22.6394100
v 3.3426816 10.0825052 22.6394100
v 4.0903764 8.7772608 22.6394100
v 3.9843190 8.7189550 22.6394100
v 4.5092983 8.0738115 22.6394100
v 4.4403086 7.9576287 22.6394100
v 4.8897090 7.5177145 22.6394100
v 4.7917953 7.4465766 22.6394100
v 5.3804770 6.8878837 22.6394100
v 5.3173585 6.7747750 22.6394100
v 5.8406005 6.3682833 22.6394100
v 5.7523761 6.2854347 22.6394100
v 6.3105373 5.8951926 22.6394100
v 6.2536488 5.7823334 22.6394100
v 6.9280572 5.3470936 22.6394100
v 6.8509116 5.2538404 22.6394100
v 8.1349277 4.4702506 22.6394100
v 8.0700779 4.3680649 22.6394100
v 8.3243113 4.3525434 22.6394100
v 8.2812376 4.2371054 22.6394100
v 9.4421787 3.7515833 22.6394100
v 9.3906479 3.6420748 22.6394100
v 10.8291950 3.2024252 22.6394100
v 10.7917957 3.0873213 22.6394100
v 11.6176224 2.9760292 22.6394100
v 12.2514238 2.7125525 22.6394100
v 12.2741022 2.8314357 22.6394100
v 12.7513618 2.6280890 22.6394100
v 13.7541122 2.6444671 22.6394100
v 13.7465134 2.5236793 22.6394100
v 13.9201698 2.6351864 22.6394100
v 13.9161434 2.5142114 22.6394100
v 15.0798292 2.6351864 22.6394100
v 15.0838556 2.5142114 22.6394100
v 15.2534857 2.5236793 22.6394100
v 2.3292620 24.5000000 22.1963081
v 2.3292620 14.5000000 22.1963081
v 1.7702934 24.5000000 21.2316093
v 1.7702934 14.5000000 21.2316093
v 1.2522955 24.5000000 20.1443195
v 1.2522955 14.5000000 20.1443195
v 1.0856576 24.5000000 19.7359753
v 1.0856576 14.5000000 19.7359753
v 0.8410746 24.5000000 19.0600185
v 0.8410746 14.5000000 19.0600185
v 0.5760537 24.5000000 18.1720219
v 0.5760537 14.5000000 18.1720219
v 0.2481313 24.5000000 16.5601540
v 0.2481313 14.5000000 16.5601540
v 0.1466945 24.5000000 15.6587181
v 0.1466945 14.5000000 15.6587181
v 0.1061670 24.5000000 14.9214067
v 0.1061670 14.5000000 14.9214067
v 0.0999998 24.5000000 14.5000000
v 0.0999998 14.5000000 14.5000000
v 0.1520151 24.5000000 13.2771606
v 0.1520151 14.5000000 13.2771606
v 0.2864757 24.5000000 12.1900768
v 0.2864757 14.5000000 12.1900768
v 0.3850767 24.5000000 11.6488695
v 0.3850767 14.5000000 11.6488695
v 0.5184375 24.5000000 11.0538540
v 0.5184375 14.5000000 11.0538540
v 0.8023102 24.5000000 10.0577812
v 0.8023102 14.5000000 10.0577812
v 1.2522955 24.5000000 8.8556805
v 1.2522955 14.5000000 8.8556805
v 1.3982728 24.5000000 8.5246544
v 1.3982728 14.5000000 8.5246544
v 1.7494327 24.5000000 7.8079858
v 1.7494327 14.5000000 7.8079858
v 2.1651871 24.5000000 7.0694947
v 2.1651871 14.5000000 7.0694947
v 2.9880238 24.5000000 5.8493114
v 2.9880238 14.5000000 5.8493114
v 3.0930471 24.5000000 5.7112880
v 3.0930471 14.5000000 5.7112880
v 3.7214448 24.5000000 4.9510336
v 3.7214448 14.5000000 4.9510336
v 4.1697464 24.5000000 4.4677582
v 4.1697464 14.5000000 4.4677582
v 4.5247693 24.5000000 4.1146846
v 4.5247693 14.5000000 4.1146846
v 5.3812351 24.5000000 3.3551297
v 5.3812351 14.5000000 3.3551297
v 6.3198676 24.5000000 2.6490316
v 6.3198676 14.5000000 2.6490316
v 6.7117062 24.5000000 2.3879194
v 6.7117062 14.5000000 2.3879194
v 7.2999997 24.5000000 2.0292337
v 7.2999997 14.5000000 2.0292337
v 8.1437998 24.5000000 1.5787492
v 8.1437998 14.5000000 1.5787492
v 8.3268270 24.5000000 1.4903135
v 8.3268270 14.5000000 1.4903135
v 9.3936892 24.5000000 1.0357658
v 9.3936892 14.5000000 1.0357658
v 9.6588287 24.5000000 0.9381762
v 9.6588287 14.5000000 0.9381762
v 10.4936686 24.5000000 0.6685387
v 10.4936686 14.5000000 0.6685387
v 11.2370262 24.5000000 0.4745582
v 11.2370262 14.5000000 0.4745582
v 11.6196299 24.5000000 0.3910139
v 11.6196299 14.5000000 0.3910139
v 12.7642717 24.5000000 0.2049915
v 12.7642717 14.5000000 0.2049915
v 12.8577995 24.5000000 0.1939461
v 12.8577995 14.5000000 0.1939461
v 13.9201698 24.5000000 0.1116777
v 13.9201698 14.5000000 0.1116777
v 14.5000000 24.5000000 0.0999998
v 14.5000000 14.5000000 0.0999998
v 15.0798292 24.5000000 0.1116777
v 15.0798292 14.5000000 0.1116777
v 16.1422005 24.5000000 0.1939461
v 16.1422005 14.5000000 0.1939461
v 16.2357273 24.5000000 0.2049915
v 16.2357273 14.5000000 0.2049915
v 17.3803692 24.5000000 0.3910139
v 17.3803692 14.5000000 0.3910139
v 17.7629738 24.5000000 0.4745582
v 17.7629738 14.5000000 0.4745582
v 18.5063305 24.5000000 0.6685387
v 18.5063305 14.5000000 0.6685387
v 19.3411713 24.5000000 0.9381762
v 19.3411713 14.5000000 0.9381762
v 19.6063099 24.5000000 1.0357658
v 19.6063099 14.5000000 1.0357658
v 20.6731720 24.5000000 1.4903135
v 20.6731720 14.5000000 1.4903135
v 20.8561993 24.5000000 1.5787492
v 20.8561993 14.5000000 1.5787492
v 21.6999989 24.5000000 2.0292337
v 21.6999989 14.5000000 2.0292337
v 22.2882938 24.5000000 2.3879194
v 22.2882938 14.5000000 2.3879194
v 22.6801319 24.5000000 2.6490316
v 22.6801319 14.5000000 2.6490316
v 23.6187649 24.5000000 3.3551297
v 23.6187649 14.5000000 3.3551297
v 24.4752293 24.5000000 4.1146846
v 24.4752293 14.5000000 4.1146846
v 24.8302536 24.5000000 4.4677582
v 24.8302536 14.5000000 4.4677582
v 25.2785549 24.5000000 4.9510336
v 25.2785549 14.5000000 4.9510336
v 25.9069519 24.5000000 5.7112880
v 25.9069519 14.5000000 5.7112880
v 26.6707363 24.5000000 6.8036919
v 26.6707363 14.5000000 6.8036919
v 26.8348122 24.5000000 7.0694947
v 26.8348122 14.5000000 7.0694947
v 27.2505665 24.5000000 7.8079858
v 27.2505665 14.5000000 7.8079858
v 27.6017265 24.5000000 8.5246544
v 27.6017265 14.5000000 8.5246544
v 28.1589241 24.5000000 9.9399805
v 28.1589241 14.5000000 9.9399805
v 28.1976891 24.5000000 10.0577812
v 28.1976891 14.5000000 10.0577812
v 28.4815617 24.5000000 11.0538540
v 28.4815617 14.5000000 11.0538540
v 28.6149216 24.5000000 11.6488695
v 28.6149216 14.5000000 11.6488695
v 28.7135239 24.5000000 12.1900768
v 28.7135239 14.5000000 12.1900768
v 28.8479843 24.5000000 13.2771606
v 28.8479843 14.5000000 13.2771606
v 28.8999996 24.5000000 14.5000000
v 28.8999996 14.5000000 14.5000000
v 28.8938313 24.5000000 14.9214067
v 28.8938313 14.5000000 14.9214067
v 28.8533039 24.5000000 15.6587181
v 28.8533039 14.5000000 15.6587181
v 28.7518673 24.5000000 16.5601540
v 28.7518673 14.5000000 16.5601540
v 28.4239445 24.5000000 18.1720219
v 28.4239445 14.5000000 18.1720219
v 28.1589241 24.5000000 19.0600185
v 28.1589241 14.5000000 19.0600185
v 27.9143410 24.5000000 19.7359753
v 27.9143410 14.5000000 19.7359753
v 27.2505665 24.5000000 21.1920128
v 27.2505665 14.5000000 21.1920128
v 27.2297058 24.5000000 21.2316093
v 27.2297058 14.5000000 21.2316093
v 26.6707363 24.5000000 22.1963081
v 26.6707363 14.5000000 22.1963081
v 0.1466945 14.2227001 13.3749514
v 0.1466945 14.3141279 13.3562860
v 0.1466945 14.1330709 13.4009123
v 0.1466945 14.0458202 13.4340019
v 0.1466945 13.9615164 13.4740057
v 0.1466945 13.8807039 13.5206623
v 0.1466945 13.8039083 13.5736704
v 0.1466945 13.7316275 13.6326866
v 0.1466945 13.6643286 13.6973267
v 0.1466945 13.6024504 13.7671738
v 0.1466945 13.5463924 13.8417721
v 0.1466945 13.4965200 13.9206400
v 0.1466945 13.4531546 14.0032654
v 0.1466945 13.4165792 14.0891123
v 0.1466945 13.3870296 14.1776237
v 0.1466945 13.3646975 14.2682257
v 0.1466945 13.3497295 14.3603315
v 0.1466945 13.3422203 14.4533424
v 0.1466945 13.3422203 14.5466566
v 0.1466945 13.3497295 14.6396675
v 0.1466945 13.3646975 14.7317734
v 0.1466945 13.3870296 14.8223753
v 0.1466945 13.4165792 14.9108868
v 0.1466945 13.4531546 14.9967337
v 0.1466945 13.4965200 15.0793591
v 0.1466945 13.5463924 15.1582270
v 0.1466945 13.6024504 15.2328262
v 0.1466945 13.6643286 15.3026724
v 0.1466945 13.7316275 15.3673124
v 0.1466945 13.8039083 15.4263287
v 0.1466945 13.8807039 15.4793367
v 0.1466945 13.9615164 15.5259943
v 0.1466945 14.0458202 15.5659971
v 0.1466945 14.1330709 15.5990868
v 0.1466945 14.2227001 15.6250477
v 0.2864757 14.3141279 12.1975679
v 1.2522955 14.0458202 8.8739834
v 2.9880238 13.8039083 5.8773627
v 27.2505665 13.9615164 21.1703129
v 28.8533039 14.4067612 13.3450384
v 28.8533039 13.7316275 15.3673124
v 28.8533039 13.6643286 15.3026724
v 28.7135239 12.8340778 16.1001396
v 28.8533039 14.0458202 15.5659971
v 28.8533039 14.1330709 15.5990868
v 4.5247693 7.6132617 22.2735195
v 5.3927860 6.4554830 22.2268620
v 6.3198676 5.3201814 21.9950886
v 7.2999997 4.8400826 22.3870773
v 8.3268270 3.7932377 21.8903427
v 12.5556908 2.6510515 22.4487171
v 13.9201698 2.0393479 21.6941605
v 24.4752293 7.6132617 22.2735195
v 26.0119762 11.1092186 22.4584560
v 26.6707363 13.8807039 22.1713505
v 26.6707363 13.2654247 22.0966415
v 26.6707363 12.6581526 21.9726677
v 26.6707363 12.0628252 21.8002281
v 15.0798292 2.0393479 21.6941605
v 4.5247693 7.0100851 21.6941605
v 3.7214448 8.1678638 21.6475029
v 3.7214448 8.7635317 22.1338520
v 3.7214448 9.3964033 22.5706902
v 2.9880238 11.1092186 22.4584560
v 2.9880238 10.4798241 22.1598034
v 2.3292620 12.6581526 21.9726677
v 2.3292620 13.2654247 22.0966415
v 28.7135239 14.3141279 16.8024311
v 28.4815617 11.8305979 16.6794987
v 28.7135239 12.7107220 15.9608994
v 28.8533039 13.6024504 15.2328262
v 28.4815617 14.2227001 17.9349709
v 28.1589241 10.7471771 17.0903854
v 28.4815617 11.6638775 16.4576340
v 28.7135239 12.5989704 15.8121853
v 28.8533039 13.5463924 15.1582270
v 28.4815617 14.2227001 11.0650291
v 28.7135239 14.3141279 12.1975679
v 28.1589241 14.1330709 19.0452328
v 28.1589241 13.7685213 19.0009670
v 27.7477036 9.6118755 17.3221588
v 28.1589241 10.5509071 16.7800083
v 28.4815617 11.5155497 16.2230721
v 28.7135239 12.4995480 15.6549606
v 28.8533039 13.4965200 15.0793591
v 28.1589241 14.1330709 9.9547672
v 27.7477036 14.0458202 20.1260166
v 27.7477036 13.5945873 20.0712261
v 27.7477036 13.1492252 19.9803047
v 27.2505665 8.4540968 17.3688164
v 27.7477036 9.4006367 16.9196777
v 28.1589241 10.3802481 16.4548454
v 28.4815617 11.3865776 15.9773369
v 28.7135239 12.4130993 15.4902458
v 28.8533039 13.4531546 14.9967337
v 27.2505665 13.4265251 21.1053524
v 27.2505665 12.8984957 20.9975548
v 27.2505665 12.3808527 20.8476181
v 26.6707363 7.3038263 17.2291489
v 27.2505665 8.2428579 16.8730202
v 27.7477036 9.2224693 16.5015030
v 28.1589241 10.2363071 16.1170044
v 28.4815617 11.2777977 15.7220192
v 28.7135239 12.3401842 15.3191090
v 28.8533039 13.4165792 14.9108868
v 26.6707363 11.4833040 21.5804443
v 26.0119762 6.1908569 16.9067726
v 26.6707363 7.1075563 16.6412468
v 27.2505665 8.0721989 16.3618355
v 27.7477036 9.0785284 16.0703468
v 28.1589241 10.1200190 15.7686768
v 28.4815617 11.1899147 15.4587774
v 28.7135239 12.2812777 15.1426601
v 28.8533039 13.3870296 14.8223753
v 27.7477036 14.0458202 8.8739834
v 27.2505665 13.9615164 7.8296862
v 26.6707363 13.8807039 6.8286486
v 26.0119762 10.4798241 22.1598034
v 25.2785549 5.1440110 16.4100380
v 26.0119762 6.0241361 16.2303600
v 26.6707363 6.9592295 16.0394592
v 27.2505665 7.9432268 15.8385744
v 27.7477036 8.9697485 15.6290083
v 28.1589241 10.0321360 15.4121208
v 28.4815617 11.1234980 15.1893177
v 28.7135239 12.2367592 14.9620438
v 28.8533039 13.3646975 14.7317734
v 25.2785549 8.7635317 22.1338520
v 25.2785549 9.3964033 22.5706902
v 26.0119762 9.8765020 21.8114758
v 25.2785549 8.1678638 21.6475029
v 26.0119762 9.3031654 21.4157295
v 26.6707363 10.3865862 21.0048428
v 26.6707363 10.9233465 21.3147411
v 27.2505665 11.3900661 20.4254837
v 27.2505665 11.8769541 20.6565151
v 27.7477036 12.2876148 19.6926575
v 27.7477036 12.7126245 19.8538418
v 28.1589241 13.0559874 18.8253441
v 28.1589241 13.4087152 18.9275131
v 28.4815617 13.6752825 17.8460064
v 28.4815617 13.9471989 17.9015179
v 28.7135239 14.1294622 16.7800083
v 28.8533039 14.4067612 15.6549606
v 24.4752293 4.1904049 15.7518110
v 25.2785549 5.0206556 15.6510000
v 26.0119762 5.9123840 15.5427246
v 26.6707363 6.8598065 15.4276867
v 27.2505665 7.8567781 15.3066330
v 27.7477036 8.8968334 15.1803474
v 28.1589241 9.9732285 15.0496492
v 28.4815617 11.0789804 14.9153862
v 28.7135239 12.2069187 14.7784300
v 28.8533039 13.3497295 14.6396675
v 23.6072140 3.3547347 14.9491386
v 24.4752293 4.1231065 14.9181738
v 25.2785549 4.9587779 14.8844976
v 26.0119762 5.8563266 14.8483276
v 26.6707363 6.8099337 14.8098984
v 27.2505665 7.8134131 14.7694597
v 27.7477036 8.8602581 14.7272730
v 28.1589241 9.9436789 14.6836128
v 28.4815617 11.0566492 14.6387615
v 28.7135239 12.1919508 14.5930109
v 28.8533039 13.3422203 14.5466566
v 26.0119762 13.8039083 5.8773627
v 25.2785549 13.7316275 4.9819975
v 24.4752293 13.6643286 4.1483603
v 23.6072140 5.8598146 21.5544930
v 23.6072140 6.4554830 22.2268620
v 24.4752293 7.0100851 21.6941605
v 22.6801319 2.6586428 14.0228090
v 23.6072140 3.3547347 14.0508604
v 24.4752293 4.1231065 14.0818253
v 25.2785549 4.9587779 14.1155014
v 26.0119762 5.8563266 14.1516714
v 26.6707363 6.8099337 14.1901007
v 27.2505665 7.8134131 14.2305393
v 27.7477036 8.8602581 14.2727261
v 28.1589241 9.9436789 14.3163862
v 28.4815617 11.0566492 14.3612375
v 28.7135239 12.1919508 14.4069881
v 28.8533039 13.3422203 14.4533424
v 21.6999989 2.1201596 12.9968147
v 22.6801319 2.7354388 13.0715237
v 23.6072140 3.4270155 13.1554956
v 24.4752293 4.1904049 13.2481880
v 25.2785549 5.0206556 13.3489990
v 26.0119762 5.9123840 13.4572744
v 26.6707363 6.8598065 13.5723124
v 27.2505665 7.8567781 13.6933661
v 27.7477036 8.8968334 13.8196526
v 28.1589241 9.9732285 13.9503498
v 28.4815617 11.0789804 14.0846128
v 28.7135239 12.2069187 14.2215691
v 28.8533039 13.3497295 14.3603315
v 21.6999989 4.2367606 21.5842018
v 21.6999989 4.8400826 22.3870773
v 22.6801319 5.3201814 21.9950886
v 20.6731720 1.7532306 11.8977280
v 21.6999989 2.2812598 12.0055265
v 22.6801319 2.8885324 12.1295013
v 23.6072140 3.5711098 12.2688513
v 24.4752293 4.3245649 12.4226694
v 25.2785549 5.1440110 12.5899611
v 26.0119762 6.0241361 12.7696400
v 26.6707363 6.9592295 12.9605398
v 27.2505665 7.9432268 13.1614246
v 27.7477036 8.9697485 13.3709908
v 28.1589241 10.0321360 13.5878782
v 28.4815617 11.1234980 13.8106823
v 28.7135239 12.2367592 14.0379553
v 28.8533039 13.3646975 14.2682257
v 23.6072140 13.6024504 3.3818586
v 22.6801319 13.5463924 2.6874607
v 21.6999989 13.4965200 2.0696726
v 19.6063099 1.5673591 10.7540150
v 20.6731720 2.0039604 10.8804779
v 21.6999989 2.5216033 11.0304146
v 22.6801319 3.1169307 11.2028532
v 23.6072140 3.7860816 11.3966751
v 24.4752293 4.5247164 11.6106234
v 25.2785549 5.3280444 11.8433104
v 26.0119762 6.1908569 12.0932264
v 26.6707363 7.1075563 12.3587523
v 27.2505665 8.0721989 12.6381645
v 27.7477036 9.0785284 12.9296513
v 28.1589241 10.1200190 13.2313223
v 28.4815617 11.1899147 13.5412216
v 28.7135239 12.2812777 13.8573389
v 28.8533039 13.3870296 14.1776237
v 20.6731720 13.4531546 1.5324997
v 18.5063305 1.5673591 9.5952959
v 19.6063099 1.9107219 9.7255163
v 20.6731720 2.3357320 9.8867016
v 21.6999989 2.8396313 10.0778055
v 22.6801319 3.4191525 10.2975883
v 23.6072140 4.0705371 10.5446262
v 24.4752293 4.7895613 10.8173161
v 25.2785549 5.5715609 11.1138897
v 26.0119762 6.4114647 11.4324226
v 26.6707363 7.3038263 11.7708511
v 27.2505665 8.2428579 12.1269789
v 27.7477036 9.2224693 12.4984961
v 28.1589241 10.2363071 12.8829947
v 28.4815617 11.2777977 13.2779799
v 28.7135239 12.3401842 13.6808901
v 28.8533039 13.4165792 14.0891123
v 17.3803692 1.7532306 8.4515820
v 18.5063305 2.0039604 8.5705547
v 19.6063099 2.3357320 8.7279825
v 20.6731720 2.7463930 8.9228439
v 21.6999989 3.2332809 9.1538754
v 22.6801319 3.7932377 9.4195786
v 23.6072140 4.4226322 9.7182293
v 24.4752293 5.1173820 10.0478926
v 25.2785549 5.8729815 10.4064293
v 26.0119762 6.6845317 10.7915134
v 26.6707363 7.5467668 11.2006493
v 27.2505665 8.4540968 11.6311827
v 27.7477036 9.4006367 12.0803223
v 28.1589241 10.3802481 12.5451536
v 28.4815617 11.3865776 13.0226622
v 28.7135239 12.4130993 13.5097532
v 28.8533039 13.4531546 14.0032654
v 19.6063099 13.4165792 1.0794262
v 18.5063305 13.3870296 0.7133903
v 16.2357273 2.1201596 7.3524957
v 17.3803692 2.2812598 7.4455066
v 18.5063305 2.5216033 7.5842690
v 19.6063099 2.8396313 7.7678828
v 20.6731720 3.2332809 7.9951568
v 21.6999989 3.6999993 8.2646170
v 22.6801319 4.2367606 8.5745153
v 23.6072140 4.8400826 8.9228439
v 24.4752293 5.5060525 9.3073425
v 25.2785549 6.2303524 9.7255163
v 26.0119762 7.0082836 10.1746550
v 26.6707363 7.8348017 10.6518459
v 27.2505665 8.7045460 11.1539927
v 27.7477036 9.6118755 11.6778402
v 28.1589241 10.5509071 12.2199898
v 28.4815617 11.5155497 12.7769270
v 28.7135239 12.4995480 13.3450384
v 28.8533039 13.4965200 13.9206400
v 17.3803692 13.3646975 0.4367651
v 16.2357273 2.1201596 21.6475029
v 16.4443092 2.6510515 22.4487171
v 17.3803692 2.8885324 22.5148163
v 15.0798292 2.6586428 6.3265014
v 16.2357273 2.7354388 6.3795094
v 17.3803692 2.8885324 6.4851828
v 18.5063305 3.1169307 6.6428342
v 19.6063099 3.4191525 6.8514433
v 20.6731720 3.7932377 7.1096554
v 21.6999989 4.2367606 7.4157972
v 22.6801319 4.7468443 7.7678828
v 23.6072140 5.3201814 8.1636286
v 24.4752293 5.9530530 8.6004686
v 25.2785549 6.6413546 9.0755682
v 26.0119762 7.3806224 9.5858488
v 26.6707363 8.1660624 10.1279984
v 27.2505665 8.9925804 10.6985025
v 27.7477036 9.8548155 11.2936611
v 28.1589241 10.7471771 11.9096136
v 28.4815617 11.6638775 12.5423660
v 28.7135239 12.5989704 13.1878138
v 28.8533039 13.5463924 13.8417721
v 13.9201698 3.3547347 5.4001722
v 15.0798292 3.3547347 5.4001722
v 16.2357273 3.4270155 5.4591875
v 17.3803692 3.5711098 5.5768371
v 18.5063305 3.7860816 5.7523556
v 19.6063099 4.0705371 5.9846072
v 20.6731720 4.4226322 6.2720842
v 21.6999989 4.8400826 6.6129212
v 22.6801319 5.3201814 7.0049095
v 23.6072140 5.8598146 7.4455066
v 24.4752293 6.4554830 7.9318552
v 25.2785549 7.1033230 8.4608002
v 26.0119762 7.7991333 9.0289116
v 26.6707363 8.5384016 9.6325054
v 27.2505665 9.3163328 10.2676668
v 27.7477036 10.1278820 10.9302759
v 28.1589241 10.9677858 11.6160364
v 28.4815617 11.8305979 12.3205004
v 28.7135239 12.7107220 13.0390997
v 28.8533039 13.6024504 13.7671738
v 16.2357273 13.3497295 0.2513463
v 15.0798292 13.3422203 0.1583351
v 13.9201698 1.5008645 20.6681671
v 12.7642717 4.1904049 4.5974998
v 13.9201698 4.1231065 4.5328588
v 15.0798292 4.1231065 4.5328588
v 16.2357273 4.1904049 4.5974998
v 17.3803692 4.3245649 4.7263613
v 18.5063305 4.5247164 4.9186096
v 19.6063099 4.7895613 5.1729970
v 20.6731720 5.1173820 5.4878731
v 21.6999989 5.5060525 5.8611965
v 22.6801319 5.9530530 6.2905455
v 23.6072140 6.4554830 6.7731366
v 24.4752293 7.0100851 7.3058386
v 25.2785549 7.6132617 7.8851981
v 26.0119762 8.2611017 8.5074568
v 26.6707363 8.9494038 9.1685801
v 27.2505665 9.6737032 9.8642788
v 27.7477036 10.4293032 10.5900421
v 28.1589241 11.2113028 11.3411636
v 28.4815617 12.0146313 12.1127710
v 28.7135239 12.8340778 12.8998604
v 28.8533039 13.6643286 13.6973267
v 13.9201698 13.3422203 0.1583351
v 12.7642717 2.1201596 21.6475029
v 12.7642717 1.5851687 20.6281624
v 12.7642717 1.1339356 19.5690784
v 12.7642717 0.7693861 18.4771214
v 13.9201698 1.0466855 19.6021690
v 15.0798292 1.5008645 20.6681671
v 12.7642717 0.4938850 17.3593693
v 13.9201698 0.6797565 18.5030823
v 15.0798292 1.0466855 19.6021690
v 16.2357273 1.5851687 20.6281624
v 17.3803692 2.2812598 21.5544930
v 18.5063305 3.1169307 22.3571644
v 12.7642717 0.3092186 16.2230721
v 13.9201698 0.4024562 17.3780327
v 15.0798292 0.6797565 18.5030823
v 16.2357273 1.1339356 19.5690784
v 17.3803692 1.7532306 20.5484161
v 18.5063305 2.5216033 21.4157295
v 19.6063099 3.4191525 22.1485558
v 12.7642717 0.2165847 15.0756016
v 13.9201698 0.2165847 16.2343197
v 15.0798292 0.4024562 17.3780327
v 16.2357273 0.7693861 18.4771214
v 17.3803692 1.3078693 19.5031147
v 18.5063305 2.0039604 20.4294434
v 19.6063099 2.8396313 21.2321167
v 20.6731720 3.7932377 21.8903427
v 11.6196299 5.1440110 3.9392729
v 12.7642717 5.0206556 3.8000326
v 13.9201698 4.9587779 3.7301862
v 15.0798292 4.9587779 3.7301862
v 16.2357273 5.0206556 3.8000326
v 17.3803692 5.1440110 3.9392729
v 18.5063305 5.3280444 4.1470027
v 19.6063099 5.5715609 4.4218760
v 20.6731720 5.8729815 4.7621093
v 21.6999989 6.2303524 5.1654978
v 22.6801319 6.6413546 5.6294231
v 23.6072140 7.1033230 6.1508780
v 24.4752293 7.6132617 6.7264795
v 25.2785549 8.1678638 7.3524957
v 26.0119762 8.7635317 8.0248661
v 26.6707363 9.3964033 8.7392302
v 27.2505665 10.0623741 9.4909554
v 27.7477036 10.7571239 10.2751656
v 28.1589241 11.4761477 11.0867758
v 28.4815617 12.2147827 11.9205227
v 28.7135239 12.9682379 12.7709980
v 28.8533039 13.7316275 13.6326866
v 12.7642717 13.3497295 0.2513463
v 11.6196299 2.8885324 22.5148163
v 11.6196299 2.2812598 21.5544930
v 11.6196299 1.7532306 20.5484161
v 11.6196299 1.3078693 19.5031147
v 11.6196299 0.9480640 18.4253654
v 11.6196299 0.6761476 17.3221588
v 11.6196299 0.4938850 16.2006493
v 11.6196299 0.4024562 15.0681114
v 11.6196299 0.4024562 13.9318876
v 10.4936686 6.1908569 3.4425380
v 11.6196299 6.0241361 3.2206736
v 12.7642717 5.9123840 3.0719590
v 13.9201698 5.8563266 2.9973602
v 15.0798292 5.8563266 2.9973602
v 16.2357273 5.9123840 3.0719590
v 17.3803692 6.0241361 3.2206736
v 18.5063305 6.1908569 3.4425380
v 19.6063099 6.4114647 3.7361150
v 20.6731720 6.6845317 4.0995002
v 21.6999989 7.0082836 4.5303359
v 22.6801319 7.3806224 5.0258293
v 23.6072140 7.7991333 5.5827656
v 24.4752293 8.2611017 6.1975346
v 25.2785549 8.7635317 6.8661475
v 26.0119762 9.3031654 7.5842690
v 26.6707363 9.8765020 8.3472424
v 27.2505665 10.4798241 9.1501179
v 27.7477036 11.1092186 9.9876900
v 28.1589241 11.7606030 10.8545256
v 28.4815617 12.4297543 11.7450037
v 28.7135239 13.1123314 12.6533489
v 28.8533039 13.8039083 13.5736704
v 10.4936686 3.1169307 22.3571644
v 10.4936686 2.5216033 21.4157295
v 10.4936686 2.0039604 20.4294434
v 10.4936686 1.5673591 19.4047031
v 10.4936686 1.2146308 18.3481541
v 10.4936686 0.9480640 17.2666473
v 10.4936686 0.7693861 16.1671982
v 10.4936686 0.6797565 15.0569363
v 10.4936686 0.6797565 13.9430628
v 10.4936686 0.7693861 12.8328009
v 9.3936892 7.3038263 3.1201625
v 10.4936686 7.1075563 2.8097863
v 11.6196299 6.9592295 2.5752251
v 12.7642717 6.8598065 2.4180012
v 13.9201698 6.8099337 2.3391330
v 15.0798292 6.8099337 2.3391330
v 16.2357273 6.8598065 2.4180012
v 17.3803692 6.9592295 2.5752251
v 18.5063305 7.1075563 2.8097863
v 19.6063099 7.3038263 3.1201625
v 20.6731720 7.5467668 3.5043414
v 21.6999989 7.8348017 3.9598317
v 22.6801319 8.1660624 4.4836793
v 23.6072140 8.5384016 5.0724864
v 24.4752293 8.9494038 5.7224340
v 25.2785549 9.3964033 6.4293079
v 26.0119762 9.8765020 7.1885233
v 26.6707363 10.3865862 7.9951568
v 27.2505665 10.9233465 8.8439760
v 27.7477036 11.4833040 9.7294769
v 28.1589241 12.0628252 10.6459169
v 28.4815617 12.6581526 11.5873518
v 28.7135239 13.2654247 12.5476761
v 28.8533039 13.8807039 13.5206623
v 11.6196299 13.3646975 0.4367651
v 10.4936686 13.3870296 0.7133903
v 9.3936892 3.4191525 22.1485558
v 9.3936892 2.8396313 21.2321167
v 9.3936892 2.3357320 20.2720165
v 9.3936892 1.9107219 19.2744827
v 9.3936892 1.5673591 18.2459850
v 9.3936892 1.3078693 17.1931915
v 9.3936892 1.1339356 16.1229343
v 9.3936892 1.0466855 15.0421495
v 9.3936892 1.0466855 13.9578495
v 9.3936892 1.1339356 12.8770657
v 9.3936892 1.3078693 11.8068066
v 8.3268270 8.4540968 2.9804950
v 9.3936892 8.2428579 2.5780127
v 10.4936686 8.0721989 2.2528489
v 11.6196299 7.9432268 2.0071137
v 12.7642717 7.8567781 1.8423991
v 13.9201698 7.8134131 1.7597731
v 15.0798292 7.8134131 1.7597731
v 16.2357273 7.8567781 1.8423991
v 17.3803692 7.9432268 2.0071137
v 18.5063305 8.0721989 2.2528489
v 19.6063099 8.2428579 2.5780127
v 20.6731720 8.4540968 2.9804950
v 21.6999989 8.7045460 3.4576850
v 22.6801319 8.9925804 4.0064893
v 23.6072140 9.3163328 4.6233468
v 24.4752293 9.6737032 5.3042593
v 25.2785549 10.0623741 6.0448098
v 26.0119762 10.4798241 6.8401952
v 26.6707363 10.9233465 7.6852574
v 27.2505665 11.3900661 8.5745153
v 27.7477036 11.8769541 9.5022030
v 28.1589241 12.3808527 10.4623032
v 28.4815617 12.8984957 11.4485893
v 28.7135239 13.4265251 12.4546652
v 28.8533039 13.9615164 13.4740057
v 9.3936892 13.4165792 1.0794262
v 8.3268270 3.2332809 21.0048428
v 8.3268270 2.7463930 20.0771561
v 8.3268270 2.3357320 19.1132984
v 8.3268270 2.0039604 18.1195221
v 8.3268270 1.7532306 17.1022720
v 8.3268270 1.5851687 16.0681438
v 8.3268270 1.5008645 15.0238466
v 8.3268270 1.5008645 13.9761524
v 8.3268270 1.5851687 12.9318552
v 8.3268270 1.7532306 11.8977280
v 8.3268270 2.0039604 10.8804779
v 7.2999997 9.6118755 3.0271513
v 8.3268270 9.4006367 2.5313551
v 9.3936892 9.2224693 2.1131811
v 10.4936686 9.0785284 1.7753402
v 11.6196299 8.9697485 1.5200227
v 12.7642717 8.8968334 1.3488866
v 13.9201698 8.8602581 1.2630392
v 15.0798292 8.8602581 1.2630392
v 16.2357273 8.8968334 1.3488866
v 17.3803692 8.9697485 1.5200227
v 18.5063305 9.0785284 1.7753402
v 19.6063099 9.2224693 2.1131811
v 20.6731720 9.4006367 2.5313551
v 21.6999989 9.6118755 3.0271513
v 22.6801319 9.8548155 3.5973527
v 23.6072140 10.1278820 4.2382627
v 24.4752293 10.4293032 4.9457235
v 25.2785549 10.7571239 5.7151465
v 26.0119762 11.1092186 6.5415435
v 26.6707363 11.4833040 7.4195547
v 27.2505665 11.8769541 8.3434849
v 27.7477036 12.2876148 9.3073425
v 28.1589241 12.7126245 10.3048754
v 28.4815617 13.1492252 11.3296165
v 28.7135239 13.5945873 12.3749180
v 28.8533039 14.0458202 13.4340019
v 7.2999997 4.2367606 21.5842018
v 7.2999997 3.6999993 20.7353821
v 7.2999997 3.2332809 19.8461246
v 7.2999997 2.8396313 18.9221935
v 7.2999997 2.5216033 17.9695835
v 7.2999997 2.2812598 16.9944725
v 7.2999997 2.1201596 16.0031834
v 7.2999997 2.0393479 15.0021467
v 7.2999997 2.0393479 13.9978523
v 7.2999997 2.1201596 12.9968147
v 7.2999997 2.2812598 12.0055265
v 7.2999997 2.5216033 11.0304146
v 7.2999997 2.8396313 10.0778055
v 7.2999997 3.2332809 9.1538754
v 8.3268270 2.3357320 9.8867016
v 9.3936892 1.5673591 10.7540150
v 10.4936686 0.9480640 11.7333517
v 11.6196299 0.4938850 12.7993488
v 12.7642717 0.2165847 13.9243975
v 13.9201698 0.1233472 15.0793591
v 15.0798292 0.2165847 16.2343197
v 16.2357273 0.4938850 17.3593693
v 17.3803692 0.9480640 18.4253654
v 18.5063305 1.5673591 19.4047031
v 19.6063099 2.3357320 20.2720165
v 20.6731720 3.2332809 21.0048428
v 6.3198676 10.7471771 3.2589250
v 7.2999997 10.5509071 2.6710238
v 8.3268270 10.3802481 2.1598377
v 9.3936892 10.2363071 1.7286828
v 10.4936686 10.1200190 1.3803551
v 11.6196299 10.0321360 1.1171130
v 12.7642717 9.9732285 0.9406638
v 13.9201698 9.9436789 0.8521518
v 15.0798292 9.9436789 0.8521518
v 16.2357273 9.9732285 0.9406638
v 17.3803692 10.0321360 1.1171130
v 18.5063305 10.1200190 1.3803551
v 19.6063099 10.2363071 1.7286828
v 20.6731720 10.3802481 2.1598377
v 21.6999989 10.5509071 2.6710238
v 22.6801319 10.7471771 3.2589250
v 23.6072140 10.9677858 3.9197290
v 24.4752293 11.2113028 4.6491494
v 25.2785549 11.4761477 5.4424572
v 26.0119762 11.7606030 6.2945065
v 26.6707363 12.0628252 7.1997714
v 27.2505665 12.3808527 8.1523809
v 27.7477036 12.7126245 9.1461573
v 28.1589241 13.0559874 10.1746550
v 28.4815617 13.4087152 11.2312050
v 28.7135239 13.7685213 12.3089542
v 28.8533039 14.1330709 13.4009123
v 8.3268270 13.4531546 1.5324997
v 7.2999997 13.4965200 2.0696726
v 6.3198676 4.7468443 21.2321167
v 6.3198676 4.2367606 20.4254837
v 6.3198676 3.7932377 19.5804214
v 6.3198676 3.4191525 18.7024097
v 6.3198676 3.1169307 17.7971458
v 6.3198676 2.8885324 16.8704987
v 6.3198676 2.7354388 15.9284763
v 6.3198676 2.6586428 14.9771900
v 6.3198676 2.6586428 14.0228090
v 6.3198676 2.7354388 13.0715237
v 6.3198676 2.8885324 12.1295013
v 6.3198676 3.1169307 11.2028532
v 6.3198676 3.4191525 10.2975883
v 6.3198676 3.7932377 9.4195786
v 6.3198676 4.2367606 8.5745153
v 5.3927860 11.8305979 3.6698124
v 6.3198676 11.6638775 2.9933994
v 7.2999997 11.5155497 2.3916113
v 8.3268270 11.3865776 1.8683513
v 9.3936892 11.2777977 1.4270116
v 10.4936686 11.1899147 1.0704557
v 11.6196299 11.1234980 0.8009961
v 12.7642717 11.0789804 0.6203791
v 13.9201698 11.0566492 0.5297763
v 15.0798292 11.0566492 0.5297763
v 16.2357273 11.0789804 0.6203791
v 17.3803692 11.1234980 0.8009961
v 18.5063305 11.1899147 1.0704557
v 19.6063099 11.2777977 1.4270116
v 20.6731720 11.3865776 1.8683513
v 21.6999989 11.5155497 2.3916113
v 22.6801319 11.6638775 2.9933994
v 23.6072140 11.8305979 3.6698124
v 24.4752293 12.0146313 4.4164629
v 25.2785549 12.2147827 5.2285094
v 26.0119762 12.4297543 6.1006842
v 26.6707363 12.6581526 7.0273323
v 27.2505665 12.8984957 8.0024433
v 27.7477036 13.1492252 9.0196934
v 28.1589241 13.4087152 10.0724869
v 28.4815617 13.6752825 11.1539927
v 28.7135239 13.9471989 12.2571993
v 28.8533039 14.2227001 13.3749514
v 6.3198676 13.5463924 2.6874607
v 5.3927860 5.8598146 21.5544930
v 5.3927860 5.3201814 20.8363705
v 5.3927860 4.8400826 20.0771561
v 5.3927860 4.4226322 19.2817707
v 5.3927860 4.0705371 18.4553738
v 5.3927860 3.7860816 17.6033230
v 5.3927860 3.5711098 16.7311478
v 5.3927860 3.4270155 15.8445034
v 5.3927860 3.3547347 14.9491386
v 5.3927860 3.3547347 14.0508604
v 5.3927860 3.4270155 13.1554956
v 5.3927860 3.5711098 12.2688513
v 5.3927860 3.7860816 11.3966751
v 5.3927860 4.0705371 10.5446262
v 5.3927860 4.4226322 9.7182293
v 5.3927860 4.8400826 8.9228439
v 5.3927860 5.3201814 8.1636286
v 4.5247693 12.8340778 4.2491713
v 5.3927860 12.7107220 3.4901333
v 6.3198676 12.5989704 2.8024986
v 7.2999997 12.4995480 2.1907268
v 8.3268270 12.4130993 1.6587851
v 9.3936892 12.3401842 1.2101243
v 10.4936686 12.2812777 0.8476526
v 11.6196299 12.2367592 0.5737217
v 12.7642717 12.2069187 0.3901087
v 13.9201698 12.1919508 0.2980027
v 15.0798292 12.1919508 0.2980027
v 16.2357273 12.2069187 0.3901087
v 17.3803692 12.2367592 0.5737217
v 18.5063305 12.2812777 0.8476526
v 19.6063099 12.3401842 1.2101243
v 20.6731720 12.4130993 1.6587851
v 21.6999989 12.4995480 2.1907268
v 22.6801319 12.5989704 2.8024986
v 23.6072140 12.7107220 3.4901333
v 24.4752293 12.8340778 4.2491713
v 25.2785549 12.9682379 5.0746899
v 26.0119762 13.1123314 5.9613352
v 26.6707363 13.2654247 6.9033570
v 27.2505665 13.4265251 7.8946457
v 27.7477036 13.5945873 8.9287729
v 28.1589241 13.7685213 9.9990320
v 28.4815617 13.9471989 11.0984812
v 28.7135239 14.1294622 12.2199898
v 28.8533039 14.3141279 13.3562860
v 28.8533039 13.8039083 15.4263287
v 4.5247693 6.4554830 21.0681438
v 4.5247693 5.9530530 20.3995304
v 4.5247693 5.5060525 19.6926575
v 4.5247693 5.1173820 18.9521065
v 4.5247693 4.7895613 18.1826839
v 4.5247693 4.5247164 17.3893757
v 4.5247693 4.3245649 16.5773296
v 4.5247693 4.1904049 15.7518110
v 4.5247693 4.1231065 14.9181738
v 4.5247693 4.1231065 14.0818253
v 4.5247693 4.1904049 13.2481880
v 4.5247693 4.3245649 12.4226694
v 4.5247693 4.5247164 11.6106234
v 4.5247693 4.7895613 10.8173161
v 4.5247693 5.1173820 10.0478926
v 4.5247693 5.5060525 9.3073425
v 4.5247693 5.9530530 8.6004686
v 4.5247693 6.4554830 7.9318552
v 3.7214448 13.7316275 4.9819975
v 4.5247693 13.6643286 4.1483603
v 5.3927860 13.6024504 3.3818586
v 3.7214448 7.6132617 21.1148014
v 3.7214448 7.1033230 20.5391998
v 3.7214448 6.6413546 19.9244308
v 3.7214448 6.2303524 19.2744827
v 3.7214448 5.8729815 18.5935707
v 3.7214448 5.5715609 17.8861103
v 3.7214448 5.3280444 17.1566887
v 3.7214448 5.1440110 16.4100380
v 3.7214448 5.0206556 15.6510000
v 3.7214448 4.9587779 14.8844976
v 3.7214448 4.9587779 14.1155014
v 3.7214448 5.0206556 13.3489990
v 3.7214448 5.1440110 12.5899611
v 3.7214448 5.3280444 11.8433104
v 3.7214448 5.5715609 11.1138897
v 3.7214448 5.8729815 10.4064293
v 3.7214448 6.2303524 9.7255163
v 3.7214448 6.6413546 9.0755682
v 3.7214448 7.1033230 8.4608002
v 3.7214448 7.6132617 7.8851981
v 2.9880238 9.8765020 21.8114758
v 2.9880238 9.3031654 21.4157295
v 2.9880238 8.7635317 20.9751320
v 2.9880238 8.2611017 20.4925423
v 2.9880238 7.7991333 19.9710884
v 2.9880238 7.3806224 19.4141502
v 2.9880238 7.0082836 18.8253441
v 2.9880238 6.6845317 18.2084846
v 2.9880238 6.4114647 17.5675755
v 2.9880238 6.1908569 16.9067726
v 2.9880238 6.0241361 16.2303600
v 2.9880238 5.9123840 15.5427246
v 2.9880238 5.8563266 14.8483276
v 2.9880238 5.8563266 14.1516714
v 2.9880238 5.9123840 13.4572744
v 2.9880238 6.0241361 12.7696400
v 2.9880238 6.1908569 12.0932264
v 2.9880238 6.4114647 11.4324226
v 2.9880238 6.6845317 10.7915134
v 2.9880238 7.0082836 10.1746550
v 2.9880238 7.3806224 9.5858488
v 2.9880238 7.7991333 9.0289116
v 2.9880238 8.2611017 8.5074568
v 2.9880238 8.7635317 8.0248661
v 28.7135239 12.9682379 16.2290020
v 28.4815617 12.0146313 16.8872280
v 28.1589241 10.9677858 17.3839626
v 27.7477036 9.8548155 17.7063389
v 27.2505665 8.7045460 17.8460064
v 26.6707363 7.5467668 17.7993488
v 26.0119762 6.4114647 17.5675755
v 25.2785549 5.3280444 17.1566887
v 24.4752293 4.3245649 16.5773296
v 23.6072140 3.4270155 15.8445034
v 22.6801319 2.6586428 14.9771900
v 21.6999989 2.0393479 13.9978523
v 20.6731720 1.5851687 12.9318552
v 19.6063099 1.3078693 11.8068066
v 18.5063305 1.2146308 10.6518459
v 17.3803692 1.3078693 9.4968843
v 16.2357273 1.5851687 8.3718357
v 15.0798292 2.0393479 7.3058386
v 13.9201698 2.6586428 6.3265014
v 12.7642717 3.4270155 5.4591875
v 11.6196299 4.3245649 4.7263613
v 10.4936686 5.3280444 4.1470027
v 9.3936892 6.4114647 3.7361150
v 8.3268270 7.5467668 3.5043414
v 7.2999997 8.7045460 3.4576850
v 6.3198676 9.8548155 3.5973527
v 5.3927860 10.9677858 3.9197290
v 4.5247693 12.0146313 4.4164629
v 3.7214448 12.9682379 5.0746899
v 28.8533039 13.8807039 15.4793367
v 2.3292620 12.0628252 21.8002281
v 2.3292620 11.4833040 21.5804443
v 2.3292620 10.9233465 21.3147411
v 2.3292620 10.3865862 21.0048428
v 2.3292620 9.8765020 20.6527576
v 2.3292620 9.3964033 20.2607689
v 2.3292620 8.9494038 19.8314190
v 2.3292620 8.5384016 19.3674946
v 2.3292620 8.1660624 18.8720016
v 2.3292620 7.8348017 18.3481541
v 2.3292620 7.5467668 17.7993488
v 2.3292620 7.3038263 17.2291489
v 2.3292620 7.1075563 16.6412468
v 2.3292620 6.9592295 16.0394592
v 2.3292620 6.8598065 15.4276867
v 2.3292620 6.8099337 14.8098984
v 2.3292620 6.8099337 14.1901007
v 2.3292620 6.8598065 13.5723124
v 2.3292620 6.9592295 12.9605398
v 2.3292620 7.1075563 12.3587523
v 2.3292620 7.3038263 11.7708511
v 2.3292620 7.5467668 11.2006493
v 2.3292620 7.8348017 10.6518459
v 2.3292620 8.1660624 10.1279984
v 2.3292620 8.5384016 9.6325054
v 2.3292620 8.9494038 9.1685801
v 2.3292620 9.3964033 8.7392302
v 2.3292620 9.8765020 8.3472424
v 28.7135239 13.1123314 16.3466511
v 28.4815617 12.2147827 17.0794773
v 28.1589241 11.2113028 17.6588364
v 27.7477036 10.1278820 18.0697231
v 27.2505665 8.9925804 18.3014965
v 26.6707363 7.8348017 18.3481541
v 26.0119762 6.6845317 18.2084846
v 25.2785549 5.5715609 17.8861103
v 24.4752293 4.5247164 17.3893757
v 23.6072140 3.5711098 16.7311478
v 22.6801319 2.7354388 15.9284763
v 21.6999989 2.0393479 15.0021467
v 20.6731720 1.5008645 13.9761524
v 19.6063099 1.1339356 12.8770657
v 18.5063305 0.9480640 11.7333517
v 17.3803692 0.9480640 10.5746336
v 16.2357273 1.1339356 9.4309196
v 15.0798292 1.5008645 8.3318329
v 13.9201698 2.0393479 7.3058386
v 12.7642717 2.7354388 6.3795094
v 11.6196299 3.5711098 5.5768371
v 10.4936686 4.5247164 4.9186096
v 9.3936892 5.5715609 4.4218760
v 8.3268270 6.6845317 4.0995002
v 7.2999997 7.8348017 3.9598317
v 6.3198676 8.9925804 4.0064893
v 5.3927860 10.1278820 4.2382627
v 4.5247693 11.2113028 4.6491494
v 3.7214448 12.2147827 5.2285094
v 2.9880238 13.1123314 5.9613352
v 2.3292620 13.8807039 6.8286486
v 28.8533039 13.9615164 15.5259943
v 1.2522955 14.0458202 20.1260166
v 1.7494327 13.9615164 21.1703129
v 2.3292620 13.8807039 22.1713505
v 1.7494327 12.8984957 20.9975548
v 1.7494327 12.3808527 20.8476181
v 1.7494327 11.8769541 20.6565151
v 1.7494327 11.3900661 20.4254837
v 1.7494327 10.9233465 20.1560230
v 1.7494327 10.4798241 19.8498821
v 1.7494327 10.0623741 19.5090427
v 1.7494327 9.6737032 19.1357212
v 1.7494327 9.3163328 18.7323322
v 1.7494327 8.9925804 18.3014965
v 1.7494327 8.7045460 17.8460064
v 1.7494327 8.4540968 17.3688164
v 1.7494327 8.2428579 16.8730202
v 1.7494327 8.0721989 16.3618355
v 1.7494327 7.9432268 15.8385744
v 1.7494327 7.8567781 15.3066330
v 1.7494327 7.8134131 14.7694597
v 1.7494327 7.8134131 14.2305393
v 1.7494327 7.8567781 13.6933661
v 1.7494327 7.9432268 13.1614246
v 1.7494327 8.0721989 12.6381645
v 1.7494327 8.2428579 12.1269789
v 1.7494327 8.4540968 11.6311827
v 1.7494327 8.7045460 11.1539927
v 1.7494327 8.9925804 10.6985025
v 1.7494327 9.3163328 10.2676668
v 1.7494327 9.6737032 9.8642788
v 1.7494327 10.0623741 9.4909554
v 1.7494327 10.4798241 9.1501179
v 1.7494327 10.9233465 8.8439760
v 28.7135239 13.4265251 16.5453339
v 28.7135239 13.2654247 16.4523239
v 28.4815617 12.6581526 17.4126472
v 28.4815617 12.4297543 17.2549953
v 28.1589241 11.7606030 18.1454735
v 28.1589241 11.4761477 17.9132233
v 27.7477036 10.7571239 18.7248325
v 27.7477036 10.4293032 18.4099560
v 27.2505665 9.6737032 19.1357212
v 27.2505665 9.3163328 18.7323322
v 26.6707363 8.5384016 19.3674946
v 26.6707363 8.1660624 18.8720016
v 26.0119762 7.3806224 19.4141502
v 26.0119762 7.0082836 18.8253441
v 25.2785549 6.2303524 19.2744827
v 25.2785549 5.8729815 18.5935707
v 24.4752293 5.1173820 18.9521065
v 24.4752293 4.7895613 18.1826839
v 23.6072140 4.0705371 18.4553738
v 23.6072140 3.7860816 17.6033230
v 22.6801319 3.1169307 17.7971458
v 22.6801319 2.8885324 16.8704987
v 21.6999989 2.2812598 16.9944725
v 21.6999989 2.1201596 16.0031834
v 20.6731720 1.5851687 16.0681438
v 20.6731720 1.5008645 15.0238466
v 19.6063099 1.0466855 15.0421495
v 19.6063099 1.0466855 13.9578495
v 18.5063305 0.6797565 13.9430628
v 18.5063305 0.7693861 12.8328009
v 17.3803692 0.4938850 12.7993488
v 17.3803692 0.6761476 11.6778402
v 16.2357273 0.4938850 11.6406307
v 16.2357273 0.7693861 10.5228786
v 15.0798292 0.6797565 10.4969168
v 15.0798292 1.0466855 9.3978300
v 13.9201698 1.0466855 9.3978300
v 13.9201698 1.5008645 8.3318329
v 12.7642717 1.5851687 8.3718357
v 12.7642717 2.1201596 7.3524957
v 11.6196299 2.2812598 7.4455066
v 11.6196299 2.8885324 6.4851828
v 10.4936686 3.1169307 6.6428342
v 10.4936686 3.7860816 5.7523556
v 9.3936892 4.0705371 5.9846072
v 9.3936892 4.7895613 5.1729970
v 8.3268270 5.1173820 5.4878731
v 8.3268270 5.8729815 4.7621093
v 7.2999997 6.2303524 5.1654978
v 7.2999997 7.0082836 4.5303359
v 6.3198676 7.3806224 5.0258293
v 6.3198676 8.1660624 4.4836793
v 5.3927860 8.5384016 5.0724864
v 5.3927860 9.3163328 4.6233468
v 4.5247693 9.6737032 5.3042593
v 4.5247693 10.4293032 4.9457235
v 3.7214448 10.7571239 5.7151465
v 3.7214448 11.4761477 5.4424572
v 2.9880238 11.7606030 6.2945065
v 2.9880238 12.4297543 6.1006842
v 2.3292620 12.6581526 7.0273323
v 2.3292620 13.2654247 6.9033570
v 1.7494327 13.4265251 7.8946457
v 1.7494327 13.9615164 7.8296862
v 1.2522955 13.1492252 19.9803047
v 1.2522955 12.7126245 19.8538418
v 1.2522955 12.2876148 19.6926575
v 1.2522955 11.8769541 19.4977951
v 1.2522955 11.4833040 19.2705212
v 1.2522955 11.1092186 19.0123100
v 1.2522955 10.7571239 18.7248325
v 1.2522955 10.4293032 18.4099560
v 1.2522955 10.1278820 18.0697231
v 1.2522955 9.8548155 17.7063389
v 1.2522955 9.6118755 17.3221588
v 1.2522955 9.4006367 16.9196777
v 1.2522955 9.2224693 16.5015030
v 1.2522955 9.0785284 16.0703468
v 1.2522955 8.9697485 15.6290083
v 1.2522955 8.8968334 15.1803474
v 1.2522955 8.8602581 14.7272730
v 1.2522955 8.8602581 14.2727261
v 1.2522955 8.8968334 13.8196526
v 1.2522955 8.9697485 13.3709908
v 1.2522955 9.0785284 12.9296513
v 1.2522955 9.2224693 12.4984961
v 1.2522955 9.4006367 12.0803223
v 1.2522955 9.6118755 11.6778402
v 1.2522955 9.8548155 11.2936611
v 1.2522955 10.1278820 10.9302759
v 1.2522955 10.4293032 10.5900421
v 1.2522955 10.7571239 10.2751656
v 1.2522955 11.1092186 9.9876900
v 1.2522955 11.4833040 9.7294769
v 1.2522955 11.8769541 9.5022030
v 0.8410746 13.4087152 18.9275131
v 0.8410746 13.0559874 18.8253441
v 0.8410746 12.7126245 18.6951237
v 0.8410746 12.3808527 18.5376968
v 0.8410746 12.0628252 18.3540821
v 0.8410746 11.7606030 18.1454735
v 0.8410746 11.4761477 17.9132233
v 0.8410746 11.2113028 17.6588364
v 0.8410746 10.9677858 17.3839626
v 0.8410746 10.7471771 17.0903854
v 0.8410746 10.5509071 16.7800083
v 0.8410746 10.3802481 16.4548454
v 0.8410746 10.2363071 16.1170044
v 0.8410746 10.1200190 15.7686768
v 0.8410746 10.0321360 15.4121208
v 0.8410746 9.9732285 15.0496492
v 0.8410746 9.9436789 14.6836128
v 0.8410746 9.9436789 14.3163862
v 0.8410746 9.9732285 13.9503498
v 0.8410746 10.0321360 13.5878782
v 0.8410746 10.1200190 13.2313223
v 0.8410746 10.2363071 12.8829947
v 0.8410746 10.3802481 12.5451536
v 0.8410746 10.5509071 12.2199898
v 0.8410746 10.7471771 11.9096136
v 0.8410746 10.9677858 11.6160364
v 0.8410746 11.2113028 11.3411636
v 0.8410746 11.4761477 11.0867758
v 0.8410746 11.7606030 10.8545256
v 0.8410746 12.0628252 10.6459169
v 0.8410746 12.3808527 10.4623032
v 0.8410746 12.7126245 10.3048754
v 28.7135239 13.5945873 16.6250801
v 28.4815617 12.8984957 17.5514107
v 28.1589241 12.0628252 18.3540821
v 27.7477036 11.1092186 19.0123100
v 27.2505665 10.0623741 19.5090427
v 26.6707363 8.9494038 19.8314190
v 26.0119762 7.7991333 19.9710884
v 25.2785549 6.6413546 19.9244308
v 24.4752293 5.5060525 19.6926575
v 23.6072140 4.4226322 19.2817707
v 22.6801319 3.4191525 18.7024097
v 21.6999989 2.5216033 17.9695835
v 20.6731720 1.7532306 17.1022720
v 19.6063099 1.1339356 16.1229343
v 18.5063305 0.6797565 15.0569363
v 17.3803692 0.4024562 13.9318876
v 16.2357273 0.3092186 12.7769270
v 15.0798292 0.4024562 11.6219654
v 13.9201698 0.6797565 10.4969168
v 12.7642717 1.1339356 9.4309196
v 11.6196299 1.7532306 8.4515820
v 10.4936686 2.5216033 7.5842690
v 9.3936892 3.4191525 6.8514433
v 8.3268270 4.4226322 6.2720842
v 7.2999997 5.5060525 5.8611965
v 6.3198676 6.6413546 5.6294231
v 5.3927860 7.7991333 5.5827656
v 4.5247693 8.9494038 5.7224340
v 3.7214448 10.0623741 6.0448098
v 2.9880238 11.1092186 6.5415435
v 2.3292620 12.0628252 7.1997714
v 1.7494327 12.8984957 8.0024433
v 1.2522955 13.5945873 8.9287729
v 0.8410746 14.1330709 9.9547672
v 28.8533039 14.2227001 15.6250477
v 0.5184375 13.6752825 17.8460064
v 0.5184375 13.4087152 17.7687950
v 0.5184375 13.1492252 17.6703835
v 0.5184375 12.8984957 17.5514107
v 0.5184375 12.6581526 17.4126472
v 0.5184375 12.4297543 17.2549953
v 0.5184375 12.2147827 17.0794773
v 0.5184375 12.0146313 16.8872280
v 0.5184375 11.8305979 16.6794987
v 0.5184375 11.6638775 16.4576340
v 0.5184375 11.5155497 16.2230721
v 0.5184375 11.3865776 15.9773369
v 0.5184375 11.2777977 15.7220192
v 0.5184375 11.1899147 15.4587774
v 0.5184375 11.1234980 15.1893177
v 0.5184375 11.0789804 14.9153862
v 0.5184375 11.0566492 14.6387615
v 0.5184375 11.0566492 14.3612375
v 0.5184375 11.0789804 14.0846128
v 0.5184375 11.1234980 13.8106823
v 0.5184375 11.1899147 13.5412216
v 0.5184375 11.2777977 13.2779799
v 0.5184375 11.3865776 13.0226622
v 0.5184375 11.5155497 12.7769270
v 0.5184375 11.6638775 12.5423660
v 0.5184375 11.8305979 12.3205004
v 0.5184375 12.0146313 12.1127710
v 0.5184375 12.2147827 11.9205227
v 0.5184375 12.4297543 11.7450037
v 0.5184375 12.6581526 11.5873518
v 0.5184375 12.8984957 11.4485893
v 0.5184375 13.1492252 11.3296165
v 0.5184375 13.4087152 11.2312050
v 0.1466945 14.4067612 15.6549606
v 0.2864757 14.3141279 16.8024311
v 0.5184375 14.2227001 17.9349709
v 0.8410746 14.1330709 19.0452328
v 0.2864757 13.9471989 16.7427998
v 0.2864757 13.7685213 16.6910458
v 0.2864757 13.5945873 16.6250801
v 0.2864757 13.4265251 16.5453339
v 0.2864757 13.2654247 16.4523239
v 0.2864757 13.1123314 16.3466511
v 0.2864757 12.9682379 16.2290020
v 0.2864757 12.8340778 16.1001396
v 0.2864757 12.7107220 15.9608994
v 0.2864757 12.5989704 15.8121853
v 0.2864757 12.4995480 15.6549606
v 0.2864757 12.4130993 15.4902458
v 0.2864757 12.3401842 15.3191090
v 0.2864757 12.2812777 15.1426601
v 0.2864757 12.2367592 14.9620438
v 0.2864757 12.2069187 14.7784300
v 0.2864757 12.1919508 14.5930109
v 0.2864757 12.1919508 14.4069881
v 0.2864757 12.2069187 14.2215691
v 0.2864757 12.2367592 14.0379553
v 0.2864757 12.2812777 13.8573389
v 0.2864757 12.3401842 13.6808901
v 0.2864757 12.4130993 13.5097532
v 0.2864757 12.4995480 13.3450384
v 0.2864757 12.5989704 13.1878138
v 0.2864757 12.7107220 13.0390997
v 0.2864757 12.8340778 12.8998604
v 0.2864757 12.9682379 12.7709980
v 0.2864757 13.1123314 12.6533489
v 0.2864757 13.2654247 12.5476761
v 0.2864757 13.4265251 12.4546652
v 0.2864757 13.5945873 12.3749180
v 0.2864757 13.7685213 12.3089542
v 0.2864757 13.9471989 12.2571993
v 28.7135239 13.7685213 16.6910458
v 28.4815617 13.1492252 17.6703835
v 28.1589241 12.3808527 18.5376968
v 27.7477036 11.4833040 19.2705212
v 27.2505665 10.4798241 19.8498821
v 26.6707363 9.3964033 20.2607689
v 26.0119762 8.2611017 20.4925423
v 25.2785549 7.1033230 20.5391998
v 24.4752293 5.9530530 20.3995304
v 23.6072140 4.8400826 20.0771561
v 22.6801319 3.7932377 19.5804214
v 21.6999989 2.8396313 18.9221935
v 20.6731720 2.0039604 18.1195221
v 19.6063099 1.3078693 17.1931915
v 18.5063305 0.7693861 16.1671982
v 17.3803692 0.4024562 15.0681114
v 16.2357273 0.2165847 13.9243975
v 15.0798292 0.2165847 12.7656794
v 13.9201698 0.4024562 11.6219654
v 12.7642717 0.7693861 10.5228786
v 11.6196299 1.3078693 9.4968843
v 10.4936686 2.0039604 8.5705547
v 9.3936892 2.8396313 7.7678828
v 8.3268270 3.7932377 7.1096554
v 7.2999997 4.8400826 6.6129212
v 6.3198676 5.9530530 6.2905455
v 5.3927860 7.1033230 6.1508780
v 4.5247693 8.2611017 6.1975346
v 3.7214448 9.3964033 6.4293079
v 2.9880238 10.4798241 6.8401952
v 2.3292620 11.4833040 7.4195547
v 1.7494327 12.3808527 8.1523809
v 1.2522955 13.1492252 9.0196934
v 0.8410746 13.7685213 9.9990320
v 0.5184375 14.2227001 11.0650291
v 28.8533039 14.3141279 15.6437130
v 28.7135239 13.9471989 16.7427998
v 28.4815617 13.4087152 17.7687950
v 28.1589241 12.7126245 18.6951237
v 27.7477036 11.8769541 19.4977951
v 27.2505665 10.9233465 20.1560230
v 26.6707363 9.8765020 20.6527576
v 26.0119762 8.7635317 20.9751320
v 25.2785549 7.6132617 21.1148014
v 24.4752293 6.4554830 21.0681438
v 23.6072140 5.3201814 20.8363705
v 22.6801319 4.2367606 20.4254837
v 21.6999989 3.2332809 19.8461246
v 20.6731720 2.3357320 19.1132984
v 19.6063099 1.5673591 18.2459850
v 18.5063305 0.9480640 17.2666473
v 17.3803692 0.4938850 16.2006493
v 16.2357273 0.2165847 15.0756016
v 15.0798292 0.1233472 13.9206400
v 13.9201698 0.2165847 12.7656794
v 12.7642717 0.4938850 11.6406307
v 11.6196299 0.9480640 10.5746336
v 10.4936686 1.5673591 9.5952959
v 9.3936892 2.3357320 8.7279825
v 8.3268270 3.2332809 7.9951568
v 7.2999997 4.2367606 7.4157972
v 6.3198676 5.3201814 7.0049095
v 5.3927860 6.4554830 6.7731366
v 4.5247693 7.6132617 6.7264795
v 3.7214448 8.7635317 6.8661475
v 2.9880238 9.8765020 7.1885233
v 2.3292620 10.9233465 7.6852574
v 1.7494327 11.8769541 8.3434849
v 1.2522955 12.7126245 9.1461573
v 0.8410746 13.4087152 10.0724869
v 0.5184375 13.9471989 11.0984812
v 22.6801319 4.7468443 21.2321167
v 21.6999989 3.6999993 20.7353821
v 20.6731720 2.7463930 20.0771561
v 19.6063099 1.9107219 19.2744827
v 18.5063305 1.2146308 18.3481541
v 17.3803692 0.6761476 17.3221588
v 16.2357273 0.3092186 16.2230721
v 15.0798292 0.1233472 15.0793591
v 13.9201698 0.1233472 13.9206400
v 12.7642717 0.3092186 12.7769270
v 11.6196299 0.6761476 11.6778402
v 10.4936686 1.2146308 10.6518459
v 9.3936892 1.9107219 9.7255163
v 8.3268270 2.7463930 8.9228439
v 7.2999997 3.6999993 8.2646170
v 6.3198676 4.7468443 7.7678828
v 5.3927860 5.8598146 7.4455066
v 4.5247693 7.0100851 7.3058386
v 3.7214448 8.1678638 7.3524957
v 2.9880238 9.3031654 7.5842690
v 2.3292620 10.3865862 7.9951568
v 1.7494327 11.3900661 8.5745153
v 1.2522955 12.2876148 9.3073425
v 0.8410746 13.0559874 10.1746550
v 0.5184375 13.6752825 11.1539927
v 0.2864757 14.1294622 12.2199898
v 0.1466945 14.4067612 13.3450384
v 1.7494327 13.4265251 21.1053524
v 1.2522955 13.5945873 20.0712261
v 0.8410746 13.7685213 19.0009670
v 0.5184375 13.9471989 17.9015179
v 0.2864757 14.1294622 16.7800083
v 0.1466945 14.3141279 15.6437130
v 26.7552547 24.5000000 22.2497540
v 26.7552547 14.5000000 22.2497540
v 27.3482742 24.5000000 21.2209988
v 27.3482742 14.5000000 21.2209988
v 27.8397007 24.5000000 20.1835155
v 27.8397007 14.5000000 20.1835155
v 28.0296326 24.5000000 19.7152710
v 28.0296326 14.5000000 19.7152710
v 28.2537785 24.5000000 19.0916862
v 28.2537785 14.5000000 19.0916862
v 28.5352173 24.5000000 18.1417885
v 28.5352173 14.5000000 18.1417885
v 28.8584671 14.5000000 16.5209961
v 28.8584671 24.5000000 16.5209961
v 28.9529800 24.5000000 15.6667652
v 28.9529800 14.5000000 15.6667652
v 28.9951763 24.5000000 14.8739452
v 28.9951763 14.5000000 14.8739452
v 29.0000000 24.5000000 14.5000000
v 29.0000000 14.5000000 14.5000000
v 28.9435730 24.5000000 13.2220373
v 28.9435730 14.5000000 13.2220373
v 28.8122292 24.5000000 12.1740360
v 28.8122292 14.5000000 12.1740360
v 28.7043247 24.5000000 11.5867329
v 28.7043247 14.5000000 11.5867329
v 28.5786552 24.5000000 11.0299225
v 28.5786552 14.5000000 11.0299225
v 28.2805424 24.5000000 9.9892750
v 28.2805424 14.5000000 9.9892750
v 27.8397007 24.5000000 8.8164835
v 27.8397007 14.5000000 8.8164835
v 27.6777306 24.5000000 8.4504185
v 27.6777306 14.5000000 8.4504185
v 27.3391113 24.5000000 7.7615137
v 27.3391113 14.5000000 7.7615137
v 26.9037189 24.5000000 6.9901552
v 26.9037189 14.5000000 6.9901552
v 26.0919189 24.5000000 5.7892370
v 26.0919189 14.5000000 5.7892370
v 25.9685650 24.5000000 5.6274562
v 25.9685650 14.5000000 5.6274562
v 25.3534050 24.5000000 4.8847208
v 25.3534050 14.5000000 4.8847208
v 24.8844166 24.5000000 4.3800249
v 24.8844166 14.5000000 4.3800249
v 24.5445023 24.5000000 4.0425639
v 24.5445023 14.5000000 4.0425639
v 23.6653595 24.5000000 3.2640667
v 23.6653595 14.5000000 3.2640667
v 22.7369385 24.5000000 2.5667334
v 22.7369385 14.5000000 2.5667334
v 22.3272305 24.5000000 2.2940803
v 22.3272305 14.5000000 2.2940803
v 21.7500000 24.5000000 1.9426309
v 21.7500000 14.5000000 1.9426309
v 20.8874149 24.5000000 1.4826674
v 20.8874149 14.5000000 1.4826674
v 20.7160416 24.5000000 1.3999678
v 20.7160416 14.5000000 1.3999678
v 19.6417713 24.5000000 0.9422637
v 19.6417713 14.5000000 0.9422637
v 19.3646145 24.5000000 0.8403687
v 19.3646145 14.5000000 0.8403687
v 18.5341530 24.5000000 0.5724868
v 18.5341530 14.5000000 0.5724868
v 17.7786179 24.5000000 0.3755298
v 17.7786179 14.5000000 0.3755298
v 17.4003716 24.5000000 0.2930351
v 17.4003716 14.5000000 0.2930351
v 16.2477818 24.5000000 0.1057209
v 16.2477818 14.5000000 0.1057209
v 16.1500263 24.5000000 0.0941884
v 16.1500263 14.5000000 0.0941884
v 15.0838556 24.5000000 0.0117589
v 15.0838556 14.5000000 0.0117589
v 14.5000000 24.5000000 0.0000000
v 14.5000000 14.5000000 0.0000000
v 13.9161434 24.5000000 0.0117589
v 13.9161434 14.5000000 0.0117589
v 12.8499718 24.5000000 0.0941884
v 12.8499718 14.5000000 0.0941884
v 12.7522173 24.5000000 0.1057209
v 12.7522173 14.5000000 0.1057209
v 11.5996275 24.5000000 0.2930351
v 11.5996275 14.5000000 0.2930351
v 11.2213812 24.5000000 0.3755298
v 11.2213812 14.5000000 0.3755298
v 10.4658461 24.5000000 0.5724868
v 10.4658461 14.5000000 0.5724868
v 9.6353836 24.5000000 0.8403687
v 9.6353836 14.5000000 0.8403687
v 9.3582287 24.5000000 0.9422637
v 9.3582287 14.5000000 0.9422637
v 8.2839575 24.5000000 1.3999678
v 8.2839575 14.5000000 1.3999678
v 8.1125851 24.5000000 1.4826674
v 8.1125851 14.5000000 1.4826674
v 7.2500000 24.5000000 1.9426309
v 7.2500000 14.5000000 1.9426309
v 6.6727691 24.5000000 2.2940803
v 6.6727691 14.5000000 2.2940803
v 6.2630606 24.5000000 2.5667334
v 6.2630606 14.5000000 2.5667334
v 5.3346400 24.5000000 3.2640667
v 5.3346400 14.5000000 3.2640667
v 4.4554968 24.5000000 4.0425639
v 4.4554968 14.5000000 4.0425639
v 4.1155834 24.5000000 4.3800249
v 4.1155834 14.5000000 4.3800249
v 3.6465936 24.5000000 4.8847208
v 3.6465936 14.5000000 4.8847208
v 3.0314345 24.5000000 5.6274562
v 3.0314345 14.5000000 5.6274562
v 2.2447436 24.5000000 6.7502451
v 2.2447436 14.5000000 6.7502451
v 2.0962806 24.5000000 6.9901552
v 2.0962806 14.5000000 6.9901552
v 1.6608871 24.5000000 7.7615137
v 1.6608871 14.5000000 7.7615137
v 1.3222694 24.5000000 8.4504185
v 1.3222694 14.5000000 8.4504185
v 0.7462213 24.5000000 9.9083138
v 0.7462213 14.5000000 9.9083138
v 0.7194569 24.5000000 9.9892750
v 0.7194569 14.5000000 9.9892750
v 0.4213434 24.5000000 11.0299225
v 0.4213434 14.5000000 11.0299225
v 0.2956735 24.5000000 11.5867329
v 0.2956735 14.5000000 11.5867329
v 0.1877705 24.5000000 12.1740360
v 0.1877705 14.5000000 12.1740360
v 0.0564260 24.5000000 13.2220373
v 0.0564260 14.5000000 13.2220373
v 0.0000000 24.5000000 14.5000000
v 0.0000000 14.5000000 14.5000000
v 0.0048224 24.5000000 14.8739452
v 0.0048224 14.5000000 14.8739452
v 0.0470188 24.5000000 15.6667652
v 0.0470188 14.5000000 15.6667652
v 0.1415322 24.5000000 16.5209961
v 0.1415322 14.5000000 16.5209961
v 0.4647812 14.5000000 18.1417885
v 2.2447436 14.5000000 22.2497540
v 2.2447436 24.5000000 22.2497540
v 1.6517248 14.5000000 21.2209988
v 1.6517248 24.5000000 21.2209988
v 1.1602975 14.5000000 20.1835155
v 1.1602975 24.5000000 20.1835155
v 0.9703673 14.5000000 19.7152710
v 0.9703673 24.5000000 19.7152710
v 0.7462213 14.5000000 19.0916862
v 0.7462213 24.5000000 19.0916862
v 0.4647812 24.5000000 18.1417885
v 28.9529800 14.2207747 15.6328611
v 28.9529800 14.1305227 15.6067190
v 26.0919189 9.2670765 21.4637566
v 25.3534050 8.7236958 22.1868649
v 25.3534050 8.1238909 21.6971397
v 24.5445023 7.5654373 22.3275032
v 24.5445023 6.9580717 21.7441196
v 22.7369385 5.2564321 22.0471382
v 21.7500000 4.7729993 22.4418488
v 21.7500000 4.1654882 21.6333981
v 20.7160416 3.7188857 21.9416656
v 19.6417713 3.3422019 22.2016716
v 19.6417713 2.7586567 21.2788677
v 18.5341530 3.0378811 22.4117279
v 17.4003716 2.8078976 22.5704746
v 17.4003716 2.1964078 21.6034813
v 0.7462213 14.1305227 19.0767956
v 0.4213434 14.2207747 11.0411749
v 25.4856434 9.2755003 22.3911495
v 26.0919189 9.8443947 21.8622494
v 23.6704578 6.3996186 22.2805214
v 13.9161434 1.9528148 21.7441196
v 12.7522173 2.0341883 21.6971397
v 3.5143559 9.2755003 22.3911495
v 3.6465936 8.7236958 22.1868649
v 2.2447436 13.8764038 22.2246246
v 2.2447436 12.0459003 21.8509235
v 2.9080799 10.4519062 22.2129974
v 4.4554968 6.9580717 21.7441196
v 15.0838556 1.9528148 21.7441196
v 26.0919189 11.0856714 22.5137215
v 26.0919189 10.4519062 22.2129974
v 26.7552547 11.4623547 21.6296139
v 26.7552547 12.6453619 22.0245609
v 26.7552547 13.2568512 22.1493969
v 26.7552547 13.8764038 22.2246246
v 0.0470188 14.4061136 15.6629810
v 0.0470188 14.3128376 15.6516552
v 0.1877705 14.3128376 16.8184204
v 0.4213434 14.2207747 17.9588242
v 0.4213434 13.9433603 17.9251404
v 0.1877705 14.1268892 16.7958431
v 0.1877705 13.9433603 16.7583752
v 0.0470188 14.2207747 15.6328611
v 0.0470188 14.1305227 15.6067190
v 0.7462213 14.1305227 9.9232025
v 0.7462213 13.7634411 9.9677744
v 1.1602975 14.0426664 20.1650848
v 0.7462213 13.7634411 19.0322247
v 0.4213434 13.6695557 17.8692417
v 0.1877705 13.7634411 16.7062607
v 0.0470188 14.0426664 15.5733995
v 1.1602975 13.5882998 8.8900843
v 1.1602975 13.1398449 8.9816360
v 0.0470188 13.9577770 15.5331192
v 0.1877705 13.5882998 16.6398392
v 0.4213434 13.4011374 17.7914944
v 0.7462213 13.4011374 18.9582596
v 1.1602975 13.5882998 20.1099148
v 1.6608871 13.9577770 21.2166348
v 1.6608871 12.8873739 7.9573216
v 1.6608871 12.3661366 8.1083002
v 0.0470188 13.8764038 15.4861383
v 0.1877705 13.4190702 16.5595379
v 0.4213434 13.1398449 17.6924000
v 0.7462213 13.0459595 18.8553810
v 1.1602975 13.1398449 20.0183620
v 1.6608871 13.4190702 21.1512241
v 0.0470188 13.7990742 15.4327612
v 0.1877705 13.2568512 16.4658813
v 0.4213434 12.8873739 17.5726013
v 0.7462213 12.7002125 18.7242565
v 1.1602975 12.7002125 19.8910217
v 1.6608871 12.8873739 21.0426769
v 2.2447436 13.2568512 22.1493969
v 0.0470188 13.7262907 15.3733358
v 0.1877705 13.1026955 16.3594742
v 0.4213434 12.6453619 17.4328747
v 0.7462213 12.3661366 18.5657349
v 1.1602975 12.2722511 19.7287178
v 1.6608871 12.3661366 20.8916988
v 2.2447436 12.6453619 22.0245609
v 0.0470188 13.6585255 15.3082466
v 0.1877705 12.9576006 16.2410088
v 0.4213434 12.4153776 17.2741280
v 0.7462213 12.0459003 18.3808479
v 1.1602975 11.8587379 19.5325031
v 1.6608871 11.8587379 20.6992683
v 0.0470188 13.5962172 15.2379150
v 0.1877705 12.8225088 16.1112518
v 0.4213434 12.1989126 17.0973892
v 0.7462213 11.7415800 18.1707897
v 1.1602975 11.4623547 19.3036499
v 1.6608871 11.3684692 20.4666328
v 2.2447436 11.4623547 21.6296139
v 2.2447436 12.0459003 7.1490750
v 2.2447436 11.4623547 7.3703847
v 1.1602975 14.0426664 8.8349142
v 1.6608871 13.9577770 7.7833643
v 2.2447436 13.8764038 6.7753749
v 2.9080799 11.0856714 22.5137215
v 2.2447436 10.8985090 21.3620663
v 2.2447436 10.3580208 21.0500164
v 1.6608871 10.8985090 20.1953011
v 1.6608871 10.4519062 19.8870335
v 1.1602975 11.0856714 19.0436459
v 1.1602975 10.7311316 18.7541714
v 0.7462213 11.4551487 17.9369259
v 0.7462213 11.1884642 17.6807728
v 0.4213434 11.9973717 16.9038067
v 0.4213434 11.8120604 16.6946335
v 0.1877705 12.6982965 15.9710445
v 0.1877705 12.5857687 15.8212976
v 0.0470188 13.5397711 15.1627979
v 0.0470188 13.4895515 15.0833826
v 0.0470188 13.4458847 15.0001831
v 0.1877705 12.4856558 15.6629810
v 0.4213434 11.6441822 16.4712276
v 0.7462213 10.9432564 17.4039898
v 1.1602975 10.4010344 18.4371090
v 1.6608871 10.0315571 19.5438290
v 2.2447436 9.8443947 20.6954842
v 2.9080799 9.8443947 21.8622494
v 0.0470188 13.4090548 14.9137402
v 0.1877705 12.3986073 15.4971228
v 0.4213434 11.4948244 16.2350388
v 0.7462213 10.7211161 17.1083736
v 1.1602975 10.0975199 18.0945129
v 1.6608871 9.6401873 19.1679134
v 2.2447436 9.3609619 20.3007736
v 2.9080799 9.2670765 21.4637566
v 2.9080799 11.0856714 6.4862771
v 2.9080799 10.4519062 6.7870021
v 0.0470188 13.3793001 14.8246136
v 0.1877705 12.3251858 15.3247976
v 0.4213434 11.3649569 15.9875956
v 0.7462213 10.5234833 16.7958431
v 1.1602975 9.8225574 17.7286053
v 1.6608871 9.2803345 18.7617245
v 2.2447436 8.9108572 19.8684425
v 2.9080799 8.7236958 21.0200996
v 0.0470188 13.3568144 14.7333822
v 0.1877705 12.2658691 15.1471233
v 0.4213434 11.2554216 15.7305059
v 0.7462213 10.3516388 16.4684219
v 1.1602975 9.5779305 17.3417568
v 1.6608871 8.9543343 18.3278961
v 2.2447436 8.4970007 19.4012966
v 2.9080799 8.2177763 20.5341568
v 3.6465936 8.1238909 21.6971397
v 0.0470188 13.3417416 14.6406374
v 0.1877705 12.2210426 14.9652519
v 0.4213434 11.1669273 15.4654360
v 0.7462213 10.2066994 16.1282330
v 1.1602975 9.3652248 16.9364815
v 1.6608871 8.6643000 17.8692417
v 2.2447436 8.1220770 18.9023609
v 2.9080799 7.7525997 20.0090809
v 3.6465936 7.5654373 21.1607380
v 4.4554968 7.5654373 22.3275032
v 3.6465936 10.0315571 5.9860935
v 3.6465936 9.3609619 6.3732610
v 0.0470188 13.3341808 14.5469809
v 0.1877705 12.1909952 14.7803631
v 0.4213434 11.1000509 15.1941042
v 0.7462213 10.0896025 15.7774868
v 1.1602975 9.1858196 16.5154018
v 1.6608871 8.4121113 17.3887386
v 2.2447436 7.7885151 18.3748760
v 2.9080799 7.3311825 19.4482765
v 3.6465936 7.0519571 20.5811386
v 0.0470188 13.3341808 14.4530191
v 0.1877705 12.1759224 14.5936565
v 0.4213434 11.0552235 14.9182711
v 0.7462213 10.0011082 15.4184551
v 1.1602975 9.0408792 16.0812531
v 1.6608871 8.1994057 16.8894997
v 2.2447436 7.4984803 17.8222618
v 2.9080799 6.9562578 18.8553810
v 3.6465936 6.5867805 19.9621010
v 4.4554968 6.3996186 21.1137562
v 5.3295417 6.3996186 22.2805214
v 4.4554968 8.9108572 5.6614790
v 4.4554968 8.2177763 6.1398783
v 2.9080799 13.7990742 5.8174829
v 3.6465936 13.7262907 4.9159007
v 4.4554968 13.6585255 4.0764742
v 0.0470188 13.3417416 14.3593616
v 0.1877705 12.1759224 14.4063425
v 0.4213434 11.0327368 14.6397257
v 0.7462213 9.9417925 15.0534658
v 1.1602975 8.9313440 15.6368484
v 1.6608871 8.0275621 16.3747635
v 2.2447436 7.2538533 17.2481003
v 2.9080799 6.6302567 18.2342396
v 3.6465936 6.1729245 19.3076382
v 4.4554968 5.8936987 20.4405003
v 5.3295417 5.7998133 21.6034813
v 6.2630606 5.2564321 22.0471382
v 5.3295417 5.2564321 20.8803730
v 4.4554968 5.4435945 19.7287178
v 3.6465936 5.8130722 18.6219978
v 2.9080799 6.3552952 17.5888786
v 2.2447436 7.0562201 16.6561165
v 1.6608871 7.8976941 15.8478699
v 1.1602975 8.8579235 15.1850719
v 0.7462213 9.9120378 14.6848879
v 0.4213434 11.0327368 14.3602734
v 0.1877705 12.1909952 14.2196360
v 0.0470188 13.3568144 14.2666168
v 5.3295417 7.7525997 5.5208411
v 5.3295417 7.0519571 6.0928974
v 7.2500000 4.7729993 22.4418488
v 6.2630606 4.6791143 21.2788677
v 5.3295417 4.7729993 20.1158848
v 4.4554968 5.0522246 18.9830246
v 3.6465936 5.5095582 17.9096241
v 2.9080799 6.1331539 16.9234867
v 2.2447436 6.9068623 16.0501499
v 1.6608871 7.8106446 15.3122339
v 1.1602975 8.8210926 14.7288513
v 0.7462213 9.9120378 14.3151112
v 0.4213434 11.0552235 14.0817280
v 0.1877705 12.2210426 14.0347471
v 0.0470188 13.3793001 14.1753855
v 6.2630606 6.5867805 5.5678215
v 6.2630606 5.8936987 6.2335358
v 0.0470188 13.4090548 14.0862589
v 0.1877705 12.2658691 13.8528757
v 0.4213434 11.1000509 13.8058949
v 0.7462213 9.9417925 13.9465332
v 1.1602975 8.8210926 14.2711477
v 1.6608871 7.7669783 14.7713308
v 2.2447436 6.8067493 15.4341297
v 2.9080799 5.9652758 16.2423763
v 3.6465936 5.2643504 17.1751385
v 4.4554968 4.7221279 18.2082577
v 5.3295417 4.3526506 19.3149776
v 6.2630606 4.1654882 20.4666328
v 7.2500000 4.1654882 21.6333981
v 8.2839575 3.7188857 21.9416656
v 7.2500000 3.6250000 20.7786846
v 6.2630606 3.7188857 19.6157017
v 5.3295417 3.9981101 18.4828415
v 4.4554968 4.4554434 17.4094410
v 3.6465936 5.0790396 16.4233017
v 2.9080799 5.8527479 15.5499659
v 2.2447436 6.7565303 14.8120508
v 1.6608871 7.7669783 14.2286682
v 1.1602975 8.8579235 13.8149271
v 0.7462213 10.0011082 13.5815449
v 0.4213434 11.1669273 13.5345631
v 0.1877705 12.3251858 13.6752014
v 0.0470188 13.4458847 13.9998159
v 7.2500000 5.4435945 5.8012047
v 7.2500000 4.7729993 6.5581503
v 5.3295417 13.5962172 3.3046491
v 6.2630606 13.5397711 2.6054299
v 7.2500000 13.4895515 1.9833511
v 9.3582287 3.3422019 22.2016716
v 8.2839575 3.1550395 21.0500164
v 7.2500000 3.1550395 19.8832493
v 6.2630606 3.3422019 18.7315941
v 5.3295417 3.7116790 17.6248741
v 4.4554968 4.2539024 16.5917549
v 3.6465936 4.9548268 15.6589937
v 2.9080799 5.7963014 14.8507471
v 2.2447436 6.7565303 14.1879482
v 1.6608871 7.8106446 13.6877651
v 1.1602975 8.9313440 13.3631506
v 0.7462213 10.0896025 13.2225122
v 0.4213434 11.2554216 13.2694931
v 0.1877705 12.3986073 13.5028763
v 0.0470188 13.4895515 13.9166174
v 8.2839575 4.3526506 6.2149458
v 8.2839575 3.7188857 7.0583334
v 8.2839575 13.4458847 1.4424473
v 9.3582287 13.4090548 0.9862278
v 10.4658461 3.0378811 22.4117279
v 9.3582287 2.7586567 21.2788677
v 8.2839575 2.6647708 20.1158848
v 7.2500000 2.7586567 18.9529037
v 6.2630606 3.0378811 17.8200417
v 5.3295417 3.4952145 16.7466431
v 4.4554968 4.1188102 15.7605038
v 3.6465936 4.8925185 14.8871679
v 2.9080799 5.7963014 14.1492529
v 2.2447436 6.8067493 13.5658703
v 1.6608871 7.8976941 13.1521292
v 1.1602975 9.0408792 12.9187460
v 0.7462213 10.2066994 12.8717651
v 0.4213434 11.3649569 13.0124035
v 0.1877705 12.4856558 13.3370180
v 0.0470188 13.5397711 13.8372011
v 9.3582287 3.3422019 6.7983279
v 9.3582287 2.7586567 7.7211318
v 0.0470188 13.5962172 13.7620840
v 0.1877705 12.5857687 13.1787014
v 0.4213434 11.4948244 12.7649612
v 0.7462213 10.3516388 12.5315781
v 1.1602975 9.1858196 12.4845972
v 1.6608871 8.0275621 12.6252356
v 2.2447436 6.9068623 12.9498491
v 2.9080799 5.8527479 13.4500332
v 3.6465936 4.8925185 14.1128311
v 4.4554968 4.0510454 14.9210777
v 5.3295417 3.3501201 15.8538399
v 6.2630606 2.8078976 16.8869591
v 7.2500000 2.4384196 17.9936790
v 8.2839575 2.2512572 19.1453342
v 9.3582287 2.2512572 20.3120995
v 10.4658461 2.4384196 21.4637566
v 11.5996275 2.8078976 22.5704746
v 10.4658461 2.4384196 7.5362430
v 10.4658461 1.9171824 8.5293789
v 10.4658461 13.3793001 0.6176494
v 0.0470188 13.6585255 13.6917524
v 0.1877705 12.6982965 13.0289545
v 0.4213434 11.6441822 12.5287714
v 0.7462213 10.5234833 12.2041569
v 1.1602975 9.3652248 12.0635185
v 1.6608871 8.1994057 12.1104994
v 2.2447436 7.0562201 12.3438826
v 2.9080799 5.9652758 12.7576237
v 3.6465936 4.9548268 13.3410053
v 4.4554968 4.0510454 14.0789213
v 5.3295417 3.2773364 14.9522572
v 6.2630606 2.6537404 15.9383955
v 7.2500000 2.1964078 17.0117950
v 8.2839575 1.9171824 18.1446571
v 9.3582287 1.8232968 19.3076382
v 10.4658461 1.9171824 20.4706211
v 11.5996275 2.1964078 21.6034813
v 11.5996275 1.6647111 20.5904198
v 10.4658461 1.4775488 19.4387627
v 9.3582287 1.4775488 18.2719975
v 8.2839575 1.6647111 17.1203423
v 7.2500000 2.0341883 16.0136223
v 6.2630606 2.5764117 14.9805040
v 5.3295417 3.2773364 14.0477419
v 4.4554968 4.1188102 13.2394953
v 3.6465936 5.0790396 12.5766964
v 2.9080799 6.1331539 12.0765133
v 2.2447436 7.2538533 11.7518988
v 1.6608871 8.4121113 11.6112604
v 1.1602975 9.5779305 11.6582413
v 0.7462213 10.7211161 11.8916245
v 0.4213434 11.8120604 12.3053656
v 0.1877705 12.8225088 12.8887482
v 0.0470188 13.7262907 13.6266632
v 11.5996275 1.6647111 8.4095793
v 11.5996275 1.2162570 9.4621401
v 11.5996275 13.3568144 0.3391039
v 12.7522173 13.3417416 0.1523970
v 12.7522173 1.4954824 20.6707191
v 11.5996275 1.2162570 19.5378590
v 10.4658461 1.1223713 18.3748760
v 9.3582287 1.2162570 17.2118950
v 8.2839575 1.4954824 16.0790329
v 7.2500000 1.9528148 15.0056334
v 6.2630606 2.5764117 14.0194950
v 5.3295417 3.3501201 13.1461592
v 4.4554968 4.2539024 12.4082441
v 3.6465936 5.2643504 11.8248615
v 2.9080799 6.3552952 11.4111204
v 2.2447436 7.4984803 11.1777372
v 1.6608871 8.6643000 11.1307564
v 1.1602975 9.8225574 11.2713947
v 0.7462213 10.9432564 11.5960093
v 0.4213434 11.9973717 12.0961924
v 0.1877705 12.9576006 12.7589912
v 0.0470188 13.7990742 13.5672379
v 12.7522173 1.0411153 9.3957186
v 12.7522173 0.6740345 10.4952602
v 13.9161434 1.4105923 20.7110004
v 12.7522173 1.0411153 19.6042805
v 11.5996275 0.8539529 18.4526253
v 10.4658461 0.8539529 17.2858601
v 9.3582287 1.0411153 16.1342049
v 8.2839575 1.4105923 15.0274849
v 7.2500000 1.9528148 13.9943657
v 6.2630606 2.6537404 13.0616035
v 5.3295417 3.4952145 12.2533569
v 4.4554968 4.4554434 11.5905581
v 3.6465936 5.5095582 11.0903749
v 2.9080799 6.6302567 10.7657604
v 2.2447436 7.7885151 10.6251221
v 1.6608871 8.9543343 10.6721029
v 1.1602975 10.0975199 10.9054861
v 0.7462213 11.1884642 11.3192272
v 0.4213434 12.1989126 11.9026098
v 0.1877705 13.1026955 12.6405249
v 0.0470188 13.8764038 13.5138607
v 13.9161434 0.5837818 10.4691181
v 13.9161434 0.3045574 11.6019793
v 13.9161434 13.3341808 0.0587404
v 16.2477818 2.0341883 21.6971397
v 15.0838556 1.4105923 20.7110004
v 13.9161434 0.9532589 19.6375999
v 12.7522173 0.6740345 18.5047398
v 11.5996275 0.5801488 17.3417568
v 10.4658461 0.6740345 16.1787758
v 9.3582287 0.9532589 15.0459146
v 8.2839575 1.4105923 13.9725142
v 7.2500000 2.0341883 12.9863758
v 6.2630606 2.8078976 12.1130400
v 5.3295417 3.7116790 11.3751249
v 4.4554968 4.7221279 10.7917414
v 3.6465936 5.8130722 10.3780012
v 2.9080799 6.9562578 10.1446180
v 2.2447436 8.1220770 10.0976372
v 1.6608871 9.2803345 10.2382755
v 1.1602975 10.4010344 10.5628901
v 0.7462213 11.4551487 11.0630732
v 0.4213434 12.4153776 11.7258720
v 0.1877705 13.2568512 12.5341187
v 0.0470188 13.9577770 13.4668798
v 15.0838556 0.3045574 11.6019793
v 15.0838556 0.1173951 12.7536354
v 15.0838556 13.3341808 0.0587404
v 16.2477818 0.2106717 12.7649612
v 16.2477818 0.1173951 13.9204006
v 16.2477818 13.3417416 0.1523970
v 17.4003716 13.3568144 0.3391039
v 17.4003716 0.3045574 13.9279432
v 17.4003716 0.3045574 15.0720568
v 0.0470188 14.1305227 13.3932800
v 0.0470188 14.0426664 13.4265995
v 0.1877705 13.5882998 12.3601608
v 0.1877705 13.4190702 12.4404612
v 0.4213434 12.8873739 11.4273987
v 0.4213434 12.6453619 11.5671253
v 0.7462213 12.0459003 10.6191521
v 0.7462213 11.7415800 10.8292093
v 1.1602975 11.0856714 9.9563541
v 1.1602975 10.7311316 10.2458267
v 1.6608871 10.0315571 9.4561701
v 1.6608871 9.6401873 9.8320856
v 2.2447436 8.9108572 9.1315556
v 2.2447436 8.4970007 9.5987034
v 2.9080799 7.7525997 8.9909182
v 2.9080799 7.3311825 9.5517225
v 3.6465936 6.5867805 9.0378990
v 3.6465936 6.1729245 9.6923599
v 4.4554968 5.4435945 9.2712822
v 4.4554968 5.0522246 10.0169754
v 5.3295417 4.3526506 9.6850224
v 5.3295417 3.9981101 10.5171585
v 6.2630606 3.3422019 10.2684050
v 6.2630606 3.0378811 11.1799564
v 7.2500000 2.4384196 11.0063200
v 7.2500000 2.1964078 11.9882030
v 8.2839575 1.6647111 11.8796568
v 8.2839575 1.4954824 12.9209652
v 9.3582287 1.0411153 12.8657951
v 9.3582287 0.9532589 13.9540844
v 10.4658461 0.5837818 13.9391956
v 10.4658461 0.5837818 15.0608044
v 11.5996275 0.3045574 15.0720568
v 11.5996275 0.3966196 16.2124596
v 12.7522173 0.2106717 16.2350388
v 12.7522173 0.3966196 17.3792248
v 13.9161434 0.3045574 17.3980198
v 13.9161434 0.5837818 18.5308819
v 15.0838556 0.5837818 18.5308819
v 15.0838556 0.9532589 19.6375999
v 16.2477818 1.0411153 19.6042805
v 16.2477818 1.4954824 20.6707191
v 17.4003716 1.6647111 20.5904198
v 18.5341530 2.4384196 21.4637566
v 0.0470188 14.2207747 13.3671389
v 0.1877705 13.7634411 12.2937384
v 0.4213434 13.1398449 11.3076000
v 0.7462213 12.3661366 10.4342642
v 1.1602975 11.4623547 9.6963482
v 1.6608871 10.4519062 9.1129656
v 2.2447436 9.3609619 8.6992254
v 2.9080799 8.2177763 8.4658422
v 3.6465936 7.0519571 8.4188614
v 4.4554968 5.8936987 8.5594988
v 5.3295417 4.7729993 8.8841133
v 6.2630606 3.7188857 9.3842974
v 7.2500000 2.7586567 10.0470953
v 8.2839575 1.9171824 10.8553419
v 9.3582287 1.2162570 11.7881041
v 10.4658461 0.6740345 12.8212233
v 11.5996275 0.3045574 13.9279432
v 12.7522173 0.1173951 15.0795984
v 13.9161434 0.1173951 16.2463646
v 15.0838556 0.3045574 17.3980198
v 16.2477818 0.6740345 18.5047398
v 17.4003716 1.2162570 19.5378590
v 18.5341530 1.9171824 20.4706211
v 18.5341530 0.5837818 15.0608044
v 18.5341530 0.6740345 16.1787758
v 18.5341530 13.3793001 0.6176494
v 19.6417713 1.0411153 16.1342049
v 19.6417713 1.2162570 17.2118950
v 19.6417713 13.4090548 0.9862278
v 20.7160416 13.4458847 1.4424473
v 20.7160416 3.1550395 21.0500164
v 19.6417713 2.2512572 20.3120995
v 18.5341530 1.4775488 19.4387627
v 17.4003716 0.8539529 18.4526253
v 16.2477818 0.3966196 17.3792248
v 15.0838556 0.1173951 16.2463646
v 13.9161434 0.0235094 15.0833826
v 12.7522173 0.1173951 13.9204006
v 11.5996275 0.3966196 12.7875395
v 10.4658461 0.8539529 11.7141390
v 9.3582287 1.4775488 10.7280006
v 8.2839575 2.2512572 9.8546648
v 7.2500000 3.1550395 9.1167488
v 6.2630606 4.1654882 8.5333662
v 5.3295417 5.2564321 8.1196260
v 4.4554968 6.3996186 7.8862429
v 3.6465936 7.5654373 7.8392620
v 2.9080799 8.7236958 7.9798999
v 2.2447436 9.8443947 8.3045149
v 1.6608871 10.8985090 8.8046980
v 1.1602975 11.8587379 9.4674959
v 0.7462213 12.7002125 10.2757425
v 0.4213434 13.4011374 11.2085047
v 0.1877705 13.9433603 12.2416239
v 0.0470188 14.3128376 13.3483438
v 20.7160416 1.6647111 17.1203423
v 20.7160416 1.9171824 18.1446571
v 21.7500000 2.4384196 17.9936790
v 21.7500000 2.7586567 18.9529037
v 21.7500000 13.4895515 1.9833511
v 23.6704578 5.7998133 21.6034813
v 22.7369385 4.6791143 21.2788677
v 21.7500000 3.6250000 20.7786846
v 20.7160416 2.6647708 20.1158848
v 19.6417713 1.8232968 19.3076382
v 18.5341530 1.1223713 18.3748760
v 17.4003716 0.5801488 17.3417568
v 16.2477818 0.2106717 16.2350388
v 15.0838556 0.0235094 15.0833826
v 13.9161434 0.0235094 13.9166174
v 12.7522173 0.2106717 12.7649612
v 11.5996275 0.5801488 11.6582413
v 10.4658461 1.1223713 10.6251221
v 9.3582287 1.8232968 9.6923599
v 8.2839575 2.6647708 8.8841133
v 7.2500000 3.6250000 8.2213154
v 6.2630606 4.6791143 7.7211318
v 5.3295417 5.7998133 7.3965173
v 4.4554968 6.9580717 7.2558794
v 3.6465936 8.1238909 7.3028603
v 2.9080799 9.2670765 7.5362430
v 2.2447436 10.3580208 7.9499836
v 1.6608871 11.3684692 8.5333662
v 1.1602975 12.2722511 9.2712822
v 0.7462213 13.0459595 10.1446180
v 0.4213434 13.6695557 11.1307564
v 0.1877705 14.1268892 12.2041569
v 0.0470188 14.4061136 13.3370180
v 22.7369385 3.3422019 18.7315941
v 22.7369385 3.7188857 19.6157017
v 22.7369385 13.5397711 2.6054299
v 23.6704578 4.3526506 19.3149776
v 23.6704578 4.7729993 20.1158848
v 24.5445023 5.4435945 19.7287178
v 24.5445023 5.8936987 20.4405003
v 25.3534050 6.5867805 19.9621010
v 25.3534050 7.0519571 20.5811386
v 23.6704578 13.5962172 3.3046491
v 24.5445023 13.6585255 4.0764742
v 25.3534050 13.7262907 4.9159007
v 26.0919189 7.7525997 20.0090809
v 26.0919189 8.2177763 20.5341568
v 26.0919189 13.7990742 5.8174829
v 26.7552547 8.9108572 19.8684425
v 26.7552547 9.3609619 20.3007736
v 26.7552547 13.8764038 6.7753749
v 27.3391113 13.4190702 21.1512241
v 27.8397007 14.0426664 20.1650848
v 27.3391113 13.9577770 21.2166348
v 27.3391113 10.0315571 19.5438290
v 27.3391113 10.4519062 19.8870335
v 27.8397007 11.0856714 19.0436459
v 27.8397007 11.4623547 19.3036499
v 27.8397007 14.0426664 8.8349142
v 27.3391113 13.9577770 7.7833643
v 28.5786552 14.2207747 17.9588242
v 28.2537785 14.1305227 19.0767956
v 28.2537785 13.7634411 19.0322247
v 27.8397007 13.5882998 20.1099148
v 27.8397007 13.1398449 20.0183620
v 27.3391113 12.8873739 21.0426769
v 27.3391113 12.3661366 20.8916988
v 26.7552547 12.0459003 21.8509235
v 28.2537785 12.0459003 18.3808479
v 28.2537785 12.3661366 18.5657349
v 28.8122292 14.3128376 16.8184204
v 28.5786552 13.9433603 17.9251404
v 28.2537785 13.4011374 18.9582596
v 27.8397007 12.7002125 19.8910217
v 27.3391113 11.8587379 20.6992683
v 26.7552547 10.8985090 21.3620663
v 28.5786552 12.8873739 17.5726013
v 28.5786552 13.1398449 17.6924000
v 28.9529800 14.4061136 15.6629810
v 28.8122292 14.1268892 16.7958431
v 28.5786552 13.6695557 17.8692417
v 28.2537785 13.0459595 18.8553810
v 27.8397007 12.2722511 19.7287178
v 27.3391113 11.3684692 20.4666328
v 26.7552547 10.3580208 21.0500164
v 28.8122292 13.5882998 16.6398392
v 28.8122292 13.7634411 16.7062607
v 28.2537785 14.1305227 9.9232025
v 28.5786552 14.2207747 11.0411749
v 28.8122292 14.3128376 12.1815786
v 28.9529800 14.0426664 15.5733995
v 28.8122292 13.4190702 16.5595379
v 28.9529800 13.9577770 15.5331192
v 28.5786552 12.6453619 17.4328747
v 28.8122292 13.2568512 16.4658813
v 28.9529800 13.8764038 15.4861383
v 28.2537785 11.7415800 18.1707897
v 28.5786552 12.4153776 17.2741280
v 28.8122292 13.1026955 16.3594742
v 28.9529800 13.7990742 15.4327612
v 27.8397007 10.7311316 18.7541714
v 28.2537785 11.4551487 17.9369259
v 28.5786552 12.1989126 17.0973892
v 28.8122292 12.9576006 16.2410088
v 28.9529800 13.7262907 15.3733358
v 27.3391113 9.6401873 19.1679134
v 27.8397007 10.4010344 18.4371090
v 28.2537785 11.1884642 17.6807728
v 28.5786552 11.9973717 16.9038067
v 28.8122292 12.8225088 16.1112518
v 28.9529800 13.6585255 15.3082466
v 26.7552547 8.4970007 19.4012966
v 27.3391113 9.2803345 18.7617245
v 27.8397007 10.0975199 18.0945129
v 28.2537785 10.9432564 17.4039898
v 28.5786552 11.8120604 16.6946335
v 28.8122292 12.6982965 15.9710445
v 28.9529800 13.5962172 15.2379150
v 26.0919189 7.3311825 19.4482765
v 26.7552547 8.1220770 18.9023609
v 27.3391113 8.9543343 18.3278961
v 27.8397007 9.8225574 17.7286053
v 28.2537785 10.7211161 17.1083736
v 28.5786552 11.6441822 16.4712276
v 28.8122292 12.5857687 15.8212976
v 28.9529800 13.5397711 15.1627979
v 25.3534050 6.1729245 19.3076382
v 26.0919189 6.9562578 18.8553810
v 26.7552547 7.7885151 18.3748760
v 27.3391113 8.6643000 17.8692417
v 27.8397007 9.5779305 17.3417568
v 28.2537785 10.5234833 16.7958431
v 28.5786552 11.4948244 16.2350388
v 28.8122292 12.4856558 15.6629810
v 28.9529800 13.4895515 15.0833826
v 24.5445023 5.0522246 18.9830246
v 25.3534050 5.8130722 18.6219978
v 26.0919189 6.6302567 18.2342396
v 26.7552547 7.4984803 17.8222618
v 27.3391113 8.4121113 17.3887386
v 27.8397007 9.3652248 16.9364815
v 28.2537785 10.3516388 16.4684219
v 28.5786552 11.3649569 15.9875956
v 28.8122292 12.3986073 15.4971228
v 28.9529800 13.4458847 15.0001831
v 23.6704578 3.9981101 18.4828415
v 24.5445023 4.7221279 18.2082577
v 25.3534050 5.5095582 17.9096241
v 26.0919189 6.3552952 17.5888786
v 26.7552547 7.2538533 17.2481003
v 27.3391113 8.1994057 16.8894997
v 27.8397007 9.1858196 16.5154018
v 28.2537785 10.2066994 16.1282330
v 28.5786552 11.2554216 15.7305059
v 28.8122292 12.3251858 15.3247976
v 28.9529800 13.4090548 14.9137402
v 22.7369385 3.0378811 17.8200417
v 23.6704578 3.7116790 17.6248741
v 24.5445023 4.4554434 17.4094410
v 25.3534050 5.2643504 17.1751385
v 26.0919189 6.1331539 16.9234867
v 26.7552547 7.0562201 16.6561165
v 27.3391113 8.0275621 16.3747635
v 27.8397007 9.0408792 16.0812531
v 28.2537785 10.0896025 15.7774868
v 28.5786552 11.1669273 15.4654360
v 28.8122292 12.2658691 15.1471233
v 28.9529800 13.3793001 14.8246136
v 21.7500000 2.1964078 17.0117950
v 22.7369385 2.8078976 16.8869591
v 23.6704578 3.4952145 16.7466431
v 24.5445023 4.2539024 16.5917549
v 25.3534050 5.0790396 16.4233017
v 26.0919189 5.9652758 16.2423763
v 26.7552547 6.9068623 16.0501499
v 27.3391113 7.8976941 15.8478699
v 27.8397007 8.9313440 15.6368484
v 28.2537785 10.0011082 15.4184551
v 28.5786552 11.1000509 15.1941042
v 28.8122292 12.2210426 14.9652519
v 28.9529800 13.3568144 14.7333822
v 20.7160416 1.4954824 16.0790329
v 21.7500000 2.0341883 16.0136223
v 22.7369385 2.6537404 15.9383955
v 23.6704578 3.3501201 15.8538399
v 24.5445023 4.1188102 15.7605038
v 25.3534050 4.9548268 15.6589937
v 26.0919189 5.8527479 15.5499659
v 26.7552547 6.8067493 15.4341297
v 27.3391113 7.8106446 15.3122339
v 27.8397007 8.8579235 15.1850719
v 28.2537785 9.9417925 15.0534658
v 28.5786552 11.0552235 14.9182711
v 28.8122292 12.1909952 14.7803631
v 28.9529800 13.3417416 14.6406374
v 19.6417713 0.9532589 15.0459146
v 20.7160416 1.4105923 15.0274849
v 21.7500000 1.9528148 15.0056334
v 22.7369385 2.5764117 14.9805040
v 23.6704578 3.2773364 14.9522572
v 24.5445023 4.0510454 14.9210777
v 25.3534050 4.8925185 14.8871679
v 26.0919189 5.7963014 14.8507471
v 26.7552547 6.7565303 14.8120508
v 27.3391113 7.7669783 14.7713308
v 27.8397007 8.8210926 14.7288513
v 28.2537785 9.9120378 14.6848879
v 28.5786552 11.0327368 14.6397257
v 28.8122292 12.1759224 14.5936565
v 28.9529800 13.3341808 14.5469809
v 18.5341530 0.5837818 13.9391956
v 19.6417713 0.9532589 13.9540844
v 20.7160416 1.4105923 13.9725142
v 21.7500000 1.9528148 13.9943657
v 22.7369385 2.5764117 14.0194950
v 23.6704578 3.2773364 14.0477419
v 24.5445023 4.0510454 14.0789213
v 25.3534050 4.8925185 14.1128311
v 26.0919189 5.7963014 14.1492529
v 26.7552547 6.7565303 14.1879482
v 27.3391113 7.7669783 14.2286682
v 27.8397007 8.8210926 14.2711477
v 28.2537785 9.9120378 14.3151112
v 28.5786552 11.0327368 14.3602734
v 28.8122292 12.1759224 14.4063425
v 28.9529800 13.3341808 14.4530191
v 17.4003716 0.3966196 12.7875395
v 18.5341530 0.6740345 12.8212233
v 19.6417713 1.0411153 12.8657951
v 20.7160416 1.4954824 12.9209652
v 21.7500000 2.0341883 12.9863758
v 22.7369385 2.6537404 13.0616035
v 23.6704578 3.3501201 13.1461592
v 24.5445023 4.1188102 13.2394953
v 25.3534050 4.9548268 13.3410053
v 26.0919189 5.8527479 13.4500332
v 26.7552547 6.8067493 13.5658703
v 27.3391113 7.8106446 13.6877651
v 27.8397007 8.8579235 13.8149271
v 28.2537785 9.9417925 13.9465332
v 28.5786552 11.0552235 14.0817280
v 28.8122292 12.1909952 14.2196360
v 28.9529800 13.3417416 14.3593616
v 16.2477818 0.3966196 11.6207743
v 17.4003716 0.5801488 11.6582413
v 18.5341530 0.8539529 11.7141390
v 19.6417713 1.2162570 11.7881041
v 20.7160416 1.6647111 11.8796568
v 21.7500000 2.1964078 11.9882030
v 22.7369385 2.8078976 12.1130400
v 23.6704578 3.4952145 12.2533569
v 24.5445023 4.2539024 12.4082441
v 25.3534050 5.0790396 12.5766964
v 26.0919189 5.9652758 12.7576237
v 26.7552547 6.9068623 12.9498491
v 27.3391113 7.8976941 13.1521292
v 27.8397007 8.9313440 13.3631506
v 28.2537785 10.0011082 13.5815449
v 28.5786552 11.1000509 13.8058949
v 28.8122292 12.2210426 14.0347471
v 28.9529800 13.3568144 14.2666168
v 15.0838556 0.5837818 10.4691181
v 16.2477818 0.6740345 10.4952602
v 17.4003716 0.8539529 10.5473738
v 18.5341530 1.1223713 10.6251221
v 19.6417713 1.4775488 10.7280006
v 20.7160416 1.9171824 10.8553419
v 21.7500000 2.4384196 11.0063200
v 22.7369385 3.0378811 11.1799564
v 23.6704578 3.7116790 11.3751249
v 24.5445023 4.4554434 11.5905581
v 25.3534050 5.2643504 11.8248615
v 26.0919189 6.1331539 12.0765133
v 26.7552547 7.0562201 12.3438826
v 27.3391113 8.0275621 12.6252356
v 27.8397007 9.0408792 12.9187460
v 28.2537785 10.0896025 13.2225122
v 28.5786552 11.1669273 13.5345631
v 28.8122292 12.2658691 13.8528757
v 28.9529800 13.3793001 14.1753855
v 13.9161434 0.9532589 9.3623991
v 15.0838556 0.9532589 9.3623991
v 16.2477818 1.0411153 9.3957186
v 17.4003716 1.2162570 9.4621401
v 18.5341530 1.4775488 9.5612354
v 19.6417713 1.8232968 9.6923599
v 20.7160416 2.2512572 9.8546648
v 21.7500000 2.7586567 10.0470953
v 22.7369385 3.3422019 10.2684050
v 23.6704578 3.9981101 10.5171585
v 24.5445023 4.7221279 10.7917414
v 25.3534050 5.5095582 11.0903749
v 26.0919189 6.3552952 11.4111204
v 26.7552547 7.2538533 11.7518988
v 27.3391113 8.1994057 12.1104994
v 27.8397007 9.1858196 12.4845972
v 28.2537785 10.2066994 12.8717651
v 28.5786552 11.2554216 13.2694931
v 28.8122292 12.3251858 13.6752014
v 28.9529800 13.4090548 14.0862589
v 12.7522173 1.4954824 8.3292789
v 13.9161434 1.4105923 8.2889986
v 15.0838556 1.4105923 8.2889986
v 16.2477818 1.4954824 8.3292789
v 17.4003716 1.6647111 8.4095793
v 18.5341530 1.9171824 8.5293789
v 19.6417713 2.2512572 8.6878996
v 20.7160416 2.6647708 8.8841133
v 21.7500000 3.1550395 9.1167488
v 22.7369385 3.7188857 9.3842974
v 23.6704578 4.3526506 9.6850224
v 24.5445023 5.0522246 10.0169754
v 25.3534050 5.8130722 10.3780012
v 26.0919189 6.6302567 10.7657604
v 26.7552547 7.4984803 11.1777372
v 27.3391113 8.4121113 11.6112604
v 27.8397007 9.3652248 12.0635185
v 28.2537785 10.3516388 12.5315781
v 28.5786552 11.3649569 13.0124035
v 28.8122292 12.3986073 13.5028763
v 28.9529800 13.4458847 13.9998159
v 11.5996275 2.1964078 7.3965173
v 12.7522173 2.0341883 7.3028603
v 13.9161434 1.9528148 7.2558794
v 15.0838556 1.9528148 7.2558794
v 16.2477818 2.0341883 7.3028603
v 17.4003716 2.1964078 7.3965173
v 18.5341530 2.4384196 7.5362430
v 19.6417713 2.7586567 7.7211318
v 20.7160416 3.1550395 7.9499836
v 21.7500000 3.6250000 8.2213154
v 22.7369385 4.1654882 8.5333662
v 23.6704578 4.7729993 8.8841133
v 24.5445023 5.4435945 9.2712822
v 25.3534050 6.1729245 9.6923599
v 26.0919189 6.9562578 10.1446180
v 26.7552547 7.7885151 10.6251221
v 27.3391113 8.6643000 11.1307564
v 27.8397007 9.5779305 11.6582413
v 28.2537785 10.5234833 12.2041569
v 28.5786552 11.4948244 12.7649612
v 28.8122292 12.4856558 13.3370180
v 28.9529800 13.4895515 13.9166174
v 10.4658461 3.0378811 6.5882707
v 11.5996275 2.8078976 6.4295239
v 12.7522173 2.6537404 6.3231177
v 13.9161434 2.5764117 6.2697411
v 15.0838556 2.5764117 6.2697411
v 16.2477818 2.6537404 6.3231177
v 17.4003716 2.8078976 6.4295239
v 18.5341530 3.0378811 6.5882707
v 19.6417713 3.3422019 6.7983279
v 20.7160416 3.7188857 7.0583334
v 21.7500000 4.1654882 7.3666015
v 22.7369385 4.6791143 7.7211318
v 23.6704578 5.2564321 8.1196260
v 24.5445023 5.8936987 8.5594988
v 25.3534050 6.5867805 9.0378990
v 26.0919189 7.3311825 9.5517225
v 26.7552547 8.1220770 10.0976372
v 27.3391113 8.9543343 10.6721029
v 27.8397007 9.8225574 11.2713947
v 28.2537785 10.7211161 11.8916245
v 28.5786552 11.6441822 12.5287714
v 28.8122292 12.5857687 13.1787014
v 28.9529800 13.5397711 13.8372011
v 9.3582287 3.9981101 5.9254727
v 10.4658461 3.7116790 5.6916084
v 11.5996275 3.4952145 5.5148702
v 12.7522173 3.3501201 5.3964043
v 13.9161434 3.2773364 5.3369784
v 15.0838556 3.2773364 5.3369784
v 16.2477818 3.3501201 5.3964043
v 17.4003716 3.4952145 5.5148702
v 18.5341530 3.7116790 5.6916084
v 19.6417713 3.9981101 5.9254727
v 20.7160416 4.3526506 6.2149458
v 21.7500000 4.7729993 6.5581503
v 22.7369385 5.2564321 6.9528608
v 23.6704578 5.7998133 7.3965173
v 24.5445023 6.3996186 7.8862429
v 25.3534050 7.0519571 8.4188614
v 26.0919189 7.7525997 8.9909182
v 26.7552547 8.4970007 9.5987034
v 27.3391113 9.2803345 10.2382755
v 27.8397007 10.0975199 10.9054861
v 28.2537785 10.9432564 11.5960093
v 28.5786552 11.8120604 12.3053656
v 28.8122292 12.6982965 13.0289545
v 28.9529800 13.5962172 13.7620840
v 8.2839575 5.0522246 5.4252892
v 9.3582287 4.7221279 5.1082263
v 10.4658461 4.4554434 4.8520722
v 11.5996275 4.2539024 4.6584897
v 12.7522173 4.1188102 4.5287318
v 13.9161434 4.0510454 4.4636431
v 15.0838556 4.0510454 4.4636431
v 16.2477818 4.1188102 4.5287318
v 17.4003716 4.2539024 4.6584897
v 18.5341530 4.4554434 4.8520722
v 19.6417713 4.7221279 5.1082263
v 20.7160416 5.0522246 5.4252892
v 21.7500000 5.4435945 5.8012047
v 22.7369385 5.8936987 6.2335358
v 23.6704578 6.3996186 6.7194777
v 24.5445023 6.9580717 7.2558794
v 25.3534050 7.5654373 7.8392620
v 26.0919189 8.2177763 8.4658422
v 26.7552547 8.9108572 9.1315556
v 27.3391113 9.6401873 9.8320856
v 27.8397007 10.4010344 10.5628901
v 28.2537785 11.1884642 11.3192272
v 28.5786552 11.9973717 12.0961924
v 28.8122292 12.8225088 12.8887482
v 28.9529800 13.6585255 13.6917524
v 7.2500000 6.1729245 5.1006742
v 8.2839575 5.8130722 4.6944852
v 9.3582287 5.5095582 4.3518887
v 10.4658461 5.2643504 4.0751061
v 11.5996275 5.0790396 3.8659339
v 12.7522173 4.9548268 3.7257271
v 13.9161434 4.8925185 3.6553955
v 15.0838556 4.8925185 3.6553955
v 16.2477818 4.9548268 3.7257271
v 17.4003716 5.0790396 3.8659339
v 18.5341530 5.2643504 4.0751061
v 19.6417713 5.5095582 4.3518887
v 20.7160416 5.8130722 4.6944852
v 21.7500000 6.1729245 5.1006742
v 22.7369385 6.5867805 5.5678215
v 23.6704578 7.0519571 6.0928974
v 24.5445023 7.5654373 6.6724968
v 25.3534050 8.1238909 7.3028603
v 26.0919189 8.7236958 7.9798999
v 26.7552547 9.3609619 8.6992254
v 27.3391113 10.0315571 9.4561701
v 27.8397007 10.7311316 10.2458267
v 28.2537785 11.4551487 11.0630732
v 28.5786552 12.1989126 11.9026098
v 28.8122292 12.9576006 12.7589912
v 28.9529800 13.7262907 13.6266632
v 6.2630606 7.3311825 4.9600368
v 7.2500000 6.9562578 4.4611020
v 8.2839575 6.6302567 4.0272746
v 9.3582287 6.3552952 3.6613662
v 10.4658461 6.1331539 3.3657503
v 11.5996275 5.9652758 3.1423447
v 12.7522173 5.8527479 2.9925973
v 13.9161434 5.7963014 2.9174807
v 15.0838556 5.7963014 2.9174807
v 16.2477818 5.8527479 2.9925973
v 17.4003716 5.9652758 3.1423447
v 18.5341530 6.1331539 3.3657503
v 19.6417713 6.3552952 3.6613662
v 20.7160416 6.6302567 4.0272746
v 21.7500000 6.9562578 4.4611020
v 22.7369385 7.3311825 4.9600368
v 23.6704578 7.7525997 5.5208411
v 24.5445023 8.2177763 6.1398783
v 25.3534050 8.7236958 6.8131347
v 26.0919189 9.2670765 7.5362430
v 26.7552547 9.8443947 8.3045149
v 27.3391113 10.4519062 9.1129656
v 27.8397007 11.0856714 9.9563541
v 28.2537785 11.7415800 10.8292093
v 28.5786552 12.4153776 11.7258720
v 28.8122292 13.1026955 12.6405249
v 28.9529800 13.7990742 13.5672379
v 5.3295417 8.4970007 5.0070176
v 6.2630606 8.1220770 4.4141216
v 7.2500000 7.7885151 3.8866363
v 8.2839575 7.4984803 3.4279833
v 9.3582287 7.2538533 3.0411360
v 10.4658461 7.0562201 2.7286038
v 11.5996275 6.9068623 2.4924138
v 12.7522173 6.8067493 2.3340983
v 13.9161434 6.7565303 2.2546825
v 15.0838556 6.7565303 2.2546825
v 16.2477818 6.8067493 2.3340983
v 17.4003716 6.9068623 2.4924138
v 18.5341530 7.0562201 2.7286038
v 19.6417713 7.2538533 3.0411360
v 20.7160416 7.4984803 3.4279833
v 21.7500000 7.7885151 3.8866363
v 22.7369385 8.1220770 4.4141216
v 23.6704578 8.4970007 5.0070176
v 24.5445023 8.9108572 5.6614790
v 25.3534050 9.3609619 6.3732610
v 26.0919189 9.8443947 7.1377492
v 26.7552547 10.3580208 7.9499836
v 27.3391113 10.8985090 8.8046980
v 27.8397007 11.4623547 9.6963482
v 28.2537785 12.0459003 10.6191521
v 28.5786552 12.6453619 11.5671253
v 28.8122292 13.2568512 12.5341187
v 28.9529800 13.8764038 13.5138607
v 4.4554968 9.6401873 5.2404003
v 5.3295417 9.2803345 4.5547595
v 6.2630606 8.9543343 3.9336169
v 7.2500000 8.6643000 3.3810017
v 8.2839575 8.4121113 2.9004979
v 9.3582287 8.1994057 2.4952209
v 10.4658461 8.0275621 2.1677995
v 11.5996275 7.8976941 1.9203573
v 12.7522173 7.8106446 1.7544991
v 13.9161434 7.7669783 1.6712993
v 15.0838556 7.7669783 1.6712993
v 16.2477818 7.8106446 1.7544991
v 17.4003716 7.8976941 1.9203573
v 18.5341530 8.0275621 2.1677995
v 19.6417713 8.1994057 2.4952209
v 20.7160416 8.4121113 2.9004979
v 21.7500000 8.6643000 3.3810017
v 22.7369385 8.9543343 3.9336169
v 23.6704578 9.2803345 4.5547595
v 24.5445023 9.6401873 5.2404003
v 25.3534050 10.0315571 5.9860935
v 26.0919189 10.4519062 6.7870021
v 26.7552547 10.8985090 7.6379328
v 27.3391113 11.3684692 8.5333662
v 27.8397007 11.8587379 9.4674959
v 28.2537785 12.3661366 10.4342642
v 28.5786552 12.8873739 11.4273987
v 28.8122292 13.4190702 12.4404612
v 28.9529800 13.9577770 13.4668798
v 3.6465936 10.7311316 5.6541414
v 4.4554968 10.4010344 4.8793740
v 5.3295417 10.0975199 4.1669998
v 6.2630606 9.8225574 3.5216398
v 7.2500000 9.5779305 2.9474785
v 8.2839575 9.3652248 2.4482403
v 9.3582287 9.1858196 2.0271614
v 10.4658461 9.0408792 1.6869744
v 11.5996275 8.9313440 1.4298847
v 12.7522173 8.8579235 1.2575593
v 13.9161434 8.8210926 1.1711158
v 15.0838556 8.8210926 1.1711158
v 16.2477818 8.8579235 1.2575593
v 17.4003716 8.9313440 1.4298847
v 18.5341530 9.0408792 1.6869744
v 19.6417713 9.1858196 2.0271614
v 20.7160416 9.3652248 2.4482403
v 21.7500000 9.5779305 2.9474785
v 22.7369385 9.8225574 3.5216398
v 23.6704578 10.0975199 4.1669998
v 24.5445023 10.4010344 4.8793740
v 25.3534050 10.7311316 5.6541414
v 26.0919189 11.0856714 6.4862771
v 26.7552547 11.4623547 7.3703847
v 27.3391113 11.8587379 8.3007307
v 27.8397007 12.2722511 9.2712822
v 28.2537785 12.7002125 10.2757425
v 28.5786552 13.1398449 11.3076000
v 28.8122292 13.5882998 12.3601608
v 28.9529800 14.0426664 13.4265995
v 2.9080799 11.7415800 6.2375236
v 3.6465936 11.4551487 5.3795576
v 4.4554968 11.1884642 4.5807409
v 5.3295417 10.9432564 3.8462541
v 6.2630606 10.7211161 3.1808615
v 7.2500000 10.5234833 2.5888784
v 8.2839575 10.3516388 2.0741429
v 9.3582287 10.2066994 1.6399930
v 10.4658461 10.0896025 1.2892466
v 11.5996275 10.0011082 1.0241764
v 12.7522173 9.9417925 0.8465015
v 13.9161434 9.9120378 0.7573757
v 15.0838556 9.9120378 0.7573757
v 16.2477818 9.9417925 0.8465015
v 17.4003716 10.0011082 1.0241764
v 18.5341530 10.0896025 1.2892466
v 19.6417713 10.2066994 1.6399930
v 20.7160416 10.3516388 2.0741429
v 21.7500000 10.5234833 2.5888784
v 22.7369385 10.7211161 3.1808615
v 23.6704578 10.9432564 3.8462541
v 24.5445023 11.1884642 4.5807409
v 25.3534050 11.4551487 5.3795576
v 26.0919189 11.7415800 6.2375236
v 26.7552547 12.0459003 7.1490750
v 27.3391113 12.3661366 8.1083002
v 27.8397007 12.7002125 9.1089783
v 28.2537785 13.0459595 10.1446180
v 28.5786552 13.4011374 11.2085047
v 28.8122292 13.7634411 12.2937384
v 28.9529800 14.1305227 13.3932800
v 2.2447436 12.6453619 6.9754391
v 2.9080799 12.4153776 6.0423555
v 3.6465936 12.1989126 5.1641231
v 4.4554968 11.9973717 4.3464379
v 5.3295417 11.8120604 3.5946023
v 6.2630606 11.6441822 2.9134927
v 7.2500000 11.4948244 2.3075259
v 8.2839575 11.3649569 1.7806311
v 9.3582287 11.2554216 1.3362272
v 10.4658461 11.1669273 0.9771948
v 11.5996275 11.1000509 0.7058634
v 12.7522173 11.0552235 0.5239928
v 13.9161434 11.0327368 0.4327614
v 15.0838556 11.0327368 0.4327614
v 16.2477818 11.0552235 0.5239928
v 17.4003716 11.1000509 0.7058634
v 18.5341530 11.1669273 0.9771948
v 19.6417713 11.2554216 1.3362272
v 20.7160416 11.3649569 1.7806311
v 21.7500000 11.4948244 2.3075259
v 22.7369385 11.6441822 2.9134927
v 23.6704578 11.8120604 3.5946023
v 24.5445023 11.9973717 4.3464379
v 25.3534050 12.1989126 5.1641231
v 26.0919189 12.4153776 6.0423555
v 26.7552547 12.6453619 6.9754391
v 27.3391113 12.8873739 7.9573216
v 27.8397007 13.1398449 8.9816360
v 28.2537785 13.4011374 10.0417395
v 28.5786552 13.6695557 11.1307564
v 28.8122292 13.9433603 12.2416239
v 28.9529800 14.2207747 13.3671389
v 1.6608871 13.4190702 7.8487749
v 2.2447436 13.2568512 6.8506026
v 2.9080799 13.1026955 5.9020391
v 3.6465936 12.9576006 5.0092368
v 4.4554968 12.8225088 4.1779847
v 5.3295417 12.6982965 3.4136763
v 6.2630606 12.5857687 2.7212658
v 7.2500000 12.4856558 2.1052463
v 8.2839575 12.3986073 1.5696101
v 9.3582287 12.3251858 1.1178329
v 10.4658461 12.2658691 0.7528449
v 11.5996275 12.2210426 0.4770113
v 12.7522173 12.1909952 0.2921233
v 13.9161434 12.1759224 0.1993785
v 15.0838556 12.1759224 0.1993785
v 16.2477818 12.1909952 0.2921233
v 17.4003716 12.2210426 0.4770113
v 18.5341530 12.2658691 0.7528449
v 19.6417713 12.3251858 1.1178329
v 20.7160416 12.3986073 1.5696101
v 21.7500000 12.4856558 2.1052463
v 22.7369385 12.5857687 2.7212658
v 23.6704578 12.6982965 3.4136763
v 24.5445023 12.8225088 4.1779847
v 25.3534050 12.9576006 5.0092368
v 26.0919189 13.1026955 5.9020391
v 26.7552547 13.2568512 6.8506026
v 27.3391113 13.4190702 7.8487749
v 27.8397007 13.5882998 8.8900843
v 28.2537785 13.7634411 9.9677744
v 28.5786552 13.9433603 11.0748587
v 28.8122292 14.1268892 12.2041569
v 28.9529800 14.3128376 13.3483438
v 28.9529800 14.4061136 13.3370180
v 0.1877705 14.3128376 12.1815786
v 0.4213434 13.9433603 11.0748587
v 0.7462213 13.4011374 10.0417395
v 1.1602975 12.7002125 9.1089783
v 1.6608871 11.8587379 8.3007307
v 2.2447436 10.8985090 7.6379328
v 2.9080799 9.8443947 7.1377492
v 3.6465936 8.7236958 6.8131347
v 4.4554968 7.5654373 6.6724968
v 5.3295417 6.3996186 6.7194777
v 6.2630606 5.2564321 6.9528608
v 7.2500000 4.1654882 7.3666015
v 8.2839575 3.1550395 7.9499836
v 9.3582287 2.2512572 8.6878996
v 10.4658461 1.4775488 9.5612354
v 11.5996275 0.8539529 10.5473738
v 12.7522173 0.3966196 11.6207743
v 13.9161434 0.1173951 12.7536354
v 15.0838556 0.0235094 13.9166174
v 16.2477818 0.1173951 15.0795984
v 17.4003716 0.3966196 16.2124596
v 18.5341530 0.8539529 17.2858601
v 19.6417713 1.4775488 18.2719975
v 20.7160416 2.2512572 19.1453342
v 21.7500000 3.1550395 19.8832493
v 22.7369385 4.1654882 20.4666328
v 23.6704578 5.2564321 20.8803730
v 24.5445023 6.3996186 21.1137562
v 25.3534050 7.5654373 21.1607380
v 26.0919189 8.7236958 21.0200996
v 26.7552547 9.8443947 20.6954842
v 27.3391113 10.8985090 20.1953011
v 27.8397007 11.8587379 19.5325031
v 28.2537785 12.7002125 18.7242565
v 28.5786552 13.4011374 17.7914944
v 28.8122292 13.9433603 16.7583752
v 28.9529800 14.3128376 15.6516552
v 0.1466945 24.6858711 15.6437130
v 0.1466945 24.5932369 15.6549606
v 0.1466945 24.7772980 15.6250477
v 0.1466945 24.8669281 15.5990868
v 0.1466945 24.9541779 15.5659971
v 0.1466945 25.0384827 15.5259943
v 0.1466945 25.1192951 15.4793367
v 0.1466945 25.1960907 15.4263287
v 0.1466945 25.2683716 15.3673124
v 0.1466945 25.3356705 15.3026724
v 0.1466945 25.3975487 15.2328262
v 0.1466945 25.4536076 15.1582270
v 0.1466945 25.5034790 15.0793591
v 0.1466945 25.5468445 14.9967337
v 0.1466945 25.5834198 14.9108868
v 0.1466945 25.6129704 14.8223753
v 0.1466945 25.6353016 14.7317734
v 0.1466945 25.6502686 14.6396675
v 0.1466945 25.6577778 14.5466566
v 0.1466945 25.6577778 14.4533424
v 0.1466945 25.6502686 14.3603315
v 0.1466945 25.6353016 14.2682257
v 0.1466945 25.6129704 14.1776237
v 0.1466945 25.5834198 14.0891123
v 0.1466945 25.5468445 14.0032654
v 0.1466945 25.5034790 13.9206400
v 0.1466945 25.4536076 13.8417721
v 0.1466945 25.3975487 13.7671738
v 0.1466945 25.3356705 13.6973267
v 0.1466945 25.2683716 13.6326866
v 0.1466945 25.1960907 13.5736704
v 0.1466945 25.1192951 13.5206623
v 0.1466945 25.0384827 13.4740057
v 0.1466945 24.9541779 13.4340019
v 0.1466945 24.8669281 13.4009123
v 0.1466945 24.7772980 13.3749514
v 0.1466945 24.6858711 13.3562860
v 0.1466945 24.5932369 13.3450384
v 1.7494327 25.0384827 7.8296862
v 2.3292620 26.9371738 21.8002281
v 2.3292620 26.3418465 21.9726677
v 1.7494327 26.1015034 20.9975548
v 3.7214448 25.2683716 4.9819975
v 4.5247693 25.3356705 4.1483603
v 7.2999997 25.5034790 2.0696726
v 8.3268270 25.5468445 1.5324997
v 10.4936686 25.6129704 0.7133903
v 11.6196299 25.6353016 0.4367651
v 13.9201698 25.6577778 0.1583351
v 15.0798292 25.6577778 0.1583351
v 16.2357273 25.6502686 0.2513463
v 18.5063305 25.6129704 0.7133903
v 19.6063099 25.5834198 1.0794262
v 21.6999989 25.5034790 2.0696726
v 22.6801319 25.4536076 2.6874607
v 25.2785549 25.2683716 4.9819975
v 27.2505665 25.0384827 7.8296862
v 28.4815617 24.7772980 11.0650291
v 28.7135239 24.6858711 12.1975679
v 28.8533039 25.3356705 15.3026724
v 28.8533039 25.2683716 15.3673124
v 28.7135239 26.0317612 16.2290020
v 28.8533039 25.0384827 13.4740057
v 28.8533039 25.1192951 13.5206623
v 28.7135239 25.7345753 12.5476761
v 26.6707363 27.5166950 21.5804443
v 26.0119762 27.8907814 22.4584560
v 25.2785549 29.6035957 22.5706902
v 23.6072140 32.5445175 22.2268620
v 24.4752293 31.9899139 21.6941605
v 21.6999989 34.1599159 22.3870773
v 22.6801319 33.6798172 21.9950886
v 4.5247693 31.3867359 22.2735195
v 2.3292620 27.5166950 21.5804443
v 2.9880238 28.5201759 22.1598034
v 2.9880238 27.8907814 22.4584560
v 7.2999997 34.7632408 21.5842018
v 7.2999997 34.1599159 22.3870773
v 6.3198676 33.6798172 21.9950886
v 11.6196299 36.1114655 22.5148163
v 12.5556908 36.3489456 22.4487171
v 12.7642717 36.8798409 21.6475029
v 13.9201698 36.9606514 21.6941605
v 15.0798292 36.9606514 21.6941605
v 20.6731720 35.2067604 21.8903427
v 19.6063099 35.5808487 22.1485558
v 18.5063305 35.8830681 22.3571644
v 17.3803692 36.1114655 22.5148163
v 16.4443092 36.3489456 22.4487171
v 26.6707363 25.7345753 22.0966415
v 26.6707363 25.1192951 22.1713505
v 28.8533039 24.5932369 15.6549606
v 28.8533039 24.5932369 13.3450384
v 28.7135239 24.8705368 12.2199898
v 28.4815617 26.5702438 11.7450037
v 28.7135239 25.8876667 12.6533489
v 28.8533039 25.1960907 13.5736704
v 28.4815617 25.0527992 11.0984812
v 28.4815617 25.3247166 11.1539927
v 28.1589241 27.5238514 11.0867758
v 28.4815617 26.7852173 11.9205227
v 28.7135239 26.0317612 12.7709980
v 28.8533039 25.2683716 13.6326866
v 28.1589241 26.9371738 18.3540821
v 28.4815617 26.5702438 17.2549953
v 28.4815617 26.3418465 17.4126472
v 28.7135239 25.8876667 16.3466511
v 28.7135239 25.7345753 16.4523239
v 28.8533039 25.1960907 15.4263287
v 28.8533039 25.1192951 15.4793367
v 28.1589241 24.8669281 9.9547672
v 28.1589241 25.2314777 9.9990320
v 28.1589241 25.5912838 10.0724869
v 28.1589241 25.9440117 10.1746550
v 27.7477036 28.5706959 10.5900421
v 28.1589241 27.7886963 11.3411636
v 28.4815617 26.9853668 12.1127710
v 28.7135239 26.1659222 12.8998604
v 28.8533039 25.3356705 13.6973267
v 27.7477036 27.1230450 19.4977951
v 28.1589241 26.6191463 18.5376968
v 28.4815617 26.1015034 17.5514107
v 28.7135239 25.5734749 16.5453339
v 28.8533039 25.0384827 15.5259943
v 27.7477036 24.9541779 8.8739834
v 27.7477036 25.4054108 8.9287729
v 27.7477036 25.8507729 9.0196934
v 27.7477036 26.2873745 9.1461573
v 27.7477036 26.7123833 9.3073425
v 27.2505665 29.6836662 10.2676668
v 27.7477036 28.8721180 10.9302759
v 28.1589241 28.0322132 11.6160364
v 28.4815617 27.1694012 12.3205004
v 28.7135239 26.2892761 13.0390997
v 28.8533039 25.3975487 13.7671738
v 27.2505665 27.1230450 20.6565151
v 27.7477036 26.7123833 19.6926575
v 28.1589241 26.2873745 18.6951237
v 28.4815617 25.8507729 17.6703835
v 28.7135239 25.4054108 16.6250801
v 28.8533039 24.9541779 15.5659971
v 27.2505665 25.5734749 7.8946457
v 27.2505665 26.1015034 8.0024433
v 27.2505665 26.6191463 8.1523809
v 27.2505665 27.1230450 8.3434849
v 27.2505665 27.6099339 8.5745153
v 26.6707363 30.8339367 10.1279984
v 27.2505665 30.0074196 10.6985025
v 27.7477036 29.1451836 11.2936611
v 28.1589241 28.2528210 11.9096136
v 28.4815617 27.3361206 12.5423660
v 28.7135239 26.4010277 13.1878138
v 28.8533039 25.4536076 13.8417721
v 26.6707363 26.9371738 21.8002281
v 27.2505665 26.6191463 20.8476181
v 27.7477036 26.2873745 19.8538418
v 28.1589241 25.9440117 18.8253441
v 28.4815617 25.5912838 17.7687950
v 28.7135239 25.2314777 16.6910458
v 28.8533039 24.8669281 15.5990868
v 26.6707363 25.1192951 6.8286486
v 26.6707363 25.7345753 6.9033570
v 26.6707363 26.3418465 7.0273323
v 26.6707363 26.9371738 7.1997714
v 26.6707363 27.5166950 7.4195547
v 26.6707363 28.0766525 7.6852574
v 26.6707363 28.6134129 7.9951568
v 26.0119762 31.9917164 10.1746550
v 26.6707363 31.1651974 10.6518459
v 27.2505665 30.2954540 11.1539927
v 27.7477036 29.3881226 11.6778402
v 28.1589241 28.4490929 12.2199898
v 28.4815617 27.4844494 12.7769270
v 28.7135239 26.5004520 13.3450384
v 28.8533039 25.5034790 13.9206400
v 26.6707363 26.3418465 21.9726677
v 27.2505665 26.1015034 20.9975548
v 27.7477036 25.8507729 19.9803047
v 28.1589241 25.5912838 18.9275131
v 28.4815617 25.3247166 17.8460064
v 28.7135239 25.0527992 16.7427998
v 28.8533039 24.7772980 15.6250477
v 28.8533039 24.6858711 15.6437130
v 28.7135239 24.8705368 16.7800083
v 28.4815617 25.0527992 17.9015179
v 28.1589241 25.2314777 19.0009670
v 27.7477036 25.4054108 20.0712261
v 27.2505665 25.5734749 21.1053524
v 27.2505665 25.0384827 21.1703129
v 27.7477036 24.9541779 20.1260166
v 28.1589241 24.8669281 19.0452328
v 28.4815617 24.7772980 17.9349709
v 28.7135239 24.6858711 16.8024311
v 26.0119762 25.1960907 5.8773627
v 26.0119762 25.8876667 5.9613352
v 26.0119762 26.5702438 6.1006842
v 26.0119762 27.2393970 6.2945065
v 26.0119762 27.8907814 6.5415435
v 26.0119762 28.5201759 6.8401952
v 26.0119762 29.1234970 7.1885233
v 26.0119762 29.6968346 7.5842690
v 25.2785549 33.1270180 10.4064293
v 26.0119762 32.3154678 10.7915134
v 26.6707363 31.4532337 11.2006493
v 27.2505665 30.5459023 11.6311827
v 27.7477036 29.5993614 12.0803223
v 28.1589241 28.6197510 12.5451536
v 28.4815617 27.6134205 13.0226622
v 28.7135239 26.5869007 13.5097532
v 28.8533039 25.5468445 14.0032654
v 27.7477036 27.5166950 19.2705212
v 27.2505665 27.6099339 20.4254837
v 27.2505665 28.0766525 20.1560230
v 26.6707363 28.0766525 21.3147411
v 26.6707363 28.6134129 21.0048428
v 26.0119762 28.5201759 22.1598034
v 26.0119762 29.1234970 21.8114758
v 25.2785549 26.0317612 5.0746899
v 25.2785549 26.7852173 5.2285094
v 25.2785549 27.5238514 5.4424572
v 25.2785549 28.2428761 5.7151465
v 25.2785549 28.9376259 6.0448098
v 25.2785549 29.6035957 6.4293079
v 25.2785549 30.2364674 6.8661475
v 25.2785549 30.8321362 7.3524957
v 24.4752293 34.2104378 10.8173161
v 25.2785549 33.4284363 11.1138897
v 26.0119762 32.5885353 11.4324226
v 26.6707363 31.6961727 11.7708511
v 27.2505665 30.7571411 12.1269789
v 27.7477036 29.7775288 12.4984961
v 28.1589241 28.7636909 12.8829947
v 28.4815617 27.7222004 13.2779799
v 28.7135239 26.6598148 13.6808901
v 28.8533039 25.5834198 14.0891123
v 28.4815617 26.7852173 17.0794773
v 28.1589241 27.2393970 18.1454735
v 28.1589241 27.5238514 17.9132233
v 27.7477036 27.8907814 19.0123100
v 27.7477036 28.2428761 18.7248325
v 27.2505665 28.5201759 19.8498821
v 27.2505665 28.9376259 19.5090427
v 26.6707363 29.1234970 20.6527576
v 26.6707363 29.6035957 20.2607689
v 26.0119762 29.6968346 21.4157295
v 26.0119762 30.2364674 20.9751320
v 25.2785549 30.2364674 22.1338520
v 25.2785549 30.8321362 21.6475029
v 24.4752293 31.3867359 22.2735195
v 24.4752293 25.3356705 4.1483603
v 24.4752293 26.1659222 4.2491713
v 24.4752293 26.9853668 4.4164629
v 24.4752293 27.7886963 4.6491494
v 24.4752293 28.5706959 4.9457235
v 24.4752293 29.3262959 5.3042593
v 24.4752293 30.0505962 5.7224340
v 24.4752293 30.7388973 6.1975346
v 24.4752293 31.3867359 6.7264795
v 24.4752293 31.9899139 7.3058386
v 23.6072140 35.2139168 11.3966751
v 24.4752293 34.4752846 11.6106234
v 25.2785549 33.6719551 11.8433104
v 26.0119762 32.8091431 12.0932264
v 26.6707363 31.8924427 12.3587523
v 27.2505665 30.9277992 12.6381645
v 27.7477036 29.9214706 12.9296513
v 28.1589241 28.8799801 13.2313223
v 28.4815617 27.8100853 13.5412216
v 28.7135239 26.7187214 13.8573389
v 28.8533039 25.6129704 14.1776237
v 28.7135239 26.1659222 16.1001396
v 28.4815617 26.9853668 16.8872280
v 28.1589241 27.7886963 17.6588364
v 27.7477036 28.5706959 18.4099560
v 27.2505665 29.3262959 19.1357212
v 26.6707363 30.0505962 19.8314190
v 26.0119762 30.7388973 20.4925423
v 25.2785549 31.3867359 21.1148014
v 23.6072140 25.3975487 3.3818586
v 23.6072140 26.2892761 3.4901333
v 23.6072140 27.1694012 3.6698124
v 23.6072140 28.0322132 3.9197290
v 23.6072140 28.8721180 4.2382627
v 23.6072140 29.6836662 4.6233468
v 23.6072140 30.4615974 5.0724864
v 23.6072140 31.2008648 5.5827656
v 23.6072140 31.8966770 6.1508780
v 23.6072140 32.5445175 6.7731366
v 23.6072140 33.1401825 7.4455066
v 22.6801319 36.1114655 12.1295013
v 23.6072140 35.4288902 12.2688513
v 24.4752293 34.6754341 12.4226694
v 25.2785549 33.8559875 12.5899611
v 26.0119762 32.9758644 12.7696400
v 26.6707363 32.0407677 12.9605398
v 27.2505665 31.0567722 13.1614246
v 27.7477036 30.0302505 13.3709908
v 28.1589241 28.9678631 13.5878782
v 28.4815617 27.8765011 13.8106823
v 28.7135239 26.7632408 14.0379553
v 28.8533039 25.6353016 14.2682257
v 28.8533039 25.3975487 15.2328262
v 28.7135239 26.2892761 15.9608994
v 28.4815617 27.1694012 16.6794987
v 28.1589241 28.0322132 17.3839626
v 27.7477036 28.8721180 18.0697231
v 27.2505665 29.6836662 18.7323322
v 26.6707363 30.4615974 19.3674946
v 26.0119762 31.2008648 19.9710884
v 25.2785549 31.8966770 20.5391998
v 24.4752293 32.5445175 21.0681438
v 23.6072140 33.1401825 21.5544930
v 22.6801319 26.4010277 2.8024986
v 22.6801319 27.3361206 2.9933994
v 22.6801319 28.2528210 3.2589250
v 22.6801319 29.1451836 3.5973527
v 22.6801319 30.0074196 4.0064893
v 22.6801319 30.8339367 4.4836793
v 22.6801319 31.6193771 5.0258293
v 22.6801319 32.3586464 5.6294231
v 22.6801319 33.0469475 6.2905455
v 22.6801319 33.6798172 7.0049095
v 22.6801319 34.2531548 7.7678828
v 21.6999989 36.8798409 12.9968147
v 22.6801319 36.2645607 13.0715237
v 23.6072140 35.5729828 13.1554956
v 24.4752293 34.8095932 13.2481880
v 25.2785549 33.9793434 13.3489990
v 26.0119762 33.0876160 13.4572744
v 26.6707363 32.1401939 13.5723124
v 27.2505665 31.1432209 13.6933661
v 27.7477036 30.1031666 13.8196526
v 28.1589241 29.0267715 13.9503498
v 28.4815617 27.9210186 14.0846128
v 28.7135239 26.7930813 14.2215691
v 28.8533039 25.6502686 14.3603315
v 21.6999989 26.5004520 2.1907268
v 21.6999989 27.4844494 2.3916113
v 21.6999989 28.4490929 2.6710238
v 21.6999989 29.3881226 3.0271513
v 21.6999989 30.2954540 3.4576850
v 21.6999989 31.1651974 3.9598317
v 21.6999989 31.9917164 4.5303359
v 21.6999989 32.7696457 5.1654978
v 21.6999989 33.4939461 5.8611965
v 21.6999989 34.1599159 6.6129212
v 21.6999989 34.7632408 7.4157972
v 21.6999989 35.2999992 8.2646170
v 20.6731720 37.4991341 13.9761524
v 21.6999989 36.9606514 13.9978523
v 22.6801319 36.3413544 14.0228090
v 23.6072140 35.6452637 14.0508604
v 24.4752293 34.8768921 14.0818253
v 25.2785549 34.0412216 14.1155014
v 26.0119762 33.1436729 14.1516714
v 26.6707363 32.1900673 14.1901007
v 27.2505665 31.1865864 14.2305393
v 27.7477036 30.1397400 14.2727261
v 28.1589241 29.0563202 14.3163862
v 28.4815617 27.9433498 14.3612375
v 28.7135239 26.8080482 14.4069881
v 28.8533039 25.6577778 14.4533424
v 28.8533039 25.4536076 15.1582270
v 28.7135239 26.4010277 15.8121853
v 28.4815617 27.3361206 16.4576340
v 28.1589241 28.2528210 17.0903854
v 27.7477036 29.1451836 17.7063389
v 27.2505665 30.0074196 18.3014965
v 26.6707363 30.8339367 18.8720016
v 26.0119762 31.6193771 19.4141502
v 25.2785549 32.3586464 19.9244308
v 24.4752293 33.0469475 20.3995304
v 23.6072140 33.6798172 20.8363705
v 22.6801319 34.2531548 21.2321167
v 21.6999989 34.7632408 21.5842018
v 20.6731720 25.5468445 1.5324997
v 20.6731720 26.5869007 1.6587851
v 20.6731720 27.6134205 1.8683513
v 20.6731720 28.6197510 2.1598377
v 20.6731720 29.5993614 2.5313551
v 20.6731720 30.5459023 2.9804950
v 20.6731720 31.4532337 3.5043414
v 20.6731720 32.3154678 4.0995002
v 20.6731720 33.1270180 4.7621093
v 20.6731720 33.8826180 5.4878731
v 20.6731720 34.5773697 6.2720842
v 20.6731720 35.2067604 7.1096554
v 20.6731720 35.7667198 7.9951568
v 20.6731720 36.2536087 8.9228439
v 19.6063099 37.9533119 15.0421495
v 20.6731720 37.4991341 15.0238466
v 21.6999989 36.9606514 15.0021467
v 22.6801319 36.3413544 14.9771900
v 23.6072140 35.6452637 14.9491386
v 24.4752293 34.8768921 14.9181738
v 25.2785549 34.0412216 14.8844976
v 26.0119762 33.1436729 14.8483276
v 26.6707363 32.1900673 14.8098984
v 27.2505665 31.1865864 14.7694597
v 27.7477036 30.1397400 14.7272730
v 28.1589241 29.0563202 14.6836128
v 28.4815617 27.9433498 14.6387615
v 28.7135239 26.8080482 14.5930109
v 28.8533039 25.6577778 14.5466566
v 19.6063099 26.6598148 1.2101243
v 19.6063099 27.7222004 1.4270116
v 19.6063099 28.7636909 1.7286828
v 19.6063099 29.7775288 2.1131811
v 19.6063099 30.7571411 2.5780127
v 19.6063099 31.6961727 3.1201625
v 19.6063099 32.5885353 3.7361150
v 19.6063099 33.4284363 4.4218760
v 19.6063099 34.2104378 5.1729970
v 19.6063099 34.9294624 5.9846072
v 19.6063099 35.5808487 6.8514433
v 19.6063099 36.1603699 7.7678828
v 19.6063099 36.6642685 8.7279825
v 19.6063099 37.0892754 9.7255163
v 18.5063305 38.2306137 16.1671982
v 19.6063099 37.8660622 16.1229343
v 20.6731720 37.4148293 16.0681438
v 21.6999989 36.8798409 16.0031834
v 22.6801319 36.2645607 15.9284763
v 23.6072140 35.5729828 15.8445034
v 24.4752293 34.8095932 15.7518110
v 25.2785549 33.9793434 15.6510000
v 26.0119762 33.0876160 15.5427246
v 26.6707363 32.1401939 15.4276867
v 27.2505665 31.1432209 15.3066330
v 27.7477036 30.1031666 15.1803474
v 28.1589241 29.0267715 15.0496492
v 28.4815617 27.9210186 14.9153862
v 28.7135239 26.7930813 14.7784300
v 28.8533039 25.6502686 14.6396675
v 18.5063305 26.7187214 0.8476526
v 18.5063305 27.8100853 1.0704557
v 18.5063305 28.8799801 1.3803551
v 18.5063305 29.9214706 1.7753402
v 18.5063305 30.9277992 2.2528489
v 18.5063305 31.8924427 2.8097863
v 18.5063305 32.8091431 3.4425380
v 18.5063305 33.6719551 4.1470027
v 18.5063305 34.4752846 4.9186096
v 18.5063305 35.2139168 5.7523556
v 18.5063305 35.8830681 6.6428342
v 18.5063305 36.4783974 7.5842690
v 18.5063305 36.9960403 8.5705547
v 18.5063305 37.4326401 9.5952959
v 18.5063305 37.7853699 10.6518459
v 17.3803692 38.3238525 17.3221588
v 18.5063305 38.0519333 17.2666473
v 19.6063099 37.6921310 17.1931915
v 20.6731720 37.2467690 17.1022720
v 21.6999989 36.7187386 16.9944725
v 22.6801319 36.1114655 16.8704987
v 23.6072140 35.4288902 16.7311478
v 24.4752293 34.6754341 16.5773296
v 25.2785549 33.8559875 16.4100380
v 26.0119762 32.9758644 16.2303600
v 26.6707363 32.0407677 16.0394592
v 27.2505665 31.0567722 15.8385744
v 27.7477036 30.0302505 15.6290083
v 28.1589241 28.9678631 15.4121208
v 28.4815617 27.8765011 15.1893177
v 28.7135239 26.7632408 14.9620438
v 28.8533039 25.6353016 14.7317734
v 17.3803692 25.6353016 0.4367651
v 17.3803692 26.7632408 0.5737217
v 17.3803692 27.8765011 0.8009961
v 17.3803692 28.9678631 1.1171130
v 17.3803692 30.0302505 1.5200227
v 17.3803692 31.0567722 2.0071137
v 17.3803692 32.0407677 2.5752251
v 17.3803692 32.9758644 3.2206736
v 17.3803692 33.8559875 3.9392729
v 17.3803692 34.6754341 4.7263613
v 17.3803692 35.4288902 5.5768371
v 17.3803692 36.1114655 6.4851828
v 17.3803692 36.7187386 7.4455066
v 17.3803692 37.2467690 8.4515820
v 17.3803692 37.6921310 9.4968843
v 17.3803692 38.0519333 10.5746336
v 17.3803692 38.3238525 11.6778402
v 16.2357273 38.2306137 18.4771214
v 17.3803692 38.0519333 18.4253654
v 18.5063305 37.7853699 18.3481541
v 19.6063099 37.4326401 18.2459850
v 20.6731720 36.9960403 18.1195221
v 21.6999989 36.4783974 17.9695835
v 22.6801319 35.8830681 17.7971458
v 23.6072140 35.2139168 17.6033230
v 24.4752293 34.4752846 17.3893757
v 25.2785549 33.6719551 17.1566887
v 26.0119762 32.8091431 16.9067726
v 26.6707363 31.8924427 16.6412468
v 27.2505665 30.9277992 16.3618355
v 27.7477036 29.9214706 16.0703468
v 28.1589241 28.8799801 15.7686768
v 28.4815617 27.8100853 15.4587774
v 28.7135239 26.7187214 15.1426601
v 28.8533039 25.6129704 14.8223753
v 16.2357273 26.7930813 0.3901087
v 16.2357273 27.9210186 0.6203791
v 16.2357273 29.0267715 0.9406638
v 16.2357273 30.1031666 1.3488866
v 16.2357273 31.1432209 1.8423991
v 16.2357273 32.1401939 2.4180012
v 16.2357273 33.0876160 3.0719590
v 16.2357273 33.9793434 3.8000326
v 16.2357273 34.8095932 4.5974998
v 16.2357273 35.5729828 5.4591875
v 16.2357273 36.2645607 6.3795094
v 16.2357273 36.8798409 7.3524957
v 16.2357273 37.4148293 8.3718357
v 16.2357273 37.8660622 9.4309196
v 16.2357273 38.2306137 10.5228786
v 16.2357273 38.5061150 11.6406307
v 16.2357273 38.6907806 12.7769270
v 15.0798292 37.9533119 19.6021690
v 16.2357273 37.8660622 19.5690784
v 17.3803692 37.6921310 19.5031147
v 18.5063305 37.4326401 19.4047031
v 19.6063099 37.0892754 19.2744827
v 20.6731720 36.6642685 19.1132984
v 21.6999989 36.1603699 18.9221935
v 22.6801319 35.5808487 18.7024097
v 23.6072140 34.9294624 18.4553738
v 24.4752293 34.2104378 18.1826839
v 25.2785549 33.4284363 17.8861103
v 26.0119762 32.5885353 17.5675755
v 26.6707363 31.6961727 17.2291489
v 27.2505665 30.7571411 16.8730202
v 27.7477036 29.7775288 16.5015030
v 28.1589241 28.7636909 16.1170044
v 28.4815617 27.7222004 15.7220192
v 28.7135239 26.6598148 15.3191090
v 28.8533039 25.5834198 14.9108868
v 16.2357273 36.8798409 21.6475029
v 17.3803692 36.7187386 21.5544930
v 18.5063305 36.4783974 21.4157295
v 19.6063099 36.1603699 21.2321167
v 20.6731720 35.7667198 21.0048428
v 21.6999989 35.2999992 20.7353821
v 22.6801319 34.7632408 20.4254837
v 23.6072140 34.1599159 20.0771561
v 24.4752293 33.4939461 19.6926575
v 25.2785549 32.7696457 19.2744827
v 26.0119762 31.9917164 18.8253441
v 26.6707363 31.1651974 18.3481541
v 27.2505665 30.2954540 17.8460064
v 27.7477036 29.3881226 17.3221588
v 28.1589241 28.4490929 16.7800083
v 28.4815617 27.4844494 16.2230721
v 28.7135239 26.5004520 15.6549606
v 28.8533039 25.5034790 15.0793591
v 15.0798292 26.8080482 0.2980027
v 15.0798292 27.9433498 0.5297763
v 15.0798292 29.0563202 0.8521518
v 15.0798292 30.1397400 1.2630392
v 15.0798292 31.1865864 1.7597731
v 15.0798292 32.1900673 2.3391330
v 15.0798292 33.1436729 2.9973602
v 15.0798292 34.0412216 3.7301862
v 15.0798292 34.8768921 4.5328588
v 15.0798292 35.6452637 5.4001722
v 15.0798292 36.3413544 6.3265014
v 15.0798292 36.9606514 7.3058386
v 15.0798292 37.4991341 8.3318329
v 15.0798292 37.9533119 9.3978300
v 15.0798292 38.3202438 10.4969168
v 15.0798292 38.5975418 11.6219654
v 15.0798292 38.7834129 12.7656794
v 15.0798292 38.8766518 13.9206400
v 13.9201698 37.4991341 20.6681671
v 15.0798292 37.4991341 20.6681671
v 16.2357273 37.4148293 20.6281624
v 17.3803692 37.2467690 20.5484161
v 18.5063305 36.9960403 20.4294434
v 19.6063099 36.6642685 20.2720165
v 20.6731720 36.2536087 20.0771561
v 21.6999989 35.7667198 19.8461246
v 22.6801319 35.2067604 19.5804214
v 23.6072140 34.5773697 19.2817707
v 24.4752293 33.8826180 18.9521065
v 25.2785549 33.1270180 18.5935707
v 26.0119762 32.3154678 18.2084846
v 26.6707363 31.4532337 17.7993488
v 27.2505665 30.5459023 17.3688164
v 27.7477036 29.5993614 16.9196777
v 28.1589241 28.6197510 16.4548454
v 28.4815617 27.6134205 15.9773369
v 28.7135239 26.5869007 15.4902458
v 28.8533039 25.5468445 14.9967337
v 28.8533039 24.9541779 13.4340019
v 13.9201698 26.8080482 0.2980027
v 13.9201698 27.9433498 0.5297763
v 13.9201698 29.0563202 0.8521518
v 13.9201698 30.1397400 1.2630392
v 13.9201698 31.1865864 1.7597731
v 13.9201698 32.1900673 2.3391330
v 13.9201698 33.1436729 2.9973602
v 13.9201698 34.0412216 3.7301862
v 13.9201698 34.8768921 4.5328588
v 13.9201698 35.6452637 5.4001722
v 13.9201698 36.3413544 6.3265014
v 13.9201698 36.9606514 7.3058386
v 13.9201698 37.4991341 8.3318329
v 13.9201698 37.9533119 9.3978300
v 13.9201698 38.3202438 10.4969168
v 13.9201698 38.5975418 11.6219654
v 13.9201698 38.7834129 12.7656794
v 13.9201698 38.8766518 13.9206400
v 13.9201698 38.8766518 15.0793591
v 12.7642717 25.6502686 0.2513463
v 12.7642717 26.7930813 0.3901087
v 12.7642717 27.9210186 0.6203791
v 12.7642717 29.0267715 0.9406638
v 12.7642717 30.1031666 1.3488866
v 12.7642717 31.1432209 1.8423991
v 12.7642717 32.1401939 2.4180012
v 12.7642717 33.0876160 3.0719590
v 12.7642717 33.9793434 3.8000326
v 12.7642717 34.8095932 4.5974998
v 12.7642717 35.5729828 5.4591875
v 12.7642717 36.2645607 6.3795094
v 12.7642717 36.8798409 7.3524957
v 12.7642717 37.4148293 8.3718357
v 12.7642717 37.8660622 9.4309196
v 12.7642717 38.2306137 10.5228786
v 12.7642717 38.5061150 11.6406307
v 12.7642717 38.6907806 12.7769270
v 12.7642717 38.7834129 13.9243975
v 12.7642717 38.7834129 15.0756016
v 12.7642717 38.6907806 16.2230721
v 11.6196299 26.7632408 0.5737217
v 11.6196299 27.8765011 0.8009961
v 11.6196299 28.9678631 1.1171130
v 11.6196299 30.0302505 1.5200227
v 11.6196299 31.0567722 2.0071137
v 11.6196299 32.0407677 2.5752251
v 11.6196299 32.9758644 3.2206736
v 11.6196299 33.8559875 3.9392729
v 11.6196299 34.6754341 4.7263613
v 11.6196299 35.4288902 5.5768371
v 11.6196299 36.1114655 6.4851828
v 11.6196299 36.7187386 7.4455066
v 11.6196299 37.2467690 8.4515820
v 11.6196299 37.6921310 9.4968843
v 11.6196299 38.0519333 10.5746336
v 11.6196299 38.3238525 11.6778402
v 11.6196299 38.5061150 12.7993488
v 11.6196299 38.5975418 13.9318876
v 11.6196299 38.5975418 15.0681114
v 11.6196299 38.5061150 16.2006493
v 11.6196299 38.3238525 17.3221588
v 28.7135239 25.5734749 12.4546652
v 28.4815617 26.3418465 11.5873518
v 28.1589241 27.2393970 10.8545256
v 27.7477036 28.2428761 10.2751656
v 27.2505665 29.3262959 9.8642788
v 26.6707363 30.4615974 9.6325054
v 26.0119762 31.6193771 9.5858488
v 25.2785549 32.7696457 9.7255163
v 24.4752293 33.8826180 10.0478926
v 23.6072140 34.9294624 10.5446262
v 22.6801319 35.8830681 11.2028532
v 21.6999989 36.7187386 12.0055265
v 20.6731720 37.4148293 12.9318552
v 19.6063099 37.9533119 13.9578495
v 18.5063305 38.3202438 15.0569363
v 17.3803692 38.5061150 16.2006493
v 16.2357273 38.5061150 17.3593693
v 15.0798292 38.3202438 18.5030823
v 13.9201698 37.9533119 19.6021690
v 12.7642717 37.4148293 20.6281624
v 11.6196299 36.7187386 21.5544930
v 10.4936686 35.8830681 22.3571644
v 28.8533039 24.8669281 13.4009123
v 10.4936686 26.7187214 0.8476526
v 10.4936686 27.8100853 1.0704557
v 10.4936686 28.8799801 1.3803551
v 10.4936686 29.9214706 1.7753402
v 10.4936686 30.9277992 2.2528489
v 10.4936686 31.8924427 2.8097863
v 10.4936686 32.8091431 3.4425380
v 10.4936686 33.6719551 4.1470027
v 10.4936686 34.4752846 4.9186096
v 10.4936686 35.2139168 5.7523556
v 10.4936686 35.8830681 6.6428342
v 10.4936686 36.4783974 7.5842690
v 10.4936686 36.9960403 8.5705547
v 10.4936686 37.4326401 9.5952959
v 10.4936686 37.7853699 10.6518459
v 10.4936686 38.0519333 11.7333517
v 10.4936686 38.2306137 12.8328009
v 10.4936686 38.3202438 13.9430628
v 10.4936686 38.3202438 15.0569363
v 10.4936686 38.2306137 16.1671982
v 10.4936686 38.0519333 17.2666473
v 10.4936686 37.7853699 18.3481541
v 28.7135239 25.4054108 12.3749180
v 28.4815617 26.1015034 11.4485893
v 28.1589241 26.9371738 10.6459169
v 27.7477036 27.8907814 9.9876900
v 27.2505665 28.9376259 9.4909554
v 26.6707363 30.0505962 9.1685801
v 26.0119762 31.2008648 9.0289116
v 25.2785549 32.3586464 9.0755682
v 24.4752293 33.4939461 9.3073425
v 23.6072140 34.5773697 9.7182293
v 22.6801319 35.5808487 10.2975883
v 21.6999989 36.4783974 11.0304146
v 20.6731720 37.2467690 11.8977280
v 19.6063099 37.8660622 12.8770657
v 18.5063305 38.3202438 13.9430628
v 17.3803692 38.5975418 15.0681114
v 16.2357273 38.6907806 16.2230721
v 15.0798292 38.5975418 17.3780327
v 13.9201698 38.3202438 18.5030823
v 12.7642717 37.8660622 19.5690784
v 11.6196299 37.2467690 20.5484161
v 10.4936686 36.4783974 21.4157295
v 9.3936892 35.5808487 22.1485558
v 28.8533039 24.7772980 13.3749514
v 9.3936892 25.5834198 1.0794262
v 9.3936892 26.6598148 1.2101243
v 9.3936892 27.7222004 1.4270116
v 9.3936892 28.7636909 1.7286828
v 9.3936892 29.7775288 2.1131811
v 9.3936892 30.7571411 2.5780127
v 9.3936892 31.6961727 3.1201625
v 9.3936892 32.5885353 3.7361150
v 9.3936892 33.4284363 4.4218760
v 9.3936892 34.2104378 5.1729970
v 9.3936892 34.9294624 5.9846072
v 9.3936892 35.5808487 6.8514433
v 9.3936892 36.1603699 7.7678828
v 9.3936892 36.6642685 8.7279825
v 9.3936892 37.0892754 9.7255163
v 9.3936892 37.4326401 10.7540150
v 9.3936892 37.6921310 11.8068066
v 9.3936892 37.8660622 12.8770657
v 9.3936892 37.9533119 13.9578495
v 9.3936892 37.9533119 15.0421495
v 9.3936892 37.8660622 16.1229343
v 9.3936892 37.6921310 17.1931915
v 9.3936892 37.4326401 18.2459850
v 9.3936892 37.0892754 19.2744827
v 28.7135239 25.2314777 12.3089542
v 28.4815617 25.8507729 11.3296165
v 28.1589241 26.6191463 10.4623032
v 27.7477036 27.5166950 9.7294769
v 27.2505665 28.5201759 9.1501179
v 26.6707363 29.6035957 8.7392302
v 26.0119762 30.7388973 8.5074568
v 25.2785549 31.8966770 8.4608002
v 24.4752293 33.0469475 8.6004686
v 23.6072140 34.1599159 8.9228439
v 22.6801319 35.2067604 9.4195786
v 21.6999989 36.1603699 10.0778055
v 20.6731720 36.9960403 10.8804779
v 19.6063099 37.6921310 11.8068066
v 18.5063305 38.2306137 12.8328009
v 17.3803692 38.5975418 13.9318876
v 16.2357273 38.7834129 15.0756016
v 15.0798292 38.7834129 16.2343197
v 13.9201698 38.5975418 17.3780327
v 12.7642717 38.2306137 18.4771214
v 11.6196299 37.6921310 19.5031147
v 10.4936686 36.9960403 20.4294434
v 9.3936892 36.1603699 21.2321167
v 8.3268270 35.2067604 21.8903427
v 28.8533039 24.6858711 13.3562860
v 8.3268270 26.5869007 1.6587851
v 8.3268270 27.6134205 1.8683513
v 8.3268270 28.6197510 2.1598377
v 8.3268270 29.5993614 2.5313551
v 8.3268270 30.5459023 2.9804950
v 8.3268270 31.4532337 3.5043414
v 8.3268270 32.3154678 4.0995002
v 8.3268270 33.1270180 4.7621093
v 8.3268270 33.8826180 5.4878731
v 8.3268270 34.5773697 6.2720842
v 8.3268270 35.2067604 7.1096554
v 8.3268270 35.7667198 7.9951568
v 8.3268270 36.2536087 8.9228439
v 8.3268270 36.6642685 9.8867016
v 8.3268270 36.9960403 10.8804779
v 8.3268270 37.2467690 11.8977280
v 8.3268270 37.4148293 12.9318552
v 8.3268270 37.4991341 13.9761524
v 8.3268270 37.4991341 15.0238466
v 8.3268270 37.4148293 16.0681438
v 8.3268270 37.2467690 17.1022720
v 8.3268270 36.9960403 18.1195221
v 8.3268270 36.6642685 19.1132984
v 8.3268270 36.2536087 20.0771561
v 28.7135239 25.0527992 12.2571993
v 28.4815617 25.5912838 11.2312050
v 28.1589241 26.2873745 10.3048754
v 27.7477036 27.1230450 9.5022030
v 27.2505665 28.0766525 8.8439760
v 26.6707363 29.1234970 8.3472424
v 26.0119762 30.2364674 8.0248661
v 25.2785549 31.3867359 7.8851981
v 24.4752293 32.5445175 7.9318552
v 23.6072140 33.6798172 8.1636286
v 22.6801319 34.7632408 8.5745153
v 21.6999989 35.7667198 9.1538754
v 20.6731720 36.6642685 9.8867016
v 19.6063099 37.4326401 10.7540150
v 18.5063305 38.0519333 11.7333517
v 17.3803692 38.5061150 12.7993488
v 16.2357273 38.7834129 13.9243975
v 15.0798292 38.8766518 15.0793591
v 13.9201698 38.7834129 16.2343197
v 12.7642717 38.5061150 17.3593693
v 11.6196299 38.0519333 18.4253654
v 10.4936686 37.4326401 19.4047031
v 9.3936892 36.6642685 20.2720165
v 8.3268270 35.7667198 21.0048428
v 7.2999997 26.5004520 2.1907268
v 7.2999997 27.4844494 2.3916113
v 7.2999997 28.4490929 2.6710238
v 7.2999997 29.3881226 3.0271513
v 7.2999997 30.2954540 3.4576850
v 7.2999997 31.1651974 3.9598317
v 7.2999997 31.9917164 4.5303359
v 7.2999997 32.7696457 5.1654978
v 7.2999997 33.4939461 5.8611965
v 7.2999997 34.1599159 6.6129212
v 7.2999997 34.7632408 7.4157972
v 7.2999997 35.2999992 8.2646170
v 7.2999997 35.7667198 9.1538754
v 7.2999997 36.1603699 10.0778055
v 7.2999997 36.4783974 11.0304146
v 7.2999997 36.7187386 12.0055265
v 7.2999997 36.8798409 12.9968147
v 7.2999997 36.9606514 13.9978523
v 7.2999997 36.9606514 15.0021467
v 7.2999997 36.8798409 16.0031834
v 7.2999997 36.7187386 16.9944725
v 7.2999997 36.4783974 17.9695835
v 7.2999997 36.1603699 18.9221935
v 7.2999997 35.7667198 19.8461246
v 7.2999997 35.2999992 20.7353821
v 6.3198676 25.4536076 2.6874607
v 6.3198676 26.4010277 2.8024986
v 6.3198676 27.3361206 2.9933994
v 6.3198676 28.2528210 3.2589250
v 6.3198676 29.1451836 3.5973527
v 6.3198676 30.0074196 4.0064893
v 6.3198676 30.8339367 4.4836793
v 6.3198676 31.6193771 5.0258293
v 6.3198676 32.3586464 5.6294231
v 6.3198676 33.0469475 6.2905455
v 6.3198676 33.6798172 7.0049095
v 6.3198676 34.2531548 7.7678828
v 6.3198676 34.7632408 8.5745153
v 6.3198676 35.2067604 9.4195786
v 6.3198676 35.5808487 10.2975883
v 6.3198676 35.8830681 11.2028532
v 6.3198676 36.1114655 12.1295013
v 6.3198676 36.2645607 13.0715237
v 6.3198676 36.3413544 14.0228090
v 6.3198676 36.3413544 14.9771900
v 6.3198676 36.2645607 15.9284763
v 6.3198676 36.1114655 16.8704987
v 6.3198676 35.8830681 17.7971458
v 6.3198676 35.5808487 18.7024097
v 6.3198676 35.2067604 19.5804214
v 6.3198676 34.7632408 20.4254837
v 6.3198676 34.2531548 21.2321167
v 5.3927860 25.3975487 3.3818586
v 5.3927860 26.2892761 3.4901333
v 5.3927860 27.1694012 3.6698124
v 5.3927860 28.0322132 3.9197290
v 5.3927860 28.8721180 4.2382627
v 5.3927860 29.6836662 4.6233468
v 5.3927860 30.4615974 5.0724864
v 5.3927860 31.2008648 5.5827656
v 5.3927860 31.8966770 6.1508780
v 5.3927860 32.5445175 6.7731366
v 5.3927860 33.1401825 7.4455066
v 5.3927860 33.6798172 8.1636286
v 5.3927860 34.1599159 8.9228439
v 5.3927860 34.5773697 9.7182293
v 5.3927860 34.9294624 10.5446262
v 5.3927860 35.2139168 11.3966751
v 5.3927860 35.4288902 12.2688513
v 5.3927860 35.5729828 13.1554956
v 5.3927860 35.6452637 14.0508604
v 5.3927860 35.6452637 14.9491386
v 5.3927860 35.5729828 15.8445034
v 5.3927860 35.4288902 16.7311478
v 5.3927860 35.2139168 17.6033230
v 5.3927860 34.9294624 18.4553738
v 5.3927860 34.5773697 19.2817707
v 5.3927860 34.1599159 20.0771561
v 5.3927860 33.6798172 20.8363705
v 5.3927860 33.1401825 21.5544930
v 5.3927860 32.5445175 22.2268620
v 4.5247693 31.9899139 21.6941605
v 4.5247693 32.5445175 21.0681438
v 4.5247693 33.0469475 20.3995304
v 4.5247693 33.4939461 19.6926575
v 4.5247693 33.8826180 18.9521065
v 4.5247693 34.2104378 18.1826839
v 4.5247693 34.4752846 17.3893757
v 4.5247693 34.6754341 16.5773296
v 4.5247693 34.8095932 15.7518110
v 4.5247693 34.8768921 14.9181738
v 4.5247693 34.8768921 14.0818253
v 4.5247693 34.8095932 13.2481880
v 4.5247693 34.6754341 12.4226694
v 4.5247693 34.4752846 11.6106234
v 4.5247693 34.2104378 10.8173161
v 4.5247693 33.8826180 10.0478926
v 4.5247693 33.4939461 9.3073425
v 4.5247693 33.0469475 8.6004686
v 4.5247693 32.5445175 7.9318552
v 4.5247693 31.9899139 7.3058386
v 4.5247693 31.3867359 6.7264795
v 4.5247693 30.7388973 6.1975346
v 4.5247693 30.0505962 5.7224340
v 4.5247693 29.3262959 5.3042593
v 4.5247693 28.5706959 4.9457235
v 4.5247693 27.7886963 4.6491494
v 4.5247693 26.9853668 4.4164629
v 4.5247693 26.1659222 4.2491713
v 3.7214448 26.0317612 5.0746899
v 3.7214448 26.7852173 5.2285094
v 3.7214448 27.5238514 5.4424572
v 3.7214448 28.2428761 5.7151465
v 3.7214448 28.9376259 6.0448098
v 3.7214448 29.6035957 6.4293079
v 3.7214448 30.2364674 6.8661475
v 3.7214448 30.8321362 7.3524957
v 3.7214448 31.3867359 7.8851981
v 3.7214448 31.8966770 8.4608002
v 3.7214448 32.3586464 9.0755682
v 3.7214448 32.7696457 9.7255163
v 3.7214448 33.1270180 10.4064293
v 3.7214448 33.4284363 11.1138897
v 3.7214448 33.6719551 11.8433104
v 3.7214448 33.8559875 12.5899611
v 3.7214448 33.9793434 13.3489990
v 3.7214448 34.0412216 14.1155014
v 3.7214448 34.0412216 14.8844976
v 3.7214448 33.9793434 15.6510000
v 3.7214448 33.8559875 16.4100380
v 3.7214448 33.6719551 17.1566887
v 3.7214448 33.4284363 17.8861103
v 3.7214448 33.1270180 18.5935707
v 3.7214448 32.7696457 19.2744827
v 3.7214448 32.3586464 19.9244308
v 3.7214448 31.8966770 20.5391998
v 3.7214448 31.3867359 21.1148014
v 3.7214448 30.8321362 21.6475029
v 3.7214448 29.6035957 22.5706902
v 2.9880238 29.1234970 21.8114758
v 3.7214448 30.2364674 22.1338520
v 2.9880238 29.6968346 21.4157295
v 2.9880238 30.2364674 20.9751320
v 2.9880238 30.7388973 20.4925423
v 2.9880238 31.2008648 19.9710884
v 2.9880238 31.6193771 19.4141502
v 2.9880238 31.9917164 18.8253441
v 2.9880238 32.3154678 18.2084846
v 2.9880238 32.5885353 17.5675755
v 2.9880238 32.8091431 16.9067726
v 2.9880238 32.9758644 16.2303600
v 2.9880238 33.0876160 15.5427246
v 2.9880238 33.1436729 14.8483276
v 2.9880238 33.1436729 14.1516714
v 2.9880238 33.0876160 13.4572744
v 2.9880238 32.9758644 12.7696400
v 2.9880238 32.8091431 12.0932264
v 2.9880238 32.5885353 11.4324226
v 2.9880238 32.3154678 10.7915134
v 2.9880238 31.9917164 10.1746550
v 2.9880238 31.6193771 9.5858488
v 2.9880238 31.2008648 9.0289116
v 2.9880238 30.7388973 8.5074568
v 2.9880238 30.2364674 8.0248661
v 2.9880238 29.6968346 7.5842690
v 2.9880238 29.1234970 7.1885233
v 2.9880238 28.5201759 6.8401952
v 2.9880238 27.8907814 6.5415435
v 2.9880238 27.2393970 6.2945065
v 2.9880238 26.5702438 6.1006842
v 2.9880238 25.8876667 5.9613352
v 2.9880238 25.1960907 5.8773627
v 2.3292620 25.1192951 6.8286486
v 2.3292620 25.7345753 6.9033570
v 2.3292620 26.3418465 7.0273323
v 2.3292620 26.9371738 7.1997714
v 2.3292620 27.5166950 7.4195547
v 2.3292620 28.0766525 7.6852574
v 2.3292620 28.6134129 7.9951568
v 2.3292620 29.1234970 8.3472424
v 2.3292620 29.6035957 8.7392302
v 2.3292620 30.0505962 9.1685801
v 2.3292620 30.4615974 9.6325054
v 2.3292620 30.8339367 10.1279984
v 2.3292620 31.1651974 10.6518459
v 2.3292620 31.4532337 11.2006493
v 2.3292620 31.6961727 11.7708511
v 2.3292620 31.8924427 12.3587523
v 2.3292620 32.0407677 12.9605398
v 2.3292620 32.1401939 13.5723124
v 2.3292620 32.1900673 14.1901007
v 2.3292620 32.1900673 14.8098984
v 2.3292620 32.1401939 15.4276867
v 2.3292620 32.0407677 16.0394592
v 2.3292620 31.8924427 16.6412468
v 2.3292620 31.6961727 17.2291489
v 2.3292620 31.4532337 17.7993488
v 2.3292620 31.1651974 18.3481541
v 2.3292620 30.8339367 18.8720016
v 2.3292620 30.4615974 19.3674946
v 2.3292620 30.0505962 19.8314190
v 2.3292620 29.6035957 20.2607689
v 2.3292620 29.1234970 20.6527576
v 2.3292620 28.6134129 21.0048428
v 2.3292620 28.0766525 21.3147411
v 1.7494327 25.5734749 7.8946457
v 1.7494327 26.1015034 8.0024433
v 1.7494327 26.6191463 8.1523809
v 1.7494327 27.1230450 8.3434849
v 1.7494327 27.6099339 8.5745153
v 1.7494327 28.0766525 8.8439760
v 1.7494327 28.5201759 9.1501179
v 1.7494327 28.9376259 9.4909554
v 1.7494327 29.3262959 9.8642788
v 1.7494327 29.6836662 10.2676668
v 1.7494327 30.0074196 10.6985025
v 1.7494327 30.2954540 11.1539927
v 1.7494327 30.5459023 11.6311827
v 1.7494327 30.7571411 12.1269789
v 1.7494327 30.9277992 12.6381645
v 1.7494327 31.0567722 13.1614246
v 1.7494327 31.1432209 13.6933661
v 1.7494327 31.1865864 14.2305393
v 1.7494327 31.1865864 14.7694597
v 1.7494327 31.1432209 15.3066330
v 1.7494327 31.0567722 15.8385744
v 1.7494327 30.9277992 16.3618355
v 1.7494327 30.7571411 16.8730202
v 1.7494327 30.5459023 17.3688164
v 1.7494327 30.2954540 17.8460064
v 1.7494327 30.0074196 18.3014965
v 1.7494327 29.6836662 18.7323322
v 1.7494327 29.3262959 19.1357212
v 1.7494327 28.9376259 19.5090427
v 1.7494327 28.5201759 19.8498821
v 1.7494327 28.0766525 20.1560230
v 1.7494327 27.6099339 20.4254837
v 1.7494327 27.1230450 20.6565151
v 1.2522955 25.4054108 20.0712261
v 1.7494327 25.5734749 21.1053524
v 2.3292620 25.7345753 22.0966415
v 1.2522955 24.9541779 8.8739834
v 1.2522955 25.4054108 8.9287729
v 1.2522955 25.8507729 9.0196934
v 1.2522955 26.2873745 9.1461573
v 1.2522955 26.7123833 9.3073425
v 1.2522955 27.1230450 9.5022030
v 1.2522955 27.5166950 9.7294769
v 1.2522955 27.8907814 9.9876900
v 1.2522955 28.2428761 10.2751656
v 1.2522955 28.5706959 10.5900421
v 1.2522955 28.8721180 10.9302759
v 1.2522955 29.1451836 11.2936611
v 1.2522955 29.3881226 11.6778402
v 1.2522955 29.5993614 12.0803223
v 1.2522955 29.7775288 12.4984961
v 1.2522955 29.9214706 12.9296513
v 1.2522955 30.0302505 13.3709908
v 1.2522955 30.1031666 13.8196526
v 1.2522955 30.1397400 14.2727261
v 1.2522955 30.1397400 14.7272730
v 1.2522955 30.1031666 15.1803474
v 1.2522955 30.0302505 15.6290083
v 1.2522955 29.9214706 16.0703468
v 1.2522955 29.7775288 16.5015030
v 1.2522955 29.5993614 16.9196777
v 1.2522955 29.3881226 17.3221588
v 1.2522955 29.1451836 17.7063389
v 1.2522955 28.8721180 18.0697231
v 1.2522955 28.5706959 18.4099560
v 1.2522955 28.2428761 18.7248325
v 1.2522955 27.8907814 19.0123100
v 1.2522955 27.5166950 19.2705212
v 1.2522955 27.1230450 19.4977951
v 1.2522955 26.7123833 19.6926575
v 1.2522955 26.2873745 19.8538418
v 0.8410746 24.8669281 19.0452328
v 1.2522955 24.9541779 20.1260166
v 1.7494327 25.0384827 21.1703129
v 2.3292620 25.1192951 22.1713505
v 0.8410746 24.8669281 9.9547672
v 0.8410746 25.2314777 9.9990320
v 0.8410746 25.5912838 10.0724869
v 0.8410746 25.9440117 10.1746550
v 0.8410746 26.2873745 10.3048754
v 0.8410746 26.6191463 10.4623032
v 0.8410746 26.9371738 10.6459169
v 0.8410746 27.2393970 10.8545256
v 0.8410746 27.5238514 11.0867758
v 0.8410746 27.7886963 11.3411636
v 0.8410746 28.0322132 11.6160364
v 0.8410746 28.2528210 11.9096136
v 0.8410746 28.4490929 12.2199898
v 0.8410746 28.6197510 12.5451536
v 0.8410746 28.7636909 12.8829947
v 0.8410746 28.8799801 13.2313223
v 0.8410746 28.9678631 13.5878782
v 0.8410746 29.0267715 13.9503498
v 0.8410746 29.0563202 14.3163862
v 0.8410746 29.0563202 14.6836128
v 0.8410746 29.0267715 15.0496492
v 0.8410746 28.9678631 15.4121208
v 0.8410746 28.8799801 15.7686768
v 0.8410746 28.7636909 16.1170044
v 0.8410746 28.6197510 16.4548454
v 0.8410746 28.4490929 16.7800083
v 0.8410746 28.2528210 17.0903854
v 0.8410746 28.0322132 17.3839626
v 0.8410746 27.7886963 17.6588364
v 0.8410746 27.5238514 17.9132233
v 0.8410746 27.2393970 18.1454735
v 0.8410746 26.9371738 18.3540821
v 0.8410746 26.6191463 18.5376968
v 0.8410746 26.2873745 18.6951237
v 0.8410746 25.9440117 18.8253441
v 0.8410746 25.5912838 18.9275131
v 0.5184375 24.7772980 11.0650291
v 0.5184375 25.0527992 11.0984812
v 0.5184375 25.3247166 11.1539927
v 0.5184375 25.5912838 11.2312050
v 0.5184375 25.8507729 11.3296165
v 0.5184375 26.1015034 11.4485893
v 0.5184375 26.3418465 11.5873518
v 0.5184375 26.5702438 11.7450037
v 0.5184375 26.7852173 11.9205227
v 0.5184375 26.9853668 12.1127710
v 0.5184375 27.1694012 12.3205004
v 0.5184375 27.3361206 12.5423660
v 0.5184375 27.4844494 12.7769270
v 0.5184375 27.6134205 13.0226622
v 0.5184375 27.7222004 13.2779799
v 0.5184375 27.8100853 13.5412216
v 0.5184375 27.8765011 13.8106823
v 0.5184375 27.9210186 14.0846128
v 0.5184375 27.9433498 14.3612375
v 0.5184375 27.9433498 14.6387615
v 0.5184375 27.9210186 14.9153862
v 0.5184375 27.8765011 15.1893177
v 0.5184375 27.8100853 15.4587774
v 0.5184375 27.7222004 15.7220192
v 0.5184375 27.6134205 15.9773369
v 0.5184375 27.4844494 16.2230721
v 0.5184375 27.3361206 16.4576340
v 0.5184375 27.1694012 16.6794987
v 0.5184375 26.9853668 16.8872280
v 0.5184375 26.7852173 17.0794773
v 0.5184375 26.5702438 17.2549953
v 0.5184375 26.3418465 17.4126472
v 0.5184375 26.1015034 17.5514107
v 0.5184375 25.8507729 17.6703835
v 0.5184375 25.5912838 17.7687950
v 0.5184375 25.3247166 17.8460064
v 0.5184375 25.0527992 17.9015179
v 1.7494327 26.6191463 20.8476181
v 1.2522955 25.8507729 19.9803047
v 0.8410746 25.2314777 19.0009670
v 0.5184375 24.7772980 17.9349709
v 0.2864757 24.6858711 12.1975679
v 0.2864757 24.8705368 12.2199898
v 0.2864757 25.0527992 12.2571993
v 0.2864757 25.2314777 12.3089542
v 0.2864757 25.4054108 12.3749180
v 0.2864757 25.5734749 12.4546652
v 0.2864757 25.7345753 12.5476761
v 0.2864757 25.8876667 12.6533489
v 0.2864757 26.0317612 12.7709980
v 0.2864757 26.1659222 12.8998604
v 0.2864757 26.2892761 13.0390997
v 0.2864757 26.4010277 13.1878138
v 0.2864757 26.5004520 13.3450384
v 0.2864757 26.5869007 13.5097532
v 0.2864757 26.6598148 13.6808901
v 0.2864757 26.7187214 13.8573389
v 0.2864757 26.7632408 14.0379553
v 0.2864757 26.7930813 14.2215691
v 0.2864757 26.8080482 14.4069881
v 0.2864757 26.8080482 14.5930109
v 0.2864757 26.7930813 14.7784300
v 0.2864757 26.7632408 14.9620438
v 0.2864757 26.7187214 15.1426601
v 0.2864757 26.6598148 15.3191090
v 0.2864757 26.5869007 15.4902458
v 0.2864757 26.5004520 15.6549606
v 0.2864757 26.4010277 15.8121853
v 0.2864757 26.2892761 15.9608994
v 0.2864757 26.1659222 16.1001396
v 0.2864757 26.0317612 16.2290020
v 0.2864757 25.8876667 16.3466511
v 0.2864757 25.7345753 16.4523239
v 0.2864757 25.5734749 16.5453339
v 0.2864757 25.4054108 16.6250801
v 0.2864757 25.2314777 16.6910458
v 0.2864757 25.0527992 16.7427998
v 0.2864757 24.8705368 16.7800083
v 0.2864757 24.6858711 16.8024311
v 28.9529800 24.5938854 15.6629810
v 28.9529800 24.6871624 15.6516552
v 28.9529800 24.7792244 15.6328611
v 28.9529800 24.8694763 15.6067190
v 28.9529800 24.9573326 15.5733995
v 28.9529800 25.0422230 15.5331192
v 28.9529800 25.1235962 15.4861383
v 28.9529800 25.2009239 15.4327612
v 28.9529800 25.2737083 15.3733358
v 28.9529800 25.3414726 15.3082466
v 28.9529800 25.4037819 15.2379150
v 28.9529800 25.4602280 15.1627979
v 28.9529800 25.5104485 15.0833826
v 28.9529800 25.5541134 15.0001831
v 28.9529800 25.5909443 14.9137402
v 28.9529800 25.6206989 14.8246136
v 28.9529800 25.6431866 14.7333822
v 28.9529800 25.6582584 14.6406374
v 28.9529800 25.6658192 14.5469809
v 28.9529800 25.6658192 14.4530191
v 28.9529800 25.6582584 14.3593616
v 28.9529800 25.6431866 14.2666168
v 28.9529800 25.6206989 14.1753855
v 28.9529800 25.5909443 14.0862589
v 28.9529800 25.5541134 13.9998159
v 28.9529800 25.5104485 13.9166174
v 28.9529800 25.4602280 13.8372011
v 28.9529800 25.4037819 13.7620840
v 28.9529800 25.3414726 13.6917524
v 28.9529800 25.2737083 13.6266632
v 28.9529800 25.2009239 13.5672379
v 28.9529800 25.1235962 13.5138607
v 28.9529800 25.0422230 13.4668798
v 28.9529800 24.9573326 13.4265995
v 28.9529800 24.8694763 13.3932800
v 28.9529800 24.7792244 13.3671389
v 28.9529800 24.6871624 13.3483438
v 28.8122292 24.6871624 12.1815786
v 28.5786552 24.7792244 11.0411749
v 28.5786552 25.0566387 11.0748587
v 28.2537785 24.8694763 19.0767956
v 26.7552547 25.1235962 22.2246246
v 25.3534050 30.2763042 22.1868649
v 25.4856434 29.7244987 22.3911495
v 26.0919189 29.1556053 21.8622494
v 20.7160416 25.5541134 1.4424473
v 17.4003716 25.6431866 0.3391039
v 15.0838556 25.6658192 0.0587404
v 13.9161434 25.6658192 0.0587404
v 11.5996275 25.6431866 0.3391039
v 10.4658461 25.6206989 0.6176494
v 8.2839575 25.5541134 1.4424473
v 7.2500000 25.5104485 1.9833511
v 6.2630606 25.4602280 2.6054299
v 3.6465936 25.2737083 4.9159007
v 1.6608871 25.0422230 7.7833643
v 1.1602975 24.9573326 20.1650848
v 0.4213434 24.7792244 17.9588242
v 0.4213434 24.7792244 11.0411749
v 0.1877705 25.0566387 16.7583752
v 0.0470188 24.7792244 15.6328611
v 0.0470188 24.6871624 15.6516552
v 0.1877705 24.6871624 12.1815786
v 0.0470188 24.5938854 13.3370180
v 0.0470188 24.6871624 13.3483438
v 0.0470188 24.8694763 15.6067190
v 0.0470188 25.6431866 14.7333822
v 0.0470188 25.6582584 14.6406374
v 0.0470188 25.6206989 14.8246136
v 5.3295417 32.6003799 22.2805214
v 7.2500000 34.2269974 22.4418488
v 6.2630606 33.7435646 22.0471382
v 15.0838556 37.0471840 21.7441196
v 13.9161434 37.0471840 21.7441196
v 23.6704578 32.6003799 22.2805214
v 26.7552547 25.7431469 22.1493969
v 26.7552547 26.3546371 22.0245609
v 26.7552547 26.9540977 21.8509235
v 26.0919189 28.5480919 22.2129974
v 26.0919189 27.9143276 22.5137215
v 24.5445023 31.4345627 22.3275032
v 24.5445023 32.0419273 21.7441196
v 21.7500000 34.2269974 22.4418488
v 22.7369385 33.7435646 22.0471382
v 23.6704578 33.2001839 21.6034813
v 16.2477818 36.9658089 21.6971397
v 11.5996275 36.8035927 21.6034813
v 12.7522173 36.9658089 21.6971397
v 8.2839575 35.2811127 21.9416656
v 9.3582287 35.6577988 22.2016716
v 10.4658461 35.9621162 22.4117279
v 11.5996275 36.1921005 22.5704746
v 7.2500000 34.8345108 21.6333981
v 2.9080799 27.9143276 22.5137215
v 2.2447436 27.5376453 21.6296139
v 2.2447436 26.9540977 21.8509235
v 2.2447436 26.3546371 22.0245609
v 2.2447436 25.7431469 22.1493969
v 2.2447436 25.1235962 22.2246246
v 0.0470188 24.5938854 15.6629810
v 0.1877705 26.8240776 14.5936565
v 0.1877705 26.8090038 14.7803631
v 0.1877705 26.7789574 14.9652519
v 0.1877705 26.7341290 15.1471233
v 0.1877705 25.2365589 16.7062607
v 0.4213434 25.5988617 17.7914944
v 0.0470188 24.9573326 15.5733995
v 0.1877705 24.8731098 12.2041569
v 0.0470188 24.7792244 13.3671389
v 0.4213434 27.9672623 14.3602734
v 0.4213434 27.9672623 14.6397257
v 0.4213434 27.9447765 14.9182711
v 0.4213434 27.8999481 15.1941042
v 0.4213434 27.8330708 15.4654360
v 0.1877705 25.4116993 16.6398392
v 0.4213434 25.8601532 17.6924000
v 0.7462213 26.2997875 18.7242565
v 0.0470188 25.0422230 15.5331192
v 0.7462213 24.8694763 9.9232025
v 0.4213434 25.0566387 11.0748587
v 0.1877705 25.0566387 12.2416239
v 0.0470188 24.8694763 13.3932800
v 0.7462213 29.0582066 13.9465332
v 0.7462213 29.0879612 14.3151112
v 0.7462213 29.0879612 14.6848879
v 0.7462213 29.0582066 15.0534658
v 0.7462213 28.9988918 15.4184551
v 0.7462213 28.9103966 15.7774868
v 0.1877705 25.5809288 16.5595379
v 0.4213434 26.1126251 17.5726013
v 0.7462213 26.6338615 18.5657349
v 1.1602975 27.1412601 19.5325031
v 0.0470188 25.1235962 15.4861383
v 0.0470188 24.9573326 13.4265995
v 0.1877705 25.2365589 12.2937384
v 0.4213434 25.3304424 11.1307564
v 0.7462213 25.2365589 9.9677744
v 1.1602975 24.9573326 8.8349142
v 1.1602975 30.0686550 13.3631506
v 1.1602975 30.1420765 13.8149271
v 1.1602975 30.1789055 14.2711477
v 1.1602975 30.1789055 14.7288513
v 1.1602975 30.1420765 15.1850719
v 1.1602975 30.0686550 15.6368484
v 1.1602975 29.9591198 16.0812531
v 0.1877705 25.7431469 16.4658813
v 0.4213434 26.3546371 17.4328747
v 0.7462213 26.9540977 18.3808479
v 1.1602975 27.5376453 19.3036499
v 1.6608871 28.1014900 20.1953011
v 0.0470188 25.2009239 15.4327612
v 1.1602975 25.8601532 20.0183620
v 0.7462213 25.2365589 19.0322247
v 1.1602975 25.4116993 20.1099148
v 0.7462213 24.8694763 19.0767956
v 0.0470188 25.0422230 13.4668798
v 0.1877705 25.4116993 12.3601608
v 0.4213434 25.5988617 11.2085047
v 0.7462213 25.5988617 10.0417395
v 1.1602975 25.4116993 8.8900843
v 1.6608871 30.9724388 12.6252356
v 1.6608871 31.1023045 13.1521292
v 1.6608871 31.1893539 13.6877651
v 1.6608871 31.2330208 14.2286682
v 1.6608871 31.2330208 14.7713308
v 1.6608871 31.1893539 15.3122339
v 1.6608871 31.1023045 15.8478699
v 1.6608871 30.9724388 16.3747635
v 0.1877705 25.8973045 16.3594742
v 0.4213434 26.5846214 17.2741280
v 0.7462213 27.2584190 18.1707897
v 1.1602975 27.9143276 19.0436459
v 1.6608871 28.5480919 19.8870335
v 2.2447436 29.1556053 20.6954842
v 1.6608871 26.6338615 20.8916988
v 1.6608871 26.1126251 21.0426769
v 1.6608871 25.5809288 21.1512241
v 1.6608871 25.0422230 21.2166348
v 2.2447436 25.1235962 6.7753749
v 1.6608871 25.5809288 7.8487749
v 1.1602975 25.8601532 8.9816360
v 0.7462213 25.9540405 10.1446180
v 0.4213434 25.8601532 11.3076000
v 0.1877705 25.5809288 12.4404612
v 0.0470188 25.1235962 13.5138607
v 2.2447436 31.7461452 11.7518988
v 2.2447436 31.9437790 12.3438826
v 2.2447436 32.0931358 12.9498491
v 2.2447436 32.1932487 13.5658703
v 2.2447436 32.2434692 14.1879482
v 2.2447436 32.2434692 14.8120508
v 2.2447436 32.1932487 15.4341297
v 2.2447436 32.0931358 16.0501499
v 2.2447436 31.9437790 16.6561165
v 2.9080799 29.7329235 21.4637566
v 2.2447436 28.6419792 21.0500164
v 1.6608871 27.6315308 20.4666328
v 1.1602975 26.7277489 19.7287178
v 0.7462213 25.9540405 18.8553810
v 0.4213434 25.3304424 17.8692417
v 0.1877705 24.8731098 16.7958431
v 0.0470188 25.2009239 13.5672379
v 0.1877705 25.7431469 12.5341187
v 0.4213434 26.1126251 11.4273987
v 0.7462213 26.2997875 10.2757425
v 1.1602975 26.2997875 9.1089783
v 1.6608871 26.1126251 7.9573216
v 2.2447436 25.7431469 6.8506026
v 2.9080799 25.2009239 5.8174829
v 2.9080799 32.3697433 10.7657604
v 2.9080799 32.6447029 11.4111204
v 2.9080799 32.8668442 12.0765133
v 2.9080799 33.0347214 12.7576237
v 2.9080799 33.1472511 13.4500332
v 2.9080799 33.2036972 14.1492529
v 2.9080799 33.2036972 14.8507471
v 2.9080799 33.1472511 15.5499659
v 2.9080799 33.0347214 16.2423763
v 2.9080799 32.8668442 16.9234867
v 0.1877705 24.6871624 16.8184204
v 0.4213434 25.0566387 17.9251404
v 0.7462213 25.5988617 18.9582596
v 1.1602975 26.2997875 19.8910217
v 1.6608871 27.1412601 20.6992683
v 2.2447436 28.1014900 21.3620663
v 2.9080799 28.5480919 22.2129974
v 2.9080799 29.1556053 21.8622494
v 3.5143559 29.7244987 22.3911495
v 0.0470188 25.2737083 13.6266632
v 0.1877705 25.8973045 12.6405249
v 0.4213434 26.3546371 11.5671253
v 0.7462213 26.6338615 10.4342642
v 1.1602975 26.7277489 9.2712822
v 1.6608871 26.6338615 8.1083002
v 2.2447436 26.3546371 6.9754391
v 2.9080799 25.8973045 5.9020391
v 3.6465936 32.8270760 9.6923599
v 3.6465936 33.1869278 10.3780012
v 3.6465936 33.4904404 11.0903749
v 3.6465936 33.7356491 11.8248615
v 3.6465936 33.9209595 12.5766964
v 3.6465936 34.0451698 13.3410053
v 3.6465936 34.1074791 14.1128311
v 3.6465936 34.1074791 14.8871679
v 3.6465936 34.0451698 15.6589937
v 3.6465936 33.9209595 16.4233017
v 3.6465936 33.7356491 17.1751385
v 3.6465936 30.2763042 22.1868649
v 3.6465936 30.8761101 21.6971397
v 2.9080799 30.2763042 21.0200996
v 2.2447436 29.6390381 20.3007736
v 1.6608871 28.9684429 19.5438290
v 1.1602975 28.2688675 18.7541714
v 0.7462213 27.5448513 17.9369259
v 0.4213434 26.8010864 17.0973892
v 0.1877705 26.0423985 16.2410088
v 0.0470188 25.2737083 15.3733358
v 4.4554968 25.3414726 4.0764742
v 3.6465936 26.0423985 5.0092368
v 2.9080799 26.5846214 6.0423555
v 2.2447436 26.9540977 7.1490750
v 1.6608871 27.1412601 8.3007307
v 1.1602975 27.1412601 9.4674959
v 0.7462213 26.9540977 10.6191521
v 0.4213434 26.5846214 11.7258720
v 0.1877705 26.0423985 12.7589912
v 0.0470188 25.3414726 13.6917524
v 4.4554968 33.1063004 8.5594988
v 4.4554968 33.5564041 9.2712822
v 4.4554968 33.9477768 10.0169754
v 4.4554968 34.2778702 10.7917414
v 4.4554968 34.5445557 11.5905581
v 4.4554968 34.7460976 12.4082441
v 4.4554968 34.8811913 13.2394953
v 4.4554968 34.9489555 14.0789213
v 4.4554968 34.9489555 14.9210777
v 4.4554968 34.8811913 15.7605038
v 4.4554968 34.7460976 16.5917549
v 4.4554968 34.5445557 17.4094410
v 0.0470188 25.4037819 15.2379150
v 0.0470188 25.3414726 15.3082466
v 0.1877705 26.3017025 15.9710445
v 0.1877705 26.1774902 16.1112518
v 0.4213434 27.1879387 16.6946335
v 0.4213434 27.0026283 16.9038067
v 0.7462213 28.0567417 17.4039898
v 0.7462213 27.8115349 17.6807728
v 1.1602975 28.9024792 18.0945129
v 1.1602975 28.5989647 18.4371090
v 1.6608871 29.7196655 18.7617245
v 1.6608871 29.3598118 19.1679134
v 2.2447436 30.5029964 19.4012966
v 2.2447436 30.0891418 19.8684425
v 2.9080799 31.2474003 20.0090809
v 2.9080799 30.7822227 20.5341568
v 3.6465936 31.9480419 20.5811386
v 3.6465936 31.4345627 21.1607380
v 4.4554968 32.6003799 21.1137562
v 4.4554968 32.0419273 21.7441196
v 5.3295417 33.2001839 21.6034813
v 4.4554968 31.4345627 22.3275032
v 0.0470188 25.4037819 13.7620840
v 0.1877705 26.1774902 12.8887482
v 0.4213434 26.8010864 11.9026098
v 0.7462213 27.2584190 10.8292093
v 1.1602975 27.5376453 9.6963482
v 1.6608871 27.6315308 8.5333662
v 2.2447436 27.5376453 7.3703847
v 2.9080799 27.2584190 6.2375236
v 3.6465936 26.8010864 5.1641231
v 4.4554968 26.1774902 4.1779847
v 5.3295417 25.4037819 3.3046491
v 5.3295417 33.2001839 7.3965173
v 5.3295417 33.7435646 8.1196260
v 5.3295417 34.2269974 8.8841133
v 5.3295417 34.6473503 9.6850224
v 5.3295417 35.0018883 10.5171585
v 5.3295417 35.2883224 11.3751249
v 5.3295417 35.5047836 12.2533569
v 5.3295417 35.6498795 13.1461592
v 5.3295417 35.7226601 14.0477419
v 5.3295417 35.7226601 14.9522572
v 5.3295417 35.6498795 15.8538399
v 5.3295417 35.5047836 16.7466431
v 5.3295417 35.2883224 17.6248741
v 0.0470188 25.4602280 13.8372011
v 0.1877705 26.3017025 13.0289545
v 0.4213434 27.0026283 12.0961924
v 0.7462213 27.5448513 11.0630732
v 1.1602975 27.9143276 9.9563541
v 1.6608871 28.1014900 8.8046980
v 2.2447436 28.1014900 7.6379328
v 2.9080799 27.9143276 6.4862771
v 3.6465936 27.5448513 5.3795576
v 4.4554968 27.0026283 4.3464379
v 5.3295417 26.3017025 3.4136763
v 6.2630606 33.1063004 6.2335358
v 6.2630606 33.7435646 6.9528608
v 6.2630606 34.3208847 7.7211318
v 6.2630606 34.8345108 8.5333662
v 6.2630606 35.2811127 9.3842974
v 6.2630606 35.6577988 10.2684050
v 6.2630606 35.9621162 11.1799564
v 6.2630606 36.1921005 12.1130400
v 6.2630606 36.3462601 13.0616035
v 6.2630606 36.4235878 14.0194950
v 6.2630606 36.4235878 14.9805040
v 6.2630606 36.3462601 15.9383955
v 6.2630606 36.1921005 16.8869591
v 6.2630606 35.9621162 17.8200417
v 6.2630606 26.4142303 2.7212658
v 5.3295417 27.1879387 3.5946023
v 4.4554968 27.8115349 4.5807409
v 3.6465936 28.2688675 5.6541414
v 2.9080799 28.5480919 6.7870021
v 2.2447436 28.6419792 7.9499836
v 1.6608871 28.5480919 9.1129656
v 1.1602975 28.2688675 10.2458267
v 0.7462213 27.8115349 11.3192272
v 0.4213434 27.1879387 12.3053656
v 0.1877705 26.4142303 13.1787014
v 0.0470188 25.5104485 13.9166174
v 7.2500000 32.8270760 5.1006742
v 7.2500000 33.5564041 5.8012047
v 7.2500000 34.2269974 6.5581503
v 7.2500000 34.8345108 7.3666015
v 7.2500000 35.3750000 8.2213154
v 7.2500000 35.8449593 9.1167488
v 7.2500000 36.2413445 10.0470953
v 7.2500000 36.5615768 11.0063200
v 7.2500000 36.8035927 11.9882030
v 7.2500000 36.9658089 12.9863758
v 7.2500000 37.0471840 13.9943657
v 7.2500000 37.0471840 15.0056334
v 7.2500000 36.9658089 16.0136223
v 7.2500000 36.8035927 17.0117950
v 7.2500000 36.5615768 17.9936790
v 6.2630606 34.3208847 21.2788677
v 5.3295417 33.7435646 20.8803730
v 4.4554968 33.1063004 20.4405003
v 3.6465936 32.4132195 19.9621010
v 2.9080799 31.6688175 19.4482765
v 2.2447436 30.8779221 18.9023609
v 1.6608871 30.0456657 18.3278961
v 1.1602975 29.1774406 17.7286053
v 0.7462213 28.2788830 17.1083736
v 0.4213434 27.3558178 16.4712276
v 0.1877705 26.4142303 15.8212976
v 0.0470188 25.4602280 15.1627979
v 7.2500000 26.5143433 2.1052463
v 6.2630606 27.3558178 2.9134927
v 5.3295417 28.0567417 3.8462541
v 4.4554968 28.5989647 4.8793740
v 3.6465936 28.9684429 5.9860935
v 2.9080799 29.1556053 7.1377492
v 2.2447436 29.1556053 8.3045149
v 1.6608871 28.9684429 9.4561701
v 1.1602975 28.5989647 10.5628901
v 0.7462213 28.0567417 11.5960093
v 0.4213434 27.3558178 12.5287714
v 0.1877705 26.5143433 13.3370180
v 0.0470188 25.5541134 13.9998159
v 8.2839575 32.3697433 4.0272746
v 8.2839575 33.1869278 4.6944852
v 8.2839575 33.9477768 5.4252892
v 8.2839575 34.6473503 6.2149458
v 8.2839575 35.2811127 7.0583334
v 8.2839575 35.8449593 7.9499836
v 8.2839575 36.3352280 8.8841133
v 8.2839575 36.7487411 9.8546648
v 8.2839575 37.0828171 10.8553419
v 8.2839575 37.3352890 11.8796568
v 8.2839575 37.5045166 12.9209652
v 8.2839575 37.5894051 13.9725142
v 8.2839575 37.5894051 15.0274849
v 8.2839575 37.5045166 16.0790329
v 8.2839575 37.3352890 17.1203423
v 8.2839575 37.0828171 18.1446571
v 9.3582287 25.5909443 0.9862278
v 8.2839575 26.6013927 1.5696101
v 7.2500000 27.5051746 2.3075259
v 6.2630606 28.2788830 3.1808615
v 5.3295417 28.9024792 4.1669998
v 4.4554968 29.3598118 5.2404003
v 3.6465936 29.6390381 6.3732610
v 2.9080799 29.7329235 7.5362430
v 2.2447436 29.6390381 8.6992254
v 1.6608871 29.3598118 9.8320856
v 1.1602975 28.9024792 10.9054861
v 0.7462213 28.2788830 11.8916245
v 0.4213434 27.5051746 12.7649612
v 0.1877705 26.6013927 13.5028763
v 0.0470188 25.5909443 14.0862589
v 9.3582287 31.7461452 3.0411360
v 9.3582287 32.6447029 3.6613662
v 9.3582287 33.4904404 4.3518887
v 9.3582287 34.2778702 5.1082263
v 9.3582287 35.0018883 5.9254727
v 9.3582287 35.6577988 6.7983279
v 9.3582287 36.2413445 7.7211318
v 9.3582287 36.7487411 8.6878996
v 9.3582287 37.1767006 9.6923599
v 9.3582287 37.5224495 10.7280006
v 9.3582287 37.7837410 11.7881041
v 9.3582287 37.9588852 12.8657951
v 9.3582287 38.0467415 13.9540844
v 9.3582287 38.0467415 15.0459146
v 9.3582287 37.9588852 16.1342049
v 9.3582287 37.7837410 17.2118950
v 9.3582287 37.5224495 18.2719975
v 9.3582287 26.6748142 1.1178329
v 8.2839575 27.6350422 1.7806311
v 7.2500000 28.4765167 2.5888784
v 6.2630606 29.1774406 3.5216398
v 5.3295417 29.7196655 4.5547595
v 4.4554968 30.0891418 5.6614790
v 3.6465936 30.2763042 6.8131347
v 2.9080799 30.2763042 7.9798999
v 2.2447436 30.0891418 9.1315556
v 1.6608871 29.7196655 10.2382755
v 1.1602975 29.1774406 11.2713947
v 0.7462213 28.4765167 12.2041569
v 0.4213434 27.6350422 13.0124035
v 0.1877705 26.6748142 13.6752014
v 0.0470188 25.6206989 14.1753855
v 10.4658461 30.9724388 2.1677995
v 10.4658461 31.9437790 2.7286038
v 10.4658461 32.8668442 3.3657503
v 10.4658461 33.7356491 4.0751061
v 10.4658461 34.5445557 4.8520722
v 10.4658461 35.2883224 5.6916084
v 10.4658461 35.9621162 6.5882707
v 10.4658461 36.5615768 7.5362430
v 10.4658461 37.0828171 8.5293789
v 10.4658461 37.5224495 9.5612354
v 10.4658461 37.8776283 10.6251221
v 10.4658461 38.1460457 11.7141390
v 10.4658461 38.3259659 12.8212233
v 10.4658461 38.4162178 13.9391956
v 10.4658461 38.4162178 15.0608044
v 10.4658461 38.3259659 16.1787758
v 10.4658461 38.1460457 17.2858601
v 10.4658461 37.8776283 18.3748760
v 10.4658461 26.7341290 0.7528449
v 9.3582287 27.7445774 1.3362272
v 8.2839575 28.6483612 2.0741429
v 7.2500000 29.4220695 2.9474785
v 6.2630606 30.0456657 3.9336169
v 5.3295417 30.5029964 5.0070176
v 4.4554968 30.7822227 6.1398783
v 3.6465936 30.8761101 7.3028603
v 2.9080799 30.7822227 8.4658422
v 2.2447436 30.5029964 9.5987034
v 1.6608871 30.0456657 10.6721029
v 1.1602975 29.4220695 11.6582413
v 0.7462213 28.6483612 12.5315781
v 0.4213434 27.7445774 13.2694931
v 0.1877705 26.7341290 13.8528757
v 0.0470188 25.6431866 14.2666168
v 11.5996275 30.0686550 1.4298847
v 11.5996275 31.1023045 1.9203573
v 11.5996275 32.0931358 2.4924138
v 11.5996275 33.0347214 3.1423447
v 11.5996275 33.9209595 3.8659339
v 11.5996275 34.7460976 4.6584897
v 11.5996275 35.5047836 5.5148702
v 11.5996275 36.1921005 6.4295239
v 11.5996275 36.8035927 7.3965173
v 11.5996275 37.3352890 8.4095793
v 11.5996275 37.7837410 9.4621401
v 11.5996275 38.1460457 10.5473738
v 11.5996275 38.4198494 11.6582413
v 11.5996275 38.6033783 12.7875395
v 11.5996275 38.6954422 13.9279432
v 11.5996275 38.6954422 15.0720568
v 11.5996275 38.6033783 16.2124596
v 11.5996275 38.4198494 17.3417568
v 11.5996275 38.1460457 18.4526253
v 10.4658461 36.5615768 21.4637566
v 9.3582287 36.2413445 21.2788677
v 8.2839575 35.8449593 21.0500164
v 7.2500000 35.3750000 20.7786846
v 6.2630606 34.8345108 20.4666328
v 5.3295417 34.2269974 20.1158848
v 4.4554968 33.5564041 19.7287178
v 3.6465936 32.8270760 19.3076382
v 2.9080799 32.0437431 18.8553810
v 2.2447436 31.2114849 18.3748760
v 1.6608871 30.3357010 17.8692417
v 1.1602975 29.4220695 17.3417568
v 0.7462213 28.4765167 16.7958431
v 0.4213434 27.5051746 16.2350388
v 0.1877705 26.5143433 15.6629810
v 0.0470188 25.5104485 15.0833826
v 12.7522173 25.6582584 0.1523970
v 11.5996275 26.7789574 0.4770113
v 10.4658461 27.8330708 0.9771948
v 9.3582287 28.7933006 1.6399930
v 8.2839575 29.6347752 2.4482403
v 7.2500000 30.3357010 3.3810017
v 6.2630606 30.8779221 4.4141216
v 5.3295417 31.2474003 5.5208411
v 4.4554968 31.4345627 6.6724968
v 3.6465936 31.4345627 7.8392620
v 2.9080799 31.2474003 8.9909182
v 2.2447436 30.8779221 10.0976372
v 1.6608871 30.3357010 11.1307564
v 1.1602975 29.6347752 12.0635185
v 0.7462213 28.7933006 12.8717651
v 0.4213434 27.8330708 13.5345631
v 0.1877705 26.7789574 14.0347471
v 0.0470188 25.6582584 14.3593616
v 12.7522173 29.0582066 0.8465015
v 12.7522173 30.1420765 1.2575593
v 12.7522173 31.1893539 1.7544991
v 12.7522173 32.1932487 2.3340983
v 12.7522173 33.1472511 2.9925973
v 12.7522173 34.0451698 3.7257271
v 12.7522173 34.8811913 4.5287318
v 12.7522173 35.6498795 5.3964043
v 12.7522173 36.3462601 6.3231177
v 12.7522173 36.9658089 7.3028603
v 12.7522173 37.5045166 8.3292789
v 12.7522173 37.9588852 9.3957186
v 12.7522173 38.3259659 10.4952602
v 12.7522173 38.6033783 11.6207743
v 12.7522173 38.7893295 12.7649612
v 12.7522173 38.8826027 13.9204006
v 12.7522173 38.8826027 15.0795984
v 12.7522173 38.7893295 16.2350388
v 12.7522173 38.6033783 17.3792248
v 12.7522173 38.3259659 18.5047398
v 12.7522173 26.8090038 0.2921233
v 11.5996275 27.8999481 0.7058634
v 10.4658461 28.9103966 1.2892466
v 9.3582287 29.8141785 2.0271614
v 8.2839575 30.5878868 2.9004979
v 7.2500000 31.2114849 3.8866363
v 6.2630606 31.6688175 4.9600368
v 5.3295417 31.9480419 6.0928974
v 4.4554968 32.0419273 7.2558794
v 3.6465936 31.9480419 8.4188614
v 2.9080799 31.6688175 9.5517225
v 2.2447436 31.2114849 10.6251221
v 1.6608871 30.5878868 11.6112604
v 1.1602975 29.8141785 12.4845972
v 0.7462213 28.9103966 13.2225122
v 0.4213434 27.8999481 13.8058949
v 0.1877705 26.8090038 14.2196360
v 0.0470188 25.6658192 14.4530191
v 13.9161434 27.9672623 0.4327614
v 13.9161434 29.0879612 0.7573757
v 13.9161434 30.1789055 1.1711158
v 13.9161434 31.2330208 1.6712993
v 13.9161434 32.2434692 2.2546825
v 13.9161434 33.2036972 2.9174807
v 13.9161434 34.1074791 3.6553955
v 13.9161434 34.9489555 4.4636431
v 13.9161434 35.7226601 5.3369784
v 13.9161434 36.4235878 6.2697411
v 13.9161434 37.0471840 7.2558794
v 13.9161434 37.5894051 8.2889986
v 13.9161434 38.0467415 9.3623991
v 13.9161434 38.4162178 10.4691181
v 13.9161434 38.6954422 11.6019793
v 13.9161434 38.8826027 12.7536354
v 13.9161434 38.9764900 13.9166174
v 13.9161434 38.9764900 15.0833826
v 13.9161434 38.8826027 16.2463646
v 13.9161434 38.6954422 17.3980198
v 13.9161434 38.4162178 18.5308819
v 13.9161434 26.8240776 0.1993785
v 12.7522173 27.9447765 0.5239928
v 11.5996275 28.9988918 1.0241764
v 10.4658461 29.9591198 1.6869744
v 9.3582287 30.8005943 2.4952209
v 8.2839575 31.5015182 3.4279833
v 7.2500000 32.0437431 4.4611020
v 6.2630606 32.4132195 5.5678215
v 5.3295417 32.6003799 6.7194777
v 4.4554968 32.6003799 7.8862429
v 3.6465936 32.4132195 9.0378990
v 2.9080799 32.0437431 10.1446180
v 2.2447436 31.5015182 11.1777372
v 1.6608871 30.8005943 12.1104994
v 1.1602975 29.9591198 12.9187460
v 0.7462213 28.9988918 13.5815449
v 0.4213434 27.9447765 14.0817280
v 0.1877705 26.8240776 14.4063425
v 0.0470188 25.6658192 14.5469809
v 15.0838556 26.8240776 0.1993785
v 15.0838556 27.9672623 0.4327614
v 15.0838556 29.0879612 0.7573757
v 15.0838556 30.1789055 1.1711158
v 15.0838556 31.2330208 1.6712993
v 15.0838556 32.2434692 2.2546825
v 15.0838556 33.2036972 2.9174807
v 15.0838556 34.1074791 3.6553955
v 15.0838556 34.9489555 4.4636431
v 15.0838556 35.7226601 5.3369784
v 15.0838556 36.4235878 6.2697411
v 15.0838556 37.0471840 7.2558794
v 15.0838556 37.5894051 8.2889986
v 15.0838556 38.0467415 9.3623991
v 15.0838556 38.4162178 10.4691181
v 15.0838556 38.6954422 11.6019793
v 15.0838556 38.8826027 12.7536354
v 15.0838556 38.9764900 13.9166174
v 15.0838556 38.9764900 15.0833826
v 15.0838556 38.8826027 16.2463646
v 15.0838556 38.6954422 17.3980198
v 15.0838556 38.4162178 18.5308819
v 16.2477818 25.6582584 0.1523970
v 16.2477818 26.8090038 0.2921233
v 16.2477818 27.9447765 0.5239928
v 16.2477818 29.0582066 0.8465015
v 16.2477818 30.1420765 1.2575593
v 16.2477818 31.1893539 1.7544991
v 16.2477818 32.1932487 2.3340983
v 16.2477818 33.1472511 2.9925973
v 16.2477818 34.0451698 3.7257271
v 16.2477818 34.8811913 4.5287318
v 16.2477818 35.6498795 5.3964043
v 16.2477818 36.3462601 6.3231177
v 16.2477818 36.9658089 7.3028603
v 16.2477818 37.5045166 8.3292789
v 16.2477818 37.9588852 9.3957186
v 16.2477818 38.3259659 10.4952602
v 16.2477818 38.6033783 11.6207743
v 16.2477818 38.7893295 12.7649612
v 16.2477818 38.8826027 13.9204006
v 16.2477818 38.8826027 15.0795984
v 16.2477818 38.7893295 16.2350388
v 16.2477818 38.6033783 17.3792248
v 16.2477818 38.3259659 18.5047398
v 16.2477818 37.9588852 19.6042805
v 15.0838556 38.0467415 19.6375999
v 13.9161434 38.0467415 19.6375999
v 12.7522173 37.9588852 19.6042805
v 11.5996275 37.7837410 19.5378590
v 10.4658461 37.5224495 19.4387627
v 9.3582287 37.1767006 19.3076382
v 8.2839575 36.7487411 19.1453342
v 7.2500000 36.2413445 18.9529037
v 6.2630606 35.6577988 18.7315941
v 5.3295417 35.0018883 18.4828415
v 4.4554968 34.2778702 18.2082577
v 3.6465936 33.4904404 17.9096241
v 2.9080799 32.6447029 17.5888786
v 2.2447436 31.7461452 17.2481003
v 1.6608871 30.8005943 16.8894997
v 1.1602975 29.8141785 16.5154018
v 0.7462213 28.7933006 16.1282330
v 0.4213434 27.7445774 15.7305059
v 0.1877705 26.6748142 15.3247976
v 0.0470188 25.5909443 14.9137402
v 16.2477818 37.5045166 20.6707191
v 15.0838556 37.5894051 20.7110004
v 13.9161434 37.5894051 20.7110004
v 12.7522173 37.5045166 20.6707191
v 11.5996275 37.3352890 20.5904198
v 10.4658461 37.0828171 20.4706211
v 9.3582287 36.7487411 20.3120995
v 8.2839575 36.3352280 20.1158848
v 7.2500000 35.8449593 19.8832493
v 6.2630606 35.2811127 19.6157017
v 5.3295417 34.6473503 19.3149776
v 4.4554968 33.9477768 18.9830246
v 3.6465936 33.1869278 18.6219978
v 2.9080799 32.3697433 18.2342396
v 2.2447436 31.5015182 17.8222618
v 1.6608871 30.5878868 17.3887386
v 1.1602975 29.6347752 16.9364815
v 0.7462213 28.6483612 16.4684219
v 0.4213434 27.6350422 15.9875956
v 0.1877705 26.6013927 15.4971228
v 0.0470188 25.5541134 15.0001831
v 18.5341530 25.6206989 0.6176494
v 17.4003716 26.7789574 0.4770113
v 18.5341530 26.7341290 0.7528449
v 17.4003716 27.8999481 0.7058634
v 18.5341530 27.8330708 0.9771948
v 17.4003716 28.9988918 1.0241764
v 18.5341530 28.9103966 1.2892466
v 17.4003716 30.0686550 1.4298847
v 18.5341530 29.9591198 1.6869744
v 17.4003716 31.1023045 1.9203573
v 18.5341530 30.9724388 2.1677995
v 17.4003716 32.0931358 2.4924138
v 18.5341530 31.9437790 2.7286038
v 17.4003716 33.0347214 3.1423447
v 18.5341530 32.8668442 3.3657503
v 17.4003716 33.9209595 3.8659339
v 18.5341530 33.7356491 4.0751061
v 17.4003716 34.7460976 4.6584897
v 18.5341530 34.5445557 4.8520722
v 17.4003716 35.5047836 5.5148702
v 18.5341530 35.2883224 5.6916084
v 17.4003716 36.1921005 6.4295239
v 18.5341530 35.9621162 6.5882707
v 17.4003716 36.8035927 7.3965173
v 18.5341530 36.5615768 7.5362430
v 17.4003716 37.3352890 8.4095793
v 18.5341530 37.0828171 8.5293789
v 17.4003716 37.7837410 9.4621401
v 18.5341530 37.5224495 9.5612354
v 17.4003716 38.1460457 10.5473738
v 18.5341530 37.8776283 10.6251221
v 17.4003716 38.4198494 11.6582413
v 18.5341530 38.1460457 11.7141390
v 17.4003716 38.6033783 12.7875395
v 18.5341530 38.3259659 12.8212233
v 17.4003716 38.6954422 13.9279432
v 18.5341530 38.4162178 13.9391956
v 17.4003716 38.6954422 15.0720568
v 18.5341530 38.4162178 15.0608044
v 17.4003716 38.6033783 16.2124596
v 18.5341530 38.3259659 16.1787758
v 17.4003716 38.4198494 17.3417568
v 18.5341530 38.1460457 17.2858601
v 17.4003716 38.1460457 18.4526253
v 18.5341530 37.8776283 18.3748760
v 17.4003716 37.7837410 19.5378590
v 18.5341530 37.5224495 19.4387627
v 17.4003716 37.3352890 20.5904198
v 18.5341530 37.0828171 20.4706211
v 17.4003716 36.8035927 21.6034813
v 18.5341530 36.5615768 21.4637566
v 17.4003716 36.1921005 22.5704746
v 18.5341530 35.9621162 22.4117279
v 19.6417713 25.5909443 0.9862278
v 19.6417713 26.6748142 1.1178329
v 19.6417713 27.7445774 1.3362272
v 19.6417713 28.7933006 1.6399930
v 19.6417713 29.8141785 2.0271614
v 19.6417713 30.8005943 2.4952209
v 19.6417713 31.7461452 3.0411360
v 19.6417713 32.6447029 3.6613662
v 19.6417713 33.4904404 4.3518887
v 19.6417713 34.2778702 5.1082263
v 19.6417713 35.0018883 5.9254727
v 19.6417713 35.6577988 6.7983279
v 19.6417713 36.2413445 7.7211318
v 19.6417713 36.7487411 8.6878996
v 19.6417713 37.1767006 9.6923599
v 19.6417713 37.5224495 10.7280006
v 19.6417713 37.7837410 11.7881041
v 19.6417713 37.9588852 12.8657951
v 19.6417713 38.0467415 13.9540844
v 19.6417713 38.0467415 15.0459146
v 19.6417713 37.9588852 16.1342049
v 19.6417713 37.7837410 17.2118950
v 19.6417713 37.5224495 18.2719975
v 19.6417713 37.1767006 19.3076382
v 19.6417713 36.7487411 20.3120995
v 19.6417713 36.2413445 21.2788677
v 19.6417713 35.6577988 22.2016716
v 20.7160416 26.6013927 1.5696101
v 20.7160416 27.6350422 1.7806311
v 20.7160416 28.6483612 2.0741429
v 20.7160416 29.6347752 2.4482403
v 20.7160416 30.5878868 2.9004979
v 20.7160416 31.5015182 3.4279833
v 20.7160416 32.3697433 4.0272746
v 20.7160416 33.1869278 4.6944852
v 20.7160416 33.9477768 5.4252892
v 20.7160416 34.6473503 6.2149458
v 20.7160416 35.2811127 7.0583334
v 20.7160416 35.8449593 7.9499836
v 20.7160416 36.3352280 8.8841133
v 20.7160416 36.7487411 9.8546648
v 20.7160416 37.0828171 10.8553419
v 20.7160416 37.3352890 11.8796568
v 20.7160416 37.5045166 12.9209652
v 20.7160416 37.5894051 13.9725142
v 20.7160416 37.5894051 15.0274849
v 20.7160416 37.5045166 16.0790329
v 20.7160416 37.3352890 17.1203423
v 20.7160416 37.0828171 18.1446571
v 20.7160416 36.7487411 19.1453342
v 20.7160416 36.3352280 20.1158848
v 20.7160416 35.8449593 21.0500164
v 20.7160416 35.2811127 21.9416656
v 21.7500000 25.5104485 1.9833511
v 21.7500000 26.5143433 2.1052463
v 21.7500000 27.5051746 2.3075259
v 21.7500000 28.4765167 2.5888784
v 21.7500000 29.4220695 2.9474785
v 21.7500000 30.3357010 3.3810017
v 21.7500000 31.2114849 3.8866363
v 21.7500000 32.0437431 4.4611020
v 21.7500000 32.8270760 5.1006742
v 21.7500000 33.5564041 5.8012047
v 21.7500000 34.2269974 6.5581503
v 21.7500000 34.8345108 7.3666015
v 21.7500000 35.3750000 8.2213154
v 21.7500000 35.8449593 9.1167488
v 21.7500000 36.2413445 10.0470953
v 21.7500000 36.5615768 11.0063200
v 21.7500000 36.8035927 11.9882030
v 21.7500000 36.9658089 12.9863758
v 21.7500000 37.0471840 13.9943657
v 21.7500000 37.0471840 15.0056334
v 21.7500000 36.9658089 16.0136223
v 21.7500000 36.8035927 17.0117950
v 21.7500000 36.5615768 17.9936790
v 21.7500000 36.2413445 18.9529037
v 21.7500000 35.8449593 19.8832493
v 21.7500000 35.3750000 20.7786846
v 21.7500000 34.8345108 21.6333981
v 22.7369385 25.4602280 2.6054299
v 22.7369385 26.4142303 2.7212658
v 22.7369385 27.3558178 2.9134927
v 22.7369385 28.2788830 3.1808615
v 22.7369385 29.1774406 3.5216398
v 22.7369385 30.0456657 3.9336169
v 22.7369385 30.8779221 4.4141216
v 22.7369385 31.6688175 4.9600368
v 22.7369385 32.4132195 5.5678215
v 22.7369385 33.1063004 6.2335358
v 22.7369385 33.7435646 6.9528608
v 22.7369385 34.3208847 7.7211318
v 22.7369385 34.8345108 8.5333662
v 22.7369385 35.2811127 9.3842974
v 22.7369385 35.6577988 10.2684050
v 22.7369385 35.9621162 11.1799564
v 22.7369385 36.1921005 12.1130400
v 22.7369385 36.3462601 13.0616035
v 22.7369385 36.4235878 14.0194950
v 22.7369385 36.4235878 14.9805040
v 22.7369385 36.3462601 15.9383955
v 22.7369385 36.1921005 16.8869591
v 22.7369385 35.9621162 17.8200417
v 22.7369385 35.6577988 18.7315941
v 22.7369385 35.2811127 19.6157017
v 22.7369385 34.8345108 20.4666328
v 22.7369385 34.3208847 21.2788677
v 23.6704578 25.4037819 3.3046491
v 23.6704578 26.3017025 3.4136763
v 23.6704578 27.1879387 3.5946023
v 23.6704578 28.0567417 3.8462541
v 23.6704578 28.9024792 4.1669998
v 23.6704578 29.7196655 4.5547595
v 23.6704578 30.5029964 5.0070176
v 23.6704578 31.2474003 5.5208411
v 23.6704578 31.9480419 6.0928974
v 23.6704578 32.6003799 6.7194777
v 23.6704578 33.2001839 7.3965173
v 23.6704578 33.7435646 8.1196260
v 23.6704578 34.2269974 8.8841133
v 23.6704578 34.6473503 9.6850224
v 23.6704578 35.0018883 10.5171585
v 23.6704578 35.2883224 11.3751249
v 23.6704578 35.5047836 12.2533569
v 23.6704578 35.6498795 13.1461592
v 23.6704578 35.7226601 14.0477419
v 23.6704578 35.7226601 14.9522572
v 23.6704578 35.6498795 15.8538399
v 23.6704578 35.5047836 16.7466431
v 23.6704578 35.2883224 17.6248741
v 23.6704578 35.0018883 18.4828415
v 23.6704578 34.6473503 19.3149776
v 23.6704578 34.2269974 20.1158848
v 23.6704578 33.7435646 20.8803730
v 24.5445023 25.3414726 4.0764742
v 24.5445023 32.6003799 21.1137562
v 24.5445023 33.1063004 20.4405003
v 24.5445023 33.5564041 19.7287178
v 24.5445023 33.9477768 18.9830246
v 24.5445023 34.2778702 18.2082577
v 24.5445023 34.5445557 17.4094410
v 24.5445023 34.7460976 16.5917549
v 24.5445023 34.8811913 15.7605038
v 24.5445023 34.9489555 14.9210777
v 24.5445023 34.9489555 14.0789213
v 24.5445023 34.8811913 13.2394953
v 24.5445023 34.7460976 12.4082441
v 24.5445023 34.5445557 11.5905581
v 24.5445023 34.2778702 10.7917414
v 24.5445023 33.9477768 10.0169754
v 24.5445023 33.5564041 9.2712822
v 24.5445023 33.1063004 8.5594988
v 24.5445023 32.6003799 7.8862429
v 24.5445023 32.0419273 7.2558794
v 24.5445023 31.4345627 6.6724968
v 24.5445023 30.7822227 6.1398783
v 24.5445023 30.0891418 5.6614790
v 24.5445023 29.3598118 5.2404003
v 24.5445023 28.5989647 4.8793740
v 24.5445023 27.8115349 4.5807409
v 24.5445023 27.0026283 4.3464379
v 24.5445023 26.1774902 4.1779847
v 25.3534050 25.2737083 4.9159007
v 25.3534050 30.8761101 21.6971397
v 25.3534050 31.4345627 21.1607380
v 25.3534050 31.9480419 20.5811386
v 25.3534050 32.4132195 19.9621010
v 25.3534050 32.8270760 19.3076382
v 25.3534050 33.1869278 18.6219978
v 25.3534050 33.4904404 17.9096241
v 25.3534050 33.7356491 17.1751385
v 25.3534050 33.9209595 16.4233017
v 25.3534050 34.0451698 15.6589937
v 25.3534050 34.1074791 14.8871679
v 25.3534050 34.1074791 14.1128311
v 25.3534050 34.0451698 13.3410053
v 25.3534050 33.9209595 12.5766964
v 25.3534050 33.7356491 11.8248615
v 25.3534050 33.4904404 11.0903749
v 25.3534050 33.1869278 10.3780012
v 25.3534050 32.8270760 9.6923599
v 25.3534050 32.4132195 9.0378990
v 25.3534050 31.9480419 8.4188614
v 25.3534050 31.4345627 7.8392620
v 25.3534050 30.8761101 7.3028603
v 25.3534050 30.2763042 6.8131347
v 25.3534050 29.6390381 6.3732610
v 25.3534050 28.9684429 5.9860935
v 25.3534050 28.2688675 5.6541414
v 25.3534050 27.5448513 5.3795576
v 25.3534050 26.8010864 5.1641231
v 25.3534050 26.0423985 5.0092368
v 26.0919189 29.7329235 21.4637566
v 26.0919189 30.2763042 21.0200996
v 26.0919189 30.7822227 20.5341568
v 26.0919189 31.2474003 20.0090809
v 26.0919189 31.6688175 19.4482765
v 26.0919189 32.0437431 18.8553810
v 26.0919189 32.3697433 18.2342396
v 26.0919189 32.6447029 17.5888786
v 26.0919189 32.8668442 16.9234867
v 26.0919189 33.0347214 16.2423763
v 26.0919189 33.1472511 15.5499659
v 26.0919189 33.2036972 14.8507471
v 26.0919189 33.2036972 14.1492529
v 26.0919189 33.1472511 13.4500332
v 26.0919189 33.0347214 12.7576237
v 26.0919189 32.8668442 12.0765133
v 26.0919189 32.6447029 11.4111204
v 26.0919189 32.3697433 10.7657604
v 26.0919189 32.0437431 10.1446180
v 26.0919189 31.6688175 9.5517225
v 26.0919189 31.2474003 8.9909182
v 26.0919189 30.7822227 8.4658422
v 26.0919189 30.2763042 7.9798999
v 26.0919189 29.7329235 7.5362430
v 26.0919189 29.1556053 7.1377492
v 26.0919189 28.5480919 6.7870021
v 26.0919189 27.9143276 6.4862771
v 26.0919189 27.2584190 6.2375236
v 26.0919189 26.5846214 6.0423555
v 26.0919189 25.8973045 5.9020391
v 26.0919189 25.2009239 5.8174829
v 26.7552547 25.1235962 6.7753749
v 26.7552547 27.5376453 21.6296139
v 26.7552547 28.1014900 21.3620663
v 26.7552547 28.6419792 21.0500164
v 26.7552547 29.1556053 20.6954842
v 26.7552547 29.6390381 20.3007736
v 26.7552547 30.0891418 19.8684425
v 26.7552547 30.5029964 19.4012966
v 26.7552547 30.8779221 18.9023609
v 26.7552547 31.2114849 18.3748760
v 26.7552547 31.5015182 17.8222618
v 26.7552547 31.7461452 17.2481003
v 26.7552547 31.9437790 16.6561165
v 26.7552547 32.0931358 16.0501499
v 26.7552547 32.1932487 15.4341297
v 26.7552547 32.2434692 14.8120508
v 26.7552547 32.2434692 14.1879482
v 26.7552547 32.1932487 13.5658703
v 26.7552547 32.0931358 12.9498491
v 26.7552547 31.9437790 12.3438826
v 26.7552547 31.7461452 11.7518988
v 26.7552547 31.5015182 11.1777372
v 26.7552547 31.2114849 10.6251221
v 26.7552547 30.8779221 10.0976372
v 26.7552547 30.5029964 9.5987034
v 26.7552547 30.0891418 9.1315556
v 26.7552547 29.6390381 8.6992254
v 26.7552547 29.1556053 8.3045149
v 26.7552547 28.6419792 7.9499836
v 26.7552547 28.1014900 7.6379328
v 26.7552547 27.5376453 7.3703847
v 26.7552547 26.9540977 7.1490750
v 26.7552547 26.3546371 6.9754391
v 26.7552547 25.7431469 6.8506026
v 27.3391113 25.0422230 7.7833643
v 27.3391113 25.5809288 7.8487749
v 27.3391113 26.1126251 7.9573216
v 27.3391113 26.6338615 8.1083002
v 27.3391113 27.1412601 8.3007307
v 27.3391113 27.6315308 8.5333662
v 27.3391113 28.1014900 8.8046980
v 27.3391113 28.5480919 9.1129656
v 27.3391113 28.9684429 9.4561701
v 27.3391113 29.3598118 9.8320856
v 27.3391113 29.7196655 10.2382755
v 27.3391113 30.0456657 10.6721029
v 27.3391113 30.3357010 11.1307564
v 27.3391113 30.5878868 11.6112604
v 27.3391113 30.8005943 12.1104994
v 27.3391113 30.9724388 12.6252356
v 27.3391113 31.1023045 13.1521292
v 27.3391113 31.1893539 13.6877651
v 27.3391113 31.2330208 14.2286682
v 27.3391113 31.2330208 14.7713308
v 27.3391113 31.1893539 15.3122339
v 27.3391113 31.1023045 15.8478699
v 27.3391113 30.9724388 16.3747635
v 27.3391113 30.8005943 16.8894997
v 27.3391113 30.5878868 17.3887386
v 27.3391113 30.3357010 17.8692417
v 27.3391113 30.0456657 18.3278961
v 27.3391113 29.7196655 18.7617245
v 27.3391113 29.3598118 19.1679134
v 27.3391113 28.9684429 19.5438290
v 27.3391113 28.5480919 19.8870335
v 27.3391113 28.1014900 20.1953011
v 27.3391113 27.6315308 20.4666328
v 27.3391113 27.1412601 20.6992683
v 27.3391113 26.6338615 20.8916988
v 27.3391113 26.1126251 21.0426769
v 27.3391113 25.5809288 21.1512241
v 27.3391113 25.0422230 21.2166348
v 27.8397007 24.9573326 8.8349142
v 28.2537785 24.8694763 9.9232025
v 27.8397007 25.4116993 8.8900843
v 27.8397007 25.8601532 8.9816360
v 27.8397007 26.2997875 9.1089783
v 27.8397007 26.7277489 9.2712822
v 27.8397007 27.1412601 9.4674959
v 27.8397007 27.5376453 9.6963482
v 27.8397007 27.9143276 9.9563541
v 27.8397007 28.2688675 10.2458267
v 27.8397007 28.5989647 10.5628901
v 27.8397007 28.9024792 10.9054861
v 27.8397007 29.1774406 11.2713947
v 27.8397007 29.4220695 11.6582413
v 27.8397007 29.6347752 12.0635185
v 27.8397007 29.8141785 12.4845972
v 27.8397007 29.9591198 12.9187460
v 27.8397007 30.0686550 13.3631506
v 27.8397007 30.1420765 13.8149271
v 27.8397007 30.1789055 14.2711477
v 27.8397007 30.1789055 14.7288513
v 27.8397007 30.1420765 15.1850719
v 27.8397007 30.0686550 15.6368484
v 27.8397007 29.9591198 16.0812531
v 27.8397007 29.8141785 16.5154018
v 27.8397007 29.6347752 16.9364815
v 27.8397007 29.4220695 17.3417568
v 27.8397007 29.1774406 17.7286053
v 27.8397007 28.9024792 18.0945129
v 27.8397007 28.5989647 18.4371090
v 27.8397007 28.2688675 18.7541714
v 27.8397007 27.9143276 19.0436459
v 27.8397007 27.5376453 19.3036499
v 27.8397007 27.1412601 19.5325031
v 27.8397007 26.7277489 19.7287178
v 27.8397007 26.2997875 19.8910217
v 27.8397007 25.8601532 20.0183620
v 27.8397007 25.4116993 20.1099148
v 27.8397007 24.9573326 20.1650848
v 28.2537785 25.2365589 9.9677744
v 28.2537785 25.5988617 10.0417395
v 28.2537785 25.9540405 10.1446180
v 28.2537785 26.2997875 10.2757425
v 28.2537785 26.6338615 10.4342642
v 28.2537785 26.9540977 10.6191521
v 28.2537785 27.2584190 10.8292093
v 28.2537785 27.5448513 11.0630732
v 28.2537785 27.8115349 11.3192272
v 28.2537785 28.0567417 11.5960093
v 28.2537785 28.2788830 11.8916245
v 28.2537785 28.4765167 12.2041569
v 28.2537785 28.6483612 12.5315781
v 28.2537785 28.7933006 12.8717651
v 28.2537785 28.9103966 13.2225122
v 28.2537785 28.9988918 13.5815449
v 28.2537785 29.0582066 13.9465332
v 28.2537785 29.0879612 14.3151112
v 28.2537785 29.0879612 14.6848879
v 28.2537785 29.0582066 15.0534658
v 28.2537785 28.9988918 15.4184551
v 28.2537785 28.9103966 15.7774868
v 28.2537785 28.7933006 16.1282330
v 28.2537785 28.6483612 16.4684219
v 28.2537785 28.4765167 16.7958431
v 28.2537785 28.2788830 17.1083736
v 28.2537785 28.0567417 17.4039898
v 28.2537785 27.8115349 17.6807728
v 28.2537785 27.5448513 17.9369259
v 28.2537785 27.2584190 18.1707897
v 28.2537785 26.9540977 18.3808479
v 28.2537785 26.6338615 18.5657349
v 28.2537785 26.2997875 18.7242565
v 28.2537785 25.9540405 18.8553810
v 28.2537785 25.5988617 18.9582596
v 28.2537785 25.2365589 19.0322247
v 28.5786552 25.3304424 11.1307564
v 28.5786552 25.5988617 11.2085047
v 28.5786552 25.8601532 11.3076000
v 28.5786552 26.1126251 11.4273987
v 28.5786552 26.3546371 11.5671253
v 28.5786552 26.5846214 11.7258720
v 28.5786552 26.8010864 11.9026098
v 28.5786552 27.0026283 12.0961924
v 28.5786552 27.1879387 12.3053656
v 28.5786552 27.3558178 12.5287714
v 28.5786552 27.5051746 12.7649612
v 28.5786552 27.6350422 13.0124035
v 28.5786552 27.7445774 13.2694931
v 28.5786552 27.8330708 13.5345631
v 28.5786552 27.8999481 13.8058949
v 28.5786552 27.9447765 14.0817280
v 28.5786552 27.9672623 14.3602734
v 28.5786552 27.9672623 14.6397257
v 28.5786552 27.9447765 14.9182711
v 28.5786552 27.8999481 15.1941042
v 28.5786552 27.8330708 15.4654360
v 28.5786552 27.7445774 15.7305059
v 28.5786552 27.6350422 15.9875956
v 28.5786552 27.5051746 16.2350388
v 28.5786552 27.3558178 16.4712276
v 28.5786552 27.1879387 16.6946335
v 28.5786552 27.0026283 16.9038067
v 28.5786552 26.8010864 17.0973892
v 28.5786552 26.5846214 17.2741280
v 28.5786552 26.3546371 17.4328747
v 28.5786552 26.1126251 17.5726013
v 28.5786552 25.8601532 17.6924000
v 28.5786552 25.5988617 17.7914944
v 28.5786552 25.3304424 17.8692417
v 28.5786552 25.0566387 17.9251404
v 28.5786552 24.7792244 17.9588242
v 28.8122292 24.8731098 12.2041569
v 28.8122292 25.0566387 12.2416239
v 28.8122292 25.2365589 12.2937384
v 28.8122292 25.4116993 12.3601608
v 28.8122292 25.5809288 12.4404612
v 28.8122292 25.7431469 12.5341187
v 28.8122292 25.8973045 12.6405249
v 28.8122292 26.0423985 12.7589912
v 28.8122292 26.1774902 12.8887482
v 28.8122292 26.3017025 13.0289545
v 28.8122292 26.4142303 13.1787014
v 28.8122292 26.5143433 13.3370180
v 28.8122292 26.6013927 13.5028763
v 28.8122292 26.6748142 13.6752014
v 28.8122292 26.7341290 13.8528757
v 28.8122292 26.7789574 14.0347471
v 28.8122292 26.8090038 14.2196360
v 28.8122292 26.8240776 14.4063425
v 28.8122292 26.8240776 14.5936565
v 28.8122292 26.8090038 14.7803631
v 28.8122292 26.7789574 14.9652519
v 28.8122292 26.7341290 15.1471233
v 28.8122292 26.6748142 15.3247976
v 28.8122292 26.6013927 15.4971228
v 28.8122292 26.5143433 15.6629810
v 28.8122292 26.4142303 15.8212976
v 28.8122292 26.3017025 15.9710445
v 28.8122292 26.1774902 16.1112518
v 28.8122292 26.0423985 16.2410088
v 28.8122292 25.8973045 16.3594742
v 28.8122292 25.7431469 16.4658813
v 28.8122292 25.5809288 16.5595379
v 28.8122292 25.4116993 16.6398392
v 28.8122292 25.2365589 16.7062607
v 28.8122292 25.0566387 16.7583752
v 28.8122292 24.8731098 16.7958431
v 28.8122292 24.6871624 16.8184204
v 28.9529800 24.5938854 13.3370180
usemtl Black
f 1 2 3
f 4 5 6
f 7 8 9
f 10 11 12
f 12 11 13
f 12 13 14
f 15 16 17
f 12 18 10
f 10 18 19
f 10 19 20
f 20 19 21
f 20 21 22
f 22 21 23
f 22 23 24
f 24 23 25
f 24 25 26
f 26 25 27
f 26 27 28
f 28 27 29
f 28 29 30
f 30 29 31
f 30 31 32
f 4 6 33
f 33 6 34
f 33 34 35
f 1 3 36
f 36 3 37
f 36 37 38
f 31 39 32
f 32 39 40
f 32 40 41
f 41 40 42
f 41 42 5
f 5 42 43
f 5 43 6
f 44 45 46
f 46 45 47
f 46 47 48
f 9 8 49
f 49 8 50
f 49 50 51
f 51 50 52
f 51 52 53
f 53 52 54
f 53 54 55
f 55 54 56
f 55 56 57
f 57 56 58
f 57 58 59
f 59 58 60
f 59 60 61
f 61 60 62
f 61 62 63
f 63 62 64
f 63 64 65
f 65 64 66
f 65 66 37
f 37 66 67
f 37 67 38
f 9 68 7
f 7 68 69
f 7 69 70
f 70 69 71
f 70 71 72
f 72 71 73
f 46 74 44
f 44 74 75
f 44 75 76
f 76 75 77
f 76 77 78
f 78 77 79
f 78 79 80
f 80 79 81
f 80 81 82
f 82 81 83
f 82 83 84
f 84 83 85
f 84 85 86
f 86 85 87
f 86 87 88
f 17 16 89
f 89 16 90
f 89 90 91
f 91 90 92
f 91 92 93
f 93 92 94
f 93 94 95
f 95 94 96
f 95 96 97
f 97 96 98
f 97 98 99
f 99 98 100
f 99 100 101
f 101 100 102
f 101 102 103
f 103 102 104
f 103 104 105
f 105 104 106
f 105 106 34
f 34 106 107
f 34 107 35
f 17 108 15
f 15 108 109
f 15 109 110
f 110 109 111
f 110 111 112
f 112 111 113
f 87 114 88
f 88 114 115
f 88 115 116
f 116 115 117
f 116 117 2
f 2 117 118
f 2 118 3
f 13 119 14
f 14 119 120
f 14 120 121
f 121 120 122
f 121 122 123
f 123 122 124
f 123 124 125
f 125 124 126
f 125 126 127
f 127 126 128
f 127 128 129
f 129 128 130
f 129 130 131
f 131 130 132
f 131 132 133
f 133 132 134
f 133 134 135
f 135 134 136
f 135 136 137
f 137 136 138
f 137 138 139
f 139 138 140
f 139 140 141
f 141 140 142
f 141 142 143
f 143 142 144
f 143 144 145
f 145 144 146
f 145 146 147
f 147 146 148
f 147 148 149
f 149 148 150
f 149 150 151
f 151 150 152
f 151 152 73
f 73 152 153
f 73 153 72
f 47 154 48
f 48 154 155
f 48 155 156
f 156 155 157
f 156 157 158
f 158 157 159
f 158 159 160
f 160 159 161
f 160 161 162
f 162 161 163
f 162 163 164
f 164 163 165
f 164 165 166
f 166 165 167
f 166 167 168
f 168 167 169
f 168 169 170
f 170 169 171
f 170 171 172
f 172 171 173
f 172 173 174
f 174 173 175
f 174 175 176
f 176 175 177
f 176 177 178
f 178 177 179
f 178 179 180
f 180 179 181
f 180 181 182
f 182 181 183
f 182 183 184
f 184 183 185
f 184 185 186
f 186 185 187
f 186 187 113
f 113 187 188
f 113 188 112
f 85 83 189
f 189 83 190
f 189 190 191
f 191 190 192
f 191 192 193
f 193 192 194
f 193 194 195
f 195 194 196
f 195 196 197
f 197 196 198
f 197 198 199
f 199 198 200
f 199 200 201
f 201 200 202
f 201 202 203
f 203 202 204
f 203 204 205
f 205 204 206
f 205 206 207
f 207 206 208
f 207 208 209
f 209 208 210
f 209 210 211
f 211 210 212
f 211 212 213
f 213 212 214
f 213 214 215
f 215 214 216
f 215 216 217
f 217 216 218
f 217 218 219
f 219 218 220
f 219 220 221
f 221 220 222
f 221 222 223
f 223 222 224
f 223 224 225
f 225 224 226
f 225 226 227
f 227 226 228
f 227 228 229
f 229 228 230
f 229 230 231
f 231 230 232
f 231 232 233
f 233 232 234
f 233 234 235
f 235 234 236
f 235 236 237
f 237 236 238
f 237 238 239
f 239 238 240
f 239 240 241
f 241 240 242
f 241 242 243
f 243 242 244
f 243 244 245
f 245 244 246
f 245 246 247
f 247 246 248
f 247 248 249
f 249 248 250
f 249 250 251
f 251 250 252
f 251 252 253
f 253 252 254
f 253 254 255
f 255 254 256
f 255 256 257
f 257 256 258
f 257 258 259
f 259 258 260
f 259 260 261
f 261 260 262
f 261 262 263
f 263 262 264
f 263 264 265
f 265 264 266
f 265 266 267
f 267 266 268
f 267 268 269
f 269 268 270
f 269 270 271
f 271 270 272
f 271 272 273
f 273 272 274
f 273 274 275
f 275 274 276
f 275 276 277
f 277 276 278
f 277 278 279
f 279 278 280
f 279 280 281
f 281 280 282
f 281 282 283
f 283 282 284
f 283 284 285
f 285 284 286
f 285 286 287
f 287 286 288
f 287 288 289
f 289 288 290
f 289 290 291
f 291 290 292
f 291 292 293
f 293 292 294
f 293 294 295
f 295 294 296
f 295 296 297
f 297 296 298
f 297 298 299
f 299 298 300
f 299 300 301
f 301 300 302
f 301 302 303
f 303 302 304
f 303 304 305
f 305 304 306
f 305 306 307
f 307 306 308
f 307 308 309
f 309 308 310
f 309 310 311
f 311 310 312
f 311 312 313
f 313 312 314
f 313 314 315
f 315 314 316
f 315 316 317
f 317 316 318
f 317 318 319
f 319 318 320
f 319 320 321
f 321 320 322
f 321 322 323
f 323 322 324
f 323 324 325
f 325 324 326
f 325 326 327
f 327 326 328
f 327 328 329
f 329 328 330
f 329 330 331
f 331 330 332
f 331 332 333
f 333 332 334
f 333 334 335
f 335 334 336
f 335 336 337
f 337 336 338
f 337 338 339
f 339 338 340
f 339 340 341
f 341 340 342
f 341 342 27
f 27 342 29
f 343 344 208
f 343 208 345
f 346 345 208
f 347 346 208
f 348 347 208
f 349 348 208
f 350 349 208
f 351 350 208
f 352 351 208
f 353 352 208
f 354 353 208
f 355 354 208
f 356 355 208
f 357 356 208
f 358 357 208
f 359 358 208
f 360 359 208
f 361 360 208
f 362 361 208
f 363 362 208
f 364 363 208
f 365 364 208
f 366 365 208
f 367 366 208
f 368 367 208
f 369 368 208
f 370 369 208
f 371 370 208
f 372 371 208
f 373 372 208
f 374 373 208
f 375 374 208
f 376 375 208
f 377 376 208
f 378 212 210
f 379 220 218
f 380 228 226
f 340 338 381
f 382 322 320
f 383 384 385
f 322 382 324
f 384 383 324
f 324 386 387
f 160 388 158
f 164 389 162
f 164 166 390
f 170 391 168
f 170 172 392
f 182 393 180
f 182 184 394
f 99 101 395
f 395 101 103
f 43 396 6
f 29 342 397
f 29 397 31
f 31 397 398
f 31 398 39
f 39 398 399
f 39 399 40
f 40 399 400
f 40 400 42
f 6 396 34
f 401 186 113
f 388 160 402
f 403 404 156
f 156 404 405
f 156 405 48
f 74 46 406
f 406 46 48
f 406 48 407
f 408 77 75
f 409 79 77
f 190 83 81
f 410 330 328
f 411 385 412
f 412 385 384
f 412 384 413
f 413 384 324
f 414 332 330
f 415 411 416
f 416 411 412
f 416 412 417
f 417 412 413
f 417 413 418
f 418 413 324
f 318 419 320
f 320 419 420
f 320 420 382
f 334 332 421
f 421 332 414
f 421 414 422
f 423 415 424
f 424 415 416
f 424 416 425
f 425 416 417
f 425 417 426
f 426 417 418
f 426 418 427
f 427 418 324
f 318 316 419
f 419 316 314
f 419 314 428
f 336 334 429
f 429 334 421
f 429 421 430
f 430 421 422
f 430 422 431
f 432 423 433
f 433 423 424
f 433 424 434
f 434 424 425
f 434 425 435
f 435 425 426
f 435 426 436
f 436 426 427
f 436 427 437
f 437 427 324
f 338 336 381
f 381 336 429
f 381 429 438
f 438 429 430
f 438 430 439
f 439 430 431
f 439 431 440
f 441 432 442
f 442 432 433
f 442 433 443
f 443 433 434
f 443 434 444
f 444 434 435
f 444 435 445
f 445 435 436
f 445 436 446
f 446 436 437
f 446 437 447
f 447 437 324
f 342 340 397
f 397 340 381
f 397 381 398
f 398 381 438
f 398 438 399
f 399 438 439
f 399 439 400
f 400 439 440
f 400 440 448
f 449 441 450
f 450 441 442
f 450 442 451
f 451 442 443
f 451 443 452
f 452 443 444
f 452 444 453
f 453 444 445
f 453 445 454
f 454 445 446
f 454 446 455
f 455 446 447
f 455 447 456
f 456 447 324
f 314 312 428
f 428 312 310
f 428 310 457
f 457 310 308
f 457 308 458
f 458 308 306
f 458 306 459
f 42 400 43
f 43 400 448
f 43 448 396
f 396 448 460
f 396 460 34
f 461 449 462
f 462 449 450
f 462 450 463
f 463 450 451
f 463 451 464
f 464 451 452
f 464 452 465
f 465 452 453
f 465 453 466
f 466 453 454
f 466 454 467
f 467 454 455
f 467 455 468
f 468 455 456
f 468 456 469
f 469 456 324
f 470 471 472
f 473 470 474
f 474 470 472
f 474 472 475
f 475 472 476
f 475 476 477
f 477 476 478
f 477 478 479
f 479 478 480
f 479 480 481
f 481 480 482
f 481 482 483
f 483 482 484
f 483 484 485
f 485 484 410
f 485 410 486
f 486 410 328
f 486 328 326
f 487 461 488
f 488 461 462
f 488 462 489
f 489 462 463
f 489 463 490
f 490 463 464
f 490 464 491
f 491 464 465
f 491 465 492
f 492 465 466
f 492 466 493
f 493 466 467
f 493 467 494
f 494 467 468
f 494 468 495
f 495 468 469
f 495 469 496
f 496 469 324
f 497 487 498
f 498 487 488
f 498 488 499
f 499 488 489
f 499 489 500
f 500 489 490
f 500 490 501
f 501 490 491
f 501 491 502
f 502 491 492
f 502 492 503
f 503 492 493
f 503 493 504
f 504 493 494
f 504 494 505
f 505 494 495
f 505 495 506
f 506 495 496
f 506 496 507
f 507 496 324
f 306 304 459
f 459 304 302
f 459 302 508
f 508 302 300
f 508 300 509
f 509 300 298
f 509 298 510
f 511 512 513
f 514 497 515
f 515 497 498
f 515 498 516
f 516 498 499
f 516 499 517
f 517 499 500
f 517 500 518
f 518 500 501
f 518 501 519
f 519 501 502
f 519 502 520
f 520 502 503
f 520 503 521
f 521 503 504
f 521 504 522
f 522 504 505
f 522 505 523
f 523 505 506
f 523 506 524
f 524 506 507
f 524 507 525
f 525 507 324
f 526 514 527
f 527 514 515
f 527 515 528
f 528 515 516
f 528 516 529
f 529 516 517
f 529 517 530
f 530 517 518
f 530 518 531
f 531 518 519
f 531 519 532
f 532 519 520
f 532 520 533
f 533 520 521
f 533 521 534
f 534 521 522
f 534 522 535
f 535 522 523
f 535 523 536
f 536 523 524
f 536 524 537
f 537 524 525
f 537 525 538
f 538 525 324
f 539 540 541
f 541 540 95
f 541 95 97
f 542 526 543
f 543 526 527
f 543 527 544
f 544 527 528
f 544 528 545
f 545 528 529
f 545 529 546
f 546 529 530
f 546 530 547
f 547 530 531
f 547 531 548
f 548 531 532
f 548 532 549
f 549 532 533
f 549 533 550
f 550 533 534
f 550 534 551
f 551 534 535
f 551 535 552
f 552 535 536
f 552 536 553
f 553 536 537
f 553 537 554
f 554 537 538
f 554 538 555
f 555 538 324
f 298 296 510
f 510 296 294
f 510 294 556
f 556 294 292
f 556 292 557
f 557 292 290
f 557 290 558
f 559 542 560
f 560 542 543
f 560 543 561
f 561 543 544
f 561 544 562
f 562 544 545
f 562 545 563
f 563 545 546
f 563 546 564
f 564 546 547
f 564 547 565
f 565 547 548
f 565 548 566
f 566 548 549
f 566 549 567
f 567 549 550
f 567 550 568
f 568 550 551
f 568 551 569
f 569 551 552
f 569 552 570
f 570 552 553
f 570 553 571
f 571 553 554
f 571 554 572
f 572 554 555
f 572 555 573
f 573 555 324
f 290 288 558
f 558 288 286
f 558 286 574
f 575 559 576
f 576 559 560
f 576 560 577
f 577 560 561
f 577 561 578
f 578 561 562
f 578 562 579
f 579 562 563
f 579 563 580
f 580 563 564
f 580 564 581
f 581 564 565
f 581 565 582
f 582 565 566
f 582 566 583
f 583 566 567
f 583 567 584
f 584 567 568
f 584 568 585
f 585 568 569
f 585 569 586
f 586 569 570
f 586 570 587
f 587 570 571
f 587 571 588
f 588 571 572
f 588 572 589
f 589 572 573
f 589 573 590
f 590 573 324
f 591 575 592
f 592 575 576
f 592 576 593
f 593 576 577
f 593 577 594
f 594 577 578
f 594 578 595
f 595 578 579
f 595 579 596
f 596 579 580
f 596 580 597
f 597 580 581
f 597 581 598
f 598 581 582
f 598 582 599
f 599 582 583
f 599 583 600
f 600 583 584
f 600 584 601
f 601 584 585
f 601 585 602
f 602 585 586
f 602 586 603
f 603 586 587
f 603 587 604
f 604 587 588
f 604 588 605
f 605 588 589
f 605 589 606
f 606 589 590
f 606 590 607
f 607 590 324
f 286 284 574
f 574 284 282
f 574 282 608
f 608 282 280
f 608 280 609
f 610 591 611
f 611 591 592
f 611 592 612
f 612 592 593
f 612 593 613
f 613 593 594
f 613 594 614
f 614 594 595
f 614 595 615
f 615 595 596
f 615 596 616
f 616 596 597
f 616 597 617
f 617 597 598
f 617 598 618
f 618 598 599
f 618 599 619
f 619 599 600
f 619 600 620
f 620 600 601
f 620 601 621
f 621 601 602
f 621 602 622
f 622 602 603
f 622 603 623
f 623 603 604
f 623 604 624
f 624 604 605
f 624 605 625
f 625 605 606
f 625 606 626
f 626 606 607
f 626 607 627
f 627 607 324
f 280 278 609
f 609 278 276
f 609 276 628
f 629 630 631
f 631 630 109
f 631 109 108
f 632 610 633
f 633 610 611
f 633 611 634
f 634 611 612
f 634 612 635
f 635 612 613
f 635 613 636
f 636 613 614
f 636 614 637
f 637 614 615
f 637 615 638
f 638 615 616
f 638 616 639
f 639 616 617
f 639 617 640
f 640 617 618
f 640 618 641
f 641 618 619
f 641 619 642
f 642 619 620
f 642 620 643
f 643 620 621
f 643 621 644
f 644 621 622
f 644 622 645
f 645 622 623
f 645 623 646
f 646 623 624
f 646 624 647
f 647 624 625
f 647 625 648
f 648 625 626
f 648 626 649
f 649 626 627
f 649 627 650
f 650 627 324
f 651 632 652
f 652 632 633
f 652 633 653
f 653 633 634
f 653 634 654
f 654 634 635
f 654 635 655
f 655 635 636
f 655 636 656
f 656 636 637
f 656 637 657
f 657 637 638
f 657 638 658
f 658 638 639
f 658 639 659
f 659 639 640
f 659 640 660
f 660 640 641
f 660 641 661
f 661 641 642
f 661 642 662
f 662 642 643
f 662 643 663
f 663 643 644
f 663 644 664
f 664 644 645
f 664 645 665
f 665 645 646
f 665 646 666
f 666 646 647
f 666 647 667
f 667 647 648
f 667 648 668
f 668 648 649
f 668 649 669
f 669 649 650
f 669 650 670
f 670 650 324
f 276 274 628
f 628 274 272
f 628 272 671
f 671 272 270
f 671 270 672
f 184 186 394
f 394 186 401
f 394 401 673
f 674 651 675
f 675 651 652
f 675 652 676
f 676 652 653
f 676 653 677
f 677 653 654
f 677 654 678
f 678 654 655
f 678 655 679
f 679 655 656
f 679 656 680
f 680 656 657
f 680 657 681
f 681 657 658
f 681 658 682
f 682 658 659
f 682 659 683
f 683 659 660
f 683 660 684
f 684 660 661
f 684 661 685
f 685 661 662
f 685 662 686
f 686 662 663
f 686 663 687
f 687 663 664
f 687 664 688
f 688 664 665
f 688 665 689
f 689 665 666
f 689 666 690
f 690 666 667
f 690 667 691
f 691 667 668
f 691 668 692
f 692 668 669
f 692 669 693
f 693 669 670
f 693 670 694
f 694 670 324
f 270 268 672
f 672 268 266
f 672 266 695
f 393 182 696
f 696 182 394
f 696 394 697
f 697 394 673
f 697 673 698
f 699 698 700
f 700 698 673
f 700 673 701
f 701 673 401
f 701 401 629
f 629 401 113
f 629 113 630
f 630 113 111
f 630 111 109
f 702 699 703
f 703 699 700
f 703 700 704
f 704 700 701
f 704 701 705
f 705 701 629
f 705 629 706
f 706 629 631
f 706 631 707
f 707 631 108
f 707 108 17
f 708 702 709
f 709 702 703
f 709 703 710
f 710 703 704
f 710 704 711
f 711 704 705
f 711 705 712
f 712 705 706
f 712 706 713
f 713 706 707
f 713 707 714
f 714 707 17
f 714 17 89
f 715 708 716
f 716 708 709
f 716 709 717
f 717 709 710
f 717 710 718
f 718 710 711
f 718 711 719
f 719 711 712
f 719 712 720
f 720 712 713
f 720 713 721
f 721 713 714
f 721 714 722
f 722 714 89
f 722 89 91
f 723 674 724
f 724 674 675
f 724 675 725
f 725 675 676
f 725 676 726
f 726 676 677
f 726 677 727
f 727 677 678
f 727 678 728
f 728 678 679
f 728 679 729
f 729 679 680
f 729 680 730
f 730 680 681
f 730 681 731
f 731 681 682
f 731 682 732
f 732 682 683
f 732 683 733
f 733 683 684
f 733 684 734
f 734 684 685
f 734 685 735
f 735 685 686
f 735 686 736
f 736 686 687
f 736 687 737
f 737 687 688
f 737 688 738
f 738 688 689
f 738 689 739
f 739 689 690
f 739 690 740
f 740 690 691
f 740 691 741
f 741 691 692
f 741 692 742
f 742 692 693
f 742 693 743
f 743 693 694
f 743 694 744
f 744 694 324
f 266 264 695
f 695 264 262
f 695 262 745
f 178 180 746
f 746 180 393
f 746 393 747
f 747 393 696
f 747 696 748
f 748 696 697
f 748 697 749
f 749 697 698
f 749 698 750
f 750 698 699
f 750 699 751
f 751 699 702
f 751 702 752
f 752 702 708
f 752 708 753
f 753 708 715
f 753 715 754
f 755 723 756
f 756 723 724
f 756 724 757
f 757 724 725
f 757 725 758
f 758 725 726
f 758 726 759
f 759 726 727
f 759 727 760
f 760 727 728
f 760 728 761
f 761 728 729
f 761 729 762
f 762 729 730
f 762 730 763
f 763 730 731
f 763 731 764
f 764 731 732
f 764 732 765
f 765 732 733
f 765 733 766
f 766 733 734
f 766 734 767
f 767 734 735
f 767 735 768
f 768 735 736
f 768 736 769
f 769 736 737
f 769 737 770
f 770 737 738
f 770 738 771
f 771 738 739
f 771 739 772
f 772 739 740
f 772 740 773
f 773 740 741
f 773 741 774
f 774 741 742
f 774 742 775
f 775 742 743
f 775 743 776
f 776 743 744
f 776 744 777
f 777 744 324
f 176 178 778
f 778 178 746
f 778 746 779
f 779 746 747
f 779 747 780
f 780 747 748
f 780 748 781
f 781 748 749
f 781 749 782
f 782 749 750
f 782 750 783
f 783 750 751
f 783 751 784
f 784 751 752
f 784 752 785
f 785 752 753
f 785 753 786
f 786 753 754
f 786 754 787
f 788 755 789
f 789 755 756
f 789 756 790
f 790 756 757
f 790 757 791
f 791 757 758
f 791 758 792
f 792 758 759
f 792 759 793
f 793 759 760
f 793 760 794
f 794 760 761
f 794 761 795
f 795 761 762
f 795 762 796
f 796 762 763
f 796 763 797
f 797 763 764
f 797 764 798
f 798 764 765
f 798 765 799
f 799 765 766
f 799 766 800
f 800 766 767
f 800 767 801
f 801 767 768
f 801 768 802
f 802 768 769
f 802 769 803
f 803 769 770
f 803 770 804
f 804 770 771
f 804 771 805
f 805 771 772
f 805 772 806
f 806 772 773
f 806 773 807
f 807 773 774
f 807 774 808
f 808 774 775
f 808 775 809
f 809 775 776
f 809 776 810
f 810 776 777
f 810 777 811
f 811 777 324
f 262 260 745
f 745 260 258
f 745 258 812
f 812 258 256
f 812 256 813
f 174 176 814
f 814 176 778
f 814 778 815
f 815 778 779
f 815 779 816
f 816 779 780
f 816 780 817
f 817 780 781
f 817 781 818
f 818 781 782
f 818 782 819
f 819 782 783
f 819 783 820
f 820 783 784
f 820 784 821
f 821 784 785
f 821 785 822
f 822 785 786
f 822 786 823
f 823 786 787
f 823 787 824
f 825 788 826
f 826 788 789
f 826 789 827
f 827 789 790
f 827 790 828
f 828 790 791
f 828 791 829
f 829 791 792
f 829 792 830
f 830 792 793
f 830 793 831
f 831 793 794
f 831 794 832
f 832 794 795
f 832 795 833
f 833 795 796
f 833 796 834
f 834 796 797
f 834 797 835
f 835 797 798
f 835 798 836
f 836 798 799
f 836 799 837
f 837 799 800
f 837 800 838
f 838 800 801
f 838 801 839
f 839 801 802
f 839 802 840
f 840 802 803
f 840 803 841
f 841 803 804
f 841 804 842
f 842 804 805
f 842 805 843
f 843 805 806
f 843 806 844
f 844 806 807
f 844 807 845
f 845 807 808
f 845 808 846
f 846 808 809
f 846 809 847
f 847 809 810
f 847 810 848
f 848 810 811
f 848 811 849
f 849 811 324
f 256 254 813
f 813 254 252
f 813 252 850
f 172 174 392
f 392 174 814
f 392 814 851
f 851 814 815
f 851 815 852
f 852 815 816
f 852 816 853
f 853 816 817
f 853 817 854
f 854 817 818
f 854 818 855
f 855 818 819
f 855 819 856
f 856 819 820
f 856 820 857
f 857 820 821
f 857 821 858
f 858 821 822
f 858 822 859
f 859 822 823
f 859 823 860
f 860 823 824
f 860 824 861
f 862 825 863
f 863 825 826
f 863 826 864
f 864 826 827
f 864 827 865
f 865 827 828
f 865 828 866
f 866 828 829
f 866 829 867
f 867 829 830
f 867 830 868
f 868 830 831
f 868 831 869
f 869 831 832
f 869 832 870
f 870 832 833
f 870 833 871
f 871 833 834
f 871 834 872
f 872 834 835
f 872 835 873
f 873 835 836
f 873 836 874
f 874 836 837
f 874 837 875
f 875 837 838
f 875 838 876
f 876 838 839
f 876 839 877
f 877 839 840
f 877 840 878
f 878 840 841
f 878 841 879
f 879 841 842
f 879 842 880
f 880 842 843
f 880 843 881
f 881 843 844
f 881 844 882
f 882 844 845
f 882 845 883
f 883 845 846
f 883 846 884
f 884 846 847
f 884 847 885
f 885 847 848
f 885 848 886
f 886 848 849
f 886 849 887
f 887 849 324
f 391 170 888
f 888 170 392
f 888 392 889
f 889 392 851
f 889 851 890
f 890 851 852
f 890 852 891
f 891 852 853
f 891 853 892
f 892 853 854
f 892 854 893
f 893 854 855
f 893 855 894
f 894 855 856
f 894 856 895
f 895 856 857
f 895 857 896
f 896 857 858
f 896 858 897
f 897 858 859
f 897 859 898
f 898 859 860
f 898 860 899
f 899 860 861
f 899 861 900
f 901 900 902
f 902 900 861
f 902 861 903
f 903 861 824
f 903 824 904
f 904 824 787
f 904 787 905
f 905 787 754
f 905 754 906
f 906 754 715
f 906 715 907
f 907 715 716
f 907 716 908
f 908 716 717
f 908 717 909
f 909 717 718
f 909 718 910
f 910 718 719
f 910 719 911
f 911 719 720
f 911 720 912
f 912 720 721
f 912 721 913
f 913 721 722
f 913 722 539
f 539 722 91
f 539 91 540
f 540 91 93
f 540 93 95
f 914 862 915
f 915 862 863
f 915 863 916
f 916 863 864
f 916 864 917
f 917 864 865
f 917 865 918
f 918 865 866
f 918 866 919
f 919 866 867
f 919 867 920
f 920 867 868
f 920 868 921
f 921 868 869
f 921 869 922
f 922 869 870
f 922 870 923
f 923 870 871
f 923 871 924
f 924 871 872
f 924 872 925
f 925 872 873
f 925 873 926
f 926 873 874
f 926 874 927
f 927 874 875
f 927 875 928
f 928 875 876
f 928 876 929
f 929 876 877
f 929 877 930
f 930 877 878
f 930 878 931
f 931 878 879
f 931 879 932
f 932 879 880
f 932 880 933
f 933 880 881
f 933 881 934
f 934 881 882
f 934 882 935
f 935 882 883
f 935 883 936
f 936 883 884
f 936 884 937
f 937 884 885
f 937 885 938
f 938 885 886
f 938 886 939
f 939 886 887
f 939 887 940
f 940 887 324
f 252 250 850
f 850 250 248
f 850 248 941
f 941 248 246
f 941 246 942
f 166 168 390
f 390 168 391
f 390 391 943
f 943 391 888
f 943 888 944
f 944 888 889
f 944 889 945
f 945 889 890
f 945 890 946
f 946 890 891
f 946 891 947
f 947 891 892
f 947 892 948
f 948 892 893
f 948 893 949
f 949 893 894
f 949 894 950
f 950 894 895
f 950 895 951
f 951 895 896
f 951 896 952
f 952 896 897
f 952 897 953
f 953 897 898
f 953 898 954
f 954 898 899
f 954 899 955
f 955 899 900
f 955 900 956
f 956 900 901
f 956 901 957
f 958 914 959
f 959 914 915
f 959 915 960
f 960 915 916
f 960 916 961
f 961 916 917
f 961 917 962
f 962 917 918
f 962 918 963
f 963 918 919
f 963 919 964
f 964 919 920
f 964 920 965
f 965 920 921
f 965 921 966
f 966 921 922
f 966 922 967
f 967 922 923
f 967 923 968
f 968 923 924
f 968 924 969
f 969 924 925
f 969 925 970
f 970 925 926
f 970 926 971
f 971 926 927
f 971 927 972
f 972 927 928
f 972 928 973
f 973 928 929
f 973 929 974
f 974 929 930
f 974 930 975
f 975 930 931
f 975 931 976
f 976 931 932
f 976 932 977
f 977 932 933
f 977 933 978
f 978 933 934
f 978 934 979
f 979 934 935
f 979 935 980
f 980 935 936
f 980 936 981
f 981 936 937
f 981 937 982
f 982 937 938
f 982 938 983
f 983 938 939
f 983 939 984
f 984 939 940
f 984 940 985
f 985 940 324
f 246 244 942
f 942 244 242
f 942 242 986
f 389 164 987
f 987 164 390
f 987 390 988
f 988 390 943
f 988 943 989
f 989 943 944
f 989 944 990
f 990 944 945
f 990 945 991
f 991 945 946
f 991 946 992
f 992 946 947
f 992 947 993
f 993 947 948
f 993 948 994
f 994 948 949
f 994 949 995
f 995 949 950
f 995 950 996
f 996 950 951
f 996 951 997
f 997 951 952
f 997 952 998
f 998 952 953
f 998 953 999
f 999 953 954
f 999 954 1000
f 1000 954 955
f 1000 955 1001
f 1001 955 956
f 1001 956 1002
f 1002 956 957
f 1002 957 1003
f 1004 958 1005
f 1005 958 959
f 1005 959 1006
f 1006 959 960
f 1006 960 1007
f 1007 960 961
f 1007 961 1008
f 1008 961 962
f 1008 962 1009
f 1009 962 963
f 1009 963 1010
f 1010 963 964
f 1010 964 1011
f 1011 964 965
f 1011 965 1012
f 1012 965 966
f 1012 966 1013
f 1013 966 967
f 1013 967 1014
f 1014 967 968
f 1014 968 1015
f 1015 968 969
f 1015 969 1016
f 1016 969 970
f 1016 970 1017
f 1017 970 971
f 1017 971 1018
f 1018 971 972
f 1018 972 1019
f 1019 972 973
f 1019 973 1020
f 1020 973 974
f 1020 974 1021
f 1021 974 975
f 1021 975 1022
f 1022 975 976
f 1022 976 1023
f 1023 976 977
f 1023 977 1024
f 1024 977 978
f 1024 978 1025
f 1025 978 979
f 1025 979 1026
f 1026 979 980
f 1026 980 1027
f 1027 980 981
f 1027 981 1028
f 1028 981 982
f 1028 982 1029
f 1029 982 983
f 1029 983 1030
f 1030 983 984
f 1030 984 1031
f 1031 984 985
f 1031 985 1032
f 1032 985 324
f 1033 324 383
f 160 162 402
f 402 162 389
f 402 389 1034
f 1034 389 987
f 1034 987 1035
f 1035 987 988
f 1035 988 1036
f 1036 988 989
f 1036 989 1037
f 1037 989 990
f 1037 990 1038
f 1038 990 991
f 1038 991 1039
f 1039 991 992
f 1039 992 1040
f 1040 992 993
f 1040 993 1041
f 1041 993 994
f 1041 994 1042
f 1042 994 995
f 1042 995 1043
f 1043 995 996
f 1043 996 1044
f 1044 996 997
f 1044 997 1045
f 1045 997 998
f 1045 998 1046
f 1046 998 999
f 1046 999 1047
f 1047 999 1000
f 1047 1000 1048
f 1048 1000 1001
f 1048 1001 1049
f 1049 1001 1002
f 1049 1002 1050
f 1050 1002 1003
f 1050 1003 1051
f 1052 1004 1053
f 1053 1004 1005
f 1053 1005 1054
f 1054 1005 1006
f 1054 1006 986
f 986 1006 1007
f 986 1007 942
f 942 1007 1008
f 942 1008 941
f 941 1008 1009
f 941 1009 850
f 850 1009 1010
f 850 1010 813
f 813 1010 1011
f 813 1011 812
f 812 1011 1012
f 812 1012 745
f 745 1012 1013
f 745 1013 695
f 695 1013 1014
f 695 1014 672
f 672 1014 1015
f 672 1015 671
f 671 1015 1016
f 671 1016 628
f 628 1016 1017
f 628 1017 609
f 609 1017 1018
f 609 1018 608
f 608 1018 1019
f 608 1019 574
f 574 1019 1020
f 574 1020 558
f 558 1020 1021
f 558 1021 557
f 557 1021 1022
f 557 1022 556
f 556 1022 1023
f 556 1023 510
f 510 1023 1024
f 510 1024 509
f 509 1024 1025
f 509 1025 508
f 508 1025 1026
f 508 1026 459
f 459 1026 1027
f 459 1027 458
f 458 1027 1028
f 458 1028 457
f 457 1028 1029
f 457 1029 428
f 428 1029 1030
f 428 1030 419
f 419 1030 1031
f 419 1031 420
f 420 1031 1032
f 420 1032 382
f 382 1032 324
f 156 158 403
f 403 158 388
f 403 388 1055
f 1055 388 402
f 1055 402 1056
f 1056 402 1034
f 1056 1034 1057
f 1057 1034 1035
f 1057 1035 1058
f 1058 1035 1036
f 1058 1036 1059
f 1059 1036 1037
f 1059 1037 1060
f 1060 1037 1038
f 1060 1038 1061
f 1061 1038 1039
f 1061 1039 1062
f 1062 1039 1040
f 1062 1040 1063
f 1063 1040 1041
f 1063 1041 1064
f 1064 1041 1042
f 1064 1042 1065
f 1065 1042 1043
f 1065 1043 1066
f 1066 1043 1044
f 1066 1044 1067
f 1067 1044 1045
f 1067 1045 1068
f 1068 1045 1046
f 1068 1046 1069
f 1069 1046 1047
f 1069 1047 1070
f 1070 1047 1048
f 1070 1048 1071
f 1071 1048 1049
f 1071 1049 1072
f 1072 1049 1050
f 1072 1050 1073
f 1073 1050 1051
f 1073 1051 1074
f 407 48 1075
f 1075 48 405
f 1075 405 1076
f 1076 405 404
f 1076 404 1077
f 1077 404 403
f 1077 403 1078
f 1078 403 1055
f 1078 1055 1079
f 1079 1055 1056
f 1079 1056 1080
f 1080 1056 1057
f 1080 1057 1081
f 1081 1057 1058
f 1081 1058 1082
f 1082 1058 1059
f 1082 1059 1083
f 1083 1059 1060
f 1083 1060 1084
f 1084 1060 1061
f 1084 1061 1085
f 1085 1061 1062
f 1085 1062 1086
f 1086 1062 1063
f 1086 1063 1087
f 1087 1063 1064
f 1087 1064 1088
f 1088 1064 1065
f 1088 1065 1089
f 1089 1065 1066
f 1089 1066 1090
f 1090 1066 1067
f 1090 1067 1091
f 1091 1067 1068
f 1091 1068 1092
f 1092 1068 1069
f 1092 1069 1093
f 1093 1069 1070
f 1093 1070 1094
f 1094 1070 1071
f 1094 1071 1095
f 1095 1071 1072
f 1095 1072 1096
f 1096 1072 1073
f 1096 1073 1097
f 1097 1073 1074
f 1097 1074 1098
f 242 240 986
f 986 240 238
f 986 238 1054
f 1054 238 236
f 1054 236 1053
f 1053 236 234
f 1053 234 1052
f 1052 234 232
f 1052 232 230
f 1033 383 1099
f 1099 383 385
f 1099 385 1100
f 1100 385 411
f 1100 411 1101
f 1101 411 415
f 1101 415 1102
f 1102 415 423
f 1102 423 1103
f 1103 423 432
f 1103 432 1104
f 1104 432 441
f 1104 441 1105
f 1105 441 449
f 1105 449 1106
f 1106 449 461
f 1106 461 1107
f 1107 461 487
f 1107 487 1108
f 1108 487 497
f 1108 497 1109
f 1109 497 514
f 1109 514 1110
f 1110 514 526
f 1110 526 1111
f 1111 526 542
f 1111 542 1112
f 1112 542 559
f 1112 559 1113
f 1113 559 575
f 1113 575 1114
f 1114 575 591
f 1114 591 1115
f 1115 591 610
f 1115 610 1116
f 1116 610 632
f 1116 632 1117
f 1117 632 651
f 1117 651 1118
f 1118 651 674
f 1118 674 1119
f 1119 674 723
f 1119 723 1120
f 1120 723 755
f 1120 755 1121
f 1121 755 788
f 1121 788 1122
f 1122 788 825
f 1122 825 1123
f 1123 825 862
f 1123 862 1124
f 1124 862 914
f 1124 914 1125
f 1125 914 958
f 1125 958 1126
f 1126 958 1004
f 1126 1004 1127
f 1127 1004 1052
f 1127 1052 380
f 380 1052 230
f 380 230 228
f 1128 324 1033
f 408 75 1129
f 1129 75 74
f 1129 74 1130
f 1130 74 406
f 1130 406 1131
f 1131 406 407
f 1131 407 1132
f 1132 407 1075
f 1132 1075 1133
f 1133 1075 1076
f 1133 1076 1134
f 1134 1076 1077
f 1134 1077 1135
f 1135 1077 1078
f 1135 1078 1136
f 1136 1078 1079
f 1136 1079 1137
f 1137 1079 1080
f 1137 1080 1138
f 1138 1080 1081
f 1138 1081 1139
f 1139 1081 1082
f 1139 1082 1140
f 1140 1082 1083
f 1140 1083 1141
f 1141 1083 1084
f 1141 1084 1142
f 1142 1084 1085
f 1142 1085 1143
f 1143 1085 1086
f 1143 1086 1144
f 1144 1086 1087
f 1144 1087 1145
f 1145 1087 1088
f 1145 1088 1146
f 1146 1088 1089
f 1146 1089 1147
f 1147 1089 1090
f 1147 1090 1148
f 1148 1090 1091
f 1148 1091 1149
f 1149 1091 1092
f 1149 1092 1150
f 1150 1092 1093
f 1150 1093 1151
f 1151 1093 1094
f 1151 1094 1152
f 1152 1094 1095
f 1152 1095 1153
f 1153 1095 1096
f 1153 1096 1154
f 1154 1096 1097
f 1154 1097 1155
f 1155 1097 1098
f 1155 1098 1156
f 1128 1033 1157
f 1157 1033 1099
f 1157 1099 1158
f 1158 1099 1100
f 1158 1100 1159
f 1159 1100 1101
f 1159 1101 1160
f 1160 1101 1102
f 1160 1102 1161
f 1161 1102 1103
f 1161 1103 1162
f 1162 1103 1104
f 1162 1104 1163
f 1163 1104 1105
f 1163 1105 1164
f 1164 1105 1106
f 1164 1106 1165
f 1165 1106 1107
f 1165 1107 1166
f 1166 1107 1108
f 1166 1108 1167
f 1167 1108 1109
f 1167 1109 1168
f 1168 1109 1110
f 1168 1110 1169
f 1169 1110 1111
f 1169 1111 1170
f 1170 1111 1112
f 1170 1112 1171
f 1171 1112 1113
f 1171 1113 1172
f 1172 1113 1114
f 1172 1114 1173
f 1173 1114 1115
f 1173 1115 1174
f 1174 1115 1116
f 1174 1116 1175
f 1175 1116 1117
f 1175 1117 1176
f 1176 1117 1118
f 1176 1118 1177
f 1177 1118 1119
f 1177 1119 1178
f 1178 1119 1120
f 1178 1120 1179
f 1179 1120 1121
f 1179 1121 1180
f 1180 1121 1122
f 1180 1122 1181
f 1181 1122 1123
f 1181 1123 1182
f 1182 1123 1124
f 1182 1124 1183
f 1183 1124 1125
f 1183 1125 1184
f 1184 1125 1126
f 1184 1126 1185
f 1185 1126 1127
f 1185 1127 1186
f 1186 1127 380
f 1186 380 1187
f 1187 380 226
f 1187 226 224
f 1188 324 1128
f 1189 192 1190
f 1190 192 190
f 1190 190 1191
f 1191 190 81
f 1191 81 79
f 1192 408 1193
f 1193 408 1129
f 1193 1129 1194
f 1194 1129 1130
f 1194 1130 1195
f 1195 1130 1131
f 1195 1131 1196
f 1196 1131 1132
f 1196 1132 1197
f 1197 1132 1133
f 1197 1133 1198
f 1198 1133 1134
f 1198 1134 1199
f 1199 1134 1135
f 1199 1135 1200
f 1200 1135 1136
f 1200 1136 1201
f 1201 1136 1137
f 1201 1137 1202
f 1202 1137 1138
f 1202 1138 1203
f 1203 1138 1139
f 1203 1139 1204
f 1204 1139 1140
f 1204 1140 1205
f 1205 1140 1141
f 1205 1141 1206
f 1206 1141 1142
f 1206 1142 1207
f 1207 1142 1143
f 1207 1143 1208
f 1208 1143 1144
f 1208 1144 1209
f 1209 1144 1145
f 1209 1145 1210
f 1210 1145 1146
f 1210 1146 1211
f 1211 1146 1147
f 1211 1147 1212
f 1212 1147 1148
f 1212 1148 1213
f 1213 1148 1149
f 1213 1149 1214
f 1214 1149 1150
f 1214 1150 1215
f 1215 1150 1151
f 1215 1151 1216
f 1216 1151 1152
f 1216 1152 1217
f 1217 1152 1153
f 1217 1153 1218
f 1218 1153 1154
f 1218 1154 1219
f 1219 1154 1155
f 1219 1155 1220
f 1220 1155 1156
f 1220 1156 1221
f 386 1188 1222
f 1222 1188 1223
f 1222 1223 1224
f 1224 1223 1225
f 1224 1225 1226
f 1226 1225 1227
f 1226 1227 1228
f 1228 1227 1229
f 1228 1229 1230
f 1230 1229 1231
f 1230 1231 1232
f 1232 1231 1233
f 1232 1233 1234
f 1234 1233 1235
f 1234 1235 1236
f 1236 1235 1237
f 1236 1237 1238
f 1238 1237 1239
f 1238 1239 1240
f 1240 1239 1241
f 1240 1241 1242
f 1242 1241 1243
f 1242 1243 1244
f 1244 1243 1245
f 1244 1245 1246
f 1246 1245 1247
f 1246 1247 1248
f 1248 1247 1249
f 1248 1249 1250
f 1250 1249 1251
f 1250 1251 1252
f 1252 1251 1253
f 1252 1253 1254
f 1254 1253 1255
f 1254 1255 1256
f 1256 1255 1257
f 1256 1257 1258
f 1258 1257 1259
f 1258 1259 1260
f 1260 1259 1261
f 1260 1261 1262
f 1262 1261 1263
f 1262 1263 1264
f 1264 1263 1265
f 1264 1265 1266
f 1266 1265 1267
f 1266 1267 1268
f 1268 1267 1269
f 1268 1269 1270
f 1270 1269 1271
f 1270 1271 1272
f 1272 1271 1273
f 1272 1273 1274
f 1274 1273 1275
f 1274 1275 1276
f 1276 1275 1277
f 1276 1277 1278
f 1278 1277 1279
f 1278 1279 1280
f 1280 1279 1281
f 1280 1281 1282
f 1282 1281 1283
f 1282 1283 1284
f 1284 1283 1285
f 1284 1285 379
f 1286 1192 1287
f 1287 1192 1193
f 1287 1193 1288
f 1288 1193 1194
f 1288 1194 1289
f 1289 1194 1195
f 1289 1195 1290
f 1290 1195 1196
f 1290 1196 1291
f 1291 1196 1197
f 1291 1197 1292
f 1292 1197 1198
f 1292 1198 1293
f 1293 1198 1199
f 1293 1199 1294
f 1294 1199 1200
f 1294 1200 1295
f 1295 1200 1201
f 1295 1201 1296
f 1296 1201 1202
f 1296 1202 1297
f 1297 1202 1203
f 1297 1203 1298
f 1298 1203 1204
f 1298 1204 1299
f 1299 1204 1205
f 1299 1205 1300
f 1300 1205 1206
f 1300 1206 1301
f 1301 1206 1207
f 1301 1207 1302
f 1302 1207 1208
f 1302 1208 1303
f 1303 1208 1209
f 1303 1209 1304
f 1304 1209 1210
f 1304 1210 1305
f 1305 1210 1211
f 1305 1211 1306
f 1306 1211 1212
f 1306 1212 1307
f 1307 1212 1213
f 1307 1213 1308
f 1308 1213 1214
f 1308 1214 1309
f 1309 1214 1215
f 1309 1215 1310
f 1310 1215 1216
f 1310 1216 1311
f 1311 1216 1217
f 1311 1217 1312
f 1312 1217 1218
f 1312 1218 1313
f 1313 1218 1219
f 1313 1219 1314
f 1314 1219 1220
f 1314 1220 1315
f 1315 1220 1221
f 1315 1221 1316
f 1188 1128 1223
f 1223 1128 1157
f 1223 1157 1225
f 1225 1157 1158
f 1225 1158 1227
f 1227 1158 1159
f 1227 1159 1229
f 1229 1159 1160
f 1229 1160 1231
f 1231 1160 1161
f 1231 1161 1233
f 1233 1161 1162
f 1233 1162 1235
f 1235 1162 1163
f 1235 1163 1237
f 1237 1163 1164
f 1237 1164 1239
f 1239 1164 1165
f 1239 1165 1241
f 1241 1165 1166
f 1241 1166 1243
f 1243 1166 1167
f 1243 1167 1245
f 1245 1167 1168
f 1245 1168 1247
f 1247 1168 1169
f 1247 1169 1249
f 1249 1169 1170
f 1249 1170 1251
f 1251 1170 1171
f 1251 1171 1253
f 1253 1171 1172
f 1253 1172 1255
f 1255 1172 1173
f 1255 1173 1257
f 1257 1173 1174
f 1257 1174 1259
f 1259 1174 1175
f 1259 1175 1261
f 1261 1175 1176
f 1261 1176 1263
f 1263 1176 1177
f 1263 1177 1265
f 1265 1177 1178
f 1265 1178 1267
f 1267 1178 1179
f 1267 1179 1269
f 1269 1179 1180
f 1269 1180 1271
f 1271 1180 1181
f 1271 1181 1273
f 1273 1181 1182
f 1273 1182 1275
f 1275 1182 1183
f 1275 1183 1277
f 1277 1183 1184
f 1277 1184 1279
f 1279 1184 1185
f 1279 1185 1281
f 1281 1185 1186
f 1281 1186 1283
f 1283 1186 1187
f 1283 1187 1285
f 1285 1187 224
f 1285 224 379
f 379 224 222
f 379 222 220
f 386 324 1188
f 198 196 1189
f 1189 196 194
f 1189 194 192
f 1317 1286 1318
f 1318 1286 1287
f 1318 1287 1319
f 1319 1287 1288
f 1319 1288 1320
f 1320 1288 1289
f 1320 1289 1321
f 1321 1289 1290
f 1321 1290 1322
f 1322 1290 1291
f 1322 1291 1323
f 1323 1291 1292
f 1323 1292 1324
f 1324 1292 1293
f 1324 1293 1325
f 1325 1293 1294
f 1325 1294 1326
f 1326 1294 1295
f 1326 1295 1327
f 1327 1295 1296
f 1327 1296 1328
f 1328 1296 1297
f 1328 1297 1329
f 1329 1297 1298
f 1329 1298 1330
f 1330 1298 1299
f 1330 1299 1331
f 1331 1299 1300
f 1331 1300 1332
f 1332 1300 1301
f 1332 1301 1333
f 1333 1301 1302
f 1333 1302 1334
f 1334 1302 1303
f 1334 1303 1335
f 1335 1303 1304
f 1335 1304 1336
f 1336 1304 1305
f 1336 1305 1337
f 1337 1305 1306
f 1337 1306 1338
f 1338 1306 1307
f 1338 1307 1339
f 1339 1307 1308
f 1339 1308 1340
f 1340 1308 1309
f 1340 1309 1341
f 1341 1309 1310
f 1341 1310 1342
f 1342 1310 1311
f 1342 1311 1343
f 1343 1311 1312
f 1343 1312 1344
f 1344 1312 1313
f 1344 1313 1345
f 1345 1313 1314
f 1345 1314 1346
f 1346 1314 1315
f 1346 1315 1347
f 1347 1315 1316
f 1347 1316 1348
f 387 386 1349
f 1349 386 1222
f 1349 1222 1350
f 1350 1222 1224
f 1350 1224 1351
f 1351 1224 1226
f 1351 1226 1352
f 1352 1226 1228
f 1352 1228 1353
f 1353 1228 1230
f 1353 1230 1354
f 1354 1230 1232
f 1354 1232 1355
f 1355 1232 1234
f 1355 1234 1356
f 1356 1234 1236
f 1356 1236 1357
f 1357 1236 1238
f 1357 1238 1358
f 1358 1238 1240
f 1358 1240 1359
f 1359 1240 1242
f 1359 1242 1360
f 1360 1242 1244
f 1360 1244 1361
f 1361 1244 1246
f 1361 1246 1362
f 1362 1246 1248
f 1362 1248 1363
f 1363 1248 1250
f 1363 1250 1364
f 1364 1250 1252
f 1364 1252 1365
f 1365 1252 1254
f 1365 1254 1366
f 1366 1254 1256
f 1366 1256 1367
f 1367 1256 1258
f 1367 1258 1368
f 1368 1258 1260
f 1368 1260 1369
f 1369 1260 1262
f 1369 1262 1370
f 1370 1262 1264
f 1370 1264 1371
f 1371 1264 1266
f 1371 1266 1372
f 1372 1266 1268
f 1372 1268 1373
f 1373 1268 1270
f 1373 1270 1374
f 1374 1270 1272
f 1374 1272 1375
f 1375 1272 1274
f 1375 1274 1376
f 1376 1274 1276
f 1376 1276 1377
f 1377 1276 1278
f 1377 1278 1378
f 1378 1278 1280
f 1378 1280 1379
f 1379 1280 1282
f 1379 1282 1380
f 1380 1282 1284
f 1380 1284 1381
f 1381 1284 379
f 1381 379 1382
f 1382 379 218
f 1382 218 216
f 1383 324 387
f 1384 1317 1385
f 1385 1317 1318
f 1385 1318 1386
f 1386 1318 1319
f 1386 1319 1387
f 1387 1319 1320
f 1387 1320 1388
f 1388 1320 1321
f 1388 1321 1389
f 1389 1321 1322
f 1389 1322 1390
f 1390 1322 1323
f 1390 1323 1391
f 1391 1323 1324
f 1391 1324 1392
f 1392 1324 1325
f 1392 1325 1393
f 1393 1325 1326
f 1393 1326 1394
f 1394 1326 1327
f 1394 1327 1395
f 1395 1327 1328
f 1395 1328 1396
f 1396 1328 1329
f 1396 1329 1397
f 1397 1329 1330
f 1397 1330 1398
f 1398 1330 1331
f 1398 1331 1399
f 1399 1331 1332
f 1399 1332 1400
f 1400 1332 1333
f 1400 1333 1401
f 1401 1333 1334
f 1401 1334 1402
f 1402 1334 1335
f 1402 1335 1403
f 1403 1335 1336
f 1403 1336 1404
f 1404 1336 1337
f 1404 1337 1405
f 1405 1337 1338
f 1405 1338 1406
f 1406 1338 1339
f 1406 1339 1407
f 1407 1339 1340
f 1407 1340 1408
f 1408 1340 1341
f 1408 1341 1409
f 1409 1341 1342
f 1409 1342 1410
f 1410 1342 1343
f 1410 1343 1411
f 1411 1343 1344
f 1411 1344 1412
f 1412 1344 1345
f 1412 1345 1413
f 1413 1345 1346
f 1413 1346 1414
f 1414 1346 1347
f 1414 1347 1415
f 1415 1347 1348
f 1415 1348 1416
f 1417 202 1418
f 1418 202 200
f 1418 200 1419
f 1419 200 198
f 1419 198 1420
f 1420 198 1189
f 1421 1384 1422
f 1422 1384 1385
f 1422 1385 1423
f 1423 1385 1386
f 1423 1386 1424
f 1424 1386 1387
f 1424 1387 1425
f 1425 1387 1388
f 1425 1388 1426
f 1426 1388 1389
f 1426 1389 1427
f 1427 1389 1390
f 1427 1390 1428
f 1428 1390 1391
f 1428 1391 1429
f 1429 1391 1392
f 1429 1392 1430
f 1430 1392 1393
f 1430 1393 1431
f 1431 1393 1394
f 1431 1394 1432
f 1432 1394 1395
f 1432 1395 1433
f 1433 1395 1396
f 1433 1396 1434
f 1434 1396 1397
f 1434 1397 1435
f 1435 1397 1398
f 1435 1398 1436
f 1436 1398 1399
f 1436 1399 1437
f 1437 1399 1400
f 1437 1400 1438
f 1438 1400 1401
f 1438 1401 1439
f 1439 1401 1402
f 1439 1402 1440
f 1440 1402 1403
f 1440 1403 1441
f 1441 1403 1404
f 1441 1404 1442
f 1442 1404 1405
f 1442 1405 1443
f 1443 1405 1406
f 1443 1406 1444
f 1444 1406 1407
f 1444 1407 1445
f 1445 1407 1408
f 1445 1408 1446
f 1446 1408 1409
f 1446 1409 1447
f 1447 1409 1410
f 1447 1410 1448
f 1448 1410 1411
f 1448 1411 1449
f 1449 1411 1412
f 1449 1412 1450
f 1450 1412 1413
f 1450 1413 1451
f 1451 1413 1414
f 1451 1414 1452
f 1452 1414 1415
f 1452 1415 1453
f 1453 1415 1416
f 1453 1416 1454
f 1383 387 1455
f 1455 387 1349
f 1455 1349 1456
f 1456 1349 1350
f 1456 1350 1457
f 1457 1350 1351
f 1457 1351 1458
f 1458 1351 1352
f 1458 1352 1459
f 1459 1352 1353
f 1459 1353 1460
f 1460 1353 1354
f 1460 1354 1461
f 1461 1354 1355
f 1461 1355 1462
f 1462 1355 1356
f 1462 1356 1463
f 1463 1356 1357
f 1463 1357 1464
f 1464 1357 1358
f 1464 1358 1465
f 1465 1358 1359
f 1465 1359 1466
f 1466 1359 1360
f 1466 1360 1467
f 1467 1360 1361
f 1467 1361 1468
f 1468 1361 1362
f 1468 1362 1469
f 1469 1362 1363
f 1469 1363 1470
f 1470 1363 1364
f 1470 1364 1471
f 1471 1364 1365
f 1471 1365 1472
f 1472 1365 1366
f 1472 1366 1473
f 1473 1366 1367
f 1473 1367 1474
f 1474 1367 1368
f 1474 1368 1475
f 1475 1368 1369
f 1475 1369 1476
f 1476 1369 1370
f 1476 1370 1477
f 1477 1370 1371
f 1477 1371 1478
f 1478 1371 1372
f 1478 1372 1479
f 1479 1372 1373
f 1479 1373 1480
f 1480 1373 1374
f 1480 1374 1481
f 1481 1374 1375
f 1481 1375 1482
f 1482 1375 1376
f 1482 1376 1483
f 1483 1376 1377
f 1483 1377 1484
f 1484 1377 1378
f 1484 1378 1485
f 1485 1378 1379
f 1485 1379 1486
f 1486 1379 1380
f 1486 1380 1487
f 1487 1380 1381
f 1487 1381 1488
f 1488 1381 1382
f 1488 1382 1489
f 1489 1382 216
f 1489 216 214
f 1490 324 1383
f 1490 1383 1491
f 1491 1383 1455
f 1491 1455 1492
f 1492 1455 1456
f 1492 1456 1493
f 1493 1456 1457
f 1493 1457 1494
f 1494 1457 1458
f 1494 1458 1495
f 1495 1458 1459
f 1495 1459 1496
f 1496 1459 1460
f 1496 1460 1497
f 1497 1460 1461
f 1497 1461 1498
f 1498 1461 1462
f 1498 1462 1499
f 1499 1462 1463
f 1499 1463 1500
f 1500 1463 1464
f 1500 1464 1501
f 1501 1464 1465
f 1501 1465 1502
f 1502 1465 1466
f 1502 1466 1503
f 1503 1466 1467
f 1503 1467 1504
f 1504 1467 1468
f 1504 1468 1505
f 1505 1468 1469
f 1505 1469 1506
f 1506 1469 1470
f 1506 1470 1507
f 1507 1470 1471
f 1507 1471 1508
f 1508 1471 1472
f 1508 1472 1509
f 1509 1472 1473
f 1509 1473 1510
f 1510 1473 1474
f 1510 1474 1511
f 1511 1474 1475
f 1511 1475 1512
f 1512 1475 1476
f 1512 1476 1513
f 1513 1476 1477
f 1513 1477 1514
f 1514 1477 1478
f 1514 1478 1515
f 1515 1478 1479
f 1515 1479 1516
f 1516 1479 1480
f 1516 1480 1517
f 1517 1480 1481
f 1517 1481 1518
f 1518 1481 1482
f 1518 1482 1519
f 1519 1482 1483
f 1519 1483 1520
f 1520 1483 1484
f 1520 1484 1521
f 1521 1484 1485
f 1521 1485 1522
f 1522 1485 1486
f 1522 1486 1523
f 1523 1486 1487
f 1523 1487 1524
f 1524 1487 1488
f 1524 1488 1525
f 1525 1488 1489
f 1525 1489 378
f 378 1489 214
f 378 214 212
f 486 324 1490
f 377 1421 376
f 376 1421 1422
f 376 1422 375
f 375 1422 1423
f 375 1423 374
f 374 1423 1424
f 374 1424 373
f 373 1424 1425
f 373 1425 372
f 372 1425 1426
f 372 1426 371
f 371 1426 1427
f 371 1427 370
f 370 1427 1428
f 370 1428 369
f 369 1428 1429
f 369 1429 368
f 368 1429 1430
f 368 1430 367
f 367 1430 1431
f 367 1431 366
f 366 1431 1432
f 366 1432 365
f 365 1432 1433
f 365 1433 364
f 364 1433 1434
f 364 1434 363
f 363 1434 1435
f 363 1435 362
f 362 1435 1436
f 362 1436 361
f 361 1436 1437
f 361 1437 360
f 360 1437 1438
f 360 1438 359
f 359 1438 1439
f 359 1439 358
f 358 1439 1440
f 358 1440 357
f 357 1440 1441
f 357 1441 356
f 356 1441 1442
f 356 1442 355
f 355 1442 1443
f 355 1443 354
f 354 1443 1444
f 354 1444 353
f 353 1444 1445
f 353 1445 352
f 352 1445 1446
f 352 1446 351
f 351 1446 1447
f 351 1447 350
f 350 1447 1448
f 350 1448 349
f 349 1448 1449
f 349 1449 348
f 348 1449 1450
f 348 1450 347
f 347 1450 1451
f 347 1451 346
f 346 1451 1452
f 346 1452 345
f 345 1452 1453
f 345 1453 343
f 343 1453 1454
f 343 1454 344
f 330 410 414
f 414 410 484
f 414 484 422
f 422 484 482
f 422 482 431
f 431 482 480
f 431 480 440
f 440 480 478
f 440 478 448
f 448 478 476
f 448 476 460
f 460 476 472
f 460 472 34
f 34 472 471
f 34 471 105
f 105 471 470
f 105 470 103
f 103 470 473
f 103 473 395
f 395 473 513
f 395 513 99
f 99 513 512
f 99 512 97
f 97 512 511
f 97 511 541
f 541 511 1526
f 541 1526 539
f 539 1526 1527
f 539 1527 913
f 913 1527 1528
f 913 1528 912
f 912 1528 1529
f 912 1529 911
f 911 1529 1530
f 911 1530 910
f 910 1530 1531
f 910 1531 909
f 909 1531 1532
f 909 1532 908
f 908 1532 1533
f 908 1533 907
f 907 1533 1534
f 907 1534 906
f 906 1534 1535
f 906 1535 905
f 905 1535 1536
f 905 1536 904
f 904 1536 1537
f 904 1537 903
f 903 1537 1538
f 903 1538 902
f 902 1538 1539
f 902 1539 901
f 901 1539 1540
f 901 1540 957
f 957 1540 1541
f 957 1541 1003
f 1003 1541 1542
f 1003 1542 1051
f 1051 1542 1543
f 1051 1543 1074
f 1074 1543 1544
f 1074 1544 1098
f 1098 1544 1545
f 1098 1545 1156
f 1156 1545 1546
f 1156 1546 1221
f 1221 1546 1547
f 1221 1547 1316
f 1316 1547 1548
f 1316 1548 1348
f 1348 1548 1549
f 1348 1549 1416
f 1416 1549 1550
f 1416 1550 1454
f 1454 1550 1551
f 1454 1551 344
f 344 1551 1552
f 344 1552 208
f 486 1490 485
f 485 1490 1491
f 485 1491 483
f 483 1491 1492
f 483 1492 481
f 481 1492 1493
f 481 1493 479
f 479 1493 1494
f 479 1494 477
f 477 1494 1495
f 477 1495 475
f 475 1495 1496
f 475 1496 474
f 474 1496 1497
f 474 1497 473
f 473 1497 1498
f 473 1498 513
f 513 1498 1499
f 513 1499 511
f 511 1499 1500
f 511 1500 1526
f 1526 1500 1501
f 1526 1501 1527
f 1527 1501 1502
f 1527 1502 1528
f 1528 1502 1503
f 1528 1503 1529
f 1529 1503 1504
f 1529 1504 1530
f 1530 1504 1505
f 1530 1505 1531
f 1531 1505 1506
f 1531 1506 1532
f 1532 1506 1507
f 1532 1507 1533
f 1533 1507 1508
f 1533 1508 1534
f 1534 1508 1509
f 1534 1509 1535
f 1535 1509 1510
f 1535 1510 1536
f 1536 1510 1511
f 1536 1511 1537
f 1537 1511 1512
f 1537 1512 1538
f 1538 1512 1513
f 1538 1513 1539
f 1539 1513 1514
f 1539 1514 1540
f 1540 1514 1515
f 1540 1515 1541
f 1541 1515 1516
f 1541 1516 1542
f 1542 1516 1517
f 1542 1517 1543
f 1543 1517 1518
f 1543 1518 1544
f 1544 1518 1519
f 1544 1519 1545
f 1545 1519 1520
f 1545 1520 1546
f 1546 1520 1521
f 1546 1521 1547
f 1547 1521 1522
f 1547 1522 1548
f 1548 1522 1523
f 1548 1523 1549
f 1549 1523 1524
f 1549 1524 1550
f 1550 1524 1525
f 1550 1525 1551
f 1551 1525 378
f 1551 378 1552
f 1552 378 210
f 1552 210 208
f 326 324 486
f 208 206 1417
f 1417 206 204
f 1417 204 202
f 79 409 1191
f 1191 409 1553
f 1191 1553 1190
f 1190 1553 1554
f 1190 1554 1189
f 1189 1554 1555
f 1189 1555 1420
f 1420 1555 1556
f 1420 1556 1419
f 1419 1556 1557
f 1419 1557 1418
f 1418 1557 1558
f 1418 1558 1417
f 1417 1558 208
f 77 408 409
f 409 408 1192
f 409 1192 1553
f 1553 1192 1286
f 1553 1286 1554
f 1554 1286 1317
f 1554 1317 1555
f 1555 1317 1384
f 1555 1384 1556
f 1556 1384 1421
f 1556 1421 1557
f 1557 1421 377
f 1557 377 1558
f 1558 377 208
f 26 28 1559
f 1559 28 1560
f 1559 1560 1561
f 1561 1560 1562
f 1561 1562 1563
f 1563 1562 1564
f 1563 1564 1565
f 1565 1564 1566
f 1565 1566 1567
f 1567 1566 1568
f 1567 1568 1569
f 1568 1570 1569
f 1569 1570 1571
f 1569 1571 1572
f 1572 1571 1573
f 1573 1571 1574
f 1573 1574 1575
f 1575 1574 1576
f 1575 1576 1577
f 1577 1576 1578
f 1577 1578 1579
f 1579 1578 1580
f 1579 1580 1581
f 1581 1580 1582
f 1581 1582 1583
f 1583 1582 1584
f 1583 1584 1585
f 1585 1584 1586
f 1585 1586 1587
f 1587 1586 1588
f 1587 1588 1589
f 1589 1588 1590
f 1589 1590 1591
f 1591 1590 1592
f 1591 1592 1593
f 1593 1592 1594
f 1593 1594 1595
f 1595 1594 1596
f 1595 1596 1597
f 1597 1596 1598
f 1597 1598 1599
f 1599 1598 1600
f 1599 1600 1601
f 1601 1600 1602
f 1601 1602 1603
f 1603 1602 1604
f 1603 1604 1605
f 1605 1604 1606
f 1605 1606 1607
f 1607 1606 1608
f 1607 1608 1609
f 1609 1608 1610
f 1609 1610 1611
f 1611 1610 1612
f 1611 1612 1613
f 1613 1612 1614
f 1613 1614 1615
f 1615 1614 1616
f 1615 1616 1617
f 1617 1616 1618
f 1617 1618 1619
f 1619 1618 1620
f 1619 1620 1621
f 1621 1620 1622
f 1621 1622 1623
f 1623 1622 1624
f 1623 1624 1625
f 1625 1624 1626
f 1625 1626 1627
f 1627 1626 1628
f 1627 1628 1629
f 1629 1628 1630
f 1629 1630 1631
f 1631 1630 1632
f 1631 1632 1633
f 1633 1632 1634
f 1633 1634 1635
f 1635 1634 1636
f 1635 1636 1637
f 1637 1636 1638
f 1637 1638 1639
f 1639 1638 1640
f 1639 1640 1641
f 1641 1640 1642
f 1641 1642 1643
f 1643 1642 1644
f 1643 1644 1645
f 1645 1644 1646
f 1645 1646 1647
f 1647 1646 1648
f 1647 1648 1649
f 1649 1648 1650
f 1649 1650 1651
f 1651 1650 1652
f 1651 1652 1653
f 1653 1652 1654
f 1653 1654 1655
f 1655 1654 1656
f 1655 1656 1657
f 1657 1656 1658
f 1657 1658 1659
f 1659 1658 1660
f 1659 1660 1661
f 1661 1660 1662
f 1661 1662 1663
f 1663 1662 1664
f 1663 1664 1665
f 1665 1664 1666
f 1665 1666 1667
f 1667 1666 1668
f 1667 1668 1669
f 1669 1668 1670
f 1669 1670 1671
f 1671 1670 1672
f 1671 1672 1673
f 1673 1672 1674
f 1673 1674 1675
f 1675 1674 1676
f 1675 1676 1677
f 1677 1676 1678
f 1677 1678 1679
f 1679 1678 1680
f 1679 1680 1681
f 1681 1680 1682
f 1681 1682 1683
f 1683 1682 1684
f 1683 1684 1685
f 1685 1684 1686
f 1685 1686 1687
f 1687 1686 1688
f 1687 1688 1689
f 1689 1688 1690
f 1689 1690 1691
f 1691 1690 1692
f 1691 1692 1693
f 1693 1692 1694
f 1693 1694 1695
f 1695 1694 1696
f 1695 1696 1697
f 1697 1696 1698
f 1697 1698 1699
f 1699 1698 1700
f 1699 1700 1701
f 82 84 1702
f 1702 84 1703
f 1702 1703 1704
f 1704 1703 1705
f 1704 1705 1706
f 1706 1705 1707
f 1706 1707 1708
f 1708 1707 1709
f 1708 1709 1710
f 1710 1709 1711
f 1710 1711 1701
f 1701 1711 1712
f 1701 1712 1699
f 1713 1714 1578
f 1715 1716 1717
f 1717 1718 1719
f 1720 1721 1722
f 1723 1724 1725
f 1726 1727 1728
f 1708 1710 1729
f 1688 1686 1730
f 107 1731 1732
f 1731 107 106
f 102 100 1733
f 1733 100 98
f 187 185 1734
f 183 181 1735
f 157 1736 1737
f 82 1702 1738
f 1739 44 76
f 1740 154 47
f 163 161 1741
f 112 188 1742
f 92 90 1723
f 1723 90 16
f 1723 16 1724
f 1724 16 15
f 33 35 1743
f 1743 35 1744
f 1743 1744 1745
f 1746 32 41
f 1746 1747 32
f 32 1747 1748
f 32 1748 30
f 1694 1749 1696
f 1696 1749 1698
f 1694 1750 1749
f 1749 1750 1751
f 1749 1751 1698
f 1698 1751 1700
f 1688 1730 1690
f 1710 1701 1729
f 1729 1701 1752
f 1729 1752 1753
f 1753 1752 1754
f 1753 1754 1755
f 1755 1754 1756
f 1755 1756 1757
f 1686 1684 1730
f 1730 1684 1758
f 1730 1758 1759
f 1706 1708 1760
f 1760 1708 1729
f 1760 1729 1761
f 1761 1729 1753
f 1761 1753 1762
f 1762 1753 1755
f 1762 1755 1763
f 1763 1755 1757
f 1763 1757 1764
f 1764 1757 1694
f 1759 1765 1766
f 1694 1767 1764
f 1764 1767 1768
f 1764 1768 1763
f 1763 1768 1769
f 1763 1769 1762
f 1762 1769 1770
f 1762 1770 1761
f 1761 1770 1771
f 1761 1771 1760
f 1760 1771 1772
f 1760 1772 1706
f 1706 1772 1704
f 1766 1773 1774
f 1694 1775 1767
f 1767 1775 1776
f 1767 1776 1768
f 1768 1776 1777
f 1768 1777 1769
f 1769 1777 1778
f 1769 1778 1770
f 1770 1778 1779
f 1770 1779 1771
f 1771 1779 1780
f 1771 1780 1772
f 1772 1780 1738
f 1772 1738 1704
f 1704 1738 1702
f 1694 1781 1775
f 1775 1781 1782
f 1775 1782 1776
f 1776 1782 1783
f 1776 1783 1777
f 1777 1783 1784
f 1777 1784 1778
f 1778 1784 1785
f 1778 1785 1779
f 1779 1785 1786
f 1779 1786 1780
f 1780 1786 1787
f 1780 1787 1738
f 1738 1787 80
f 1738 80 82
f 1694 1788 1781
f 1781 1788 1789
f 1781 1789 1782
f 1782 1789 1790
f 1782 1790 1783
f 1783 1790 1791
f 1783 1791 1784
f 1784 1791 1792
f 1784 1792 1785
f 1785 1792 1793
f 1785 1793 1786
f 1786 1793 1794
f 1786 1794 1787
f 1787 1794 78
f 1787 78 80
f 1694 1795 1788
f 1788 1795 1796
f 1788 1796 1789
f 1789 1796 1797
f 1789 1797 1790
f 1790 1797 1798
f 1790 1798 1791
f 1791 1798 1799
f 1791 1799 1792
f 1792 1799 1800
f 1792 1800 1793
f 1793 1800 1739
f 1793 1739 1794
f 1794 1739 76
f 1794 76 78
f 1694 1801 1795
f 1795 1801 1802
f 1795 1802 1796
f 1796 1802 1803
f 1796 1803 1797
f 1797 1803 1804
f 1797 1804 1798
f 1798 1804 1805
f 1798 1805 1799
f 1799 1805 1806
f 1799 1806 1800
f 1800 1806 1807
f 1800 1807 1739
f 1739 1807 45
f 1739 45 44
f 1756 1694 1757
f 1701 1700 1752
f 1752 1700 1751
f 1752 1751 1754
f 1754 1751 1750
f 1754 1750 1756
f 1756 1750 1694
f 1774 1808 1809
f 1684 1682 1758
f 1758 1682 1680
f 1758 1680 1810
f 1810 1680 1678
f 1810 1678 1811
f 1811 1678 1676
f 1811 1676 1812
f 47 1813 1740
f 1740 1813 1814
f 1740 1814 1815
f 1815 1814 1816
f 1815 1816 1817
f 1817 1816 1818
f 1817 1818 1819
f 1819 1818 1820
f 1819 1820 1821
f 1821 1820 1822
f 1821 1822 1823
f 1823 1822 1824
f 1823 1824 1825
f 1825 1824 1826
f 1825 1826 1827
f 1827 1826 1694
f 1694 1828 1827
f 1827 1828 1829
f 1827 1829 1825
f 1825 1829 1830
f 1825 1830 1823
f 1823 1830 1831
f 1823 1831 1821
f 1821 1831 1832
f 1821 1832 1819
f 1819 1832 1833
f 1819 1833 1817
f 1817 1833 1834
f 1817 1834 1815
f 1815 1834 1835
f 1815 1835 1740
f 1740 1835 155
f 1740 155 154
f 1694 1836 1828
f 1828 1836 1837
f 1828 1837 1829
f 1829 1837 1838
f 1829 1838 1830
f 1830 1838 1839
f 1830 1839 1831
f 1831 1839 1840
f 1831 1840 1832
f 1832 1840 1841
f 1832 1841 1833
f 1833 1841 1842
f 1833 1842 1834
f 1834 1842 1843
f 1834 1843 1835
f 1809 1844 1845
f 1694 1846 1836
f 1836 1846 1847
f 1836 1847 1837
f 1837 1847 1848
f 1837 1848 1838
f 1838 1848 1849
f 1838 1849 1839
f 1839 1849 1850
f 1839 1850 1840
f 1840 1850 1851
f 1840 1851 1841
f 1841 1851 1852
f 1841 1852 1842
f 1842 1852 1853
f 1842 1853 1843
f 1843 1853 1737
f 1843 1737 1835
f 1835 1737 1736
f 1835 1736 155
f 155 1736 157
f 1694 1854 1846
f 1846 1854 1855
f 1846 1855 1847
f 1847 1855 1856
f 1847 1856 1848
f 1848 1856 1857
f 1848 1857 1849
f 1849 1857 1858
f 1849 1858 1850
f 1850 1858 1859
f 1850 1859 1851
f 1851 1859 1860
f 1851 1860 1852
f 1852 1860 1861
f 1852 1861 1853
f 1853 1861 1862
f 1853 1862 1737
f 1737 1862 159
f 1737 159 157
f 1694 1863 1854
f 1854 1863 1864
f 1854 1864 1855
f 1855 1864 1865
f 1855 1865 1856
f 1856 1865 1866
f 1856 1866 1857
f 1857 1866 1867
f 1857 1867 1858
f 1858 1867 1868
f 1858 1868 1859
f 1859 1868 1869
f 1859 1869 1860
f 1860 1869 1870
f 1860 1870 1861
f 1861 1870 1871
f 1861 1871 1862
f 1862 1871 1872
f 1862 1872 159
f 1845 1873 1874
f 1694 1875 1863
f 1863 1875 1876
f 1863 1876 1864
f 1864 1876 1877
f 1864 1877 1865
f 1865 1877 1878
f 1865 1878 1866
f 1866 1878 1879
f 1866 1879 1867
f 1867 1879 1880
f 1867 1880 1868
f 1868 1880 1881
f 1868 1881 1869
f 1869 1881 1882
f 1869 1882 1870
f 1870 1882 1883
f 1870 1883 1871
f 1871 1883 1741
f 1871 1741 1872
f 1872 1741 161
f 1872 161 159
f 1694 1884 1875
f 1875 1884 1885
f 1875 1885 1876
f 1876 1885 1886
f 1876 1886 1877
f 1877 1886 1887
f 1877 1887 1878
f 1878 1887 1888
f 1878 1888 1879
f 1879 1888 1889
f 1879 1889 1880
f 1880 1889 1890
f 1880 1890 1881
f 1881 1890 1891
f 1881 1891 1882
f 1882 1891 1892
f 1882 1892 1883
f 1883 1892 1893
f 1883 1893 1741
f 1741 1893 1894
f 1741 1894 163
f 1874 1895 1896
f 1676 1674 1812
f 1812 1674 1672
f 1812 1672 1897
f 1897 1672 1670
f 1897 1670 1898
f 1898 1670 1668
f 1898 1668 1899
f 1694 1900 1884
f 1884 1900 1901
f 1884 1901 1885
f 1885 1901 1902
f 1885 1902 1886
f 1886 1902 1903
f 1886 1903 1887
f 1887 1903 1904
f 1887 1904 1888
f 1888 1904 1905
f 1888 1905 1889
f 1889 1905 1906
f 1889 1906 1890
f 1890 1906 1907
f 1890 1907 1891
f 1891 1907 1908
f 1891 1908 1892
f 1892 1908 1909
f 1892 1909 1893
f 1893 1909 1910
f 1893 1910 1894
f 1894 1910 165
f 1894 165 163
f 167 165 1911
f 1911 165 1910
f 1911 1910 1912
f 1912 1910 1909
f 1912 1909 1913
f 1913 1909 1908
f 1913 1908 1914
f 1914 1908 1907
f 1914 1907 1915
f 1915 1907 1906
f 1915 1906 1916
f 1916 1906 1905
f 1916 1905 1917
f 1917 1905 1904
f 1917 1904 1918
f 1918 1904 1903
f 1918 1903 1919
f 1919 1903 1902
f 1919 1902 1920
f 1920 1902 1901
f 1920 1901 1921
f 1921 1901 1900
f 1921 1900 1922
f 1922 1900 1694
f 1896 1923 1924
f 169 167 1925
f 1925 167 1911
f 1925 1911 1926
f 1926 1911 1912
f 1926 1912 1927
f 1927 1912 1913
f 1927 1913 1928
f 1928 1913 1914
f 1928 1914 1929
f 1929 1914 1915
f 1929 1915 1930
f 1930 1915 1916
f 1930 1916 1931
f 1931 1916 1917
f 1931 1917 1932
f 1932 1917 1918
f 1932 1918 1933
f 1933 1918 1919
f 1933 1919 1934
f 1934 1919 1920
f 1934 1920 1935
f 1935 1920 1921
f 1935 1921 1936
f 1936 1921 1922
f 1936 1922 1937
f 1937 1922 1694
f 1924 1938 1939
f 1694 1940 1937
f 1937 1940 1941
f 1937 1941 1936
f 1936 1941 1942
f 1936 1942 1935
f 1935 1942 1943
f 1935 1943 1934
f 1934 1943 1944
f 1934 1944 1933
f 1933 1944 1945
f 1933 1945 1932
f 1932 1945 1946
f 1932 1946 1931
f 1931 1946 1947
f 1931 1947 1930
f 1930 1947 1948
f 1930 1948 1929
f 1929 1948 1949
f 1929 1949 1928
f 1928 1949 1950
f 1928 1950 1927
f 1927 1950 1951
f 1927 1951 1926
f 1926 1951 1952
f 1926 1952 1925
f 1925 1952 171
f 1925 171 169
f 173 171 1953
f 1953 171 1952
f 1953 1952 1954
f 1954 1952 1951
f 1954 1951 1955
f 1955 1951 1950
f 1955 1950 1956
f 1956 1950 1949
f 1956 1949 1957
f 1957 1949 1948
f 1957 1948 1958
f 1958 1948 1947
f 1958 1947 1959
f 1959 1947 1946
f 1959 1946 1960
f 1960 1946 1945
f 1960 1945 1961
f 1961 1945 1944
f 1961 1944 1962
f 1962 1944 1943
f 1962 1943 1963
f 1963 1943 1942
f 1963 1942 1964
f 1964 1942 1941
f 1964 1941 1965
f 1965 1941 1940
f 1965 1940 1966
f 1966 1940 1694
f 1939 1967 1968
f 1668 1666 1899
f 1899 1666 1664
f 1899 1664 1969
f 1969 1664 1662
f 1969 1662 1970
f 1970 1662 1660
f 1970 1660 1971
f 175 173 1972
f 1972 173 1953
f 1972 1953 1973
f 1973 1953 1954
f 1973 1954 1974
f 1974 1954 1955
f 1974 1955 1975
f 1975 1955 1956
f 1975 1956 1976
f 1976 1956 1957
f 1976 1957 1977
f 1977 1957 1958
f 1977 1958 1978
f 1978 1958 1959
f 1978 1959 1979
f 1979 1959 1960
f 1979 1960 1980
f 1980 1960 1961
f 1980 1961 1981
f 1981 1961 1962
f 1981 1962 1982
f 1982 1962 1963
f 1982 1963 1983
f 1983 1963 1964
f 1983 1964 1984
f 1984 1964 1965
f 1984 1965 1985
f 1985 1965 1966
f 1985 1966 1986
f 1986 1966 1694
f 1968 1987 1988
f 1660 1658 1971
f 1971 1658 1656
f 1971 1656 1989
f 1989 1656 1654
f 1989 1654 1990
f 177 175 1991
f 1991 175 1972
f 1991 1972 1992
f 1992 1972 1973
f 1992 1973 1993
f 1993 1973 1974
f 1993 1974 1994
f 1994 1974 1975
f 1994 1975 1995
f 1995 1975 1976
f 1995 1976 1996
f 1996 1976 1977
f 1996 1977 1997
f 1997 1977 1978
f 1997 1978 1998
f 1998 1978 1979
f 1998 1979 1999
f 1999 1979 1980
f 1999 1980 2000
f 2000 1980 1981
f 2000 1981 2001
f 2001 1981 1982
f 2001 1982 2002
f 2002 1982 1983
f 2002 1983 2003
f 2003 1983 1984
f 2003 1984 2004
f 2004 1984 1985
f 2004 1985 2005
f 2005 1985 1986
f 2005 1986 2006
f 2006 1986 1694
f 1988 2007 2008
f 1694 2009 2006
f 2006 2009 2010
f 2006 2010 2005
f 2005 2010 2011
f 2005 2011 2004
f 2004 2011 2012
f 2004 2012 2003
f 2003 2012 2013
f 2003 2013 2002
f 2002 2013 2014
f 2002 2014 2001
f 2001 2014 2015
f 2001 2015 2000
f 2000 2015 2016
f 2000 2016 1999
f 1999 2016 2017
f 1999 2017 1998
f 1998 2017 2018
f 1998 2018 1997
f 1997 2018 2019
f 1997 2019 1996
f 1996 2019 2020
f 1996 2020 1995
f 1995 2020 2021
f 1995 2021 1994
f 1994 2021 2022
f 1994 2022 1993
f 1993 2022 2023
f 1993 2023 1992
f 1992 2023 2024
f 1992 2024 1991
f 1991 2024 2025
f 1991 2025 177
f 2008 2026 2027
f 1654 1652 1990
f 1990 1652 1650
f 1990 1650 2028
f 1694 2029 2009
f 2009 2029 2030
f 2009 2030 2010
f 2010 2030 2031
f 2010 2031 2011
f 2011 2031 2032
f 2011 2032 2012
f 2012 2032 2033
f 2012 2033 2013
f 2013 2033 2034
f 2013 2034 2014
f 2014 2034 2035
f 2014 2035 2015
f 2015 2035 2036
f 2015 2036 2016
f 2016 2036 2037
f 2016 2037 2017
f 2017 2037 2038
f 2017 2038 2018
f 2018 2038 2039
f 2018 2039 2019
f 2019 2039 2040
f 2019 2040 2020
f 2020 2040 2041
f 2020 2041 2021
f 2021 2041 2042
f 2021 2042 2022
f 2022 2042 2043
f 2022 2043 2023
f 2023 2043 2044
f 2023 2044 2024
f 2024 2044 2045
f 2024 2045 2025
f 2025 2045 179
f 2025 179 177
f 181 179 1735
f 1735 179 2045
f 1735 2045 2046
f 2046 2045 2044
f 2046 2044 2047
f 2047 2044 2043
f 2047 2043 2048
f 2048 2043 2042
f 2048 2042 2049
f 2049 2042 2041
f 2049 2041 2050
f 2050 2041 2040
f 2050 2040 2051
f 2051 2040 2039
f 2051 2039 2052
f 2052 2039 2038
f 2052 2038 2053
f 2053 2038 2037
f 2053 2037 2054
f 2054 2037 2036
f 2054 2036 2055
f 2055 2036 2035
f 2055 2035 2056
f 2056 2035 2034
f 2056 2034 2057
f 2057 2034 2033
f 2057 2033 2058
f 2058 2033 2032
f 2058 2032 2059
f 2059 2032 2031
f 2059 2031 2060
f 2060 2031 2030
f 2060 2030 2061
f 2061 2030 2029
f 2061 2029 2062
f 2062 2029 1694
f 2027 2063 2064
f 1650 1648 2028
f 2028 1648 1646
f 2028 1646 2065
f 2065 1646 1644
f 2065 1644 2066
f 185 183 1734
f 1734 183 1735
f 1734 1735 2067
f 2067 1735 2046
f 2067 2046 2068
f 2068 2046 2047
f 2068 2047 2069
f 2069 2047 2048
f 2069 2048 2070
f 2070 2048 2049
f 2070 2049 2071
f 2071 2049 2050
f 2071 2050 2072
f 2072 2050 2051
f 2072 2051 2073
f 2073 2051 2052
f 2073 2052 2074
f 2074 2052 2053
f 2074 2053 2075
f 2075 2053 2054
f 2075 2054 2076
f 2076 2054 2055
f 2076 2055 2077
f 2077 2055 2056
f 2077 2056 2078
f 2078 2056 2057
f 2078 2057 2079
f 2079 2057 2058
f 2079 2058 2080
f 2080 2058 2059
f 2080 2059 2081
f 2081 2059 2060
f 2081 2060 2082
f 2082 2060 2061
f 2082 2061 2083
f 2083 2061 2062
f 2083 2062 2084
f 2084 2062 1694
f 2064 2085 2086
f 188 187 1742
f 1742 187 1734
f 1742 1734 2087
f 2087 1734 2067
f 2087 2067 2088
f 2088 2067 2068
f 2088 2068 2089
f 2089 2068 2069
f 2089 2069 2090
f 2090 2069 2070
f 2090 2070 2091
f 2091 2070 2071
f 2091 2071 2092
f 2092 2071 2072
f 2092 2072 2093
f 2093 2072 2073
f 2093 2073 2094
f 2094 2073 2074
f 2094 2074 2095
f 2095 2074 2075
f 2095 2075 2096
f 2096 2075 2076
f 2096 2076 2097
f 2097 2076 2077
f 2097 2077 2098
f 2098 2077 2078
f 2098 2078 2099
f 2099 2078 2079
f 2099 2079 2100
f 2100 2079 2080
f 2100 2080 2101
f 2101 2080 2081
f 2101 2081 2102
f 2102 2081 2082
f 2102 2082 2103
f 2103 2082 2083
f 2103 2083 2104
f 2104 2083 2084
f 2104 2084 2105
f 2105 2084 1694
f 2086 2106 2107
f 1644 1642 2066
f 2066 1642 1640
f 2066 1640 2108
f 110 112 2109
f 2109 112 1742
f 2109 1742 2110
f 2110 1742 2087
f 2110 2087 2111
f 2111 2087 2088
f 2111 2088 2112
f 2112 2088 2089
f 2112 2089 2113
f 2113 2089 2090
f 2113 2090 2114
f 2114 2090 2091
f 2114 2091 2115
f 2115 2091 2092
f 2115 2092 2116
f 2116 2092 2093
f 2116 2093 2117
f 2117 2093 2094
f 2117 2094 2118
f 2118 2094 2095
f 2118 2095 2119
f 2119 2095 2096
f 2119 2096 2120
f 2120 2096 2097
f 2120 2097 2121
f 2121 2097 2098
f 2121 2098 2122
f 2122 2098 2099
f 2122 2099 2123
f 2123 2099 2100
f 2123 2100 2124
f 2124 2100 2101
f 2124 2101 2125
f 2125 2101 2102
f 2125 2102 2126
f 2126 2102 2103
f 2126 2103 2127
f 2127 2103 2104
f 2127 2104 2128
f 2128 2104 2105
f 2128 2105 2129
f 2129 2105 1694
f 47 45 1813
f 1813 45 1807
f 1813 1807 1814
f 1814 1807 1806
f 1814 1806 1816
f 1816 1806 1805
f 1816 1805 1818
f 1818 1805 1804
f 1818 1804 1820
f 1820 1804 1803
f 1820 1803 1822
f 1822 1803 1802
f 1822 1802 1824
f 1824 1802 1801
f 1824 1801 1826
f 1826 1801 1694
f 2107 2130 2131
f 1640 1638 2108
f 2108 1638 1636
f 2108 1636 2132
f 2131 2133 2134
f 1636 1634 2132
f 2132 1634 1632
f 2132 1632 2135
f 2135 1632 1630
f 2135 1630 2136
f 2134 2137 2138
f 1694 2139 2140
f 2140 2139 2141
f 2140 2141 2142
f 2142 2141 2143
f 2142 2143 2144
f 2144 2143 2145
f 2144 2145 2146
f 2146 2145 2147
f 2146 2147 2148
f 2148 2147 2149
f 2148 2149 2150
f 2150 2149 2151
f 2150 2151 2152
f 2152 2151 2153
f 2152 2153 2154
f 2154 2153 2155
f 2154 2155 2156
f 2156 2155 2157
f 2156 2157 2158
f 2158 2157 2159
f 2158 2159 2160
f 2160 2159 2161
f 2160 2161 2162
f 2162 2161 2163
f 2162 2163 2164
f 2164 2163 2165
f 2164 2165 2166
f 2166 2165 2167
f 2166 2167 2168
f 2168 2167 2169
f 2168 2169 2170
f 2170 2169 2171
f 2170 2171 2172
f 2172 2171 2173
f 2172 2173 2174
f 2174 2173 2175
f 2174 2175 2176
f 2176 2175 2177
f 2176 2177 2178
f 2178 2177 2179
f 2178 2179 2180
f 2180 2179 2181
f 2180 2181 1728
f 1728 2181 2182
f 1728 2182 1726
f 1694 2183 2139
f 2139 2183 2184
f 2139 2184 2141
f 2141 2184 2185
f 2141 2185 2143
f 2143 2185 2186
f 2143 2186 2145
f 2145 2186 2187
f 2145 2187 2147
f 2147 2187 2188
f 2147 2188 2149
f 2149 2188 2189
f 2149 2189 2151
f 2151 2189 2190
f 2151 2190 2153
f 2153 2190 2191
f 2153 2191 2155
f 2155 2191 2192
f 2155 2192 2157
f 2157 2192 2193
f 2157 2193 2159
f 2159 2193 2194
f 2159 2194 2161
f 2161 2194 2195
f 2161 2195 2163
f 2163 2195 2196
f 2163 2196 2165
f 2165 2196 2197
f 2165 2197 2167
f 2167 2197 2198
f 2167 2198 2169
f 2169 2198 2199
f 2169 2199 2171
f 2171 2199 2200
f 2171 2200 2173
f 2173 2200 2201
f 2173 2201 2175
f 2175 2201 2202
f 2175 2202 2177
f 2177 2202 2203
f 2177 2203 2179
f 2179 2203 2204
f 2179 2204 2181
f 2181 2204 2205
f 2181 2205 2182
f 2138 2206 2207
f 1630 1628 2136
f 2136 1628 1626
f 2136 1626 2208
f 2205 1725 2182
f 2182 1725 1724
f 2182 1724 1726
f 1726 1724 15
f 1726 15 1727
f 1727 15 110
f 1727 110 1728
f 1728 110 2109
f 1728 2109 2180
f 2180 2109 2110
f 2180 2110 2178
f 2178 2110 2111
f 2178 2111 2176
f 2176 2111 2112
f 2176 2112 2174
f 2174 2112 2113
f 2174 2113 2172
f 2172 2113 2114
f 2172 2114 2170
f 2170 2114 2115
f 2170 2115 2168
f 2168 2115 2116
f 2168 2116 2166
f 2166 2116 2117
f 2166 2117 2164
f 2164 2117 2118
f 2164 2118 2162
f 2162 2118 2119
f 2162 2119 2160
f 2160 2119 2120
f 2160 2120 2158
f 2158 2120 2121
f 2158 2121 2156
f 2156 2121 2122
f 2156 2122 2154
f 2154 2122 2123
f 2154 2123 2152
f 2152 2123 2124
f 2152 2124 2150
f 2150 2124 2125
f 2150 2125 2148
f 2148 2125 2126
f 2148 2126 2146
f 2146 2126 2127
f 2146 2127 2144
f 2144 2127 2128
f 2144 2128 2142
f 2142 2128 2129
f 2142 2129 2140
f 2140 2129 1694
f 2207 2209 2210
f 1626 1624 2208
f 2208 1624 1622
f 2208 1622 2211
f 2211 1622 1620
f 2211 1620 2212
f 1720 94 1721
f 1721 94 92
f 1721 92 1722
f 1722 92 1723
f 1722 1723 2213
f 2213 1723 1725
f 2213 1725 2214
f 2214 1725 2205
f 2214 2205 2215
f 2215 2205 2204
f 2215 2204 2216
f 2216 2204 2203
f 2216 2203 2217
f 2217 2203 2202
f 2217 2202 2218
f 2218 2202 2201
f 2218 2201 2219
f 2219 2201 2200
f 2219 2200 2220
f 2220 2200 2199
f 2220 2199 2221
f 2221 2199 2198
f 2221 2198 2222
f 2222 2198 2197
f 2222 2197 2223
f 2223 2197 2196
f 2223 2196 2224
f 2224 2196 2195
f 2224 2195 2225
f 2225 2195 2194
f 2225 2194 2226
f 2226 2194 2193
f 2226 2193 2227
f 2227 2193 2192
f 2227 2192 2228
f 2228 2192 2191
f 2228 2191 2229
f 2229 2191 2190
f 2229 2190 2230
f 2230 2190 2189
f 2230 2189 2231
f 2231 2189 2188
f 2231 2188 2232
f 2232 2188 2187
f 2232 2187 2233
f 2233 2187 2186
f 2233 2186 2234
f 2234 2186 2185
f 2234 2185 2235
f 2235 2185 2184
f 2235 2184 2236
f 2236 2184 2183
f 2236 2183 2237
f 2237 2183 1694
f 2210 2238 2239
f 2239 2240 2241
f 1620 1618 2212
f 2212 1618 1616
f 2212 1616 2242
f 2243 1720 2244
f 2244 1720 1722
f 2244 1722 2245
f 2245 1722 2213
f 2245 2213 2246
f 2246 2213 2214
f 2246 2214 2247
f 2247 2214 2215
f 2247 2215 2248
f 2248 2215 2216
f 2248 2216 2249
f 2249 2216 2217
f 2249 2217 2250
f 2250 2217 2218
f 2250 2218 2251
f 2251 2218 2219
f 2251 2219 2252
f 2252 2219 2220
f 2252 2220 2253
f 2253 2220 2221
f 2253 2221 2254
f 2254 2221 2222
f 2254 2222 2255
f 2255 2222 2223
f 2255 2223 2256
f 2256 2223 2224
f 2256 2224 2257
f 2257 2224 2225
f 2257 2225 2258
f 2258 2225 2226
f 2258 2226 2259
f 2259 2226 2227
f 2259 2227 2260
f 2260 2227 2228
f 2260 2228 2261
f 2261 2228 2229
f 2261 2229 2262
f 2262 2229 2230
f 2262 2230 2263
f 2263 2230 2231
f 2263 2231 2264
f 2264 2231 2232
f 2264 2232 2265
f 2265 2232 2233
f 2265 2233 2266
f 2266 2233 2234
f 2266 2234 2267
f 2267 2234 2235
f 2267 2235 2268
f 2268 2235 2236
f 2268 2236 2269
f 2269 2236 2237
f 2269 2237 2270
f 2270 2237 1694
f 2241 2271 2272
f 1616 1614 2242
f 2242 1614 1612
f 2242 1612 2273
f 2272 2274 2275
f 2275 2276 2277
f 2277 2278 2279
f 1612 1610 2273
f 2273 1610 1608
f 2273 1608 2280
f 2280 1608 1606
f 2280 1606 2281
f 2281 1606 1604
f 2281 1604 2282
f 2279 2283 2284
f 1604 1602 2282
f 2282 1602 1600
f 2282 1600 2285
f 2284 2286 2287
f 1594 2288 1596
f 1596 2288 2285
f 1596 2285 1598
f 1598 2285 1600
f 2289 2290 2291
f 2291 2290 1562
f 2291 1562 1560
f 1746 2289 1747
f 1747 2289 2291
f 1747 2291 1748
f 1748 2291 1560
f 1748 1560 30
f 30 1560 28
f 2287 2292 2293
f 2293 2294 2295
f 1592 2296 1594
f 1594 2296 2297
f 1594 2297 2288
f 1568 1566 2290
f 2290 1566 1564
f 2290 1564 1562
f 2298 2299 2300
f 2300 2299 2301
f 2300 2301 2302
f 2302 2301 2303
f 2302 2303 2304
f 2304 2303 2305
f 2304 2305 1745
f 2295 2306 2307
f 2308 2298 2309
f 2309 2298 2300
f 2309 2300 2310
f 2310 2300 2302
f 2310 2302 2311
f 2311 2302 2304
f 2311 2304 2312
f 2312 2304 1745
f 2312 1745 2313
f 2313 1745 1744
f 2313 1744 1732
f 1732 1744 35
f 1732 35 107
f 2307 2314 2315
f 2316 1571 2308
f 2308 1571 1570
f 2308 1570 2298
f 2298 1570 1568
f 2298 1568 2299
f 2299 1568 2290
f 2299 2290 2301
f 2301 2290 2289
f 2301 2289 2303
f 2303 2289 1746
f 2303 1746 2305
f 2305 1746 41
f 2305 41 1745
f 1745 41 5
f 1745 5 1743
f 1743 5 4
f 1743 4 33
f 2316 2308 2317
f 2317 2308 2309
f 2317 2309 2318
f 2318 2309 2310
f 2318 2310 2319
f 2319 2310 2311
f 2319 2311 2320
f 2320 2311 2312
f 2320 2312 2321
f 2321 2312 2313
f 2321 2313 2322
f 2322 2313 1732
f 2322 1732 1715
f 1715 1732 1731
f 1715 1731 1716
f 1716 1731 106
f 1716 106 1717
f 1717 106 104
f 1717 104 1718
f 1718 104 102
f 1718 102 1719
f 1719 102 1733
f 1719 1733 2243
f 2243 1733 98
f 2243 98 1720
f 1720 98 96
f 1720 96 94
f 2315 2323 2324
f 1592 1590 2296
f 2296 1590 1588
f 2296 1588 2325
f 2325 1588 1586
f 2325 1586 2326
f 2326 1586 1584
f 2326 1584 2327
f 1714 1713 2324
f 2324 2323 1714
f 1714 2323 2328
f 1714 2328 1578
f 2315 2314 2323
f 2323 2314 2329
f 2323 2329 2328
f 2328 2329 2330
f 2328 2330 1578
f 2307 2306 2314
f 2314 2306 2331
f 2314 2331 2329
f 2329 2331 2332
f 2329 2332 2330
f 2330 2332 2333
f 2330 2333 1578
f 2295 2294 2306
f 2306 2294 2334
f 2306 2334 2331
f 2331 2334 2335
f 2331 2335 2332
f 2332 2335 2336
f 2332 2336 2333
f 2333 2336 2337
f 2333 2337 1578
f 2293 2292 2294
f 2294 2292 2338
f 2294 2338 2334
f 2334 2338 2339
f 2334 2339 2335
f 2335 2339 2340
f 2335 2340 2336
f 2336 2340 2341
f 2336 2341 2337
f 2337 2341 2342
f 2337 2342 1578
f 2287 2286 2292
f 2292 2286 2343
f 2292 2343 2338
f 2338 2343 2344
f 2338 2344 2339
f 2339 2344 2345
f 2339 2345 2340
f 2340 2345 2346
f 2340 2346 2341
f 2341 2346 2347
f 2341 2347 2342
f 2342 2347 2348
f 2342 2348 1578
f 2284 2283 2286
f 2286 2283 2349
f 2286 2349 2343
f 2343 2349 2350
f 2343 2350 2344
f 2344 2350 2351
f 2344 2351 2345
f 2345 2351 2352
f 2345 2352 2346
f 2346 2352 2353
f 2346 2353 2347
f 2347 2353 2354
f 2347 2354 2348
f 2348 2354 2355
f 2348 2355 1578
f 2279 2278 2283
f 2283 2278 2356
f 2283 2356 2349
f 2349 2356 2357
f 2349 2357 2350
f 2350 2357 2358
f 2350 2358 2351
f 2351 2358 2359
f 2351 2359 2352
f 2352 2359 2360
f 2352 2360 2353
f 2353 2360 2361
f 2353 2361 2354
f 2354 2361 2362
f 2354 2362 2355
f 2355 2362 2363
f 2355 2363 1578
f 2277 2276 2278
f 2278 2276 2364
f 2278 2364 2356
f 2356 2364 2365
f 2356 2365 2357
f 2357 2365 2366
f 2357 2366 2358
f 2358 2366 2367
f 2358 2367 2359
f 2359 2367 2368
f 2359 2368 2360
f 2360 2368 2369
f 2360 2369 2361
f 2361 2369 2370
f 2361 2370 2362
f 2362 2370 2371
f 2362 2371 2363
f 2363 2371 2372
f 2363 2372 1578
f 2275 2274 2276
f 2276 2274 2373
f 2276 2373 2364
f 2364 2373 2374
f 2364 2374 2365
f 2365 2374 2375
f 2365 2375 2366
f 2366 2375 2376
f 2366 2376 2367
f 2367 2376 2377
f 2367 2377 2368
f 2368 2377 2378
f 2368 2378 2369
f 2369 2378 2379
f 2369 2379 2370
f 2370 2379 2380
f 2370 2380 2371
f 2371 2380 2381
f 2371 2381 2372
f 2372 2381 2382
f 2372 2382 1578
f 2272 2271 2274
f 2274 2271 2383
f 2274 2383 2373
f 2373 2383 2384
f 2373 2384 2374
f 2374 2384 2385
f 2374 2385 2375
f 2375 2385 2386
f 2375 2386 2376
f 2376 2386 2387
f 2376 2387 2377
f 2377 2387 2388
f 2377 2388 2378
f 2378 2388 2389
f 2378 2389 2379
f 2379 2389 2390
f 2379 2390 2380
f 2380 2390 2391
f 2380 2391 2381
f 2381 2391 2392
f 2381 2392 2382
f 2382 2392 2393
f 2382 2393 1578
f 2241 2240 2271
f 2271 2240 2394
f 2271 2394 2383
f 2383 2394 2395
f 2383 2395 2384
f 2384 2395 2396
f 2384 2396 2385
f 2385 2396 2397
f 2385 2397 2386
f 2386 2397 2398
f 2386 2398 2387
f 2387 2398 2399
f 2387 2399 2388
f 2388 2399 2400
f 2388 2400 2389
f 2389 2400 2401
f 2389 2401 2390
f 2390 2401 2402
f 2390 2402 2391
f 2391 2402 2403
f 2391 2403 2392
f 2392 2403 2404
f 2392 2404 2393
f 2393 2404 2405
f 2393 2405 1578
f 2239 2238 2240
f 2240 2238 2406
f 2240 2406 2394
f 2394 2406 2407
f 2394 2407 2395
f 2395 2407 2408
f 2395 2408 2396
f 2396 2408 2409
f 2396 2409 2397
f 2397 2409 2410
f 2397 2410 2398
f 2398 2410 2411
f 2398 2411 2399
f 2399 2411 2412
f 2399 2412 2400
f 2400 2412 2413
f 2400 2413 2401
f 2401 2413 2414
f 2401 2414 2402
f 2402 2414 2415
f 2402 2415 2403
f 2403 2415 2416
f 2403 2416 2404
f 2404 2416 2417
f 2404 2417 2405
f 2405 2417 2418
f 2405 2418 1578
f 2210 2209 2238
f 2238 2209 2419
f 2238 2419 2406
f 2406 2419 2420
f 2406 2420 2407
f 2407 2420 2421
f 2407 2421 2408
f 2408 2421 2422
f 2408 2422 2409
f 2409 2422 2423
f 2409 2423 2410
f 2410 2423 2424
f 2410 2424 2411
f 2411 2424 2425
f 2411 2425 2412
f 2412 2425 2426
f 2412 2426 2413
f 2413 2426 2427
f 2413 2427 2414
f 2414 2427 2428
f 2414 2428 2415
f 2415 2428 2429
f 2415 2429 2416
f 2416 2429 2430
f 2416 2430 2417
f 2417 2430 2431
f 2417 2431 2418
f 2418 2431 2432
f 2418 2432 1578
f 2207 2206 2209
f 2209 2206 2433
f 2209 2433 2419
f 2419 2433 2434
f 2419 2434 2420
f 2420 2434 2435
f 2420 2435 2421
f 2421 2435 2436
f 2421 2436 2422
f 2422 2436 2437
f 2422 2437 2423
f 2423 2437 2438
f 2423 2438 2424
f 2424 2438 2439
f 2424 2439 2425
f 2425 2439 2440
f 2425 2440 2426
f 2426 2440 2441
f 2426 2441 2427
f 2427 2441 2442
f 2427 2442 2428
f 2428 2442 2443
f 2428 2443 2429
f 2429 2443 2444
f 2429 2444 2430
f 2430 2444 2445
f 2430 2445 2431
f 2431 2445 2446
f 2431 2446 2432
f 2432 2446 2447
f 2432 2447 1578
f 2138 2137 2206
f 2206 2137 2448
f 2206 2448 2433
f 2433 2448 2449
f 2433 2449 2434
f 2434 2449 2450
f 2434 2450 2435
f 2435 2450 2451
f 2435 2451 2436
f 2436 2451 2452
f 2436 2452 2437
f 2437 2452 2453
f 2437 2453 2438
f 2438 2453 2454
f 2438 2454 2439
f 2439 2454 2455
f 2439 2455 2440
f 2440 2455 2456
f 2440 2456 2441
f 2441 2456 2457
f 2441 2457 2442
f 2442 2457 2458
f 2442 2458 2443
f 2443 2458 2459
f 2443 2459 2444
f 2444 2459 2460
f 2444 2460 2445
f 2445 2460 2461
f 2445 2461 2446
f 2446 2461 2462
f 2446 2462 2447
f 2447 2462 2463
f 2447 2463 1578
f 2134 2133 2137
f 2137 2133 2464
f 2137 2464 2448
f 2448 2464 2465
f 2448 2465 2449
f 2449 2465 2466
f 2449 2466 2450
f 2450 2466 2467
f 2450 2467 2451
f 2451 2467 2468
f 2451 2468 2452
f 2452 2468 2469
f 2452 2469 2453
f 2453 2469 2470
f 2453 2470 2454
f 2454 2470 2471
f 2454 2471 2455
f 2455 2471 2472
f 2455 2472 2456
f 2456 2472 2473
f 2456 2473 2457
f 2457 2473 2474
f 2457 2474 2458
f 2458 2474 2475
f 2458 2475 2459
f 2459 2475 2476
f 2459 2476 2460
f 2460 2476 2477
f 2460 2477 2461
f 2461 2477 2478
f 2461 2478 2462
f 2462 2478 2479
f 2462 2479 2463
f 2463 2479 2480
f 2463 2480 1578
f 2131 2130 2133
f 2133 2130 2481
f 2133 2481 2464
f 2464 2481 2482
f 2464 2482 2465
f 2465 2482 2483
f 2465 2483 2466
f 2466 2483 2484
f 2466 2484 2467
f 2467 2484 2485
f 2467 2485 2468
f 2468 2485 2486
f 2468 2486 2469
f 2469 2486 2487
f 2469 2487 2470
f 2470 2487 2488
f 2470 2488 2471
f 2471 2488 2489
f 2471 2489 2472
f 2472 2489 2490
f 2472 2490 2473
f 2473 2490 2491
f 2473 2491 2474
f 2474 2491 2492
f 2474 2492 2475
f 2475 2492 2493
f 2475 2493 2476
f 2476 2493 2494
f 2476 2494 2477
f 2477 2494 2495
f 2477 2495 2478
f 2478 2495 2496
f 2478 2496 2479
f 2479 2496 2497
f 2479 2497 2480
f 2480 2497 2498
f 2480 2498 1578
f 2107 2106 2130
f 2130 2106 2499
f 2130 2499 2481
f 2481 2499 2500
f 2481 2500 2482
f 2482 2500 2501
f 2482 2501 2483
f 2483 2501 2502
f 2483 2502 2484
f 2484 2502 2503
f 2484 2503 2485
f 2485 2503 2504
f 2485 2504 2486
f 2486 2504 2505
f 2486 2505 2487
f 2487 2505 2506
f 2487 2506 2488
f 2488 2506 2507
f 2488 2507 2489
f 2489 2507 2508
f 2489 2508 2490
f 2490 2508 2509
f 2490 2509 2491
f 2491 2509 2510
f 2491 2510 2492
f 2492 2510 2511
f 2492 2511 2493
f 2493 2511 2512
f 2493 2512 2494
f 2494 2512 2513
f 2494 2513 2495
f 2495 2513 2514
f 2495 2514 2496
f 2496 2514 2515
f 2496 2515 2497
f 2497 2515 2516
f 2497 2516 2498
f 2498 2516 2517
f 2498 2517 1578
f 2086 2085 2106
f 2106 2085 2518
f 2106 2518 2499
f 2499 2518 2519
f 2499 2519 2500
f 2500 2519 2520
f 2500 2520 2501
f 2501 2520 2521
f 2501 2521 2502
f 2502 2521 2522
f 2502 2522 2503
f 2503 2522 2523
f 2503 2523 2504
f 2504 2523 2524
f 2504 2524 2505
f 2505 2524 2525
f 2505 2525 2506
f 2506 2525 2526
f 2506 2526 2507
f 2507 2526 2527
f 2507 2527 2508
f 2508 2527 2528
f 2508 2528 2509
f 2509 2528 2529
f 2509 2529 2510
f 2510 2529 2530
f 2510 2530 2511
f 2511 2530 2531
f 2511 2531 2512
f 2512 2531 2532
f 2512 2532 2513
f 2513 2532 2533
f 2513 2533 2514
f 2514 2533 2534
f 2514 2534 2515
f 2515 2534 2535
f 2515 2535 2516
f 2516 2535 2536
f 2516 2536 2517
f 2517 2536 2537
f 2517 2537 1578
f 2064 2063 2085
f 2085 2063 2538
f 2085 2538 2518
f 2518 2538 2539
f 2518 2539 2519
f 2519 2539 2540
f 2519 2540 2520
f 2520 2540 2541
f 2520 2541 2521
f 2521 2541 2542
f 2521 2542 2522
f 2522 2542 2543
f 2522 2543 2523
f 2523 2543 2544
f 2523 2544 2524
f 2524 2544 2545
f 2524 2545 2525
f 2525 2545 2546
f 2525 2546 2526
f 2526 2546 2547
f 2526 2547 2527
f 2527 2547 2548
f 2527 2548 2528
f 2528 2548 2549
f 2528 2549 2529
f 2529 2549 2550
f 2529 2550 2530
f 2530 2550 2551
f 2530 2551 2531
f 2531 2551 2552
f 2531 2552 2532
f 2532 2552 2553
f 2532 2553 2533
f 2533 2553 2554
f 2533 2554 2534
f 2534 2554 2555
f 2534 2555 2535
f 2535 2555 2556
f 2535 2556 2536
f 2536 2556 2557
f 2536 2557 2537
f 2537 2557 2558
f 2537 2558 1578
f 2027 2026 2063
f 2063 2026 2559
f 2063 2559 2538
f 2538 2559 2560
f 2538 2560 2539
f 2539 2560 2561
f 2539 2561 2540
f 2540 2561 2562
f 2540 2562 2541
f 2541 2562 2563
f 2541 2563 2542
f 2542 2563 2564
f 2542 2564 2543
f 2543 2564 2565
f 2543 2565 2544
f 2544 2565 2566
f 2544 2566 2545
f 2545 2566 2567
f 2545 2567 2546
f 2546 2567 2568
f 2546 2568 2547
f 2547 2568 2569
f 2547 2569 2548
f 2548 2569 2570
f 2548 2570 2549
f 2549 2570 2571
f 2549 2571 2550
f 2550 2571 2572
f 2550 2572 2551
f 2551 2572 2573
f 2551 2573 2552
f 2552 2573 2574
f 2552 2574 2553
f 2553 2574 2575
f 2553 2575 2554
f 2554 2575 2576
f 2554 2576 2555
f 2555 2576 2577
f 2555 2577 2556
f 2556 2577 2578
f 2556 2578 2557
f 2557 2578 2579
f 2557 2579 2558
f 2558 2579 2580
f 2558 2580 1578
f 2008 2007 2026
f 2026 2007 2581
f 2026 2581 2559
f 2559 2581 2582
f 2559 2582 2560
f 2560 2582 2583
f 2560 2583 2561
f 2561 2583 2584
f 2561 2584 2562
f 2562 2584 2585
f 2562 2585 2563
f 2563 2585 2586
f 2563 2586 2564
f 2564 2586 2587
f 2564 2587 2565
f 2565 2587 2588
f 2565 2588 2566
f 2566 2588 2589
f 2566 2589 2567
f 2567 2589 2590
f 2567 2590 2568
f 2568 2590 2591
f 2568 2591 2569
f 2569 2591 2592
f 2569 2592 2570
f 2570 2592 2593
f 2570 2593 2571
f 2571 2593 2594
f 2571 2594 2572
f 2572 2594 2595
f 2572 2595 2573
f 2573 2595 2596
f 2573 2596 2574
f 2574 2596 2597
f 2574 2597 2575
f 2575 2597 2598
f 2575 2598 2576
f 2576 2598 2599
f 2576 2599 2577
f 2577 2599 2600
f 2577 2600 2578
f 2578 2600 2601
f 2578 2601 2579
f 2579 2601 2602
f 2579 2602 2580
f 2580 2602 2603
f 2580 2603 1578
f 1988 1987 2007
f 2007 1987 2604
f 2007 2604 2581
f 2581 2604 2605
f 2581 2605 2582
f 2582 2605 2606
f 2582 2606 2583
f 2583 2606 2607
f 2583 2607 2584
f 2584 2607 2608
f 2584 2608 2585
f 2585 2608 2609
f 2585 2609 2586
f 2586 2609 2610
f 2586 2610 2587
f 2587 2610 2611
f 2587 2611 2588
f 2588 2611 2612
f 2588 2612 2589
f 2589 2612 2613
f 2589 2613 2590
f 2590 2613 2614
f 2590 2614 2591
f 2591 2614 2615
f 2591 2615 2592
f 2592 2615 2616
f 2592 2616 2593
f 2593 2616 2617
f 2593 2617 2594
f 2594 2617 2618
f 2594 2618 2595
f 2595 2618 2619
f 2595 2619 2596
f 2596 2619 2620
f 2596 2620 2597
f 2597 2620 2621
f 2597 2621 2598
f 2598 2621 2622
f 2598 2622 2599
f 2599 2622 2623
f 2599 2623 2600
f 2600 2623 2624
f 2600 2624 2601
f 2601 2624 2625
f 2601 2625 2602
f 2602 2625 2626
f 2602 2626 2603
f 2603 2626 2627
f 2603 2627 1578
f 1968 1967 1987
f 1987 1967 2628
f 1987 2628 2604
f 2604 2628 2629
f 2604 2629 2605
f 2605 2629 2630
f 2605 2630 2606
f 2606 2630 2631
f 2606 2631 2607
f 2607 2631 2632
f 2607 2632 2608
f 2608 2632 2633
f 2608 2633 2609
f 2609 2633 2634
f 2609 2634 2610
f 2610 2634 2635
f 2610 2635 2611
f 2611 2635 2636
f 2611 2636 2612
f 2612 2636 2637
f 2612 2637 2613
f 2613 2637 2638
f 2613 2638 2614
f 2614 2638 2639
f 2614 2639 2615
f 2615 2639 2640
f 2615 2640 2616
f 2616 2640 2641
f 2616 2641 2617
f 2617 2641 2642
f 2617 2642 2618
f 2618 2642 2643
f 2618 2643 2619
f 2619 2643 2644
f 2619 2644 2620
f 2620 2644 2645
f 2620 2645 2621
f 2621 2645 2646
f 2621 2646 2622
f 2622 2646 2647
f 2622 2647 2623
f 2623 2647 2648
f 2623 2648 2624
f 2624 2648 2649
f 2624 2649 2625
f 2625 2649 2650
f 2625 2650 2626
f 2626 2650 2651
f 2626 2651 2627
f 2627 2651 2652
f 2627 2652 1578
f 1939 1938 1967
f 1967 1938 2653
f 1967 2653 2628
f 2628 2653 2654
f 2628 2654 2629
f 2629 2654 2655
f 2629 2655 2630
f 2630 2655 2656
f 2630 2656 2631
f 2631 2656 2657
f 2631 2657 2632
f 2632 2657 2658
f 2632 2658 2633
f 2633 2658 2659
f 2633 2659 2634
f 2634 2659 2660
f 2634 2660 2635
f 2635 2660 2661
f 2635 2661 2636
f 2636 2661 2662
f 2636 2662 2637
f 2637 2662 2663
f 2637 2663 2638
f 2638 2663 2664
f 2638 2664 2639
f 2639 2664 2665
f 2639 2665 2640
f 2640 2665 2666
f 2640 2666 2641
f 2641 2666 2667
f 2641 2667 2642
f 2642 2667 2668
f 2642 2668 2643
f 2643 2668 2669
f 2643 2669 2644
f 2644 2669 2670
f 2644 2670 2645
f 2645 2670 2671
f 2645 2671 2646
f 2646 2671 2672
f 2646 2672 2647
f 2647 2672 2673
f 2647 2673 2648
f 2648 2673 2674
f 2648 2674 2649
f 2649 2674 2675
f 2649 2675 2650
f 2650 2675 2676
f 2650 2676 2651
f 2651 2676 2677
f 2651 2677 2652
f 2652 2677 2678
f 2652 2678 1578
f 1924 1923 1938
f 1938 1923 2679
f 1938 2679 2653
f 2653 2679 2680
f 2653 2680 2654
f 2654 2680 2681
f 2654 2681 2655
f 2655 2681 2682
f 2655 2682 2656
f 2656 2682 2683
f 2656 2683 2657
f 2657 2683 2684
f 2657 2684 2658
f 2658 2684 2685
f 2658 2685 2659
f 2659 2685 2686
f 2659 2686 2660
f 2660 2686 2687
f 2660 2687 2661
f 2661 2687 2688
f 2661 2688 2662
f 2662 2688 2689
f 2662 2689 2663
f 2663 2689 2690
f 2663 2690 2664
f 2664 2690 2691
f 2664 2691 2665
f 2665 2691 2692
f 2665 2692 2666
f 2666 2692 2693
f 2666 2693 2667
f 2667 2693 2694
f 2667 2694 2668
f 2668 2694 2695
f 2668 2695 2669
f 2669 2695 2696
f 2669 2696 2670
f 2670 2696 2697
f 2670 2697 2671
f 2671 2697 2698
f 2671 2698 2672
f 2672 2698 2699
f 2672 2699 2673
f 2673 2699 2700
f 2673 2700 2674
f 2674 2700 2701
f 2674 2701 2675
f 2675 2701 2702
f 2675 2702 2676
f 2676 2702 2703
f 2676 2703 2677
f 2677 2703 2704
f 2677 2704 2678
f 2678 2704 2705
f 2678 2705 1578
f 1896 1895 1923
f 1923 1895 2706
f 1923 2706 2679
f 2679 2706 2707
f 2679 2707 2680
f 2680 2707 2708
f 2680 2708 2681
f 2681 2708 2709
f 2681 2709 2682
f 2682 2709 2710
f 2682 2710 2683
f 2683 2710 2711
f 2683 2711 2684
f 2684 2711 2712
f 2684 2712 2685
f 2685 2712 2713
f 2685 2713 2686
f 2686 2713 2714
f 2686 2714 2687
f 2687 2714 2715
f 2687 2715 2688
f 2688 2715 2716
f 2688 2716 2689
f 2689 2716 2717
f 2689 2717 2690
f 2690 2717 2718
f 2690 2718 2691
f 2691 2718 2719
f 2691 2719 2692
f 2692 2719 2720
f 2692 2720 2693
f 2693 2720 2721
f 2693 2721 2694
f 2694 2721 2722
f 2694 2722 2695
f 2695 2722 2723
f 2695 2723 2696
f 2696 2723 2724
f 2696 2724 2697
f 2697 2724 2725
f 2697 2725 2698
f 2698 2725 2726
f 2698 2726 2699
f 2699 2726 2727
f 2699 2727 2700
f 2700 2727 2728
f 2700 2728 2701
f 2701 2728 2729
f 2701 2729 2702
f 2702 2729 2730
f 2702 2730 2703
f 2703 2730 2731
f 2703 2731 2704
f 2704 2731 2732
f 2704 2732 2705
f 2705 2732 2733
f 2705 2733 1578
f 1874 1873 1895
f 1895 1873 2734
f 1895 2734 2706
f 2706 2734 2735
f 2706 2735 2707
f 2707 2735 2736
f 2707 2736 2708
f 2708 2736 2737
f 2708 2737 2709
f 2709 2737 2738
f 2709 2738 2710
f 2710 2738 2739
f 2710 2739 2711
f 2711 2739 2740
f 2711 2740 2712
f 2712 2740 2741
f 2712 2741 2713
f 2713 2741 2742
f 2713 2742 2714
f 2714 2742 2743
f 2714 2743 2715
f 2715 2743 2744
f 2715 2744 2716
f 2716 2744 2745
f 2716 2745 2717
f 2717 2745 2746
f 2717 2746 2718
f 2718 2746 2747
f 2718 2747 2719
f 2719 2747 2748
f 2719 2748 2720
f 2720 2748 2749
f 2720 2749 2721
f 2721 2749 2750
f 2721 2750 2722
f 2722 2750 2751
f 2722 2751 2723
f 2723 2751 2752
f 2723 2752 2724
f 2724 2752 2753
f 2724 2753 2725
f 2725 2753 2754
f 2725 2754 2726
f 2726 2754 2755
f 2726 2755 2727
f 2727 2755 2756
f 2727 2756 2728
f 2728 2756 2757
f 2728 2757 2729
f 2729 2757 2758
f 2729 2758 2730
f 2730 2758 2759
f 2730 2759 2731
f 2731 2759 2760
f 2731 2760 2732
f 2732 2760 2761
f 2732 2761 2733
f 2733 2761 2762
f 2733 2762 1578
f 1845 1844 1873
f 1873 1844 2763
f 1873 2763 2734
f 2734 2763 2764
f 2734 2764 2735
f 2735 2764 2765
f 2735 2765 2736
f 2736 2765 2766
f 2736 2766 2737
f 2737 2766 2767
f 2737 2767 2738
f 2738 2767 2768
f 2738 2768 2739
f 2739 2768 2769
f 2739 2769 2740
f 2740 2769 2770
f 2740 2770 2741
f 2741 2770 2771
f 2741 2771 2742
f 2742 2771 2772
f 2742 2772 2743
f 2743 2772 2773
f 2743 2773 2744
f 2744 2773 2774
f 2744 2774 2745
f 2745 2774 2775
f 2745 2775 2746
f 2746 2775 2776
f 2746 2776 2747
f 2747 2776 2777
f 2747 2777 2748
f 2748 2777 2778
f 2748 2778 2749
f 2749 2778 2779
f 2749 2779 2750
f 2750 2779 2780
f 2750 2780 2751
f 2751 2780 2781
f 2751 2781 2752
f 2752 2781 2782
f 2752 2782 2753
f 2753 2782 2783
f 2753 2783 2754
f 2754 2783 2784
f 2754 2784 2755
f 2755 2784 2785
f 2755 2785 2756
f 2756 2785 2786
f 2756 2786 2757
f 2757 2786 2787
f 2757 2787 2758
f 2758 2787 2788
f 2758 2788 2759
f 2759 2788 2789
f 2759 2789 2760
f 2760 2789 2790
f 2760 2790 2761
f 2761 2790 2791
f 2761 2791 2762
f 2762 2791 2792
f 2762 2792 1578
f 1809 1808 1844
f 1844 1808 2793
f 1844 2793 2763
f 2763 2793 2794
f 2763 2794 2764
f 2764 2794 2795
f 2764 2795 2765
f 2765 2795 2796
f 2765 2796 2766
f 2766 2796 2797
f 2766 2797 2767
f 2767 2797 2798
f 2767 2798 2768
f 2768 2798 2799
f 2768 2799 2769
f 2769 2799 2800
f 2769 2800 2770
f 2770 2800 2801
f 2770 2801 2771
f 2771 2801 2802
f 2771 2802 2772
f 2772 2802 2803
f 2772 2803 2773
f 2773 2803 2804
f 2773 2804 2774
f 2774 2804 2805
f 2774 2805 2775
f 2775 2805 2806
f 2775 2806 2776
f 2776 2806 2807
f 2776 2807 2777
f 2777 2807 2808
f 2777 2808 2778
f 2778 2808 2809
f 2778 2809 2779
f 2779 2809 2810
f 2779 2810 2780
f 2780 2810 2811
f 2780 2811 2781
f 2781 2811 2812
f 2781 2812 2782
f 2782 2812 2813
f 2782 2813 2783
f 2783 2813 2814
f 2783 2814 2784
f 2784 2814 2815
f 2784 2815 2785
f 2785 2815 2816
f 2785 2816 2786
f 2786 2816 2817
f 2786 2817 2787
f 2787 2817 2818
f 2787 2818 2788
f 2788 2818 2819
f 2788 2819 2789
f 2789 2819 2820
f 2789 2820 2790
f 2790 2820 2821
f 2790 2821 2791
f 2791 2821 2822
f 2791 2822 2792
f 2792 2822 2823
f 2792 2823 1578
f 1774 1773 1808
f 1808 1773 2824
f 1808 2824 2793
f 2793 2824 2825
f 2793 2825 2794
f 2794 2825 2826
f 2794 2826 2795
f 2795 2826 2827
f 2795 2827 2796
f 2796 2827 2828
f 2796 2828 2797
f 2797 2828 2829
f 2797 2829 2798
f 2798 2829 2830
f 2798 2830 2799
f 2799 2830 2831
f 2799 2831 2800
f 2800 2831 2832
f 2800 2832 2801
f 2801 2832 2833
f 2801 2833 2802
f 2802 2833 2834
f 2802 2834 2803
f 2803 2834 2835
f 2803 2835 2804
f 2804 2835 2836
f 2804 2836 2805
f 2805 2836 2837
f 2805 2837 2806
f 2806 2837 2838
f 2806 2838 2807
f 2807 2838 2839
f 2807 2839 2808
f 2808 2839 2840
f 2808 2840 2809
f 2809 2840 2841
f 2809 2841 2810
f 2810 2841 2842
f 2810 2842 2811
f 2811 2842 2843
f 2811 2843 2812
f 2812 2843 2844
f 2812 2844 2813
f 2813 2844 2845
f 2813 2845 2814
f 2814 2845 2846
f 2814 2846 2815
f 2815 2846 2847
f 2815 2847 2816
f 2816 2847 2848
f 2816 2848 2817
f 2817 2848 2849
f 2817 2849 2818
f 2818 2849 2850
f 2818 2850 2819
f 2819 2850 2851
f 2819 2851 2820
f 2820 2851 2852
f 2820 2852 2821
f 2821 2852 2853
f 2821 2853 2822
f 2822 2853 2854
f 2822 2854 2823
f 2823 2854 2855
f 2823 2855 1578
f 1766 1765 1773
f 1773 1765 2856
f 1773 2856 2824
f 2824 2856 2857
f 2824 2857 2825
f 2825 2857 2858
f 2825 2858 2826
f 2826 2858 2859
f 2826 2859 2827
f 2827 2859 2860
f 2827 2860 2828
f 2828 2860 2861
f 2828 2861 2829
f 2829 2861 2862
f 2829 2862 2830
f 2830 2862 2863
f 2830 2863 2831
f 2831 2863 2864
f 2831 2864 2832
f 2832 2864 2865
f 2832 2865 2833
f 2833 2865 2866
f 2833 2866 2834
f 2834 2866 2867
f 2834 2867 2835
f 2835 2867 2868
f 2835 2868 2836
f 2836 2868 2869
f 2836 2869 2837
f 2837 2869 2870
f 2837 2870 2838
f 2838 2870 2871
f 2838 2871 2839
f 2839 2871 2872
f 2839 2872 2840
f 2840 2872 2873
f 2840 2873 2841
f 2841 2873 2874
f 2841 2874 2842
f 2842 2874 2875
f 2842 2875 2843
f 2843 2875 2876
f 2843 2876 2844
f 2844 2876 2877
f 2844 2877 2845
f 2845 2877 2878
f 2845 2878 2846
f 2846 2878 2879
f 2846 2879 2847
f 2847 2879 2880
f 2847 2880 2848
f 2848 2880 2881
f 2848 2881 2849
f 2849 2881 2882
f 2849 2882 2850
f 2850 2882 2883
f 2850 2883 2851
f 2851 2883 2884
f 2851 2884 2852
f 2852 2884 2885
f 2852 2885 2853
f 2853 2885 2886
f 2853 2886 2854
f 2854 2886 2887
f 2854 2887 2855
f 2855 2887 2888
f 2855 2888 1578
f 1759 1758 1765
f 1765 1758 1810
f 1765 1810 2856
f 2856 1810 1811
f 2856 1811 2857
f 2857 1811 1812
f 2857 1812 2858
f 2858 1812 1897
f 2858 1897 2859
f 2859 1897 1898
f 2859 1898 2860
f 2860 1898 1899
f 2860 1899 2861
f 2861 1899 1969
f 2861 1969 2862
f 2862 1969 1970
f 2862 1970 2863
f 2863 1970 1971
f 2863 1971 2864
f 2864 1971 1989
f 2864 1989 2865
f 2865 1989 1990
f 2865 1990 2866
f 2866 1990 2028
f 2866 2028 2867
f 2867 2028 2065
f 2867 2065 2868
f 2868 2065 2066
f 2868 2066 2869
f 2869 2066 2108
f 2869 2108 2870
f 2870 2108 2132
f 2870 2132 2871
f 2871 2132 2135
f 2871 2135 2872
f 2872 2135 2136
f 2872 2136 2873
f 2873 2136 2208
f 2873 2208 2874
f 2874 2208 2211
f 2874 2211 2875
f 2875 2211 2212
f 2875 2212 2876
f 2876 2212 2242
f 2876 2242 2877
f 2877 2242 2273
f 2877 2273 2878
f 2878 2273 2280
f 2878 2280 2879
f 2879 2280 2281
f 2879 2281 2880
f 2880 2281 2282
f 2880 2282 2881
f 2881 2282 2285
f 2881 2285 2882
f 2882 2285 2288
f 2882 2288 2883
f 2883 2288 2297
f 2883 2297 2884
f 2884 2297 2296
f 2884 2296 2885
f 2885 2296 2325
f 2885 2325 2886
f 2886 2325 2326
f 2886 2326 2887
f 2887 2326 2327
f 2887 2327 2888
f 2888 2327 2889
f 2888 2889 1578
f 1584 1582 2327
f 2327 1582 1580
f 2327 1580 2889
f 2889 1580 1578
f 1578 1576 2316
f 2316 1576 1574
f 2316 1574 1571
f 2270 2890 2269
f 2269 2890 2891
f 2269 2891 2268
f 2268 2891 2892
f 2268 2892 2267
f 2267 2892 2893
f 2267 2893 2266
f 2266 2893 2894
f 2266 2894 2265
f 2265 2894 2895
f 2265 2895 2264
f 2264 2895 2896
f 2264 2896 2263
f 2263 2896 2897
f 2263 2897 2262
f 2262 2897 2898
f 2262 2898 2261
f 2261 2898 2899
f 2261 2899 2260
f 2260 2899 2900
f 2260 2900 2259
f 2259 2900 2901
f 2259 2901 2258
f 2258 2901 2902
f 2258 2902 2257
f 2257 2902 2903
f 2257 2903 2256
f 2256 2903 2904
f 2256 2904 2255
f 2255 2904 2905
f 2255 2905 2254
f 2254 2905 2906
f 2254 2906 2253
f 2253 2906 2907
f 2253 2907 2252
f 2252 2907 2908
f 2252 2908 2251
f 2251 2908 2909
f 2251 2909 2250
f 2250 2909 2910
f 2250 2910 2249
f 2249 2910 2911
f 2249 2911 2248
f 2248 2911 2912
f 2248 2912 2247
f 2247 2912 2913
f 2247 2913 2246
f 2246 2913 2914
f 2246 2914 2245
f 2245 2914 2915
f 2245 2915 2244
f 2244 2915 2916
f 2244 2916 2243
f 2243 2916 2917
f 2243 2917 1719
f 1719 2917 2918
f 1719 2918 1717
f 1717 2918 2919
f 1717 2919 1715
f 1715 2919 2920
f 1715 2920 2322
f 2322 2920 2921
f 2322 2921 2321
f 2321 2921 2922
f 2321 2922 2320
f 2320 2922 2923
f 2320 2923 2319
f 2319 2923 2924
f 2319 2924 2318
f 2318 2924 2925
f 2318 2925 2317
f 2317 2925 2926
f 2317 2926 2316
f 2316 2926 1578
f 1694 1692 2270
f 2270 1692 1690
f 2270 1690 2890
f 2890 1690 1730
f 2890 1730 2891
f 2891 1730 1759
f 2891 1759 2892
f 2892 1759 1766
f 2892 1766 2893
f 2893 1766 1774
f 2893 1774 2894
f 2894 1774 1809
f 2894 1809 2895
f 2895 1809 1845
f 2895 1845 2896
f 2896 1845 1874
f 2896 1874 2897
f 2897 1874 1896
f 2897 1896 2898
f 2898 1896 1924
f 2898 1924 2899
f 2899 1924 1939
f 2899 1939 2900
f 2900 1939 1968
f 2900 1968 2901
f 2901 1968 1988
f 2901 1988 2902
f 2902 1988 2008
f 2902 2008 2903
f 2903 2008 2027
f 2903 2027 2904
f 2904 2027 2064
f 2904 2064 2905
f 2905 2064 2086
f 2905 2086 2906
f 2906 2086 2107
f 2906 2107 2907
f 2907 2107 2131
f 2907 2131 2908
f 2908 2131 2134
f 2908 2134 2909
f 2909 2134 2138
f 2909 2138 2910
f 2910 2138 2207
f 2910 2207 2911
f 2911 2207 2210
f 2911 2210 2912
f 2912 2210 2239
f 2912 2239 2913
f 2913 2239 2241
f 2913 2241 2914
f 2914 2241 2272
f 2914 2272 2915
f 2915 2272 2275
f 2915 2275 2916
f 2916 2275 2277
f 2916 2277 2917
f 2917 2277 2279
f 2917 2279 2918
f 2918 2279 2284
f 2918 2284 2919
f 2919 2284 2287
f 2919 2287 2920
f 2920 2287 2293
f 2920 2293 2921
f 2921 2293 2295
f 2921 2295 2922
f 2922 2295 2307
f 2922 2307 2923
f 2923 2307 2315
f 2923 2315 2924
f 2924 2315 2324
f 2924 2324 2925
f 2925 2324 1713
f 2925 1713 2926
f 2926 1713 1578
f 2927 2928 207
f 2927 207 2929
f 2930 2929 207
f 2931 2930 207
f 2932 2931 207
f 2933 2932 207
f 2934 2933 207
f 2935 2934 207
f 2936 2935 207
f 2937 2936 207
f 2938 2937 207
f 2939 2938 207
f 2940 2939 207
f 2941 2940 207
f 2942 2941 207
f 2943 2942 207
f 2944 2943 207
f 2945 2944 207
f 2946 2945 207
f 2947 2946 207
f 2948 2947 207
f 2949 2948 207
f 2950 2949 207
f 2951 2950 207
f 2952 2951 207
f 2953 2952 207
f 2954 2953 207
f 2955 2954 207
f 2956 2955 207
f 2957 2956 207
f 2958 2957 207
f 2959 2958 207
f 2960 2959 207
f 2961 2960 207
f 2962 2961 207
f 2963 2962 207
f 2964 2963 207
f 209 2964 207
f 221 223 2965
f 2966 2967 2968
f 229 231 2969
f 233 235 2970
f 241 243 2971
f 245 247 2972
f 251 253 2973
f 255 257 2974
f 261 263 2975
f 265 267 2976
f 269 271 2977
f 275 277 2978
f 279 281 2979
f 285 287 2980
f 289 291 2981
f 297 299 2982
f 305 307 2983
f 313 315 2984
f 317 319 2985
f 2986 2987 2988
f 2989 2990 2991
f 2987 2986 323
f 2990 2989 323
f 2992 18 2993
f 2993 18 12
f 2993 12 14
f 121 2994 14
f 127 2995 2996
f 2995 127 129
f 133 2997 2998
f 2997 133 135
f 59 61 2999
f 2999 61 63
f 3000 3001 3002
f 3002 3001 37
f 118 117 2966
f 2966 117 115
f 2966 115 2967
f 2967 115 114
f 3003 3004 3005
f 3005 3004 55
f 3005 55 57
f 3006 69 68
f 73 71 3007
f 3007 71 69
f 69 3006 3007
f 3007 3006 3008
f 3007 3008 73
f 73 3008 3009
f 73 3009 151
f 151 3009 3010
f 151 3010 149
f 3011 139 3012
f 3012 139 141
f 3012 141 3013
f 3013 141 143
f 3013 143 3014
f 3014 143 145
f 3014 145 3015
f 3015 145 147
f 3016 23 21
f 3017 25 23
f 3018 323 325
f 319 321 2985
f 2985 321 3019
f 2985 3019 3020
f 3021 2991 3022
f 3022 2991 2990
f 3022 2990 3023
f 3023 2990 323
f 315 317 2984
f 2984 317 2985
f 2984 2985 3024
f 3024 2985 3020
f 3024 3020 3025
f 3026 3021 3027
f 3027 3021 3022
f 3027 3022 3028
f 3028 3022 3023
f 3028 3023 3029
f 3029 3023 323
f 3030 3031 3032
f 3032 3031 3033
f 3032 3033 3034
f 3034 3033 3035
f 3034 3035 3036
f 3036 3035 323
f 311 313 3037
f 3037 313 2984
f 3037 2984 3038
f 3038 2984 3024
f 3038 3024 3039
f 3039 3024 3025
f 3039 3025 3040
f 3041 3026 3042
f 3042 3026 3027
f 3042 3027 3043
f 3043 3027 3028
f 3043 3028 3044
f 3044 3028 3029
f 3044 3029 3045
f 3045 3029 323
f 3046 3030 3047
f 3047 3030 3032
f 3047 3032 3048
f 3048 3032 3034
f 3048 3034 3049
f 3049 3034 3036
f 3049 3036 3050
f 3050 3036 323
f 309 311 3051
f 3051 311 3037
f 3051 3037 3052
f 3052 3037 3038
f 3052 3038 3053
f 3053 3038 3039
f 3053 3039 3054
f 3054 3039 3040
f 3054 3040 3055
f 3056 3041 3057
f 3057 3041 3042
f 3057 3042 3058
f 3058 3042 3043
f 3058 3043 3059
f 3059 3043 3044
f 3059 3044 3060
f 3060 3044 3045
f 3060 3045 3061
f 3061 3045 323
f 3062 3046 3063
f 3063 3046 3047
f 3063 3047 3064
f 3064 3047 3048
f 3064 3048 3065
f 3065 3048 3049
f 3065 3049 3066
f 3066 3049 3050
f 3066 3050 3067
f 3067 3050 323
f 307 309 2983
f 2983 309 3051
f 2983 3051 3068
f 3068 3051 3052
f 3068 3052 3069
f 3069 3052 3053
f 3069 3053 3070
f 3070 3053 3054
f 3070 3054 3071
f 3071 3054 3055
f 3071 3055 3072
f 3073 3056 3074
f 3074 3056 3057
f 3074 3057 3075
f 3075 3057 3058
f 3075 3058 3076
f 3076 3058 3059
f 3076 3059 3077
f 3077 3059 3060
f 3077 3060 3078
f 3078 3060 3061
f 3078 3061 3079
f 3079 3061 323
f 3080 3062 3081
f 3081 3062 3063
f 3081 3063 3082
f 3082 3063 3064
f 3082 3064 3083
f 3083 3064 3065
f 3083 3065 3084
f 3084 3065 3066
f 3084 3066 3085
f 3085 3066 3067
f 3085 3067 3086
f 3086 3067 323
f 303 305 3087
f 3087 305 2983
f 3087 2983 3088
f 3088 2983 3068
f 3088 3068 3089
f 3089 3068 3069
f 3089 3069 3090
f 3090 3069 3070
f 3090 3070 3091
f 3091 3070 3071
f 3091 3071 3092
f 3092 3071 3072
f 3092 3072 3093
f 3094 3073 3095
f 3095 3073 3074
f 3095 3074 3096
f 3096 3074 3075
f 3096 3075 3097
f 3097 3075 3076
f 3097 3076 3098
f 3098 3076 3077
f 3098 3077 3099
f 3099 3077 3078
f 3099 3078 3100
f 3100 3078 3079
f 3100 3079 3101
f 3101 3079 323
f 19 3080 3102
f 3102 3080 3081
f 3102 3081 3103
f 3103 3081 3082
f 3103 3082 3104
f 3104 3082 3083
f 3104 3083 3105
f 3105 3083 3084
f 3105 3084 3106
f 3106 3084 3085
f 3106 3085 3107
f 3107 3085 3086
f 3107 3086 3108
f 3108 3086 323
f 323 3109 3108
f 3108 3109 3110
f 3108 3110 3107
f 3107 3110 3111
f 3107 3111 3106
f 3106 3111 3112
f 3106 3112 3105
f 3105 3112 3113
f 3105 3113 3104
f 3104 3113 3114
f 3104 3114 3103
f 3103 3114 3016
f 3103 3016 3102
f 3102 3016 21
f 3102 21 19
f 23 3016 3017
f 3017 3016 3114
f 3017 3114 3115
f 3115 3114 3113
f 3115 3113 3116
f 3116 3113 3112
f 3116 3112 3117
f 3117 3112 3111
f 3117 3111 3118
f 3118 3111 3110
f 3118 3110 3119
f 3119 3110 3109
f 3119 3109 3018
f 3018 3109 323
f 27 25 341
f 341 25 3017
f 341 3017 339
f 339 3017 3115
f 339 3115 337
f 337 3115 3116
f 337 3116 335
f 335 3116 3117
f 335 3117 333
f 333 3117 3118
f 333 3118 331
f 331 3118 3119
f 331 3119 329
f 329 3119 3018
f 329 3018 327
f 327 3018 325
f 3031 2988 3033
f 3033 2988 2987
f 3033 2987 3035
f 3035 2987 323
f 301 303 3120
f 3120 303 3087
f 3120 3087 3121
f 3121 3087 3088
f 3121 3088 3122
f 3122 3088 3089
f 3122 3089 3123
f 3123 3089 3090
f 3123 3090 3124
f 3124 3090 3091
f 3124 3091 3125
f 3125 3091 3092
f 3125 3092 3126
f 3126 3092 3093
f 3126 3093 3127
f 3128 3094 3129
f 3129 3094 3095
f 3129 3095 3130
f 3130 3095 3096
f 3130 3096 3131
f 3131 3096 3097
f 3131 3097 3132
f 3132 3097 3098
f 3132 3098 3133
f 3133 3098 3099
f 3133 3099 3134
f 3134 3099 3100
f 3134 3100 3135
f 3135 3100 3101
f 3135 3101 3136
f 3136 3101 323
f 3137 3138 3139
f 3139 3138 3140
f 3139 3140 3141
f 3141 3140 3142
f 3141 3142 3143
f 2994 3143 14
f 14 3143 3142
f 14 3142 2993
f 2993 3142 3140
f 2993 3140 2992
f 2992 3140 3138
f 299 301 2982
f 2982 301 3120
f 2982 3120 3144
f 3144 3120 3121
f 3144 3121 3145
f 3145 3121 3122
f 3145 3122 3146
f 3146 3122 3123
f 3146 3123 3147
f 3147 3123 3124
f 3147 3124 3148
f 3148 3124 3125
f 3148 3125 3149
f 3149 3125 3126
f 3149 3126 3150
f 3150 3126 3127
f 3150 3127 3151
f 3152 3128 3153
f 3153 3128 3129
f 3153 3129 3154
f 3154 3129 3130
f 3154 3130 3155
f 3155 3130 3131
f 3155 3131 3156
f 3156 3131 3132
f 3156 3132 3157
f 3157 3132 3133
f 3157 3133 3158
f 3158 3133 3134
f 3158 3134 3159
f 3159 3134 3135
f 3159 3135 3160
f 3160 3135 3136
f 3160 3136 3161
f 3161 3136 323
f 3162 3163 3164
f 3164 3163 3165
f 3164 3165 3166
f 3166 3165 3167
f 3166 3167 3168
f 3168 3167 3169
f 3168 3169 3170
f 3170 3169 3171
f 3170 3171 3172
f 3172 3171 3173
f 3172 3173 3174
f 125 3175 123
f 123 3175 3174
f 123 3174 121
f 121 3174 3173
f 121 3173 2994
f 2994 3173 3171
f 2994 3171 3143
f 3143 3171 3169
f 3143 3169 3141
f 3141 3169 3167
f 3141 3167 3139
f 3139 3167 3165
f 3139 3165 3137
f 3137 3165 3163
f 295 297 3176
f 3176 297 2982
f 3176 2982 3177
f 3177 2982 3144
f 3177 3144 3178
f 3178 3144 3145
f 3178 3145 3179
f 3179 3145 3146
f 3179 3146 3180
f 3180 3146 3147
f 3180 3147 3181
f 3181 3147 3148
f 3181 3148 3182
f 3182 3148 3149
f 3182 3149 3183
f 3183 3149 3150
f 3183 3150 3184
f 3184 3150 3151
f 3184 3151 3185
f 3186 3152 3187
f 3187 3152 3153
f 3187 3153 3188
f 3188 3153 3154
f 3188 3154 3189
f 3189 3154 3155
f 3189 3155 3190
f 3190 3155 3156
f 3190 3156 3191
f 3191 3156 3157
f 3191 3157 3192
f 3192 3157 3158
f 3192 3158 3193
f 3193 3158 3159
f 3193 3159 3194
f 3194 3159 3160
f 3194 3160 3195
f 3195 3160 3161
f 3195 3161 3196
f 3196 3161 323
f 3197 3162 3198
f 3198 3162 3164
f 3198 3164 3199
f 3199 3164 3166
f 3199 3166 3200
f 3200 3166 3168
f 3200 3168 3201
f 3201 3168 3170
f 3201 3170 3202
f 3202 3170 3172
f 3202 3172 3203
f 3203 3172 3174
f 3203 3174 3204
f 3204 3174 3175
f 3204 3175 2996
f 2996 3175 125
f 2996 125 127
f 293 295 3205
f 3205 295 3176
f 3205 3176 3206
f 3206 3176 3177
f 3206 3177 3207
f 3207 3177 3178
f 3207 3178 3208
f 3208 3178 3179
f 3208 3179 3209
f 3209 3179 3180
f 3209 3180 3210
f 3210 3180 3181
f 3210 3181 3211
f 3211 3181 3182
f 3211 3182 3212
f 3212 3182 3183
f 3212 3183 3213
f 3213 3183 3184
f 3213 3184 3214
f 3214 3184 3185
f 3214 3185 3215
f 3216 3186 3217
f 3217 3186 3187
f 3217 3187 3218
f 3218 3187 3188
f 3218 3188 3219
f 3219 3188 3189
f 3219 3189 3220
f 3220 3189 3190
f 3220 3190 3221
f 3221 3190 3191
f 3221 3191 3222
f 3222 3191 3192
f 3222 3192 3223
f 3223 3192 3193
f 3223 3193 3224
f 3224 3193 3194
f 3224 3194 3225
f 3225 3194 3195
f 3225 3195 3226
f 3226 3195 3196
f 3226 3196 3227
f 3227 3196 323
f 3228 3197 3229
f 3229 3197 3198
f 3229 3198 3230
f 3230 3198 3199
f 3230 3199 3231
f 3231 3199 3200
f 3231 3200 3232
f 3232 3200 3201
f 3232 3201 3233
f 3233 3201 3202
f 3233 3202 3234
f 3234 3202 3203
f 3234 3203 3235
f 3235 3203 3204
f 3235 3204 3236
f 3236 3204 2996
f 3236 2996 3237
f 3237 2996 2995
f 3237 2995 3238
f 3238 2995 129
f 3238 129 2998
f 2998 129 131
f 2998 131 133
f 291 293 2981
f 2981 293 3205
f 2981 3205 3239
f 3239 3205 3206
f 3239 3206 3240
f 3240 3206 3207
f 3240 3207 3241
f 3241 3207 3208
f 3241 3208 3242
f 3242 3208 3209
f 3242 3209 3243
f 3243 3209 3210
f 3243 3210 3244
f 3244 3210 3211
f 3244 3211 3245
f 3245 3211 3212
f 3245 3212 3246
f 3246 3212 3213
f 3246 3213 3247
f 3247 3213 3214
f 3247 3214 3248
f 3248 3214 3215
f 3248 3215 3249
f 3250 3216 3251
f 3251 3216 3217
f 3251 3217 3252
f 3252 3217 3218
f 3252 3218 3253
f 3253 3218 3219
f 3253 3219 3254
f 3254 3219 3220
f 3254 3220 3255
f 3255 3220 3221
f 3255 3221 3256
f 3256 3221 3222
f 3256 3222 3257
f 3257 3222 3223
f 3257 3223 3258
f 3258 3223 3224
f 3258 3224 3259
f 3259 3224 3225
f 3259 3225 3260
f 3260 3225 3226
f 3260 3226 3261
f 3261 3226 3227
f 3261 3227 3262
f 3262 3227 323
f 287 289 2980
f 2980 289 2981
f 2980 2981 3263
f 3263 2981 3239
f 3263 3239 3264
f 3264 3239 3240
f 3264 3240 3265
f 3265 3240 3241
f 3265 3241 3266
f 3266 3241 3242
f 3266 3242 3267
f 3267 3242 3243
f 3267 3243 3268
f 3268 3243 3244
f 3268 3244 3269
f 3269 3244 3245
f 3269 3245 3270
f 3270 3245 3246
f 3270 3246 3271
f 3271 3246 3247
f 3271 3247 3272
f 3272 3247 3248
f 3272 3248 3273
f 3273 3248 3249
f 3273 3249 3274
f 3275 3250 3276
f 3276 3250 3251
f 3276 3251 3277
f 3277 3251 3252
f 3277 3252 3278
f 3278 3252 3253
f 3278 3253 3279
f 3279 3253 3254
f 3279 3254 3280
f 3280 3254 3255
f 3280 3255 3281
f 3281 3255 3256
f 3281 3256 3282
f 3282 3256 3257
f 3282 3257 3283
f 3283 3257 3258
f 3283 3258 3284
f 3284 3258 3259
f 3284 3259 3285
f 3285 3259 3260
f 3285 3260 3286
f 3286 3260 3261
f 3286 3261 3287
f 3287 3261 3262
f 3287 3262 3288
f 3288 3262 323
f 323 3228 3289
f 3289 3228 3229
f 3289 3229 3290
f 3290 3229 3230
f 3290 3230 3291
f 3291 3230 3231
f 3291 3231 3292
f 3292 3231 3232
f 3292 3232 3293
f 3293 3232 3233
f 3293 3233 3294
f 3294 3233 3234
f 3294 3234 3295
f 3295 3234 3235
f 3295 3235 3296
f 3296 3235 3236
f 3296 3236 3297
f 3297 3236 3237
f 3297 3237 3298
f 3298 3237 3238
f 3298 3238 3299
f 3299 3238 2998
f 3299 2998 3300
f 3300 2998 2997
f 3300 2997 3301
f 3301 2997 135
f 3301 135 3011
f 3011 135 137
f 3011 137 139
f 283 285 3302
f 3302 285 2980
f 3302 2980 3303
f 3303 2980 3263
f 3303 3263 3304
f 3304 3263 3264
f 3304 3264 3305
f 3305 3264 3265
f 3305 3265 3306
f 3306 3265 3266
f 3306 3266 3307
f 3307 3266 3267
f 3307 3267 3308
f 3308 3267 3268
f 3308 3268 3309
f 3309 3268 3269
f 3309 3269 3310
f 3310 3269 3270
f 3310 3270 3311
f 3311 3270 3271
f 3311 3271 3312
f 3312 3271 3272
f 3312 3272 3313
f 3313 3272 3273
f 3313 3273 3314
f 3314 3273 3274
f 3314 3274 3315
f 3316 3275 3317
f 3317 3275 3276
f 3317 3276 3318
f 3318 3276 3277
f 3318 3277 3319
f 3319 3277 3278
f 3319 3278 3320
f 3320 3278 3279
f 3320 3279 3321
f 3321 3279 3280
f 3321 3280 3322
f 3322 3280 3281
f 3322 3281 3323
f 3323 3281 3282
f 3323 3282 3324
f 3324 3282 3283
f 3324 3283 3325
f 3325 3283 3284
f 3325 3284 3326
f 3326 3284 3285
f 3326 3285 3327
f 3327 3285 3286
f 3327 3286 3328
f 3328 3286 3287
f 3328 3287 3329
f 3329 3287 3288
f 3329 3288 3330
f 3330 3288 323
f 281 283 2979
f 2979 283 3302
f 2979 3302 3331
f 3331 3302 3303
f 3331 3303 3332
f 3332 3303 3304
f 3332 3304 3333
f 3333 3304 3305
f 3333 3305 3334
f 3334 3305 3306
f 3334 3306 3335
f 3335 3306 3307
f 3335 3307 3336
f 3336 3307 3308
f 3336 3308 3337
f 3337 3308 3309
f 3337 3309 3338
f 3338 3309 3310
f 3338 3310 3339
f 3339 3310 3311
f 3339 3311 3340
f 3340 3311 3312
f 3340 3312 3341
f 3341 3312 3313
f 3341 3313 3342
f 3342 3313 3314
f 3342 3314 3343
f 3343 3314 3315
f 3343 3315 3344
f 3345 3316 3346
f 3346 3316 3317
f 3346 3317 3347
f 3347 3317 3318
f 3347 3318 3348
f 3348 3318 3319
f 3348 3319 3349
f 3349 3319 3320
f 3349 3320 3350
f 3350 3320 3321
f 3350 3321 3351
f 3351 3321 3322
f 3351 3322 3352
f 3352 3322 3323
f 3352 3323 3353
f 3353 3323 3324
f 3353 3324 3354
f 3354 3324 3325
f 3354 3325 3355
f 3355 3325 3326
f 3355 3326 3356
f 3356 3326 3327
f 3356 3327 3357
f 3357 3327 3328
f 3357 3328 3358
f 3358 3328 3329
f 3358 3329 3359
f 3359 3329 3330
f 3359 3330 3360
f 3360 3330 323
f 277 279 2978
f 2978 279 2979
f 2978 2979 3361
f 3361 2979 3331
f 3361 3331 3362
f 3362 3331 3332
f 3362 3332 3363
f 3363 3332 3333
f 3363 3333 3364
f 3364 3333 3334
f 3364 3334 3365
f 3365 3334 3335
f 3365 3335 3366
f 3366 3335 3336
f 3366 3336 3367
f 3367 3336 3337
f 3367 3337 3368
f 3368 3337 3338
f 3368 3338 3369
f 3369 3338 3339
f 3369 3339 3370
f 3370 3339 3340
f 3370 3340 3371
f 3371 3340 3341
f 3371 3341 3372
f 3372 3341 3342
f 3372 3342 3373
f 3373 3342 3343
f 3373 3343 3374
f 3374 3343 3344
f 3374 3344 3375
f 3376 3345 3377
f 3377 3345 3346
f 3377 3346 3378
f 3378 3346 3347
f 3378 3347 3379
f 3379 3347 3348
f 3379 3348 3380
f 3380 3348 3349
f 3380 3349 3381
f 3381 3349 3350
f 3381 3350 3382
f 3382 3350 3351
f 3382 3351 3383
f 3383 3351 3352
f 3383 3352 3384
f 3384 3352 3353
f 3384 3353 3385
f 3385 3353 3354
f 3385 3354 3386
f 3386 3354 3355
f 3386 3355 3387
f 3387 3355 3356
f 3387 3356 3388
f 3388 3356 3357
f 3388 3357 3389
f 3389 3357 3358
f 3389 3358 3390
f 3390 3358 3359
f 3390 3359 3391
f 3391 3359 3360
f 3391 3360 3392
f 3392 3360 323
f 273 275 3393
f 3393 275 2978
f 3393 2978 3394
f 3394 2978 3361
f 3394 3361 3395
f 3395 3361 3362
f 3395 3362 3396
f 3396 3362 3363
f 3396 3363 3397
f 3397 3363 3364
f 3397 3364 3398
f 3398 3364 3365
f 3398 3365 3399
f 3399 3365 3366
f 3399 3366 3400
f 3400 3366 3367
f 3400 3367 3401
f 3401 3367 3368
f 3401 3368 3402
f 3402 3368 3369
f 3402 3369 3403
f 3403 3369 3370
f 3403 3370 3404
f 3404 3370 3371
f 3404 3371 3405
f 3405 3371 3372
f 3405 3372 3406
f 3406 3372 3373
f 3406 3373 3407
f 3407 3373 3374
f 3407 3374 3408
f 3408 3374 3375
f 3408 3375 3409
f 3410 3376 3411
f 3411 3376 3377
f 3411 3377 3412
f 3412 3377 3378
f 3412 3378 3413
f 3413 3378 3379
f 3413 3379 3414
f 3414 3379 3380
f 3414 3380 3415
f 3415 3380 3381
f 3415 3381 3416
f 3416 3381 3382
f 3416 3382 3417
f 3417 3382 3383
f 3417 3383 3418
f 3418 3383 3384
f 3418 3384 3419
f 3419 3384 3385
f 3419 3385 3420
f 3420 3385 3386
f 3420 3386 3421
f 3421 3386 3387
f 3421 3387 3422
f 3422 3387 3388
f 3422 3388 3423
f 3423 3388 3389
f 3423 3389 3424
f 3424 3389 3390
f 3424 3390 3425
f 3425 3390 3391
f 3425 3391 3426
f 3426 3391 3392
f 3426 3392 3427
f 3427 3392 323
f 271 273 2977
f 2977 273 3393
f 2977 3393 3428
f 3428 3393 3394
f 3428 3394 3429
f 3429 3394 3395
f 3429 3395 3430
f 3430 3395 3396
f 3430 3396 3431
f 3431 3396 3397
f 3431 3397 3432
f 3432 3397 3398
f 3432 3398 3433
f 3433 3398 3399
f 3433 3399 3434
f 3434 3399 3400
f 3434 3400 3435
f 3435 3400 3401
f 3435 3401 3436
f 3436 3401 3402
f 3436 3402 3437
f 3437 3402 3403
f 3437 3403 3438
f 3438 3403 3404
f 3438 3404 3439
f 3439 3404 3405
f 3439 3405 3440
f 3440 3405 3406
f 3440 3406 3441
f 3441 3406 3407
f 3441 3407 3442
f 3442 3407 3408
f 3442 3408 3443
f 3443 3408 3409
f 3443 3409 3444
f 3445 3410 3446
f 3446 3410 3411
f 3446 3411 3447
f 3447 3411 3412
f 3447 3412 3448
f 3448 3412 3413
f 3448 3413 3449
f 3449 3413 3414
f 3449 3414 3450
f 3450 3414 3415
f 3450 3415 3451
f 3451 3415 3416
f 3451 3416 3452
f 3452 3416 3417
f 3452 3417 3453
f 3453 3417 3418
f 3453 3418 3454
f 3454 3418 3419
f 3454 3419 3455
f 3455 3419 3420
f 3455 3420 3456
f 3456 3420 3421
f 3456 3421 3457
f 3457 3421 3422
f 3457 3422 3458
f 3458 3422 3423
f 3458 3423 3459
f 3459 3423 3424
f 3459 3424 3460
f 3460 3424 3425
f 3460 3425 3461
f 3461 3425 3426
f 3461 3426 3462
f 3462 3426 3427
f 3462 3427 3463
f 3463 3427 323
f 149 3010 147
f 147 3010 3464
f 147 3464 3015
f 3015 3464 3465
f 3015 3465 3014
f 3014 3465 3466
f 3014 3466 3013
f 3013 3466 3467
f 3013 3467 3012
f 3012 3467 3468
f 3012 3468 3011
f 3011 3468 3469
f 3011 3469 3301
f 3301 3469 3470
f 3301 3470 3300
f 3300 3470 3471
f 3300 3471 3299
f 3299 3471 3472
f 3299 3472 3298
f 3298 3472 3473
f 3298 3473 3297
f 3297 3473 3474
f 3297 3474 3296
f 3296 3474 3475
f 3296 3475 3295
f 3295 3475 3476
f 3295 3476 3294
f 3294 3476 3477
f 3294 3477 3293
f 3293 3477 3478
f 3293 3478 3292
f 3292 3478 3479
f 3292 3479 3291
f 3291 3479 3480
f 3291 3480 3290
f 3290 3480 3481
f 3290 3481 3289
f 3289 3481 323
f 19 18 3080
f 3080 18 2992
f 3080 2992 3062
f 3062 2992 3138
f 3062 3138 3046
f 3046 3138 3137
f 3046 3137 3030
f 3030 3137 3163
f 3030 3163 3031
f 3031 3163 3162
f 3031 3162 2988
f 2988 3162 3197
f 2988 3197 2986
f 2986 3197 3228
f 2986 3228 323
f 267 269 2976
f 2976 269 2977
f 2976 2977 3482
f 3482 2977 3428
f 3482 3428 3483
f 3483 3428 3429
f 3483 3429 3484
f 3484 3429 3430
f 3484 3430 3485
f 3485 3430 3431
f 3485 3431 3486
f 3486 3431 3432
f 3486 3432 3487
f 3487 3432 3433
f 3487 3433 3488
f 3488 3433 3434
f 3488 3434 3489
f 3489 3434 3435
f 3489 3435 3490
f 3490 3435 3436
f 3490 3436 3491
f 3491 3436 3437
f 3491 3437 3492
f 3492 3437 3438
f 3492 3438 3493
f 3493 3438 3439
f 3493 3439 3494
f 3494 3439 3440
f 3494 3440 3495
f 3495 3440 3441
f 3495 3441 3496
f 3496 3441 3442
f 3496 3442 3497
f 3497 3442 3443
f 3497 3443 3498
f 3498 3443 3444
f 3498 3444 3499
f 3500 3445 3501
f 3501 3445 3446
f 3501 3446 3502
f 3502 3446 3447
f 3502 3447 3503
f 3503 3447 3448
f 3503 3448 3504
f 3504 3448 3449
f 3504 3449 3505
f 3505 3449 3450
f 3505 3450 3506
f 3506 3450 3451
f 3506 3451 3507
f 3507 3451 3452
f 3507 3452 3508
f 3508 3452 3453
f 3508 3453 3509
f 3509 3453 3454
f 3509 3454 3510
f 3510 3454 3455
f 3510 3455 3511
f 3511 3455 3456
f 3511 3456 3512
f 3512 3456 3457
f 3512 3457 3513
f 3513 3457 3458
f 3513 3458 3514
f 3514 3458 3459
f 3514 3459 3515
f 3515 3459 3460
f 3515 3460 3516
f 3516 3460 3461
f 3516 3461 3517
f 3517 3461 3462
f 3517 3462 3518
f 3518 3462 3463
f 3518 3463 3519
f 3519 3463 323
f 3520 323 2989
f 263 265 2975
f 2975 265 2976
f 2975 2976 3521
f 3521 2976 3482
f 3521 3482 3522
f 3522 3482 3483
f 3522 3483 3523
f 3523 3483 3484
f 3523 3484 3524
f 3524 3484 3485
f 3524 3485 3525
f 3525 3485 3486
f 3525 3486 3526
f 3526 3486 3487
f 3526 3487 3527
f 3527 3487 3488
f 3527 3488 3528
f 3528 3488 3489
f 3528 3489 3529
f 3529 3489 3490
f 3529 3490 3530
f 3530 3490 3491
f 3530 3491 3531
f 3531 3491 3492
f 3531 3492 3532
f 3532 3492 3493
f 3532 3493 3533
f 3533 3493 3494
f 3533 3494 3534
f 3534 3494 3495
f 3534 3495 3535
f 3535 3495 3496
f 3535 3496 3536
f 3536 3496 3497
f 3536 3497 3537
f 3537 3497 3498
f 3537 3498 3538
f 3538 3498 3499
f 3538 3499 3539
f 3008 3500 3009
f 3009 3500 3501
f 3009 3501 3010
f 3010 3501 3502
f 3010 3502 3464
f 3464 3502 3503
f 3464 3503 3465
f 3465 3503 3504
f 3465 3504 3466
f 3466 3504 3505
f 3466 3505 3467
f 3467 3505 3506
f 3467 3506 3468
f 3468 3506 3507
f 3468 3507 3469
f 3469 3507 3508
f 3469 3508 3470
f 3470 3508 3509
f 3470 3509 3471
f 3471 3509 3510
f 3471 3510 3472
f 3472 3510 3511
f 3472 3511 3473
f 3473 3511 3512
f 3473 3512 3474
f 3474 3512 3513
f 3474 3513 3475
f 3475 3513 3514
f 3475 3514 3476
f 3476 3514 3515
f 3476 3515 3477
f 3477 3515 3516
f 3477 3516 3478
f 3478 3516 3517
f 3478 3517 3479
f 3479 3517 3518
f 3479 3518 3480
f 3480 3518 3519
f 3480 3519 3481
f 3481 3519 323
f 259 261 3540
f 3540 261 2975
f 3540 2975 3541
f 3541 2975 3521
f 3541 3521 3542
f 3542 3521 3522
f 3542 3522 3543
f 3543 3522 3523
f 3543 3523 3544
f 3544 3523 3524
f 3544 3524 3545
f 3545 3524 3525
f 3545 3525 3546
f 3546 3525 3526
f 3546 3526 3547
f 3547 3526 3527
f 3547 3527 3548
f 3548 3527 3528
f 3548 3528 3549
f 3549 3528 3529
f 3549 3529 3550
f 3550 3529 3530
f 3550 3530 3551
f 3551 3530 3531
f 3551 3531 3552
f 3552 3531 3532
f 3552 3532 3553
f 3553 3532 3533
f 3553 3533 3554
f 3554 3533 3534
f 3554 3534 3555
f 3555 3534 3535
f 3555 3535 3556
f 3556 3535 3536
f 3556 3536 3557
f 3557 3536 3537
f 3557 3537 3558
f 3558 3537 3538
f 3558 3538 3559
f 3559 3538 3539
f 3559 3539 3560
f 257 259 2974
f 2974 259 3540
f 2974 3540 3561
f 3561 3540 3541
f 3561 3541 3562
f 3562 3541 3542
f 3562 3542 3563
f 3563 3542 3543
f 3563 3543 3564
f 3564 3543 3544
f 3564 3544 3565
f 3565 3544 3545
f 3565 3545 3566
f 3566 3545 3546
f 3566 3546 3567
f 3567 3546 3547
f 3567 3547 3568
f 3568 3547 3548
f 3568 3548 3569
f 3569 3548 3549
f 3569 3549 3570
f 3570 3549 3550
f 3570 3550 3571
f 3571 3550 3551
f 3571 3551 3572
f 3572 3551 3552
f 3572 3552 3573
f 3573 3552 3553
f 3573 3553 3574
f 3574 3553 3554
f 3574 3554 3575
f 3575 3554 3555
f 3575 3555 3576
f 3576 3555 3556
f 3576 3556 3577
f 3577 3556 3557
f 3577 3557 3578
f 3578 3557 3558
f 3578 3558 3579
f 3579 3558 3559
f 3579 3559 3580
f 3580 3559 3560
f 3580 3560 3581
f 3520 2989 3582
f 3582 2989 2991
f 3582 2991 3583
f 3583 2991 3021
f 3583 3021 3584
f 3584 3021 3026
f 3584 3026 3585
f 3585 3026 3041
f 3585 3041 3586
f 3586 3041 3056
f 3586 3056 3587
f 3587 3056 3073
f 3587 3073 3588
f 3588 3073 3094
f 3588 3094 3589
f 3589 3094 3128
f 3589 3128 3590
f 3590 3128 3152
f 3590 3152 3591
f 3591 3152 3186
f 3591 3186 3592
f 3592 3186 3216
f 3592 3216 3593
f 3593 3216 3250
f 3593 3250 3594
f 3594 3250 3275
f 3594 3275 3595
f 3595 3275 3316
f 3595 3316 3596
f 3596 3316 3345
f 3596 3345 3597
f 3597 3345 3376
f 3597 3376 3598
f 3598 3376 3410
f 3598 3410 3599
f 3599 3410 3445
f 3599 3445 3600
f 3600 3445 3500
f 3600 3500 3601
f 3601 3500 3008
f 3601 3008 3602
f 3602 3008 3006
f 3602 3006 3603
f 3603 3006 68
f 3603 68 9
f 3604 323 3520
f 253 255 2973
f 2973 255 2974
f 2973 2974 3605
f 3605 2974 3561
f 3605 3561 3606
f 3606 3561 3562
f 3606 3562 3607
f 3607 3562 3563
f 3607 3563 3608
f 3608 3563 3564
f 3608 3564 3609
f 3609 3564 3565
f 3609 3565 3610
f 3610 3565 3566
f 3610 3566 3611
f 3611 3566 3567
f 3611 3567 3612
f 3612 3567 3568
f 3612 3568 3613
f 3613 3568 3569
f 3613 3569 3614
f 3614 3569 3570
f 3614 3570 3615
f 3615 3570 3571
f 3615 3571 3616
f 3616 3571 3572
f 3616 3572 3617
f 3617 3572 3573
f 3617 3573 3618
f 3618 3573 3574
f 3618 3574 3619
f 3619 3574 3575
f 3619 3575 3620
f 3620 3575 3576
f 3620 3576 3621
f 3621 3576 3577
f 3621 3577 3622
f 3622 3577 3578
f 3622 3578 3623
f 3623 3578 3579
f 3623 3579 3624
f 3624 3579 3580
f 3624 3580 3625
f 3625 3580 3581
f 3625 3581 3626
f 3604 3520 3627
f 3627 3520 3582
f 3627 3582 3628
f 3628 3582 3583
f 3628 3583 3629
f 3629 3583 3584
f 3629 3584 3630
f 3630 3584 3585
f 3630 3585 3631
f 3631 3585 3586
f 3631 3586 3632
f 3632 3586 3587
f 3632 3587 3633
f 3633 3587 3588
f 3633 3588 3634
f 3634 3588 3589
f 3634 3589 3635
f 3635 3589 3590
f 3635 3590 3636
f 3636 3590 3591
f 3636 3591 3637
f 3637 3591 3592
f 3637 3592 3638
f 3638 3592 3593
f 3638 3593 3639
f 3639 3593 3594
f 3639 3594 3640
f 3640 3594 3595
f 3640 3595 3641
f 3641 3595 3596
f 3641 3596 3642
f 3642 3596 3597
f 3642 3597 3643
f 3643 3597 3598
f 3643 3598 3644
f 3644 3598 3599
f 3644 3599 3645
f 3645 3599 3600
f 3645 3600 3646
f 3646 3600 3601
f 3646 3601 3647
f 3647 3601 3602
f 3647 3602 3648
f 3648 3602 3603
f 3648 3603 3649
f 3649 3603 9
f 3649 9 49
f 3650 323 3604
f 249 251 3651
f 3651 251 2973
f 3651 2973 3652
f 3652 2973 3605
f 3652 3605 3653
f 3653 3605 3606
f 3653 3606 3654
f 3654 3606 3607
f 3654 3607 3655
f 3655 3607 3608
f 3655 3608 3656
f 3656 3608 3609
f 3656 3609 3657
f 3657 3609 3610
f 3657 3610 3658
f 3658 3610 3611
f 3658 3611 3659
f 3659 3611 3612
f 3659 3612 3660
f 3660 3612 3613
f 3660 3613 3661
f 3661 3613 3614
f 3661 3614 3662
f 3662 3614 3615
f 3662 3615 3663
f 3663 3615 3616
f 3663 3616 3664
f 3664 3616 3617
f 3664 3617 3665
f 3665 3617 3618
f 3665 3618 3666
f 3666 3618 3619
f 3666 3619 3667
f 3667 3619 3620
f 3667 3620 3668
f 3668 3620 3621
f 3668 3621 3669
f 3669 3621 3622
f 3669 3622 3670
f 3670 3622 3623
f 3670 3623 3671
f 3671 3623 3624
f 3671 3624 3672
f 3672 3624 3625
f 3672 3625 3673
f 3673 3625 3626
f 3673 3626 3674
f 3650 3604 3675
f 3675 3604 3627
f 3675 3627 3676
f 3676 3627 3628
f 3676 3628 3677
f 3677 3628 3629
f 3677 3629 3678
f 3678 3629 3630
f 3678 3630 3679
f 3679 3630 3631
f 3679 3631 3680
f 3680 3631 3632
f 3680 3632 3681
f 3681 3632 3633
f 3681 3633 3682
f 3682 3633 3634
f 3682 3634 3683
f 3683 3634 3635
f 3683 3635 3684
f 3684 3635 3636
f 3684 3636 3685
f 3685 3636 3637
f 3685 3637 3686
f 3686 3637 3638
f 3686 3638 3687
f 3687 3638 3639
f 3687 3639 3688
f 3688 3639 3640
f 3688 3640 3689
f 3689 3640 3641
f 3689 3641 3690
f 3690 3641 3642
f 3690 3642 3691
f 3691 3642 3643
f 3691 3643 3692
f 3692 3643 3644
f 3692 3644 3693
f 3693 3644 3645
f 3693 3645 3694
f 3694 3645 3646
f 3694 3646 3695
f 3695 3646 3647
f 3695 3647 3696
f 3696 3647 3648
f 3696 3648 3697
f 3697 3648 3649
f 3697 3649 3698
f 3698 3649 49
f 3698 49 51
f 3699 323 3650
f 247 249 2972
f 2972 249 3651
f 2972 3651 3700
f 3700 3651 3652
f 3700 3652 3701
f 3701 3652 3653
f 3701 3653 3702
f 3702 3653 3654
f 3702 3654 3703
f 3703 3654 3655
f 3703 3655 3704
f 3704 3655 3656
f 3704 3656 3705
f 3705 3656 3657
f 3705 3657 3706
f 3706 3657 3658
f 3706 3658 3707
f 3707 3658 3659
f 3707 3659 3708
f 3708 3659 3660
f 3708 3660 3709
f 3709 3660 3661
f 3709 3661 3710
f 3710 3661 3662
f 3710 3662 3711
f 3711 3662 3663
f 3711 3663 3712
f 3712 3663 3664
f 3712 3664 3713
f 3713 3664 3665
f 3713 3665 3714
f 3714 3665 3666
f 3714 3666 3715
f 3715 3666 3667
f 3715 3667 3716
f 3716 3667 3668
f 3716 3668 3717
f 3717 3668 3669
f 3717 3669 3718
f 3718 3669 3670
f 3718 3670 3719
f 3719 3670 3671
f 3719 3671 3720
f 3720 3671 3672
f 3720 3672 3721
f 3721 3672 3673
f 3721 3673 3722
f 3722 3673 3674
f 3722 3674 3723
f 3699 3650 3724
f 3724 3650 3675
f 3724 3675 3725
f 3725 3675 3676
f 3725 3676 3726
f 3726 3676 3677
f 3726 3677 3727
f 3727 3677 3678
f 3727 3678 3728
f 3728 3678 3679
f 3728 3679 3729
f 3729 3679 3680
f 3729 3680 3730
f 3730 3680 3681
f 3730 3681 3731
f 3731 3681 3682
f 3731 3682 3732
f 3732 3682 3683
f 3732 3683 3733
f 3733 3683 3684
f 3733 3684 3734
f 3734 3684 3685
f 3734 3685 3735
f 3735 3685 3686
f 3735 3686 3736
f 3736 3686 3687
f 3736 3687 3737
f 3737 3687 3688
f 3737 3688 3738
f 3738 3688 3689
f 3738 3689 3739
f 3739 3689 3690
f 3739 3690 3740
f 3740 3690 3691
f 3740 3691 3741
f 3741 3691 3692
f 3741 3692 3742
f 3742 3692 3693
f 3742 3693 3743
f 3743 3693 3694
f 3743 3694 3744
f 3744 3694 3695
f 3744 3695 3745
f 3745 3695 3696
f 3745 3696 3746
f 3746 3696 3697
f 3746 3697 3747
f 3747 3697 3698
f 3747 3698 3003
f 3003 3698 51
f 3003 51 3004
f 3004 51 53
f 3004 53 55
f 243 245 2971
f 2971 245 2972
f 2971 2972 3748
f 3748 2972 3700
f 3748 3700 3749
f 3749 3700 3701
f 3749 3701 3750
f 3750 3701 3702
f 3750 3702 3751
f 3751 3702 3703
f 3751 3703 3752
f 3752 3703 3704
f 3752 3704 3753
f 3753 3704 3705
f 3753 3705 3754
f 3754 3705 3706
f 3754 3706 3755
f 3755 3706 3707
f 3755 3707 3756
f 3756 3707 3708
f 3756 3708 3757
f 3757 3708 3709
f 3757 3709 3758
f 3758 3709 3710
f 3758 3710 3759
f 3759 3710 3711
f 3759 3711 3760
f 3760 3711 3712
f 3760 3712 3761
f 3761 3712 3713
f 3761 3713 3762
f 3762 3713 3714
f 3762 3714 3763
f 3763 3714 3715
f 3763 3715 3764
f 3764 3715 3716
f 3764 3716 3765
f 3765 3716 3717
f 3765 3717 3766
f 3766 3717 3718
f 3766 3718 3767
f 3767 3718 3719
f 3767 3719 3768
f 3768 3719 3720
f 3768 3720 3769
f 3769 3720 3721
f 3769 3721 3770
f 3770 3721 3722
f 3770 3722 3771
f 3771 3722 3723
f 3771 3723 3772
f 239 241 3773
f 3773 241 2971
f 3773 2971 3774
f 3774 2971 3748
f 3774 3748 3775
f 3775 3748 3749
f 3775 3749 3776
f 3776 3749 3750
f 3776 3750 3777
f 3777 3750 3751
f 3777 3751 3778
f 3778 3751 3752
f 3778 3752 3779
f 3779 3752 3753
f 3779 3753 3780
f 3780 3753 3754
f 3780 3754 3781
f 3781 3754 3755
f 3781 3755 3782
f 3782 3755 3756
f 3782 3756 3783
f 3783 3756 3757
f 3783 3757 3784
f 3784 3757 3758
f 3784 3758 3785
f 3785 3758 3759
f 3785 3759 3786
f 3786 3759 3760
f 3786 3760 3787
f 3787 3760 3761
f 3787 3761 3788
f 3788 3761 3762
f 3788 3762 3789
f 3789 3762 3763
f 3789 3763 3790
f 3790 3763 3764
f 3790 3764 3791
f 3791 3764 3765
f 3791 3765 3792
f 3792 3765 3766
f 3792 3766 3793
f 3793 3766 3767
f 3793 3767 3794
f 3794 3767 3768
f 3794 3768 3795
f 3795 3768 3769
f 3795 3769 3796
f 3796 3769 3770
f 3796 3770 3797
f 3797 3770 3771
f 3797 3771 3798
f 3798 3771 3772
f 3798 3772 3799
f 237 239 3800
f 3800 239 3773
f 3800 3773 3801
f 3801 3773 3774
f 3801 3774 3802
f 3802 3774 3775
f 3802 3775 3803
f 3803 3775 3776
f 3803 3776 3804
f 3804 3776 3777
f 3804 3777 3805
f 3805 3777 3778
f 3805 3778 3806
f 3806 3778 3779
f 3806 3779 3807
f 3807 3779 3780
f 3807 3780 3808
f 3808 3780 3781
f 3808 3781 3809
f 3809 3781 3782
f 3809 3782 3810
f 3810 3782 3783
f 3810 3783 3811
f 3811 3783 3784
f 3811 3784 3812
f 3812 3784 3785
f 3812 3785 3813
f 3813 3785 3786
f 3813 3786 3814
f 3814 3786 3787
f 3814 3787 3815
f 3815 3787 3788
f 3815 3788 3816
f 3816 3788 3789
f 3816 3789 3817
f 3817 3789 3790
f 3817 3790 3818
f 3818 3790 3791
f 3818 3791 3819
f 3819 3791 3792
f 3819 3792 3820
f 3820 3792 3793
f 3820 3793 3821
f 3821 3793 3794
f 3821 3794 3822
f 3822 3794 3795
f 3822 3795 3823
f 3823 3795 3796
f 3823 3796 3824
f 3824 3796 3797
f 3824 3797 3825
f 3825 3797 3798
f 3825 3798 3826
f 3826 3798 3799
f 3826 3799 3827
f 3828 3829 3827
f 3827 3829 3830
f 3827 3830 3826
f 3826 3830 3831
f 3826 3831 3825
f 3825 3831 3832
f 3825 3832 3824
f 3824 3832 3833
f 3824 3833 3823
f 3823 3833 3834
f 3823 3834 3822
f 3822 3834 3835
f 3822 3835 3821
f 3821 3835 3836
f 3821 3836 3820
f 3820 3836 3837
f 3820 3837 3819
f 3819 3837 3838
f 3819 3838 3818
f 3818 3838 3839
f 3818 3839 3817
f 3817 3839 3840
f 3817 3840 3816
f 3816 3840 3841
f 3816 3841 3815
f 3815 3841 3842
f 3815 3842 3814
f 3814 3842 3843
f 3814 3843 3813
f 3813 3843 3844
f 3813 3844 3812
f 3812 3844 3845
f 3812 3845 3811
f 3811 3845 3846
f 3811 3846 3810
f 3810 3846 3847
f 3810 3847 3809
f 3809 3847 3848
f 3809 3848 3808
f 3808 3848 3849
f 3808 3849 3807
f 3807 3849 3850
f 3807 3850 3806
f 3806 3850 3851
f 3806 3851 3805
f 3805 3851 3852
f 3805 3852 3804
f 3804 3852 3853
f 3804 3853 3803
f 3803 3853 3854
f 3803 3854 3802
f 3802 3854 3855
f 3802 3855 3801
f 3801 3855 3856
f 3801 3856 3800
f 3800 3856 2970
f 3800 2970 237
f 237 2970 235
f 231 233 2969
f 2969 233 2970
f 2969 2970 3857
f 3857 2970 3856
f 3857 3856 3858
f 3858 3856 3855
f 3858 3855 3859
f 3859 3855 3854
f 3859 3854 3860
f 3860 3854 3853
f 3860 3853 3861
f 3861 3853 3852
f 3861 3852 3862
f 3862 3852 3851
f 3862 3851 3863
f 3863 3851 3850
f 3863 3850 3864
f 3864 3850 3849
f 3864 3849 3865
f 3865 3849 3848
f 3865 3848 3866
f 3866 3848 3847
f 3866 3847 3867
f 3867 3847 3846
f 3867 3846 3868
f 3868 3846 3845
f 3868 3845 3869
f 3869 3845 3844
f 3869 3844 3870
f 3870 3844 3843
f 3870 3843 3871
f 3871 3843 3842
f 3871 3842 3872
f 3872 3842 3841
f 3872 3841 3873
f 3873 3841 3840
f 3873 3840 3874
f 3874 3840 3839
f 3874 3839 3875
f 3875 3839 3838
f 3875 3838 3876
f 3876 3838 3837
f 3876 3837 3877
f 3877 3837 3836
f 3877 3836 3878
f 3878 3836 3835
f 3878 3835 3879
f 3879 3835 3834
f 3879 3834 3880
f 3880 3834 3833
f 3880 3833 3881
f 3881 3833 3832
f 3881 3832 3882
f 3882 3832 3831
f 3882 3831 3883
f 3883 3831 3830
f 3883 3830 3884
f 3884 3830 3829
f 3884 3829 3885
f 3886 3887 3888
f 3888 3887 3889
f 3888 3889 3885
f 3885 3889 3890
f 3885 3890 3884
f 3884 3890 3891
f 3884 3891 3883
f 3883 3891 3892
f 3883 3892 3882
f 3882 3892 3893
f 3882 3893 3881
f 3881 3893 3894
f 3881 3894 3880
f 3880 3894 3895
f 3880 3895 3879
f 3879 3895 3896
f 3879 3896 3878
f 3878 3896 3897
f 3878 3897 3877
f 3877 3897 3898
f 3877 3898 3876
f 3876 3898 3899
f 3876 3899 3875
f 3875 3899 3900
f 3875 3900 3874
f 3874 3900 3901
f 3874 3901 3873
f 3873 3901 3902
f 3873 3902 3872
f 3872 3902 3903
f 3872 3903 3871
f 3871 3903 3904
f 3871 3904 3870
f 3870 3904 3905
f 3870 3905 3869
f 3869 3905 3906
f 3869 3906 3868
f 3868 3906 3907
f 3868 3907 3867
f 3867 3907 3908
f 3867 3908 3866
f 3866 3908 3909
f 3866 3909 3865
f 3865 3909 3910
f 3865 3910 3864
f 3864 3910 3911
f 3864 3911 3863
f 3863 3911 3912
f 3863 3912 3862
f 3862 3912 3913
f 3862 3913 3861
f 3861 3913 3914
f 3861 3914 3860
f 3860 3914 3915
f 3860 3915 3859
f 3859 3915 3916
f 3859 3916 3858
f 3858 3916 3917
f 3858 3917 3857
f 3857 3917 3918
f 3857 3918 2969
f 2969 3918 3919
f 2969 3919 229
f 229 3919 227
f 225 227 3920
f 3920 227 3919
f 3920 3919 3921
f 3921 3919 3918
f 3921 3918 3922
f 3922 3918 3917
f 3922 3917 3923
f 3923 3917 3916
f 3923 3916 3924
f 3924 3916 3915
f 3924 3915 3925
f 3925 3915 3914
f 3925 3914 3926
f 3926 3914 3913
f 3926 3913 3927
f 3927 3913 3912
f 3927 3912 3928
f 3928 3912 3911
f 3928 3911 3929
f 3929 3911 3910
f 3929 3910 3930
f 3930 3910 3909
f 3930 3909 3931
f 3931 3909 3908
f 3931 3908 3932
f 3932 3908 3907
f 3932 3907 3933
f 3933 3907 3906
f 3933 3906 3934
f 3934 3906 3905
f 3934 3905 3935
f 3935 3905 3904
f 3935 3904 3936
f 3936 3904 3903
f 3936 3903 3937
f 3937 3903 3902
f 3937 3902 3938
f 3938 3902 3901
f 3938 3901 3939
f 3939 3901 3900
f 3939 3900 3940
f 3940 3900 3899
f 3940 3899 3941
f 3941 3899 3898
f 3941 3898 3942
f 3942 3898 3897
f 3942 3897 3943
f 3943 3897 3896
f 3943 3896 3944
f 3944 3896 3895
f 3944 3895 3945
f 3945 3895 3894
f 3945 3894 3946
f 3946 3894 3893
f 3946 3893 3947
f 3947 3893 3892
f 3947 3892 3948
f 3948 3892 3891
f 3948 3891 3949
f 3949 3891 3890
f 3949 3890 3950
f 3950 3890 3889
f 3950 3889 3951
f 3951 3889 3887
f 3951 3887 3952
f 223 225 2965
f 2965 225 3920
f 2965 3920 3953
f 3953 3920 3921
f 3953 3921 3954
f 3954 3921 3922
f 3954 3922 3955
f 3955 3922 3923
f 3955 3923 3956
f 3956 3923 3924
f 3956 3924 3957
f 3957 3924 3925
f 3957 3925 3958
f 3958 3925 3926
f 3958 3926 3959
f 3959 3926 3927
f 3959 3927 3960
f 3960 3927 3928
f 3960 3928 3961
f 3961 3928 3929
f 3961 3929 3962
f 3962 3929 3930
f 3962 3930 3963
f 3963 3930 3931
f 3963 3931 3964
f 3964 3931 3932
f 3964 3932 3965
f 3965 3932 3933
f 3965 3933 3966
f 3966 3933 3934
f 3966 3934 3967
f 3967 3934 3935
f 3967 3935 3968
f 3968 3935 3936
f 3968 3936 3969
f 3969 3936 3937
f 3969 3937 3970
f 3970 3937 3938
f 3970 3938 3971
f 3971 3938 3939
f 3971 3939 3972
f 3972 3939 3940
f 3972 3940 3973
f 3973 3940 3941
f 3973 3941 3974
f 3974 3941 3942
f 3974 3942 3975
f 3975 3942 3943
f 3975 3943 3976
f 3976 3943 3944
f 3976 3944 3977
f 3977 3944 3945
f 3977 3945 3978
f 3978 3945 3946
f 3978 3946 3979
f 3979 3946 3947
f 3979 3947 3980
f 3980 3947 3948
f 3980 3948 3981
f 3981 3948 3949
f 3981 3949 3982
f 3982 3949 3950
f 3982 3950 3983
f 3983 3950 3951
f 3983 3951 3984
f 3984 3951 3952
f 3984 3952 3985
f 3986 2968 3987
f 3987 2968 2967
f 3987 2967 3988
f 3988 2967 114
f 3988 114 87
f 219 221 3989
f 3989 221 2965
f 3989 2965 3990
f 3990 2965 3953
f 3990 3953 3991
f 3991 3953 3954
f 3991 3954 3992
f 3992 3954 3955
f 3992 3955 3993
f 3993 3955 3956
f 3993 3956 3994
f 3994 3956 3957
f 3994 3957 3995
f 3995 3957 3958
f 3995 3958 3996
f 3996 3958 3959
f 3996 3959 3997
f 3997 3959 3960
f 3997 3960 3998
f 3998 3960 3961
f 3998 3961 3999
f 3999 3961 3962
f 3999 3962 4000
f 4000 3962 3963
f 4000 3963 4001
f 4001 3963 3964
f 4001 3964 4002
f 4002 3964 3965
f 4002 3965 4003
f 4003 3965 3966
f 4003 3966 4004
f 4004 3966 3967
f 4004 3967 4005
f 4005 3967 3968
f 4005 3968 4006
f 4006 3968 3969
f 4006 3969 4007
f 4007 3969 3970
f 4007 3970 4008
f 4008 3970 3971
f 4008 3971 4009
f 4009 3971 3972
f 4009 3972 4010
f 4010 3972 3973
f 4010 3973 4011
f 4011 3973 3974
f 4011 3974 4012
f 4012 3974 3975
f 4012 3975 4013
f 4013 3975 3976
f 4013 3976 4014
f 4014 3976 3977
f 4014 3977 4015
f 4015 3977 3978
f 4015 3978 4016
f 4016 3978 3979
f 4016 3979 4017
f 4017 3979 3980
f 4017 3980 4018
f 4018 3980 3981
f 4018 3981 4019
f 4019 3981 3982
f 4019 3982 4020
f 4020 3982 3983
f 4020 3983 4021
f 4021 3983 3984
f 4021 3984 4022
f 4022 3984 3985
f 4022 3985 4023
f 4024 3986 4025
f 4025 3986 3987
f 4025 3987 4026
f 4026 3987 3988
f 4026 3988 4027
f 4027 3988 87
f 4027 87 85
f 217 219 4028
f 4028 219 3989
f 4028 3989 4029
f 4029 3989 3990
f 4029 3990 4030
f 4030 3990 3991
f 4030 3991 4031
f 4031 3991 3992
f 4031 3992 4032
f 4032 3992 3993
f 4032 3993 4033
f 4033 3993 3994
f 4033 3994 4034
f 4034 3994 3995
f 4034 3995 4035
f 4035 3995 3996
f 4035 3996 4036
f 4036 3996 3997
f 4036 3997 4037
f 4037 3997 3998
f 4037 3998 4038
f 4038 3998 3999
f 4038 3999 4039
f 4039 3999 4000
f 4039 4000 4040
f 4040 4000 4001
f 4040 4001 4041
f 4041 4001 4002
f 4041 4002 4042
f 4042 4002 4003
f 4042 4003 4043
f 4043 4003 4004
f 4043 4004 4044
f 4044 4004 4005
f 4044 4005 4045
f 4045 4005 4006
f 4045 4006 4046
f 4046 4006 4007
f 4046 4007 4047
f 4047 4007 4008
f 4047 4008 4048
f 4048 4008 4009
f 4048 4009 4049
f 4049 4009 4010
f 4049 4010 4050
f 4050 4010 4011
f 4050 4011 4051
f 4051 4011 4012
f 4051 4012 4052
f 4052 4012 4013
f 4052 4013 4053
f 4053 4013 4014
f 4053 4014 4054
f 4054 4014 4015
f 4054 4015 4055
f 4055 4015 4016
f 4055 4016 4056
f 4056 4016 4017
f 4056 4017 4057
f 4057 4017 4018
f 4057 4018 4058
f 4058 4018 4019
f 4058 4019 4059
f 4059 4019 4020
f 4059 4020 4060
f 4060 4020 4021
f 4060 4021 4061
f 4061 4021 4022
f 4061 4022 4062
f 4062 4022 4023
f 4062 4023 4063
f 85 189 4027
f 4027 189 191
f 4027 191 4026
f 4026 191 193
f 4026 193 4025
f 4025 193 195
f 4025 195 4024
f 4024 195 197
f 4024 197 199
f 215 217 4064
f 4064 217 4028
f 4064 4028 4065
f 4065 4028 4029
f 4065 4029 4066
f 4066 4029 4030
f 4066 4030 4067
f 4067 4030 4031
f 4067 4031 4068
f 4068 4031 4032
f 4068 4032 4069
f 4069 4032 4033
f 4069 4033 4070
f 4070 4033 4034
f 4070 4034 4071
f 4071 4034 4035
f 4071 4035 4072
f 4072 4035 4036
f 4072 4036 4073
f 4073 4036 4037
f 4073 4037 4074
f 4074 4037 4038
f 4074 4038 4075
f 4075 4038 4039
f 4075 4039 4076
f 4076 4039 4040
f 4076 4040 4077
f 4077 4040 4041
f 4077 4041 4078
f 4078 4041 4042
f 4078 4042 4079
f 4079 4042 4043
f 4079 4043 4080
f 4080 4043 4044
f 4080 4044 4081
f 4081 4044 4045
f 4081 4045 4082
f 4082 4045 4046
f 4082 4046 4083
f 4083 4046 4047
f 4083 4047 4084
f 4084 4047 4048
f 4084 4048 4085
f 4085 4048 4049
f 4085 4049 4086
f 4086 4049 4050
f 4086 4050 4087
f 4087 4050 4051
f 4087 4051 4088
f 4088 4051 4052
f 4088 4052 4089
f 4089 4052 4053
f 4089 4053 4090
f 4090 4053 4054
f 4090 4054 4091
f 4091 4054 4055
f 4091 4055 4092
f 4092 4055 4056
f 4092 4056 4093
f 4093 4056 4057
f 4093 4057 4094
f 4094 4057 4058
f 4094 4058 4095
f 4095 4058 4059
f 4095 4059 4096
f 4096 4059 4060
f 4096 4060 4097
f 4097 4060 4061
f 4097 4061 4098
f 4098 4061 4062
f 4098 4062 4099
f 4099 4062 4063
f 4099 4063 4100
f 37 3 3002
f 3002 3 118
f 3002 118 3000
f 3000 118 2966
f 3000 2966 4101
f 4101 2966 2968
f 4101 2968 4102
f 4102 2968 3986
f 4102 3986 4103
f 4103 3986 4024
f 4103 4024 4104
f 4104 4024 199
f 4104 199 201
f 4105 211 4064
f 4064 211 213
f 4064 213 215
f 4105 4064 4106
f 4106 4064 4065
f 4106 4065 4107
f 4107 4065 4066
f 4107 4066 4108
f 4108 4066 4067
f 4108 4067 4109
f 4109 4067 4068
f 4109 4068 4110
f 4110 4068 4069
f 4110 4069 4111
f 4111 4069 4070
f 4111 4070 4112
f 4112 4070 4071
f 4112 4071 4113
f 4113 4071 4072
f 4113 4072 4114
f 4114 4072 4073
f 4114 4073 4115
f 4115 4073 4074
f 4115 4074 4116
f 4116 4074 4075
f 4116 4075 4117
f 4117 4075 4076
f 4117 4076 4118
f 4118 4076 4077
f 4118 4077 4119
f 4119 4077 4078
f 4119 4078 4120
f 4120 4078 4079
f 4120 4079 4121
f 4121 4079 4080
f 4121 4080 4122
f 4122 4080 4081
f 4122 4081 4123
f 4123 4081 4082
f 4123 4082 4124
f 4124 4082 4083
f 4124 4083 4125
f 4125 4083 4084
f 4125 4084 4126
f 4126 4084 4085
f 4126 4085 4127
f 4127 4085 4086
f 4127 4086 4128
f 4128 4086 4087
f 4128 4087 4129
f 4129 4087 4088
f 4129 4088 4130
f 4130 4088 4089
f 4130 4089 4131
f 4131 4089 4090
f 4131 4090 4132
f 4132 4090 4091
f 4132 4091 4133
f 4133 4091 4092
f 4133 4092 4134
f 4134 4092 4093
f 4134 4093 4135
f 4135 4093 4094
f 4135 4094 4136
f 4136 4094 4095
f 4136 4095 4137
f 4137 4095 4096
f 4137 4096 4138
f 4138 4096 4097
f 4138 4097 4139
f 4139 4097 4098
f 4139 4098 4140
f 4140 4098 4099
f 4140 4099 4141
f 4141 4099 4100
f 4141 4100 4142
f 201 4142 4104
f 4104 4142 4100
f 4104 4100 4103
f 4103 4100 4063
f 4103 4063 4102
f 4102 4063 4023
f 4102 4023 4101
f 4101 4023 3985
f 4101 3985 3000
f 3000 3985 3952
f 3000 3952 3001
f 3001 3952 3887
f 3001 3887 37
f 37 3887 3886
f 37 3886 65
f 65 3886 3888
f 65 3888 63
f 63 3888 3885
f 63 3885 2999
f 2999 3885 3829
f 2999 3829 59
f 59 3829 3828
f 59 3828 57
f 57 3828 3827
f 57 3827 3005
f 3005 3827 3799
f 3005 3799 3003
f 3003 3799 3772
f 3003 3772 3747
f 3747 3772 3723
f 3747 3723 3746
f 3746 3723 3674
f 3746 3674 3745
f 3745 3674 3626
f 3745 3626 3744
f 3744 3626 3581
f 3744 3581 3743
f 3743 3581 3560
f 3743 3560 3742
f 3742 3560 3539
f 3742 3539 3741
f 3741 3539 3499
f 3741 3499 3740
f 3740 3499 3444
f 3740 3444 3739
f 3739 3444 3409
f 3739 3409 3738
f 3738 3409 3375
f 3738 3375 3737
f 3737 3375 3344
f 3737 3344 3736
f 3736 3344 3315
f 3736 3315 3735
f 3735 3315 3274
f 3735 3274 3734
f 3734 3274 3249
f 3734 3249 3733
f 3733 3249 3215
f 3733 3215 3732
f 3732 3215 3185
f 3732 3185 3731
f 3731 3185 3151
f 3731 3151 3730
f 3730 3151 3127
f 3730 3127 3729
f 3729 3127 3093
f 3729 3093 3728
f 3728 3093 3072
f 3728 3072 3727
f 3727 3072 3055
f 3727 3055 3726
f 3726 3055 3040
f 3726 3040 3725
f 3725 3040 3025
f 3725 3025 3724
f 3724 3025 3020
f 3724 3020 3699
f 3699 3020 3019
f 3699 3019 323
f 321 323 3019
f 201 203 4142
f 4142 203 2928
f 4142 2928 4141
f 4141 2928 2927
f 4141 2927 4140
f 4140 2927 2929
f 4140 2929 4139
f 4139 2929 2930
f 4139 2930 4138
f 4138 2930 2931
f 4138 2931 4137
f 4137 2931 2932
f 4137 2932 4136
f 4136 2932 2933
f 4136 2933 4135
f 4135 2933 2934
f 4135 2934 4134
f 4134 2934 2935
f 4134 2935 4133
f 4133 2935 2936
f 4133 2936 4132
f 4132 2936 2937
f 4132 2937 4131
f 4131 2937 2938
f 4131 2938 4130
f 4130 2938 2939
f 4130 2939 4129
f 4129 2939 2940
f 4129 2940 4128
f 4128 2940 2941
f 4128 2941 4127
f 4127 2941 2942
f 4127 2942 4126
f 4126 2942 2943
f 4126 2943 4125
f 4125 2943 2944
f 4125 2944 4124
f 4124 2944 2945
f 4124 2945 4123
f 4123 2945 2946
f 4123 2946 4122
f 4122 2946 2947
f 4122 2947 4121
f 4121 2947 2948
f 4121 2948 4120
f 4120 2948 2949
f 4120 2949 4119
f 4119 2949 2950
f 4119 2950 4118
f 4118 2950 2951
f 4118 2951 4117
f 4117 2951 2952
f 4117 2952 4116
f 4116 2952 2953
f 4116 2953 4115
f 4115 2953 2954
f 4115 2954 4114
f 4114 2954 2955
f 4114 2955 4113
f 4113 2955 2956
f 4113 2956 4112
f 4112 2956 2957
f 4112 2957 4111
f 4111 2957 2958
f 4111 2958 4110
f 4110 2958 2959
f 4110 2959 4109
f 4109 2959 2960
f 4109 2960 4108
f 4108 2960 2961
f 4108 2961 4107
f 4107 2961 2962
f 4107 2962 4106
f 4106 2962 2963
f 4106 2963 4105
f 4105 2963 2964
f 4105 2964 211
f 211 2964 209
f 203 205 2928
f 2928 205 207
f 1575 1577 4143
f 4143 1577 4144
f 4145 4144 1577
f 4146 4145 1577
f 4147 4146 1577
f 4148 4147 1577
f 4149 4148 1577
f 4150 4149 1577
f 4151 4150 1577
f 4152 4151 1577
f 4153 4152 1577
f 4154 4153 1577
f 4155 4154 1577
f 4156 4155 1577
f 4157 4156 1577
f 4158 4157 1577
f 4159 4158 1577
f 4160 4159 1577
f 4161 4160 1577
f 4162 4161 1577
f 4163 4162 1577
f 4164 4163 1577
f 4165 4164 1577
f 4166 4165 1577
f 4167 4166 1577
f 4168 4167 1577
f 4169 4168 1577
f 4170 4169 1577
f 4171 4170 1577
f 4172 4171 1577
f 4173 4172 1577
f 4174 4173 1577
f 4175 4174 1577
f 4176 4175 1577
f 4177 4176 1577
f 4178 4177 1577
f 4179 4178 1577
f 4180 4181 4182
f 4183 1567 1569
f 4184 1559 1561
f 4185 4186 4187
f 1615 1617 4188
f 1625 1627 4189
f 1631 1633 4190
f 1635 1637 4191
f 1641 1643 4192
f 1645 1647 4193
f 1651 1653 4194
f 1655 1657 4195
f 1659 1661 4196
f 1667 1669 4197
f 1675 1677 4198
f 4199 1707 1705
f 4200 1712 1711
f 1683 1685 4201
f 4202 4203 4204
f 4205 4206 4207
f 4204 4203 1693
f 4208 1693 4203
f 1693 4209 4210
f 4211 4209 1693
f 4207 4206 1693
f 62 60 4212
f 4212 60 58
f 54 4213 4214
f 4215 4216 152
f 128 4217 130
f 1559 4184 26
f 26 4184 24
f 24 4184 4218
f 24 4218 22
f 22 4218 4219
f 22 4219 20
f 20 4219 4220
f 20 4220 10
f 120 119 4221
f 4221 119 13
f 4221 13 4222
f 4222 13 11
f 124 4223 126
f 126 4223 4224
f 126 4224 128
f 136 134 4225
f 4225 134 132
f 4225 132 4226
f 4226 132 130
f 4226 130 4227
f 4227 130 4217
f 152 150 4215
f 4215 150 148
f 4215 148 4228
f 4228 148 146
f 4228 146 144
f 4229 70 4230
f 4230 70 72
f 4230 72 4216
f 4216 72 153
f 4216 153 152
f 4231 8 4232
f 4232 8 7
f 4232 7 4233
f 4233 7 4234
f 4235 52 4231
f 4231 52 50
f 4231 50 8
f 2 1 4236
f 4236 1 36
f 4236 36 38
f 4237 4238 116
f 116 4238 4239
f 116 4239 88
f 4239 4240 88
f 88 4240 4241
f 88 4241 86
f 1697 4242 1695
f 1695 4242 1693
f 1687 1689 4205
f 4205 1689 1691
f 4205 1691 4206
f 4206 1691 1693
f 4243 4210 4244
f 4244 4210 4209
f 4244 4209 4245
f 4245 4209 4211
f 4245 4211 4246
f 4208 4203 4247
f 4247 4203 4202
f 4247 4202 4248
f 4249 1693 4208
f 1685 1687 4201
f 4201 1687 4205
f 4201 4205 4250
f 4250 4205 4207
f 4250 4207 4251
f 4251 4207 1693
f 4252 4243 4253
f 4253 4243 4244
f 4253 4244 4254
f 4254 4244 4245
f 4254 4245 4255
f 4255 4245 4246
f 4255 4246 4256
f 4249 4208 4257
f 4257 4208 4247
f 4257 4247 4258
f 4258 4247 4248
f 4258 4248 4259
f 4260 1693 4249
f 1681 1683 4261
f 4261 1683 4201
f 4261 4201 4262
f 4262 4201 4250
f 4262 4250 4263
f 4263 4250 4251
f 4263 4251 4264
f 4264 4251 1693
f 4265 4252 4266
f 4266 4252 4253
f 4266 4253 4267
f 4267 4253 4254
f 4267 4254 4268
f 4268 4254 4255
f 4268 4255 4269
f 4269 4255 4256
f 4269 4256 4270
f 4260 4249 4271
f 4271 4249 4257
f 4271 4257 4272
f 4272 4257 4258
f 4272 4258 4273
f 4273 4258 4259
f 4273 4259 4274
f 4275 1693 4260
f 1693 4276 4264
f 4264 4276 4277
f 4264 4277 4263
f 4263 4277 4278
f 4263 4278 4262
f 4262 4278 4279
f 4262 4279 4261
f 4261 4279 4280
f 4261 4280 1681
f 1681 4280 1679
f 4281 4265 4282
f 4282 4265 4266
f 4282 4266 4283
f 4283 4266 4267
f 4283 4267 4284
f 4284 4267 4268
f 4284 4268 4285
f 4285 4268 4269
f 4285 4269 4286
f 4286 4269 4270
f 4286 4270 4287
f 4275 4260 4288
f 4288 4260 4271
f 4288 4271 4289
f 4289 4271 4272
f 4289 4272 4290
f 4290 4272 4273
f 4290 4273 4291
f 4291 4273 4274
f 4291 4274 4292
f 4293 1693 4275
f 4294 4295 4296
f 4296 4295 4297
f 4296 4297 4199
f 4295 4200 4297
f 4297 4200 1711
f 4297 1711 4199
f 4199 1711 1709
f 4199 1709 1707
f 1693 4298 4276
f 4276 4298 4299
f 4276 4299 4277
f 4277 4299 4300
f 4277 4300 4278
f 4278 4300 4301
f 4278 4301 4279
f 4279 4301 4302
f 4279 4302 4280
f 4280 4302 4198
f 4280 4198 1679
f 1679 4198 1677
f 4303 4281 4304
f 4304 4281 4282
f 4304 4282 4305
f 4305 4282 4283
f 4305 4283 4306
f 4306 4283 4284
f 4306 4284 4307
f 4307 4284 4285
f 4307 4285 4308
f 4308 4285 4286
f 4308 4286 4309
f 4309 4286 4287
f 4309 4287 4310
f 4293 4275 4311
f 4311 4275 4288
f 4311 4288 4312
f 4312 4288 4289
f 4312 4289 4313
f 4313 4289 4290
f 4313 4290 4314
f 4314 4290 4291
f 4314 4291 4315
f 4315 4291 4292
f 4315 4292 4316
f 4317 4294 4318
f 4318 4294 4296
f 4318 4296 4319
f 4319 4296 4199
f 4319 4199 4320
f 4320 4199 1705
f 4320 1705 1703
f 1673 1675 4321
f 4321 1675 4198
f 4321 4198 4322
f 4322 4198 4302
f 4322 4302 4323
f 4323 4302 4301
f 4323 4301 4324
f 4324 4301 4300
f 4324 4300 4325
f 4325 4300 4299
f 4325 4299 4326
f 4326 4299 4298
f 4326 4298 4327
f 4327 4298 1693
f 4328 4303 4329
f 4329 4303 4304
f 4329 4304 4330
f 4330 4304 4305
f 4330 4305 4331
f 4331 4305 4306
f 4331 4306 4332
f 4332 4306 4307
f 4332 4307 4333
f 4333 4307 4308
f 4333 4308 4334
f 4334 4308 4309
f 4334 4309 4335
f 4335 4309 4310
f 4335 4310 4336
f 4337 4316 4338
f 4338 4316 4292
f 4338 4292 4339
f 4339 4292 4274
f 4339 4274 4340
f 4340 4274 4259
f 4340 4259 4341
f 4341 4259 4248
f 4341 4248 4342
f 4342 4248 4202
f 4342 4202 4343
f 4343 4202 4204
f 4343 4204 4242
f 4242 4204 1693
f 4237 4317 4238
f 4238 4317 4318
f 4238 4318 4239
f 4239 4318 4319
f 4239 4319 4240
f 4240 4319 4320
f 4240 4320 4241
f 4241 4320 1703
f 4241 1703 86
f 86 1703 84
f 1693 4344 4327
f 4327 4344 4345
f 4327 4345 4326
f 4326 4345 4346
f 4326 4346 4325
f 4325 4346 4347
f 4325 4347 4324
f 4324 4347 4348
f 4324 4348 4323
f 4323 4348 4349
f 4323 4349 4322
f 4322 4349 4350
f 4322 4350 4321
f 4321 4350 4351
f 4321 4351 1673
f 1673 4351 1671
f 4352 4328 4353
f 4353 4328 4329
f 4353 4329 4354
f 4354 4329 4330
f 4354 4330 4355
f 4355 4330 4331
f 4355 4331 4356
f 4356 4331 4332
f 4356 4332 4357
f 4357 4332 4333
f 4357 4333 4358
f 4358 4333 4334
f 4358 4334 4359
f 4359 4334 4335
f 4359 4335 4360
f 4360 4335 4336
f 4360 4336 4361
f 1699 1712 4362
f 4362 1712 4200
f 4362 4200 4363
f 4363 4200 4295
f 4363 4295 4364
f 4364 4295 4294
f 4364 4294 4365
f 4365 4294 4317
f 4365 4317 4366
f 4366 4317 4237
f 4366 4237 4367
f 4367 4237 4368
f 4367 4368 4369
f 66 4370 67
f 67 4370 4369
f 67 4369 38
f 38 4369 4368
f 38 4368 4236
f 4236 4368 4237
f 4236 4237 2
f 2 4237 116
f 1693 4371 4344
f 4344 4371 4372
f 4344 4372 4345
f 4345 4372 4373
f 4345 4373 4346
f 4346 4373 4374
f 4346 4374 4347
f 4347 4374 4375
f 4347 4375 4348
f 4348 4375 4376
f 4348 4376 4349
f 4349 4376 4377
f 4349 4377 4350
f 4350 4377 4378
f 4350 4378 4351
f 4351 4378 4197
f 4351 4197 1671
f 1671 4197 1669
f 4379 4352 4380
f 4380 4352 4353
f 4380 4353 4381
f 4381 4353 4354
f 4381 4354 4382
f 4382 4354 4355
f 4382 4355 4383
f 4383 4355 4356
f 4383 4356 4384
f 4384 4356 4357
f 4384 4357 4385
f 4385 4357 4358
f 4385 4358 4386
f 4386 4358 4359
f 4386 4359 4387
f 4387 4359 4360
f 4387 4360 4388
f 4388 4360 4361
f 4388 4361 4389
f 4390 4391 4337
f 4337 4391 4392
f 4337 4392 4316
f 4316 4392 4393
f 4316 4393 4315
f 4315 4393 4394
f 4315 4394 4314
f 4314 4394 4395
f 4314 4395 4313
f 4313 4395 4396
f 4313 4396 4312
f 4312 4396 4397
f 4312 4397 4311
f 4311 4397 4398
f 4311 4398 4293
f 4293 4398 4399
f 4293 4399 1693
f 1665 1667 4400
f 4400 1667 4197
f 4400 4197 4401
f 4401 4197 4378
f 4401 4378 4402
f 4402 4378 4377
f 4402 4377 4403
f 4403 4377 4376
f 4403 4376 4404
f 4404 4376 4375
f 4404 4375 4405
f 4405 4375 4374
f 4405 4374 4406
f 4406 4374 4373
f 4406 4373 4407
f 4407 4373 4372
f 4407 4372 4408
f 4408 4372 4371
f 4408 4371 4409
f 4409 4371 1693
f 4410 4379 4411
f 4411 4379 4380
f 4411 4380 4412
f 4412 4380 4381
f 4412 4381 4413
f 4413 4381 4382
f 4413 4382 4414
f 4414 4382 4383
f 4414 4383 4415
f 4415 4383 4384
f 4415 4384 4416
f 4416 4384 4385
f 4416 4385 4417
f 4417 4385 4386
f 4417 4386 4418
f 4418 4386 4387
f 4418 4387 4419
f 4419 4387 4388
f 4419 4388 4420
f 4420 4388 4389
f 4420 4389 4421
f 4422 4423 4424
f 4424 4423 4425
f 4424 4425 4426
f 4426 4425 4427
f 4426 4427 4428
f 4428 4427 4429
f 4428 4429 4430
f 4430 4429 4431
f 4430 4431 4432
f 4432 4431 4433
f 4432 4433 4434
f 4434 4433 4435
f 4434 4435 4436
f 4436 4435 4437
f 4436 4437 4438
f 4438 4437 4439
f 4438 4439 4440
f 4440 4439 4441
f 4440 4441 4442
f 4443 4441 4391
f 4391 4441 4439
f 4391 4439 4392
f 4392 4439 4437
f 4392 4437 4393
f 4393 4437 4435
f 4393 4435 4394
f 4394 4435 4433
f 4394 4433 4395
f 4395 4433 4431
f 4395 4431 4396
f 4396 4431 4429
f 4396 4429 4397
f 4397 4429 4427
f 4397 4427 4398
f 4398 4427 4425
f 4398 4425 4399
f 4399 4425 4423
f 4399 4423 1693
f 4422 1693 4423
f 1693 4444 4409
f 4409 4444 4445
f 4409 4445 4408
f 4408 4445 4446
f 4408 4446 4407
f 4407 4446 4447
f 4407 4447 4406
f 4406 4447 4448
f 4406 4448 4405
f 4405 4448 4449
f 4405 4449 4404
f 4404 4449 4450
f 4404 4450 4403
f 4403 4450 4451
f 4403 4451 4402
f 4402 4451 4452
f 4402 4452 4401
f 4401 4452 4453
f 4401 4453 4400
f 4400 4453 4454
f 4400 4454 1665
f 1665 4454 1663
f 4455 4410 4456
f 4456 4410 4411
f 4456 4411 4457
f 4457 4411 4412
f 4457 4412 4458
f 4458 4412 4413
f 4458 4413 4459
f 4459 4413 4414
f 4459 4414 4460
f 4460 4414 4415
f 4460 4415 4461
f 4461 4415 4416
f 4461 4416 4462
f 4462 4416 4417
f 4462 4417 4463
f 4463 4417 4418
f 4463 4418 4464
f 4464 4418 4419
f 4464 4419 4465
f 4465 4419 4420
f 4465 4420 4466
f 4466 4420 4421
f 4466 4421 4467
f 1697 1699 4242
f 4242 1699 4362
f 4242 4362 4343
f 4343 4362 4363
f 4343 4363 4342
f 4342 4363 4364
f 4342 4364 4341
f 4341 4364 4365
f 4341 4365 4340
f 4340 4365 4366
f 4340 4366 4339
f 4339 4366 4367
f 4339 4367 4338
f 4338 4367 4369
f 4338 4369 4337
f 4337 4369 4370
f 4337 4370 4390
f 4390 4370 66
f 4390 66 4391
f 4391 66 64
f 4391 64 4443
f 4443 64 62
f 4443 62 4441
f 4441 62 4212
f 4441 4212 4442
f 4442 4212 58
f 4442 58 4214
f 4214 58 56
f 4214 56 54
f 1693 4468 4444
f 4444 4468 4469
f 4444 4469 4445
f 4445 4469 4470
f 4445 4470 4446
f 4446 4470 4471
f 4446 4471 4447
f 4447 4471 4472
f 4447 4472 4448
f 4448 4472 4473
f 4448 4473 4449
f 4449 4473 4474
f 4449 4474 4450
f 4450 4474 4475
f 4450 4475 4451
f 4451 4475 4476
f 4451 4476 4452
f 4452 4476 4477
f 4452 4477 4453
f 4453 4477 4478
f 4453 4478 4454
f 4454 4478 4196
f 4454 4196 1663
f 1663 4196 1661
f 4479 4455 4480
f 4480 4455 4456
f 4480 4456 4481
f 4481 4456 4457
f 4481 4457 4482
f 4482 4457 4458
f 4482 4458 4483
f 4483 4458 4459
f 4483 4459 4484
f 4484 4459 4460
f 4484 4460 4485
f 4485 4460 4461
f 4485 4461 4486
f 4486 4461 4462
f 4486 4462 4487
f 4487 4462 4463
f 4487 4463 4488
f 4488 4463 4464
f 4488 4464 4489
f 4489 4464 4465
f 4489 4465 4490
f 4490 4465 4466
f 4490 4466 4491
f 4491 4466 4467
f 4491 4467 4492
f 1657 1659 4195
f 4195 1659 4196
f 4195 4196 4493
f 4493 4196 4478
f 4493 4478 4494
f 4494 4478 4477
f 4494 4477 4495
f 4495 4477 4476
f 4495 4476 4496
f 4496 4476 4475
f 4496 4475 4497
f 4497 4475 4474
f 4497 4474 4498
f 4498 4474 4473
f 4498 4473 4499
f 4499 4473 4472
f 4499 4472 4500
f 4500 4472 4471
f 4500 4471 4501
f 4501 4471 4470
f 4501 4470 4502
f 4502 4470 4469
f 4502 4469 4503
f 4503 4469 4468
f 4503 4468 4504
f 4504 4468 1693
f 4505 4479 4506
f 4506 4479 4480
f 4506 4480 4507
f 4507 4480 4481
f 4507 4481 4508
f 4508 4481 4482
f 4508 4482 4509
f 4509 4482 4483
f 4509 4483 4510
f 4510 4483 4484
f 4510 4484 4511
f 4511 4484 4485
f 4511 4485 4512
f 4512 4485 4486
f 4512 4486 4513
f 4513 4486 4487
f 4513 4487 4514
f 4514 4487 4488
f 4514 4488 4515
f 4515 4488 4489
f 4515 4489 4516
f 4516 4489 4490
f 4516 4490 4517
f 4517 4490 4491
f 4517 4491 4518
f 4518 4491 4492
f 4518 4492 4519
f 54 52 4213
f 4213 52 4235
f 4213 4235 4214
f 4214 4235 4520
f 4214 4520 4442
f 4442 4520 4521
f 4442 4521 4440
f 4440 4521 4522
f 4440 4522 4438
f 4438 4522 4523
f 4438 4523 4436
f 4436 4523 4524
f 4436 4524 4434
f 4434 4524 4525
f 4434 4525 4432
f 4432 4525 4526
f 4432 4526 4430
f 4430 4526 4527
f 4430 4527 4428
f 4428 4527 4528
f 4428 4528 4426
f 4426 4528 4529
f 4426 4529 4424
f 4424 4529 4530
f 4424 4530 4422
f 4422 4530 4531
f 4422 4531 1693
f 1653 1655 4194
f 4194 1655 4195
f 4194 4195 4532
f 4532 4195 4493
f 4532 4493 4533
f 4533 4493 4494
f 4533 4494 4534
f 4534 4494 4495
f 4534 4495 4535
f 4535 4495 4496
f 4535 4496 4536
f 4536 4496 4497
f 4536 4497 4537
f 4537 4497 4498
f 4537 4498 4538
f 4538 4498 4499
f 4538 4499 4539
f 4539 4499 4500
f 4539 4500 4540
f 4540 4500 4501
f 4540 4501 4541
f 4541 4501 4502
f 4541 4502 4542
f 4542 4502 4503
f 4542 4503 4543
f 4543 4503 4504
f 4543 4504 4544
f 4544 4504 1693
f 4545 4505 4546
f 4546 4505 4506
f 4546 4506 4547
f 4547 4506 4507
f 4547 4507 4548
f 4548 4507 4508
f 4548 4508 4549
f 4549 4508 4509
f 4549 4509 4550
f 4550 4509 4510
f 4550 4510 4551
f 4551 4510 4511
f 4551 4511 4552
f 4552 4511 4512
f 4552 4512 4553
f 4553 4512 4513
f 4553 4513 4554
f 4554 4513 4514
f 4554 4514 4555
f 4555 4514 4515
f 4555 4515 4556
f 4556 4515 4516
f 4556 4516 4557
f 4557 4516 4517
f 4557 4517 4558
f 4558 4517 4518
f 4558 4518 4559
f 4559 4518 4519
f 4559 4519 4560
f 1649 1651 4561
f 4561 1651 4194
f 4561 4194 4562
f 4562 4194 4532
f 4562 4532 4563
f 4563 4532 4533
f 4563 4533 4564
f 4564 4533 4534
f 4564 4534 4565
f 4565 4534 4535
f 4565 4535 4566
f 4566 4535 4536
f 4566 4536 4567
f 4567 4536 4537
f 4567 4537 4568
f 4568 4537 4538
f 4568 4538 4569
f 4569 4538 4539
f 4569 4539 4570
f 4570 4539 4540
f 4570 4540 4571
f 4571 4540 4541
f 4571 4541 4572
f 4572 4541 4542
f 4572 4542 4573
f 4573 4542 4543
f 4573 4543 4574
f 4574 4543 4544
f 4574 4544 4575
f 4575 4544 1693
f 4576 4545 4577
f 4577 4545 4546
f 4577 4546 4578
f 4578 4546 4547
f 4578 4547 4579
f 4579 4547 4548
f 4579 4548 4580
f 4580 4548 4549
f 4580 4549 4581
f 4581 4549 4550
f 4581 4550 4582
f 4582 4550 4551
f 4582 4551 4583
f 4583 4551 4552
f 4583 4552 4584
f 4584 4552 4553
f 4584 4553 4585
f 4585 4553 4554
f 4585 4554 4586
f 4586 4554 4555
f 4586 4555 4587
f 4587 4555 4556
f 4587 4556 4588
f 4588 4556 4557
f 4588 4557 4589
f 4589 4557 4558
f 4589 4558 4590
f 4590 4558 4559
f 4590 4559 4591
f 4591 4559 4560
f 4591 4560 4592
f 1647 1649 4193
f 4193 1649 4561
f 4193 4561 4593
f 4593 4561 4562
f 4593 4562 4594
f 4594 4562 4563
f 4594 4563 4595
f 4595 4563 4564
f 4595 4564 4596
f 4596 4564 4565
f 4596 4565 4597
f 4597 4565 4566
f 4597 4566 4598
f 4598 4566 4567
f 4598 4567 4599
f 4599 4567 4568
f 4599 4568 4600
f 4600 4568 4569
f 4600 4569 4601
f 4601 4569 4570
f 4601 4570 4602
f 4602 4570 4571
f 4602 4571 4603
f 4603 4571 4572
f 4603 4572 4604
f 4604 4572 4573
f 4604 4573 4605
f 4605 4573 4574
f 4605 4574 4606
f 4606 4574 4575
f 4606 4575 4607
f 4607 4575 1693
f 4608 4576 4609
f 4609 4576 4577
f 4609 4577 4610
f 4610 4577 4578
f 4610 4578 4611
f 4611 4578 4579
f 4611 4579 4612
f 4612 4579 4580
f 4612 4580 4613
f 4613 4580 4581
f 4613 4581 4614
f 4614 4581 4582
f 4614 4582 4615
f 4615 4582 4583
f 4615 4583 4616
f 4616 4583 4584
f 4616 4584 4617
f 4617 4584 4585
f 4617 4585 4618
f 4618 4585 4586
f 4618 4586 4619
f 4619 4586 4587
f 4619 4587 4620
f 4620 4587 4588
f 4620 4588 4621
f 4621 4588 4589
f 4621 4589 4622
f 4622 4589 4590
f 4622 4590 4623
f 4623 4590 4591
f 4623 4591 4624
f 4624 4591 4592
f 4624 4592 4625
f 1643 1645 4192
f 4192 1645 4193
f 4192 4193 4626
f 4626 4193 4593
f 4626 4593 4627
f 4627 4593 4594
f 4627 4594 4628
f 4628 4594 4595
f 4628 4595 4629
f 4629 4595 4596
f 4629 4596 4630
f 4630 4596 4597
f 4630 4597 4631
f 4631 4597 4598
f 4631 4598 4632
f 4632 4598 4599
f 4632 4599 4633
f 4633 4599 4600
f 4633 4600 4634
f 4634 4600 4601
f 4634 4601 4635
f 4635 4601 4602
f 4635 4602 4636
f 4636 4602 4603
f 4636 4603 4637
f 4637 4603 4604
f 4637 4604 4638
f 4638 4604 4605
f 4638 4605 4639
f 4639 4605 4606
f 4639 4606 4640
f 4640 4606 4607
f 4640 4607 4641
f 4641 4607 1693
f 4642 4608 4643
f 4643 4608 4609
f 4643 4609 4644
f 4644 4609 4610
f 4644 4610 4645
f 4645 4610 4611
f 4645 4611 4646
f 4646 4611 4612
f 4646 4612 4647
f 4647 4612 4613
f 4647 4613 4648
f 4648 4613 4614
f 4648 4614 4649
f 4649 4614 4615
f 4649 4615 4650
f 4650 4615 4616
f 4650 4616 4651
f 4651 4616 4617
f 4651 4617 4652
f 4652 4617 4618
f 4652 4618 4653
f 4653 4618 4619
f 4653 4619 4654
f 4654 4619 4620
f 4654 4620 4655
f 4655 4620 4621
f 4655 4621 4656
f 4656 4621 4622
f 4656 4622 4657
f 4657 4622 4623
f 4657 4623 4658
f 4658 4623 4624
f 4658 4624 4659
f 4659 4624 4625
f 4659 4625 4660
f 7 70 4234
f 4234 70 4229
f 4234 4229 4233
f 4233 4229 4661
f 4233 4661 4232
f 4232 4661 4662
f 4232 4662 4231
f 4231 4662 4663
f 4231 4663 4235
f 4235 4663 4664
f 4235 4664 4520
f 4520 4664 4665
f 4520 4665 4521
f 4521 4665 4666
f 4521 4666 4522
f 4522 4666 4667
f 4522 4667 4523
f 4523 4667 4668
f 4523 4668 4524
f 4524 4668 4669
f 4524 4669 4525
f 4525 4669 4670
f 4525 4670 4526
f 4526 4670 4671
f 4526 4671 4527
f 4527 4671 4672
f 4527 4672 4528
f 4528 4672 4673
f 4528 4673 4529
f 4529 4673 4674
f 4529 4674 4530
f 4530 4674 4675
f 4530 4675 4531
f 4531 4675 4676
f 4531 4676 1693
f 1639 1641 4677
f 4677 1641 4192
f 4677 4192 4678
f 4678 4192 4626
f 4678 4626 4679
f 4679 4626 4627
f 4679 4627 4680
f 4680 4627 4628
f 4680 4628 4681
f 4681 4628 4629
f 4681 4629 4682
f 4682 4629 4630
f 4682 4630 4683
f 4683 4630 4631
f 4683 4631 4684
f 4684 4631 4632
f 4684 4632 4685
f 4685 4632 4633
f 4685 4633 4686
f 4686 4633 4634
f 4686 4634 4687
f 4687 4634 4635
f 4687 4635 4688
f 4688 4635 4636
f 4688 4636 4689
f 4689 4636 4637
f 4689 4637 4690
f 4690 4637 4638
f 4690 4638 4691
f 4691 4638 4639
f 4691 4639 4692
f 4692 4639 4640
f 4692 4640 4693
f 4693 4640 4641
f 4693 4641 4694
f 4694 4641 1693
f 4695 4642 4696
f 4696 4642 4643
f 4696 4643 4697
f 4697 4643 4644
f 4697 4644 4698
f 4698 4644 4645
f 4698 4645 4699
f 4699 4645 4646
f 4699 4646 4700
f 4700 4646 4647
f 4700 4647 4701
f 4701 4647 4648
f 4701 4648 4702
f 4702 4648 4649
f 4702 4649 4703
f 4703 4649 4650
f 4703 4650 4704
f 4704 4650 4651
f 4704 4651 4705
f 4705 4651 4652
f 4705 4652 4706
f 4706 4652 4653
f 4706 4653 4707
f 4707 4653 4654
f 4707 4654 4708
f 4708 4654 4655
f 4708 4655 4709
f 4709 4655 4656
f 4709 4656 4710
f 4710 4656 4657
f 4710 4657 4711
f 4711 4657 4658
f 4711 4658 4712
f 4712 4658 4659
f 4712 4659 4713
f 4713 4659 4660
f 4713 4660 4714
f 1637 1639 4191
f 4191 1639 4677
f 4191 4677 4715
f 4715 4677 4678
f 4715 4678 4716
f 4716 4678 4679
f 4716 4679 4717
f 4717 4679 4680
f 4717 4680 4718
f 4718 4680 4681
f 4718 4681 4719
f 4719 4681 4682
f 4719 4682 4720
f 4720 4682 4683
f 4720 4683 4721
f 4721 4683 4684
f 4721 4684 4722
f 4722 4684 4685
f 4722 4685 4723
f 4723 4685 4686
f 4723 4686 4724
f 4724 4686 4687
f 4724 4687 4725
f 4725 4687 4688
f 4725 4688 4726
f 4726 4688 4689
f 4726 4689 4727
f 4727 4689 4690
f 4727 4690 4728
f 4728 4690 4691
f 4728 4691 4729
f 4729 4691 4692
f 4729 4692 4730
f 4730 4692 4693
f 4730 4693 4731
f 4731 4693 4694
f 4731 4694 4732
f 4732 4694 1693
f 4733 4695 4734
f 4734 4695 4696
f 4734 4696 4735
f 4735 4696 4697
f 4735 4697 4736
f 4736 4697 4698
f 4736 4698 4737
f 4737 4698 4699
f 4737 4699 4738
f 4738 4699 4700
f 4738 4700 4739
f 4739 4700 4701
f 4739 4701 4740
f 4740 4701 4702
f 4740 4702 4741
f 4741 4702 4703
f 4741 4703 4742
f 4742 4703 4704
f 4742 4704 4743
f 4743 4704 4705
f 4743 4705 4744
f 4744 4705 4706
f 4744 4706 4745
f 4745 4706 4707
f 4745 4707 4746
f 4746 4707 4708
f 4746 4708 4747
f 4747 4708 4709
f 4747 4709 4748
f 4748 4709 4710
f 4748 4710 4749
f 4749 4710 4711
f 4749 4711 4750
f 4750 4711 4712
f 4750 4712 4751
f 4751 4712 4713
f 4751 4713 4752
f 4752 4713 4714
f 4752 4714 4753
f 1633 1635 4190
f 4190 1635 4191
f 4190 4191 4754
f 4754 4191 4715
f 4754 4715 4755
f 4755 4715 4716
f 4755 4716 4756
f 4756 4716 4717
f 4756 4717 4757
f 4757 4717 4718
f 4757 4718 4758
f 4758 4718 4719
f 4758 4719 4759
f 4759 4719 4720
f 4759 4720 4760
f 4760 4720 4721
f 4760 4721 4761
f 4761 4721 4722
f 4761 4722 4762
f 4762 4722 4723
f 4762 4723 4763
f 4763 4723 4724
f 4763 4724 4764
f 4764 4724 4725
f 4764 4725 4765
f 4765 4725 4726
f 4765 4726 4766
f 4766 4726 4727
f 4766 4727 4767
f 4767 4727 4728
f 4767 4728 4768
f 4768 4728 4729
f 4768 4729 4769
f 4769 4729 4730
f 4769 4730 4770
f 4770 4730 4731
f 4770 4731 4771
f 4771 4731 4732
f 4771 4732 4772
f 4772 4732 1693
f 4773 4733 4774
f 4774 4733 4734
f 4774 4734 4775
f 4775 4734 4735
f 4775 4735 4776
f 4776 4735 4736
f 4776 4736 4777
f 4777 4736 4737
f 4777 4737 4778
f 4778 4737 4738
f 4778 4738 4779
f 4779 4738 4739
f 4779 4739 4780
f 4780 4739 4740
f 4780 4740 4781
f 4781 4740 4741
f 4781 4741 4782
f 4782 4741 4742
f 4782 4742 4783
f 4783 4742 4743
f 4783 4743 4784
f 4784 4743 4744
f 4784 4744 4785
f 4785 4744 4745
f 4785 4745 4786
f 4786 4745 4746
f 4786 4746 4787
f 4787 4746 4747
f 4787 4747 4788
f 4788 4747 4748
f 4788 4748 4789
f 4789 4748 4749
f 4789 4749 4790
f 4790 4749 4750
f 4790 4750 4791
f 4791 4750 4751
f 4791 4751 4792
f 4792 4751 4752
f 4792 4752 4793
f 4793 4752 4753
f 4793 4753 4794
f 4795 4773 4796
f 4796 4773 4774
f 4796 4774 4797
f 4797 4774 4775
f 4797 4775 4798
f 4798 4775 4776
f 4798 4776 4799
f 4799 4776 4777
f 4799 4777 4800
f 4800 4777 4778
f 4800 4778 4801
f 4801 4778 4779
f 4801 4779 4802
f 4802 4779 4780
f 4802 4780 4803
f 4803 4780 4781
f 4803 4781 4804
f 4804 4781 4782
f 4804 4782 4805
f 4805 4782 4783
f 4805 4783 4806
f 4806 4783 4784
f 4806 4784 4807
f 4807 4784 4785
f 4807 4785 4808
f 4808 4785 4786
f 4808 4786 4809
f 4809 4786 4787
f 4809 4787 4810
f 4810 4787 4788
f 4810 4788 4811
f 4811 4788 4789
f 4811 4789 4812
f 4812 4789 4790
f 4812 4790 4813
f 4813 4790 4791
f 4813 4791 4814
f 4814 4791 4792
f 4814 4792 4815
f 4815 4792 4793
f 4815 4793 4816
f 4816 4793 4794
f 4816 4794 4817
f 1629 1631 4795
f 4795 1631 4190
f 4795 4190 4773
f 4773 4190 4754
f 4773 4754 4733
f 4733 4754 4755
f 4733 4755 4695
f 4695 4755 4756
f 4695 4756 4642
f 4642 4756 4757
f 4642 4757 4608
f 4608 4757 4758
f 4608 4758 4576
f 4576 4758 4759
f 4576 4759 4545
f 4545 4759 4760
f 4545 4760 4505
f 4505 4760 4761
f 4505 4761 4479
f 4479 4761 4762
f 4479 4762 4455
f 4455 4762 4763
f 4455 4763 4410
f 4410 4763 4764
f 4410 4764 4379
f 4379 4764 4765
f 4379 4765 4352
f 4352 4765 4766
f 4352 4766 4328
f 4328 4766 4767
f 4328 4767 4303
f 4303 4767 4768
f 4303 4768 4281
f 4281 4768 4769
f 4281 4769 4265
f 4265 4769 4770
f 4265 4770 4252
f 4252 4770 4771
f 4252 4771 4243
f 4243 4771 4772
f 4243 4772 4210
f 4210 4772 1693
f 4818 4817 4819
f 4819 4817 4794
f 4819 4794 4820
f 4820 4794 4753
f 4820 4753 4821
f 4821 4753 4714
f 4821 4714 4822
f 4822 4714 4660
f 4822 4660 4823
f 4823 4660 4625
f 4823 4625 4824
f 4824 4625 4592
f 4824 4592 4825
f 4825 4592 4560
f 4825 4560 4826
f 4826 4560 4519
f 4826 4519 4827
f 4827 4519 4492
f 4827 4492 4828
f 4828 4492 4467
f 4828 4467 4829
f 4829 4467 4421
f 4829 4421 4830
f 4830 4421 4389
f 4830 4389 4831
f 4831 4389 4361
f 4831 4361 4832
f 4832 4361 4336
f 4832 4336 4833
f 4833 4336 4310
f 4833 4310 4834
f 4834 4310 4287
f 4834 4287 4835
f 4835 4287 4270
f 4835 4270 4836
f 4836 4270 4256
f 4836 4256 4837
f 4837 4256 4246
f 4837 4246 4838
f 4838 4246 4211
f 4838 4211 1693
f 4839 4818 4840
f 4840 4818 4819
f 4840 4819 4841
f 4841 4819 4820
f 4841 4820 4842
f 4842 4820 4821
f 4842 4821 4843
f 4843 4821 4822
f 4843 4822 4844
f 4844 4822 4823
f 4844 4823 4845
f 4845 4823 4824
f 4845 4824 4846
f 4846 4824 4825
f 4846 4825 4847
f 4847 4825 4826
f 4847 4826 4848
f 4848 4826 4827
f 4848 4827 4849
f 4849 4827 4828
f 4849 4828 4850
f 4850 4828 4829
f 4850 4829 4851
f 4851 4829 4830
f 4851 4830 4852
f 4852 4830 4831
f 4852 4831 4853
f 4853 4831 4832
f 4853 4832 4854
f 4854 4832 4833
f 4854 4833 4855
f 4855 4833 4834
f 4855 4834 4856
f 4856 4834 4835
f 4856 4835 4857
f 4857 4835 4836
f 4857 4836 4858
f 4858 4836 4837
f 4858 4837 4859
f 4859 4837 4838
f 4859 4838 1693
f 4228 4839 4215
f 4215 4839 4840
f 4215 4840 4216
f 4216 4840 4841
f 4216 4841 4230
f 4230 4841 4842
f 4230 4842 4229
f 4229 4842 4843
f 4229 4843 4661
f 4661 4843 4844
f 4661 4844 4662
f 4662 4844 4845
f 4662 4845 4663
f 4663 4845 4846
f 4663 4846 4664
f 4664 4846 4847
f 4664 4847 4665
f 4665 4847 4848
f 4665 4848 4666
f 4666 4848 4849
f 4666 4849 4667
f 4667 4849 4850
f 4667 4850 4668
f 4668 4850 4851
f 4668 4851 4669
f 4669 4851 4852
f 4669 4852 4670
f 4670 4852 4853
f 4670 4853 4671
f 4671 4853 4854
f 4671 4854 4672
f 4672 4854 4855
f 4672 4855 4673
f 4673 4855 4856
f 4673 4856 4674
f 4674 4856 4857
f 4674 4857 4675
f 4675 4857 4858
f 4675 4858 4676
f 4676 4858 4859
f 4676 4859 1693
f 1621 1623 4860
f 4860 1623 1625
f 1625 4189 4860
f 4860 4189 4861
f 4860 4861 4862
f 4862 4861 4863
f 4862 4863 4864
f 4864 4863 4865
f 4864 4865 4866
f 4866 4865 4867
f 4866 4867 4868
f 4868 4867 4869
f 4868 4869 4870
f 4870 4869 4871
f 4870 4871 4872
f 4872 4871 4873
f 4872 4873 4874
f 4874 4873 4875
f 4874 4875 4876
f 4876 4875 4877
f 4876 4877 4878
f 4878 4877 4879
f 4878 4879 4880
f 4880 4879 4881
f 4880 4881 4882
f 4882 4881 4883
f 4882 4883 4884
f 4884 4883 4885
f 4884 4885 4886
f 4886 4885 4887
f 4886 4887 4888
f 4888 4887 4889
f 4888 4889 4890
f 4890 4889 4891
f 4890 4891 4892
f 4892 4891 4893
f 4892 4893 4894
f 4894 4893 4895
f 4894 4895 4896
f 4896 4895 4897
f 4896 4897 4898
f 4898 4897 4899
f 4898 4899 4900
f 4900 4899 4901
f 4900 4901 4902
f 4902 4901 4903
f 4902 4903 4904
f 4904 4903 4905
f 4904 4905 4906
f 4906 4905 4907
f 4906 4907 4908
f 4908 4907 4909
f 4908 4909 4910
f 4910 4909 4911
f 4910 4911 4912
f 1617 1619 4913
f 4913 1619 1621
f 1621 4860 4913
f 4913 4860 4862
f 4913 4862 4914
f 4914 4862 4864
f 4914 4864 4915
f 4915 4864 4866
f 4915 4866 4916
f 4916 4866 4868
f 4916 4868 4917
f 4917 4868 4870
f 4917 4870 4918
f 4918 4870 4872
f 4918 4872 4919
f 4919 4872 4874
f 4919 4874 4920
f 4920 4874 4876
f 4920 4876 4921
f 4921 4876 4878
f 4921 4878 4922
f 4922 4878 4880
f 4922 4880 4923
f 4923 4880 4882
f 4923 4882 4924
f 4924 4882 4884
f 4924 4884 4925
f 4925 4884 4886
f 4925 4886 4926
f 4926 4886 4888
f 4926 4888 4927
f 4927 4888 4890
f 4927 4890 4928
f 4928 4890 4892
f 4928 4892 4929
f 4929 4892 4894
f 4929 4894 4930
f 4930 4894 4896
f 4930 4896 4931
f 4931 4896 4898
f 4931 4898 4932
f 4932 4898 4900
f 4932 4900 4933
f 4933 4900 4902
f 4933 4902 4934
f 4934 4902 4904
f 4934 4904 4935
f 4935 4904 4906
f 4935 4906 4936
f 4936 4906 4908
f 4936 4908 4937
f 4937 4908 4910
f 4937 4910 4938
f 4938 4910 4912
f 4938 4912 4939
f 1617 4913 4188
f 4188 4913 4914
f 4188 4914 4940
f 4940 4914 4915
f 4940 4915 4941
f 4941 4915 4916
f 4941 4916 4942
f 4942 4916 4917
f 4942 4917 4943
f 4943 4917 4918
f 4943 4918 4944
f 4944 4918 4919
f 4944 4919 4945
f 4945 4919 4920
f 4945 4920 4946
f 4946 4920 4921
f 4946 4921 4947
f 4947 4921 4922
f 4947 4922 4948
f 4948 4922 4923
f 4948 4923 4949
f 4949 4923 4924
f 4949 4924 4950
f 4950 4924 4925
f 4950 4925 4951
f 4951 4925 4926
f 4951 4926 4952
f 4952 4926 4927
f 4952 4927 4953
f 4953 4927 4928
f 4953 4928 4954
f 4954 4928 4929
f 4954 4929 4955
f 4955 4929 4930
f 4955 4930 4956
f 4956 4930 4931
f 4956 4931 4957
f 4957 4931 4932
f 4957 4932 4958
f 4958 4932 4933
f 4958 4933 4959
f 4959 4933 4934
f 4959 4934 4960
f 4960 4934 4935
f 4960 4935 4961
f 4961 4935 4936
f 4961 4936 4962
f 4962 4936 4937
f 4962 4937 4963
f 4963 4937 4938
f 4963 4938 4964
f 4964 4938 4939
f 4964 4939 4965
f 1611 1613 4966
f 4966 1613 1615
f 1615 4188 4966
f 4966 4188 4940
f 4966 4940 4967
f 4967 4940 4941
f 4967 4941 4968
f 4968 4941 4942
f 4968 4942 4969
f 4969 4942 4943
f 4969 4943 4970
f 4970 4943 4944
f 4970 4944 4971
f 4971 4944 4945
f 4971 4945 4972
f 4972 4945 4946
f 4972 4946 4973
f 4973 4946 4947
f 4973 4947 4974
f 4974 4947 4948
f 4974 4948 4975
f 4975 4948 4949
f 4975 4949 4976
f 4976 4949 4950
f 4976 4950 4977
f 4977 4950 4951
f 4977 4951 4978
f 4978 4951 4952
f 4978 4952 4979
f 4979 4952 4953
f 4979 4953 4980
f 4980 4953 4954
f 4980 4954 4981
f 4981 4954 4955
f 4981 4955 4982
f 4982 4955 4956
f 4982 4956 4983
f 4983 4956 4957
f 4983 4957 4984
f 4984 4957 4958
f 4984 4958 4985
f 4985 4958 4959
f 4985 4959 4986
f 4986 4959 4960
f 4986 4960 4987
f 4987 4960 4961
f 4987 4961 4988
f 4988 4961 4962
f 4988 4962 4989
f 4989 4962 4963
f 4989 4963 4990
f 4990 4963 4964
f 4990 4964 4991
f 4991 4964 4965
f 4991 4965 4992
f 4993 1609 1611
f 1611 4966 4993
f 4993 4966 4967
f 4993 4967 4994
f 4994 4967 4968
f 4994 4968 4995
f 4995 4968 4969
f 4995 4969 4996
f 4996 4969 4970
f 4996 4970 4997
f 4997 4970 4971
f 4997 4971 4998
f 4998 4971 4972
f 4998 4972 4999
f 4999 4972 4973
f 4999 4973 5000
f 5000 4973 4974
f 5000 4974 5001
f 5001 4974 4975
f 5001 4975 5002
f 5002 4975 4976
f 5002 4976 5003
f 5003 4976 4977
f 5003 4977 5004
f 5004 4977 4978
f 5004 4978 5005
f 5005 4978 4979
f 5005 4979 5006
f 5006 4979 4980
f 5006 4980 5007
f 5007 4980 4981
f 5007 4981 5008
f 5008 4981 4982
f 5008 4982 5009
f 5009 4982 4983
f 5009 4983 5010
f 5010 4983 4984
f 5010 4984 5011
f 5011 4984 4985
f 5011 4985 5012
f 5012 4985 4986
f 5012 4986 5013
f 5013 4986 4987
f 5013 4987 5014
f 5014 4987 4988
f 5014 4988 5015
f 5015 4988 4989
f 5015 4989 5016
f 5016 4989 4990
f 5016 4990 5017
f 5017 4990 4991
f 5017 4991 5018
f 5018 4991 4992
f 5018 4992 5019
f 1609 4993 5020
f 5020 4993 4994
f 5020 4994 5021
f 5021 4994 4995
f 5021 4995 5022
f 5022 4995 4996
f 5022 4996 5023
f 5023 4996 4997
f 5023 4997 5024
f 5024 4997 4998
f 5024 4998 5025
f 5025 4998 4999
f 5025 4999 5026
f 5026 4999 5000
f 5026 5000 5027
f 5027 5000 5001
f 5027 5001 5028
f 5028 5001 5002
f 5028 5002 5029
f 5029 5002 5003
f 5029 5003 5030
f 5030 5003 5004
f 5030 5004 5031
f 5031 5004 5005
f 5031 5005 5032
f 5032 5005 5006
f 5032 5006 5033
f 5033 5006 5007
f 5033 5007 5034
f 5034 5007 5008
f 5034 5008 5035
f 5035 5008 5009
f 5035 5009 5036
f 5036 5009 5010
f 5036 5010 5037
f 5037 5010 5011
f 5037 5011 5038
f 5038 5011 5012
f 5038 5012 5039
f 5039 5012 5013
f 5039 5013 5040
f 5040 5013 5014
f 5040 5014 5041
f 5041 5014 5015
f 5041 5015 5042
f 5042 5015 5016
f 5042 5016 5043
f 5043 5016 5017
f 5043 5017 5044
f 5044 5017 5018
f 5044 5018 5045
f 5045 5018 5019
f 5045 5019 5046
f 4227 5046 4226
f 4226 5046 5019
f 4226 5019 4225
f 4225 5019 4992
f 4225 4992 136
f 136 4992 4965
f 136 4965 138
f 138 4965 4939
f 138 4939 140
f 140 4939 4912
f 140 4912 142
f 142 4912 4911
f 142 4911 144
f 144 4911 4909
f 144 4909 4228
f 4228 4909 4907
f 4228 4907 4839
f 4839 4907 4905
f 4839 4905 4818
f 4818 4905 4903
f 4818 4903 4817
f 4817 4903 4901
f 4817 4901 4816
f 4816 4901 4899
f 4816 4899 4815
f 4815 4899 4897
f 4815 4897 4814
f 4814 4897 4895
f 4814 4895 4813
f 4813 4895 4893
f 4813 4893 4812
f 4812 4893 4891
f 4812 4891 4811
f 4811 4891 4889
f 4811 4889 4810
f 4810 4889 4887
f 4810 4887 4809
f 4809 4887 4885
f 4809 4885 4808
f 4808 4885 4883
f 4808 4883 4807
f 4807 4883 4881
f 4807 4881 4806
f 4806 4881 4879
f 4806 4879 4805
f 4805 4879 4877
f 4805 4877 4804
f 4804 4877 4875
f 4804 4875 4803
f 4803 4875 4873
f 4803 4873 4802
f 4802 4873 4871
f 4802 4871 4801
f 4801 4871 4869
f 4801 4869 4800
f 4800 4869 4867
f 4800 4867 4799
f 4799 4867 4865
f 4799 4865 4798
f 4798 4865 4863
f 4798 4863 4797
f 4797 4863 4861
f 4797 4861 4796
f 4796 4861 4189
f 4796 4189 4795
f 4795 4189 1627
f 4795 1627 1629
f 5047 1605 1607
f 128 4224 4217
f 4217 4224 5048
f 4217 5048 4227
f 4227 5048 5049
f 4227 5049 5046
f 5046 5049 5050
f 5046 5050 5045
f 5045 5050 5051
f 5045 5051 5044
f 5044 5051 5052
f 5044 5052 5043
f 5043 5052 5053
f 5043 5053 5042
f 5042 5053 5054
f 5042 5054 5041
f 5041 5054 5055
f 5041 5055 5040
f 5040 5055 5056
f 5040 5056 5039
f 5039 5056 5057
f 5039 5057 5038
f 5038 5057 5058
f 5038 5058 5037
f 5037 5058 5059
f 5037 5059 5036
f 5036 5059 5060
f 5036 5060 5035
f 5035 5060 5061
f 5035 5061 5034
f 5034 5061 5062
f 5034 5062 5033
f 5033 5062 5063
f 5033 5063 5032
f 5032 5063 5064
f 5032 5064 5031
f 5031 5064 5065
f 5031 5065 5030
f 5030 5065 5066
f 5030 5066 5029
f 5029 5066 5067
f 5029 5067 5028
f 5028 5067 5068
f 5028 5068 5027
f 5027 5068 5069
f 5027 5069 5026
f 5026 5069 5070
f 5026 5070 5025
f 5025 5070 5071
f 5025 5071 5024
f 5024 5071 5072
f 5024 5072 5023
f 5023 5072 5073
f 5023 5073 5022
f 5022 5073 5074
f 5022 5074 5021
f 5021 5074 5047
f 5021 5047 5020
f 5020 5047 1607
f 5020 1607 1609
f 5075 1601 1603
f 4221 4187 120
f 120 4187 4186
f 120 4186 122
f 122 4186 4185
f 122 4185 124
f 124 4185 5076
f 124 5076 4223
f 4223 5076 5077
f 4223 5077 4224
f 4224 5077 5078
f 4224 5078 5048
f 5048 5078 5079
f 5048 5079 5049
f 5049 5079 5080
f 5049 5080 5050
f 5050 5080 5081
f 5050 5081 5051
f 5051 5081 5082
f 5051 5082 5052
f 5052 5082 5083
f 5052 5083 5053
f 5053 5083 5084
f 5053 5084 5054
f 5054 5084 5085
f 5054 5085 5055
f 5055 5085 5086
f 5055 5086 5056
f 5056 5086 5087
f 5056 5087 5057
f 5057 5087 5088
f 5057 5088 5058
f 5058 5088 5089
f 5058 5089 5059
f 5059 5089 5090
f 5059 5090 5060
f 5060 5090 5091
f 5060 5091 5061
f 5061 5091 5092
f 5061 5092 5062
f 5062 5092 5093
f 5062 5093 5063
f 5063 5093 5094
f 5063 5094 5064
f 5064 5094 5095
f 5064 5095 5065
f 5065 5095 5096
f 5065 5096 5066
f 5066 5096 5097
f 5066 5097 5067
f 5067 5097 5098
f 5067 5098 5068
f 5068 5098 5099
f 5068 5099 5069
f 5069 5099 5100
f 5069 5100 5070
f 5070 5100 5101
f 5070 5101 5071
f 5071 5101 5102
f 5071 5102 5072
f 5072 5102 5103
f 5072 5103 5073
f 5073 5103 5104
f 5073 5104 5074
f 5074 5104 5075
f 5074 5075 5047
f 5047 5075 1603
f 5047 1603 1605
f 4187 5105 4185
f 4185 5105 5106
f 4185 5106 5076
f 5076 5106 5107
f 5076 5107 5077
f 5077 5107 5108
f 5077 5108 5078
f 5078 5108 5109
f 5078 5109 5079
f 5079 5109 5110
f 5079 5110 5080
f 5080 5110 5111
f 5080 5111 5081
f 5081 5111 5112
f 5081 5112 5082
f 5082 5112 5113
f 5082 5113 5083
f 5083 5113 5114
f 5083 5114 5084
f 5084 5114 5115
f 5084 5115 5085
f 5085 5115 5116
f 5085 5116 5086
f 5086 5116 5117
f 5086 5117 5087
f 5087 5117 5118
f 5087 5118 5088
f 5088 5118 5119
f 5088 5119 5089
f 5089 5119 5120
f 5089 5120 5090
f 5090 5120 5121
f 5090 5121 5091
f 5091 5121 5122
f 5091 5122 5092
f 5092 5122 5123
f 5092 5123 5093
f 5093 5123 5124
f 5093 5124 5094
f 5094 5124 5125
f 5094 5125 5095
f 5095 5125 5126
f 5095 5126 5096
f 5096 5126 5127
f 5096 5127 5097
f 5097 5127 5128
f 5097 5128 5098
f 5098 5128 5129
f 5098 5129 5099
f 5099 5129 5130
f 5099 5130 5100
f 5100 5130 5131
f 5100 5131 5101
f 5101 5131 5132
f 5101 5132 5102
f 5102 5132 5133
f 5102 5133 5103
f 5103 5133 5134
f 5103 5134 5104
f 5104 5134 5135
f 5104 5135 5075
f 5075 5135 1599
f 5075 1599 1601
f 5136 1595 1597
f 10 4220 11
f 11 4220 5137
f 11 5137 4222
f 4222 5137 5138
f 4222 5138 4221
f 4221 5138 5139
f 4221 5139 4187
f 4187 5139 5140
f 4187 5140 5105
f 5105 5140 5141
f 5105 5141 5106
f 5106 5141 5142
f 5106 5142 5107
f 5107 5142 5143
f 5107 5143 5108
f 5108 5143 5144
f 5108 5144 5109
f 5109 5144 5145
f 5109 5145 5110
f 5110 5145 5146
f 5110 5146 5111
f 5111 5146 5147
f 5111 5147 5112
f 5112 5147 5148
f 5112 5148 5113
f 5113 5148 5149
f 5113 5149 5114
f 5114 5149 5150
f 5114 5150 5115
f 5115 5150 5151
f 5115 5151 5116
f 5116 5151 5152
f 5116 5152 5117
f 5117 5152 5153
f 5117 5153 5118
f 5118 5153 5154
f 5118 5154 5119
f 5119 5154 5155
f 5119 5155 5120
f 5120 5155 5156
f 5120 5156 5121
f 5121 5156 5157
f 5121 5157 5122
f 5122 5157 5158
f 5122 5158 5123
f 5123 5158 5159
f 5123 5159 5124
f 5124 5159 5160
f 5124 5160 5125
f 5125 5160 5161
f 5125 5161 5126
f 5126 5161 5162
f 5126 5162 5127
f 5127 5162 5163
f 5127 5163 5128
f 5128 5163 5164
f 5128 5164 5129
f 5129 5164 5165
f 5129 5165 5130
f 5130 5165 5166
f 5130 5166 5131
f 5131 5166 5167
f 5131 5167 5132
f 5132 5167 5168
f 5132 5168 5133
f 5133 5168 5169
f 5133 5169 5134
f 5134 5169 5136
f 5134 5136 5135
f 5135 5136 1597
f 5135 1597 1599
f 1591 1593 5170
f 5170 1593 1595
f 1595 5136 5170
f 5170 5136 5169
f 5170 5169 5171
f 5171 5169 5168
f 5171 5168 5172
f 5172 5168 5167
f 5172 5167 5173
f 5173 5167 5166
f 5173 5166 5174
f 5174 5166 5165
f 5174 5165 5175
f 5175 5165 5164
f 5175 5164 5176
f 5176 5164 5163
f 5176 5163 5177
f 5177 5163 5162
f 5177 5162 5178
f 5178 5162 5161
f 5178 5161 5179
f 5179 5161 5160
f 5179 5160 5180
f 5180 5160 5159
f 5180 5159 5181
f 5181 5159 5158
f 5181 5158 5182
f 5182 5158 5157
f 5182 5157 5183
f 5183 5157 5156
f 5183 5156 5184
f 5184 5156 5155
f 5184 5155 5185
f 5185 5155 5154
f 5185 5154 5186
f 5186 5154 5153
f 5186 5153 5187
f 5187 5153 5152
f 5187 5152 5188
f 5188 5152 5151
f 5188 5151 5189
f 5189 5151 5150
f 5189 5150 5190
f 5190 5150 5149
f 5190 5149 5191
f 5191 5149 5148
f 5191 5148 5192
f 5192 5148 5147
f 5192 5147 5193
f 5193 5147 5146
f 5193 5146 5194
f 5194 5146 5145
f 5194 5145 5195
f 5195 5145 5144
f 5195 5144 5196
f 5196 5144 5143
f 5196 5143 5197
f 5197 5143 5142
f 5197 5142 5198
f 5198 5142 5141
f 5198 5141 5199
f 5199 5141 5140
f 5199 5140 5200
f 5200 5140 5139
f 5200 5139 5201
f 5201 5139 5138
f 5201 5138 5202
f 5202 5138 5137
f 5202 5137 5203
f 5203 5137 4220
f 5203 4220 5204
f 5204 4220 4219
f 5204 4219 5205
f 5205 4219 4218
f 5205 4218 5206
f 5206 4218 4184
f 5206 4184 5207
f 5207 4184 1561
f 5207 1561 1563
f 5208 1589 1591
f 5209 1587 1589
f 1591 5170 5208
f 5208 5170 5171
f 5208 5171 5210
f 5210 5171 5172
f 5210 5172 5211
f 5211 5172 5173
f 5211 5173 5212
f 5212 5173 5174
f 5212 5174 5213
f 5213 5174 5175
f 5213 5175 5214
f 5214 5175 5176
f 5214 5176 5215
f 5215 5176 5177
f 5215 5177 5216
f 5216 5177 5178
f 5216 5178 5217
f 5217 5178 5179
f 5217 5179 5218
f 5218 5179 5180
f 5218 5180 5219
f 5219 5180 5181
f 5219 5181 5220
f 5220 5181 5182
f 5220 5182 5221
f 5221 5182 5183
f 5221 5183 5222
f 5222 5183 5184
f 5222 5184 5223
f 5223 5184 5185
f 5223 5185 5224
f 5224 5185 5186
f 5224 5186 5225
f 5225 5186 5187
f 5225 5187 5226
f 5226 5187 5188
f 5226 5188 5227
f 5227 5188 5189
f 5227 5189 5228
f 5228 5189 5190
f 5228 5190 5229
f 5229 5190 5191
f 5229 5191 5230
f 5230 5191 5192
f 5230 5192 5231
f 5231 5192 5193
f 5231 5193 5232
f 5232 5193 5194
f 5232 5194 5233
f 5233 5194 5195
f 5233 5195 5234
f 5234 5195 5196
f 5234 5196 5235
f 5235 5196 5197
f 5235 5197 5236
f 5236 5197 5198
f 5236 5198 5237
f 5237 5198 5199
f 5237 5199 5238
f 5238 5199 5200
f 5238 5200 5239
f 5239 5200 5201
f 5239 5201 5240
f 5240 5201 5202
f 5240 5202 5241
f 5241 5202 5203
f 5241 5203 5242
f 5242 5203 5204
f 5242 5204 5243
f 5243 5204 5205
f 5243 5205 5244
f 5244 5205 5206
f 5244 5206 5245
f 5245 5206 5207
f 5245 5207 5246
f 5246 5207 1563
f 5246 1563 1565
f 1589 5208 5209
f 5209 5208 5210
f 5209 5210 5247
f 5247 5210 5211
f 5247 5211 5248
f 5248 5211 5212
f 5248 5212 5249
f 5249 5212 5213
f 5249 5213 5250
f 5250 5213 5214
f 5250 5214 5251
f 5251 5214 5215
f 5251 5215 5252
f 5252 5215 5216
f 5252 5216 5253
f 5253 5216 5217
f 5253 5217 5254
f 5254 5217 5218
f 5254 5218 5255
f 5255 5218 5219
f 5255 5219 5256
f 5256 5219 5220
f 5256 5220 5257
f 5257 5220 5221
f 5257 5221 5258
f 5258 5221 5222
f 5258 5222 5259
f 5259 5222 5223
f 5259 5223 5260
f 5260 5223 5224
f 5260 5224 5261
f 5261 5224 5225
f 5261 5225 5262
f 5262 5225 5226
f 5262 5226 5263
f 5263 5226 5227
f 5263 5227 5264
f 5264 5227 5228
f 5264 5228 5265
f 5265 5228 5229
f 5265 5229 5266
f 5266 5229 5230
f 5266 5230 5267
f 5267 5230 5231
f 5267 5231 5268
f 5268 5231 5232
f 5268 5232 5269
f 5269 5232 5233
f 5269 5233 5270
f 5270 5233 5234
f 5270 5234 5271
f 5271 5234 5235
f 5271 5235 5272
f 5272 5235 5236
f 5272 5236 5273
f 5273 5236 5237
f 5273 5237 5274
f 5274 5237 5238
f 5274 5238 5275
f 5275 5238 5239
f 5275 5239 5276
f 5276 5239 5240
f 5276 5240 5277
f 5277 5240 5241
f 5277 5241 5278
f 5278 5241 5242
f 5278 5242 5279
f 5279 5242 5243
f 5279 5243 5280
f 5280 5243 5244
f 5280 5244 5281
f 5281 5244 5245
f 5281 5245 5282
f 5282 5245 5246
f 5282 5246 4183
f 4183 5246 1565
f 4183 1565 1567
f 1583 1585 4181
f 4181 1585 1587
f 1587 5209 4181
f 4181 5209 5247
f 4181 5247 4182
f 4182 5247 5248
f 4182 5248 5283
f 5283 5248 5249
f 5283 5249 5284
f 5284 5249 5250
f 5284 5250 5285
f 5285 5250 5251
f 5285 5251 5286
f 5286 5251 5252
f 5286 5252 5287
f 5287 5252 5253
f 5287 5253 5288
f 5288 5253 5254
f 5288 5254 5289
f 5289 5254 5255
f 5289 5255 5290
f 5290 5255 5256
f 5290 5256 5291
f 5291 5256 5257
f 5291 5257 5292
f 5292 5257 5258
f 5292 5258 5293
f 5293 5258 5259
f 5293 5259 5294
f 5294 5259 5260
f 5294 5260 5295
f 5295 5260 5261
f 5295 5261 5296
f 5296 5261 5262
f 5296 5262 5297
f 5297 5262 5263
f 5297 5263 5298
f 5298 5263 5264
f 5298 5264 5299
f 5299 5264 5265
f 5299 5265 5300
f 5300 5265 5266
f 5300 5266 5301
f 5301 5266 5267
f 5301 5267 5302
f 5302 5267 5268
f 5302 5268 5303
f 5303 5268 5269
f 5303 5269 5304
f 5304 5269 5270
f 5304 5270 5305
f 5305 5270 5271
f 5305 5271 5306
f 5306 5271 5272
f 5306 5272 5307
f 5307 5272 5273
f 5307 5273 5308
f 5308 5273 5274
f 5308 5274 5309
f 5309 5274 5275
f 5309 5275 5310
f 5310 5275 5276
f 5310 5276 5311
f 5311 5276 5277
f 5311 5277 5312
f 5312 5277 5278
f 5312 5278 5313
f 5313 5278 5279
f 5313 5279 5314
f 5314 5279 5280
f 5314 5280 5315
f 5315 5280 5281
f 5315 5281 5316
f 5316 5281 5282
f 5316 5282 5317
f 5317 5282 4183
f 5317 4183 5318
f 5318 4183 1569
f 5318 1569 1572
f 4180 4182 5319
f 5319 4182 5283
f 5319 5283 5320
f 5320 5283 5284
f 5320 5284 5321
f 5321 5284 5285
f 5321 5285 5322
f 5322 5285 5286
f 5322 5286 5323
f 5323 5286 5287
f 5323 5287 5324
f 5324 5287 5288
f 5324 5288 5325
f 5325 5288 5289
f 5325 5289 5326
f 5326 5289 5290
f 5326 5290 5327
f 5327 5290 5291
f 5327 5291 5328
f 5328 5291 5292
f 5328 5292 5329
f 5329 5292 5293
f 5329 5293 5330
f 5330 5293 5294
f 5330 5294 5331
f 5331 5294 5295
f 5331 5295 5332
f 5332 5295 5296
f 5332 5296 5333
f 5333 5296 5297
f 5333 5297 5334
f 5334 5297 5298
f 5334 5298 5335
f 5335 5298 5299
f 5335 5299 5336
f 5336 5299 5300
f 5336 5300 5337
f 5337 5300 5301
f 5337 5301 5338
f 5338 5301 5302
f 5338 5302 5339
f 5339 5302 5303
f 5339 5303 5340
f 5340 5303 5304
f 5340 5304 5341
f 5341 5304 5305
f 5341 5305 5342
f 5342 5305 5306
f 5342 5306 5343
f 5343 5306 5307
f 5343 5307 5344
f 5344 5307 5308
f 5344 5308 5345
f 5345 5308 5309
f 5345 5309 5346
f 5346 5309 5310
f 5346 5310 5347
f 5347 5310 5311
f 5347 5311 5348
f 5348 5311 5312
f 5348 5312 5349
f 5349 5312 5313
f 5349 5313 5350
f 5350 5313 5314
f 5350 5314 5351
f 5351 5314 5315
f 5351 5315 5352
f 5352 5315 5316
f 5352 5316 5353
f 5353 5316 5317
f 5353 5317 5354
f 5354 5317 5318
f 5354 5318 5355
f 5355 5318 1572
f 5355 1572 1573
f 1577 1579 5356
f 5356 1579 1581
f 4179 1577 5356
f 1583 4181 1581
f 1581 4181 4180
f 1581 4180 5356
f 5356 4180 5319
f 5356 5319 4179
f 4179 5319 5320
f 4179 5320 4178
f 4178 5320 5321
f 4178 5321 4177
f 4177 5321 5322
f 4177 5322 4176
f 4176 5322 5323
f 4176 5323 4175
f 4175 5323 5324
f 4175 5324 4174
f 4174 5324 5325
f 4174 5325 4173
f 4173 5325 5326
f 4173 5326 4172
f 4172 5326 5327
f 4172 5327 4171
f 4171 5327 5328
f 4171 5328 4170
f 4170 5328 5329
f 4170 5329 4169
f 4169 5329 5330
f 4169 5330 4168
f 4168 5330 5331
f 4168 5331 4167
f 4167 5331 5332
f 4167 5332 4166
f 4166 5332 5333
f 4166 5333 4165
f 4165 5333 5334
f 4165 5334 4164
f 4164 5334 5335
f 4164 5335 4163
f 4163 5335 5336
f 4163 5336 4162
f 4162 5336 5337
f 4162 5337 4161
f 4161 5337 5338
f 4161 5338 4160
f 4160 5338 5339
f 4160 5339 4159
f 4159 5339 5340
f 4159 5340 4158
f 4158 5340 5341
f 4158 5341 4157
f 4157 5341 5342
f 4157 5342 4156
f 4156 5342 5343
f 4156 5343 4155
f 4155 5343 5344
f 4155 5344 4154
f 4154 5344 5345
f 4154 5345 4153
f 4153 5345 5346
f 4153 5346 4152
f 4152 5346 5347
f 4152 5347 4151
f 4151 5347 5348
f 4151 5348 4150
f 4150 5348 5349
f 4150 5349 4149
f 4149 5349 5350
f 4149 5350 4148
f 4148 5350 5351
f 4148 5351 4147
f 4147 5351 5352
f 4147 5352 4146
f 4146 5352 5353
f 4146 5353 4145
f 4145 5353 5354
f 4145 5354 4144
f 4144 5354 5355
f 4144 5355 4143
f 4143 5355 1573
f 4143 1573 1575
