# https://github.com/mikedh/trimesh
v 0.01787306 0.01807077 0.04704128
v 0.01787306 0.02544343 0.04405336
v 0.01787306 0.01614013 0.01408625
v 0.01787306 0.01155085 0.01408625
v 0.01787305 -0.02544343 0.04405336
v 0.01787305 -0.01807078 0.04704128
v 0.01787306 -0.01155085 0.01408625
v 0.01787306 -0.01614013 0.01408625
v 0.02003891 -0.01155085 0.01192046
v 0.04271945 -0.01155085 0.01192046
v 0.04271945 -0.01559366 0.01192046
v 0.02003891 -0.01559366 0.01192046
v 0.04488524 0.02544343 0.04405336
v 0.04488524 0.01807077 0.04704128
v 0.04488525 0.01155085 0.01408625
v 0.04488525 0.01614013 0.01408625
v 0.04488524 -0.01807078 0.04704128
v 0.04488524 -0.02544344 0.04405336
v 0.04488525 -0.01614013 0.01408625
v 0.04488525 -0.01155085 0.01408625
v 0.02003891 -0.02607389 0.04607468
v 0.04271945 -0.02607390 0.04607468
v 0.04271945 -0.01848137 0.04915161
v 0.02003891 -0.01848137 0.04915161
v 0.04271945 -0.02709528 0.04338760
v 0.02003891 -0.02709528 0.04338760
v 0.02003891 -0.01795311 0.01393963
v 0.04271945 -0.01795311 0.01393963
v 0.02003891 0.00924070 0.05105880
v 0.04271945 0.00924069 0.05105880
v 0.04271945 0.01848136 0.04915161
v 0.02003891 0.01848136 0.04915161
v 0.02003891 -0.00000000 0.05165461
v 0.04271945 -0.00000000 0.05165461
v 0.02003891 -0.00924069 0.05105880
v 0.04271945 -0.00924070 0.05105880
v 0.04271945 0.02607389 0.04607468
v 0.02003891 0.02607389 0.04607468
v 0.01787306 -0.00905435 0.04890212
v 0.01787306 -0.00000000 0.04948601
v 0.01787306 -0.00000000 0.01408625
v 0.01787306 -0.00577544 0.01408625
v 0.01787306 0.00905435 0.04890212
v 0.01787306 0.00577544 0.01408625
v 0.04271945 0.01795311 0.01393963
v 0.02003891 0.01795311 0.01393963
v 0.02003891 0.02709528 0.04338760
v 0.04271945 0.02709528 0.04338760
v 0.02003891 0.01155085 0.01192046
v 0.04271945 0.01155085 0.01192046
v 0.04271945 0.00577543 0.01192046
v 0.02003891 0.00577544 0.01192046
v 0.04271945 -0.00000000 0.01192046
v 0.02003891 -0.00000000 0.01192046
v 0.04271945 -0.00577544 0.01192046
v 0.02003891 -0.00577544 0.01192046
v 0.04488524 0.00905435 0.04890212
v 0.04488525 0.00577543 0.01408625
v 0.04488524 -0.00905435 0.04890212
v 0.04488525 -0.00577544 0.01408625
v 0.04488524 -0.00000000 0.04948601
v 0.04488525 -0.00000000 0.01408625
v 0.02003891 0.01767461 0.01331566
v 0.01937228 0.01759417 0.01324830
v 0.01936969 0.01783867 0.01386404
v 0.02003891 0.01725378 0.01275278
v 0.01937965 0.01723266 0.01269278
v 0.02003891 0.01673178 0.01230618
v 0.01937965 0.01678427 0.01230900
v 0.02003891 0.01559366 0.01192046
v 0.01936969 0.01569146 0.01202658
v 0.01937228 0.01623906 0.01208874
v 0.02003891 0.01615975 0.01201944
v 0.01876584 0.01580644 0.01233413
v 0.01877596 0.01632751 0.01232546
v 0.01828671 0.01592734 0.01281342
v 0.01829764 0.01643472 0.01273089
v 0.01797908 0.01667467 0.01395825
v 0.01805232 0.01656352 0.01331327
v 0.01797908 0.01604232 0.01341702
v 0.01828671 0.01716656 0.01387379
v 0.01829764 0.01704452 0.01325263
v 0.01876584 0.01756764 0.01384129
v 0.01877596 0.01738567 0.01323098
v 0.01880533 0.01710702 0.01269213
v 0.01880533 0.01683013 0.01245520
v 0.01845720 0.01689783 0.01270296
v 0.04338868 0.01783867 0.01386404
v 0.04338609 0.01759417 0.01324830
v 0.04271945 0.01767461 0.01331566
v 0.04399251 0.01756764 0.01384129
v 0.04398232 0.01738567 0.01323098
v 0.04447158 0.01716656 0.01387379
v 0.04446074 0.01704452 0.01325263
v 0.04477933 0.01604232 0.01341702
v 0.04470613 0.01656352 0.01331327
v 0.04477933 0.01667466 0.01395825
v 0.04447158 0.01592734 0.01281342
v 0.04446074 0.01643472 0.01273089
v 0.04399251 0.01580644 0.01233413
v 0.04398232 0.01632751 0.01232546
v 0.04271945 0.01559366 0.01192046
v 0.04271945 0.01615975 0.01201944
v 0.04338609 0.01623906 0.01208874
v 0.04338868 0.01569146 0.01202658
v 0.04271945 0.01673178 0.01230618
v 0.04337872 0.01678427 0.01230900
v 0.04271945 0.01725378 0.01275278
v 0.04337872 0.01723266 0.01269278
v 0.04395309 0.01710702 0.01269213
v 0.04430113 0.01689783 0.01270296
v 0.04395309 0.01683012 0.01245520
v 0.04338868 -0.01569146 0.01202658
v 0.04338609 -0.01623906 0.01208874
v 0.04271945 -0.01615975 0.01201944
v 0.04399251 -0.01580645 0.01233413
v 0.04398232 -0.01632752 0.01232546
v 0.04447158 -0.01592734 0.01281342
v 0.04446074 -0.01643472 0.01273089
v 0.04477933 -0.01667467 0.01395825
v 0.04470613 -0.01656352 0.01331327
v 0.04477933 -0.01604232 0.01341702
v 0.04447158 -0.01716656 0.01387379
v 0.04446074 -0.01704452 0.01325263
v 0.04399251 -0.01756765 0.01384129
v 0.04398232 -0.01738567 0.01323098
v 0.04271945 -0.01767461 0.01331566
v 0.04338609 -0.01759417 0.01324830
v 0.04338868 -0.01783867 0.01386404
v 0.04271945 -0.01725378 0.01275278
v 0.04337872 -0.01723266 0.01269278
v 0.04271945 -0.01673178 0.01230618
v 0.04337872 -0.01678428 0.01230900
v 0.04395309 -0.01683013 0.01245520
v 0.04430113 -0.01689783 0.01270296
v 0.04395309 -0.01710702 0.01269213
v 0.01936968 -0.01783867 0.01386404
v 0.01937228 -0.01759417 0.01324830
v 0.02003891 -0.01767461 0.01331566
v 0.01876584 -0.01756764 0.01384129
v 0.01877595 -0.01738567 0.01323098
v 0.01828670 -0.01716656 0.01387379
v 0.01829764 -0.01704452 0.01325263
v 0.01797907 -0.01604232 0.01341702
v 0.01805232 -0.01656352 0.01331327
v 0.01797907 -0.01667467 0.01395825
v 0.01828670 -0.01592734 0.01281342
v 0.01829764 -0.01643472 0.01273089
v 0.01876584 -0.01580645 0.01233413
v 0.01877595 -0.01632751 0.01232546
v 0.02003891 -0.01615975 0.01201944
v 0.01937228 -0.01623906 0.01208874
v 0.01936968 -0.01569146 0.01202658
v 0.02003891 -0.01673178 0.01230618
v 0.01937964 -0.01678428 0.01230900
v 0.02003891 -0.01725378 0.01275278
v 0.01937964 -0.01723266 0.01269278
v 0.01880532 -0.01710702 0.01269213
v 0.01845719 -0.01689783 0.01270296
v 0.01880532 -0.01683013 0.01245520
v 0.01797907 0.02562579 0.04468315
v 0.01805232 0.02613063 0.04446160
v 0.01797907 0.02594915 0.04383245
v 0.01828671 0.02579494 0.04524931
v 0.01829764 0.02629285 0.04502363
v 0.01876584 0.02593442 0.04569632
v 0.01877596 0.02643493 0.04547996
v 0.02003891 0.02655253 0.04576952
v 0.01937228 0.02651810 0.04570564
v 0.01936969 0.02603058 0.04598090
v 0.02003891 0.02692288 0.04529652
v 0.01937965 0.02690144 0.04529132
v 0.02003891 0.02714899 0.04470200
v 0.01937965 0.02713210 0.04468447
v 0.01936969 0.02700973 0.04340492
v 0.01937228 0.02714683 0.04405141
v 0.02003891 0.02720833 0.04404427
v 0.01876584 0.02677258 0.04349155
v 0.01877596 0.02695450 0.04411336
v 0.01828671 0.02640699 0.04363883
v 0.01829764 0.02658177 0.04426387
v 0.01845719 0.02672146 0.04481247
v 0.01880533 0.02682672 0.04515119
v 0.01880533 0.02699804 0.04470072
v 0.04271945 0.02720833 0.04404427
v 0.04338609 0.02714682 0.04405141
v 0.04338868 0.02700973 0.04340492
v 0.04271945 0.02714899 0.04470200
v 0.04337871 0.02713210 0.04468447
v 0.04271945 0.02692288 0.04529652
v 0.04337871 0.02690144 0.04529132
v 0.04338868 0.02603058 0.04598090
v 0.04338609 0.02651810 0.04570564
v 0.04271945 0.02655253 0.04576952
v 0.04399251 0.02593441 0.04569632
v 0.04398232 0.02643493 0.04547996
v 0.04447158 0.02579494 0.04524931
v 0.04446074 0.02629285 0.04502363
v 0.04477933 0.02594914 0.04383245
v 0.04470613 0.02613063 0.04446160
v 0.04477933 0.02562579 0.04468315
v 0.04447158 0.02640699 0.04363883
v 0.04446074 0.02658177 0.04426387
v 0.04399251 0.02677258 0.04349155
v 0.04398232 0.02695450 0.04411336
v 0.04395309 0.02699803 0.04470072
v 0.04395309 0.02682672 0.04515119
v 0.04430112 0.02672146 0.04481247
v 0.04477933 -0.02562580 0.04468315
v 0.04470613 -0.02613064 0.04446160
v 0.04477933 -0.02594915 0.04383245
v 0.04447158 -0.02579494 0.04524931
v 0.04446074 -0.02629286 0.04502363
v 0.04399251 -0.02593442 0.04569632
v 0.04398232 -0.02643493 0.04547996
v 0.04271945 -0.02655254 0.04576952
v 0.04338609 -0.02651810 0.04570564
v 0.04338868 -0.02603058 0.04598090
v 0.04271945 -0.02692289 0.04529652
v 0.04337871 -0.02690144 0.04529132
v 0.04271945 -0.02714899 0.04470200
v 0.04337871 -0.02713210 0.04468447
v 0.04338868 -0.02700973 0.04340492
v 0.04338609 -0.02714683 0.04405141
v 0.04271945 -0.02720833 0.04404427
v 0.04399251 -0.02677258 0.04349155
v 0.04398232 -0.02695451 0.04411336
v 0.04447158 -0.02640699 0.04363883
v 0.04446074 -0.02658177 0.04426387
v 0.04430112 -0.02672147 0.04481247
v 0.04395309 -0.02682672 0.04515119
v 0.04395309 -0.02699804 0.04470072
v 0.02003891 -0.02720833 0.04404427
v 0.01937228 -0.02714683 0.04405141
v 0.01936968 -0.02700973 0.04340492
v 0.02003891 -0.02714899 0.04470200
v 0.01937964 -0.02713210 0.04468447
v 0.02003891 -0.02692288 0.04529652
v 0.01937964 -0.02690144 0.04529132
v 0.01936968 -0.02603058 0.04598090
v 0.01937228 -0.02651810 0.04570564
v 0.02003891 -0.02655253 0.04576952
v 0.01876584 -0.02593442 0.04569632
v 0.01877595 -0.02643493 0.04547996
v 0.01828670 -0.02579494 0.04524931
v 0.01829764 -0.02629285 0.04502363
v 0.01797907 -0.02594915 0.04383245
v 0.01805232 -0.02613063 0.04446160
v 0.01797907 -0.02562579 0.04468315
v 0.01828670 -0.02640699 0.04363883
v 0.01829764 -0.02658177 0.04426387
v 0.01876584 -0.02677258 0.04349155
v 0.01877595 -0.02695450 0.04411336
v 0.01880532 -0.02699804 0.04470072
v 0.01880532 -0.02682672 0.04515119
v 0.01845719 -0.02672146 0.04481247
v 0.04338868 -0.01846099 0.04904679
v 0.04399251 -0.01840251 0.04874618
v 0.04447158 -0.01831168 0.04827924
v 0.04477933 -0.01819737 0.04769189
v 0.04338868 0.01155085 0.01202658
v 0.04399251 0.01155085 0.01233413
v 0.04447158 0.01155085 0.01281342
v 0.04477933 0.01155085 0.01341702
v 0.01936969 0.01846098 0.04904679
v 0.01876584 0.01840251 0.04874618
v 0.01828671 0.01831167 0.04827924
v 0.01797907 0.01819737 0.04769189
v 0.01936968 -0.01155085 0.01202658
v 0.01876584 -0.01155085 0.01233413
v 0.01828671 -0.01155085 0.01281342
v 0.01797908 -0.01155085 0.01341702
v 0.04477933 0.01819734 0.04769189
v 0.04447158 0.01831165 0.04827924
v 0.04399251 0.01840250 0.04874618
v 0.04338868 0.01846098 0.04904679
v 0.04477933 0.00911185 0.04956767
v 0.04447158 0.00916376 0.05016845
v 0.04399251 0.00920498 0.05064557
v 0.04338868 0.00923149 0.05095226
v 0.04477933 -0.00000000 0.05015525
v 0.04447158 -0.00000000 0.05075950
v 0.04399251 -0.00000000 0.05123923
v 0.04338868 -0.00000000 0.05154763
v 0.04477933 -0.00911185 0.04956767
v 0.04447158 -0.00916377 0.05016845
v 0.04399251 -0.00920498 0.05064557
v 0.04338868 -0.00923149 0.05095226
v 0.04477933 -0.01155085 0.01341702
v 0.04447158 -0.01155085 0.01281342
v 0.04399251 -0.01155085 0.01233413
v 0.04338868 -0.01155085 0.01202658
v 0.04477933 -0.00577544 0.01341702
v 0.04447158 -0.00577544 0.01281342
v 0.04399251 -0.00577544 0.01233413
v 0.04338868 -0.00577544 0.01202658
v 0.04477933 -0.00000000 0.01341702
v 0.04447158 -0.00000000 0.01281342
v 0.04399251 -0.00000000 0.01233413
v 0.04338868 -0.00000000 0.01202658
v 0.04477933 0.00577543 0.01341702
v 0.04447158 0.00577543 0.01281342
v 0.04399251 0.00577543 0.01233413
v 0.04338868 0.00577543 0.01202658
v 0.01797907 -0.01819734 0.04769189
v 0.01828670 -0.01831166 0.04827924
v 0.01876584 -0.01840251 0.04874618
v 0.01936968 -0.01846099 0.04904679
v 0.01797907 -0.00911185 0.04956767
v 0.01828670 -0.00916377 0.05016845
v 0.01876584 -0.00920498 0.05064557
v 0.01936968 -0.00923149 0.05095226
v 0.01797907 -0.00000000 0.05015525
v 0.01828670 -0.00000000 0.05075950
v 0.01876584 -0.00000000 0.05123923
v 0.01936968 -0.00000000 0.05154763
v 0.01797907 0.00911185 0.04956767
v 0.01828670 0.00916377 0.05016845
v 0.01876584 0.00920498 0.05064557
v 0.01936968 0.00923149 0.05095226
v 0.01797908 0.01155085 0.01341702
v 0.01828671 0.01155085 0.01281342
v 0.01876584 0.01155085 0.01233413
v 0.01936968 0.01155085 0.01202658
v 0.01797908 0.00577544 0.01341702
v 0.01828671 0.00577544 0.01281342
v 0.01876584 0.00577544 0.01233413
v 0.01936968 0.00577544 0.01202658
v 0.01797908 -0.00000000 0.01341702
v 0.01828671 -0.00000000 0.01281342
v 0.01876584 -0.00000000 0.01233413
v 0.01936968 -0.00000000 0.01202658
v 0.01797908 -0.00577544 0.01341702
v 0.01828671 -0.00577544 0.01281342
v 0.01876584 -0.00577544 0.01233413
v 0.01936968 -0.00577544 0.01202658
v -0.01465765 0.01229727 0.05719556
v -0.01230557 0.01158377 0.05719556
v -0.01481697 0.00552076 0.03261909
v -0.01593796 0.00586081 0.03261909
v -0.02190190 -0.01158379 0.05719556
v -0.02406960 -0.01042514 0.05719556
v -0.02042362 -0.00496855 0.03261909
v -0.01939052 -0.00552076 0.03261909
v -0.00667862 -0.00696584 0.05719556
v -0.00823792 -0.00886584 0.05719556
v -0.01287835 -0.00422540 0.03261909
v -0.01213520 -0.00331989 0.03261909
v -0.02940100 0.00244608 0.05719556
v -0.02868759 0.00479817 0.05719556
v -0.02262449 0.00228677 0.03261909
v -0.02296454 0.00116580 0.03261909
v -0.01710374 0.01253819 0.05719556
v -0.01710373 0.00597562 0.03261909
v -0.01954984 -0.01229729 0.05719556
v -0.01826953 -0.00586081 0.03261909
v -0.00551996 -0.00479817 0.05719556
v -0.01158299 -0.00228677 0.03261909
v -0.01112811 0.00000000 0.03261909
v -0.01124294 0.00116578 0.03261909
v -0.00480647 0.00244606 0.05719556
v -0.00456555 0.00000000 0.05719556
v -0.02964206 0.00000000 0.05719556
v -0.02307937 0.00000000 0.03261909
v -0.01954981 0.01229729 0.05719556
v -0.01826953 0.00586081 0.03261909
v -0.01710376 -0.01253819 0.05719556
v -0.01710375 -0.00597562 0.03261909
v -0.00480647 -0.00244608 0.05719556
v -0.01124294 -0.00116578 0.03261909
v -0.01158299 0.00228677 0.03261909
v -0.00551996 0.00479815 0.05719556
v -0.02940100 -0.00244608 0.05719556
v -0.02296454 -0.00116578 0.03261909
v -0.02190190 0.01158379 0.05719556
v -0.01939052 0.00552076 0.03261909
v -0.01465768 -0.01229729 0.05719556
v -0.01593796 -0.00586081 0.03261909
v -0.00667862 0.00696584 0.05719556
v -0.01213518 0.00331987 0.03261909
v -0.02868759 -0.00479817 0.05719556
v -0.02262452 -0.00228677 0.03261909
v -0.02406960 0.01042514 0.05719556
v -0.02042362 0.00496855 0.03261909
v -0.01230559 -0.01158379 0.05719556
v -0.01481697 -0.00552076 0.03261909
v -0.00823789 0.00886584 0.05719556
v -0.01287833 0.00422540 0.03261909
v -0.02752890 -0.00696586 0.05719556
v -0.02207231 -0.00331989 0.03261909
v -0.02596953 0.00886586 0.05719556
v -0.02132916 0.00422541 0.03261909
v -0.01013790 0.01042512 0.05719556
v -0.01378386 0.00496855 0.03261909
v -0.00643403 -0.00212234 0.05929940
v -0.00622501 0.00000000 0.05929940
v -0.00705310 -0.00416312 0.05929940
v -0.00643403 0.00212232 0.05929940
v -0.00705310 0.00416310 0.05929940
v -0.00805839 0.00604389 0.05929940
v -0.00941132 0.00769242 0.05929940
v -0.01105983 0.00904534 0.05929940
v -0.01294062 0.01005063 0.05929940
v -0.01498140 0.01066970 0.05929940
v -0.01710374 0.01087874 0.05929940
v -0.01922608 0.01066970 0.05929940
v -0.02126685 0.01005065 0.05929940
v -0.02314764 0.00904534 0.05929940
v -0.02479611 0.00769244 0.05929940
v -0.02614908 0.00604391 0.05929940
v -0.02715443 0.00416312 0.05929940
v -0.02777341 0.00212234 0.05929940
v -0.02798241 0.00000000 0.05929940
v -0.02777341 -0.00212234 0.05929940
v -0.02715443 -0.00416311 0.05929940
v -0.02614908 -0.00604390 0.05929940
v -0.02479611 -0.00769244 0.05929940
v -0.02314766 -0.00904534 0.05929940
v -0.02126685 -0.01005065 0.05929940
v -0.01922609 -0.01066970 0.05929940
v -0.01710376 -0.01087874 0.05929940
v -0.01498142 -0.01066970 0.05929940
v -0.01294064 -0.01005065 0.05929940
v -0.01105985 -0.00904534 0.05929940
v -0.00941132 -0.00769244 0.05929940
v -0.00805842 -0.00604391 0.05929940
v -0.02596953 -0.00886584 0.05719556
v -0.02132916 -0.00422540 0.03261909
v -0.00451573 0.00000000 0.05784574
v -0.00475761 -0.00245581 0.05784574
v -0.00468254 0.00000000 0.05843222
v -0.00492121 -0.00242325 0.05843222
v -0.00504966 0.00000000 0.05889765
v -0.00528129 -0.00235163 0.05889765
v -0.00558117 0.00000000 0.05919654
v -0.00580258 -0.00224793 0.05919654
v -0.00547394 -0.00481723 0.05784574
v -0.00562806 -0.00475338 0.05843222
v -0.00596724 -0.00461288 0.05889765
v -0.00645827 -0.00440950 0.05919654
v -0.00663718 -0.00699354 0.05784574
v -0.00677590 -0.00690084 0.05843222
v -0.00708115 -0.00669689 0.05889765
v -0.00752308 -0.00640161 0.05919654
v -0.00820268 -0.00890108 0.05784574
v -0.00832063 -0.00878313 0.05843222
v -0.00858022 -0.00852351 0.05889765
v -0.00895605 -0.00814769 0.05919654
v -0.01013790 -0.01042514 0.05719556
v -0.01011022 -0.01046655 0.05784574
v -0.01020289 -0.01032785 0.05843222
v -0.01040687 -0.01002261 0.05889765
v -0.01070215 -0.00958068 0.05919654
v -0.01228653 -0.01162981 0.05784574
v -0.01235036 -0.01147570 0.05843222
v -0.01249085 -0.01113651 0.05889765
v -0.01269426 -0.01064548 0.05919654
v -0.01378386 -0.00496855 0.03261909
v -0.02752890 0.00696586 0.05719556
v -0.02207231 0.00331989 0.03261909
v -0.01464795 -0.01234615 0.05784574
v -0.01468050 -0.01218254 0.05843222
v -0.01475212 -0.01182246 0.05889765
v -0.01485580 -0.01130118 0.05919654
v -0.01710376 -0.01258802 0.05784574
v -0.01710376 -0.01242121 0.05843222
v -0.01710376 -0.01205407 0.05889765
v -0.01710376 -0.01152259 0.05919654
v -0.01955954 -0.01234615 0.05784574
v -0.01952701 -0.01218254 0.05843222
v -0.01945539 -0.01182246 0.05889765
v -0.01935169 -0.01130118 0.05919654
v -0.02192098 -0.01162981 0.05784574
v -0.02185714 -0.01147569 0.05843222
v -0.02171664 -0.01113651 0.05889765
v -0.02151325 -0.01064548 0.05919654
v -0.02409727 -0.01046655 0.05784574
v -0.02400460 -0.01032785 0.05843222
v -0.02380065 -0.01002261 0.05889765
v -0.02350534 -0.00958068 0.05919654
v -0.02600483 -0.00890107 0.05784574
v -0.02588680 -0.00878313 0.05843222
v -0.02562734 -0.00852351 0.05889765
v -0.02525136 -0.00814771 0.05919654
v -0.02757026 -0.00699354 0.05784574
v -0.02743165 -0.00690084 0.05843222
v -0.02712628 -0.00669689 0.05889765
v -0.02668446 -0.00640160 0.05919654
v -0.02873351 -0.00481723 0.05784574
v -0.02857952 -0.00475338 0.05843222
v -0.02824036 -0.00461288 0.05889765
v -0.02774916 -0.00440949 0.05919654
v -0.02944995 -0.00245580 0.05784574
v -0.02928622 -0.00242325 0.05843222
v -0.02892626 -0.00235163 0.05889765
v -0.02840496 -0.00224793 0.05919654
v -0.02969187 0.00000000 0.05784574
v -0.02952489 0.00000000 0.05843222
v -0.02915779 0.00000000 0.05889765
v -0.02862630 0.00000000 0.05919654
v -0.02944995 0.00245581 0.05784574
v -0.02928622 0.00242326 0.05843222
v -0.02892626 0.00235163 0.05889765
v -0.02840496 0.00224796 0.05919654
v -0.02873351 0.00481723 0.05784574
v -0.02857952 0.00475340 0.05843222
v -0.02824036 0.00461291 0.05889765
v -0.02774916 0.00440950 0.05919654
v -0.02757026 0.00699354 0.05784574
v -0.02743165 0.00690087 0.05843222
v -0.02712628 0.00669689 0.05889765
v -0.02668446 0.00640161 0.05919654
v -0.02600483 0.00890108 0.05784574
v -0.02588680 0.00878313 0.05843222
v -0.02562734 0.00852354 0.05889765
v -0.02525136 0.00814771 0.05919654
v -0.02409727 0.01046657 0.05784574
v -0.02400460 0.01032785 0.05843222
v -0.02380062 0.01002261 0.05889765
v -0.02350534 0.00958068 0.05919654
v -0.02192096 0.01162982 0.05784574
v -0.02185714 0.01147570 0.05843222
v -0.02171664 0.01113651 0.05889765
v -0.02151325 0.01064549 0.05919654
v -0.01955954 0.01234615 0.05784574
v -0.01952699 0.01218255 0.05843222
v -0.01945537 0.01182246 0.05889765
v -0.01935169 0.01130118 0.05919654
v -0.01710374 0.01258802 0.05784574
v -0.01710374 0.01242122 0.05843222
v -0.01710374 0.01205409 0.05889765
v -0.01710374 0.01152259 0.05919654
v -0.01464793 0.01234615 0.05784574
v -0.01468048 0.01218252 0.05843222
v -0.01475210 0.01182246 0.05889765
v -0.01485580 0.01130118 0.05919654
v -0.01228651 0.01162982 0.05784574
v -0.01235035 0.01147570 0.05843222
v -0.01249085 0.01113651 0.05889765
v -0.01269424 0.01064547 0.05919654
v -0.01011022 0.01046655 0.05784574
v -0.01020289 0.01032785 0.05843222
v -0.01040684 0.01002259 0.05889765
v -0.01070213 0.00958068 0.05919654
v -0.00820266 0.00890105 0.05784574
v -0.00832063 0.00878311 0.05843222
v -0.00858022 0.00852352 0.05889765
v -0.00895605 0.00814769 0.05919654
v -0.00663718 0.00699352 0.05784574
v -0.00677588 0.00690084 0.05843222
v -0.00708115 0.00669687 0.05889765
v -0.00752306 0.00640159 0.05919654
v -0.00547392 0.00481721 0.05784574
v -0.00562804 0.00475338 0.05843222
v -0.00596722 0.00461289 0.05889765
v -0.00645827 0.00440950 0.05919654
v -0.00475761 0.00245579 0.05784574
v -0.00492121 0.00242323 0.05843222
v -0.00528127 0.00235161 0.05889765
v -0.00580256 0.00224793 0.05919654
v 0.01412001 -0.00000000 0.04641687
v 0.01412001 -0.00000000 0.03749060
v 0.01402385 0.00097636 0.03749060
v 0.01402385 0.00097636 0.04641687
v 0.01373905 -0.00191518 0.03749060
v 0.01373905 -0.00191518 0.04641687
v 0.01327657 -0.00278041 0.04641687
v 0.01327657 -0.00278041 0.03749060
v 0.01265419 -0.00353881 0.04641687
v 0.01265419 -0.00353881 0.03749060
v 0.01189579 -0.00416119 0.04641687
v 0.01189579 -0.00416119 0.03749060
v 0.01103056 -0.00462367 0.04641687
v 0.01103056 -0.00462367 0.03749060
v 0.01009174 -0.00490847 0.04641687
v 0.01009174 -0.00490847 0.03749060
v 0.00911538 -0.00500463 0.04641687
v 0.00911538 -0.00500463 0.03749060
v 0.00813902 -0.00490847 0.04641687
v 0.00813902 -0.00490847 0.03749060
v 0.00720020 -0.00462367 0.04641687
v 0.00720020 -0.00462367 0.03749060
v 0.00633497 -0.00416119 0.04641687
v 0.00633497 -0.00416119 0.03749060
v 0.00557657 -0.00353881 0.04641687
v 0.00557657 -0.00353881 0.03749060
v 0.00495419 -0.00278041 0.04641687
v 0.00495419 -0.00278041 0.03749060
v 0.00449171 -0.00191518 0.04641687
v 0.00449171 -0.00191518 0.03749060
v 0.00420691 -0.00097636 0.04641687
v 0.00420691 -0.00097636 0.03749060
v 0.00411075 0.00000000 0.04641687
v 0.00411075 0.00000000 0.03749060
v 0.00420691 0.00097636 0.04641687
v 0.00420691 0.00097636 0.03749060
v 0.00449171 0.00191518 0.04641687
v 0.00449171 0.00191518 0.03749060
v 0.00495419 0.00278041 0.04641687
v 0.00495419 0.00278041 0.03749060
v 0.00557657 0.00353881 0.04641687
v 0.00557657 0.00353881 0.03749060
v 0.00633497 0.00416119 0.04641687
v 0.00633497 0.00416119 0.03749060
v 0.00720020 0.00462367 0.04641687
v 0.00720020 0.00462367 0.03749060
v 0.00813902 0.00490847 0.04641687
v 0.00813902 0.00490847 0.03749060
v 0.00911538 0.00500463 0.04641687
v 0.00911538 0.00500463 0.03749060
v 0.01009174 0.00490847 0.04641687
v 0.01009174 0.00490847 0.03749060
v 0.01103056 0.00462367 0.04641687
v 0.01103056 0.00462367 0.03749060
v 0.01189579 0.00416119 0.04641687
v 0.01189579 0.00416119 0.03749060
v 0.01265419 0.00353881 0.04641687
v 0.01265419 0.00353881 0.03749060
v 0.01327657 0.00278041 0.04641687
v 0.01327657 0.00278041 0.03749060
v 0.01373905 0.00191518 0.04641687
v 0.01373905 0.00191518 0.03749060
v 0.01402383 -0.00097636 0.03749060
v 0.01402383 -0.00097636 0.04641687
v 0.01295662 -0.00076407 0.04749976
v 0.01303188 -0.00000000 0.04749976
v 0.01273374 -0.00149877 0.04749976
v 0.01295662 0.00076407 0.04749976
v 0.01273376 0.00149877 0.04749976
v 0.01237183 0.00217588 0.04749976
v 0.01188477 0.00276937 0.04749976
v 0.01129126 0.00325643 0.04749976
v 0.01061415 0.00361836 0.04749976
v 0.00987945 0.00384124 0.04749976
v 0.00911538 0.00391650 0.04749976
v 0.00835131 0.00384124 0.04749976
v 0.00761661 0.00361838 0.04749976
v 0.00693950 0.00325645 0.04749976
v 0.00634599 0.00276939 0.04749976
v 0.00585893 0.00217588 0.04749976
v 0.00549700 0.00149877 0.04749976
v 0.00527414 0.00076407 0.04749976
v 0.00519888 0.00000000 0.04749976
v 0.00527414 -0.00076407 0.04749976
v 0.00549700 -0.00149877 0.04749976
v 0.00585893 -0.00217588 0.04749976
v 0.00634599 -0.00276937 0.04749976
v 0.00693948 -0.00325645 0.04749976
v 0.00761659 -0.00361838 0.04749976
v 0.00835131 -0.00384124 0.04749976
v 0.00911538 -0.00391650 0.04749976
v 0.00987945 -0.00384124 0.04749976
v 0.01061415 -0.00361838 0.04749976
v 0.01129126 -0.00325645 0.04749976
v 0.01188475 -0.00276937 0.04749976
v 0.01237181 -0.00217588 0.04749976
v 0.01406539 -0.00000000 0.04675150
v 0.01397027 -0.00096570 0.04675150
v 0.01391010 -0.00000000 0.04705341
v 0.01381799 -0.00093540 0.04705341
v 0.01366938 -0.00000000 0.04729294
v 0.01358188 -0.00088845 0.04729294
v 0.01336675 -0.00000000 0.04744671
v 0.01328508 -0.00082941 0.04744671
v 0.01368858 -0.00189428 0.04675150
v 0.01354513 -0.00183488 0.04705341
v 0.01332272 -0.00174274 0.04729294
v 0.01304314 -0.00162694 0.04744671
v 0.01323115 -0.00275007 0.04675150
v 0.01310205 -0.00266381 0.04705341
v 0.01290189 -0.00253007 0.04729294
v 0.01265027 -0.00236194 0.04744671
v 0.01261557 -0.00350019 0.04675150
v 0.01250576 -0.00339039 0.04705341
v 0.01233555 -0.00322018 0.04729294
v 0.01212156 -0.00300618 0.04744671
v 0.01186545 -0.00411577 0.04675150
v 0.01177919 -0.00398667 0.04705341
v 0.01164545 -0.00378653 0.04729294
v 0.01147732 -0.00353489 0.04744671
v 0.01100966 -0.00457321 0.04675150
v 0.01095023 -0.00442977 0.04705341
v 0.01085812 -0.00420736 0.04729294
v 0.01074232 -0.00392776 0.04744671
v 0.01008108 -0.00485489 0.04675150
v 0.01005078 -0.00470261 0.04705341
v 0.01000383 -0.00446650 0.04729294
v 0.00994479 -0.00416970 0.04744671
v 0.00911538 -0.00495001 0.04675150
v 0.00911538 -0.00479475 0.04705341
v 0.00911538 -0.00455400 0.04729294
v 0.00911538 -0.00425139 0.04744671
v 0.00814968 -0.00485489 0.04675150
v 0.00817998 -0.00470261 0.04705341
v 0.00822693 -0.00446650 0.04729294
v 0.00828597 -0.00416970 0.04744671
v 0.00722110 -0.00457321 0.04675150
v 0.00728050 -0.00442977 0.04705341
v 0.00737264 -0.00420736 0.04729294
v 0.00748844 -0.00392776 0.04744671
v 0.00636531 -0.00411577 0.04675150
v 0.00645157 -0.00398667 0.04705341
v 0.00658531 -0.00378653 0.04729294
v 0.00675344 -0.00353489 0.04744671
v 0.00561519 -0.00350019 0.04675150
v 0.00572499 -0.00339039 0.04705341
v 0.00589520 -0.00322018 0.04729294
v 0.00610918 -0.00300618 0.04744671
v 0.00499958 -0.00275007 0.04675150
v 0.00512869 -0.00266381 0.04705341
v 0.00532885 -0.00253007 0.04729294
v 0.00558047 -0.00236194 0.04744671
v 0.00454217 -0.00189428 0.04675150
v 0.00468561 -0.00183487 0.04705341
v 0.00490801 -0.00174274 0.04729294
v 0.00518760 -0.00162694 0.04744671
v 0.00426047 -0.00096570 0.04675150
v 0.00441276 -0.00093540 0.04705341
v 0.00464888 -0.00088845 0.04729294
v 0.00494568 -0.00082941 0.04744671
v 0.00416537 0.00000000 0.04675150
v 0.00432063 0.00000000 0.04705341
v 0.00456136 0.00000000 0.04729294
v 0.00486398 0.00000000 0.04744671
v 0.00426049 0.00096570 0.04675150
v 0.00441276 0.00093540 0.04705341
v 0.00464888 0.00088845 0.04729294
v 0.00494568 0.00082941 0.04744671
v 0.00454217 0.00189428 0.04675150
v 0.00468561 0.00183488 0.04705341
v 0.00490801 0.00174274 0.04729294
v 0.00518762 0.00162694 0.04744671
v 0.00499958 0.00275007 0.04675150
v 0.00512871 0.00266381 0.04705341
v 0.00532885 0.00253007 0.04729294
v 0.00558047 0.00236194 0.04744671
v 0.00561519 0.00350019 0.04675150
v 0.00572499 0.00339039 0.04705341
v 0.00589520 0.00322018 0.04729294
v 0.00610920 0.00300618 0.04744671
v 0.00636531 0.00411579 0.04675150
v 0.00645157 0.00398667 0.04705341
v 0.00658531 0.00378653 0.04729294
v 0.00675344 0.00353491 0.04744671
v 0.00722110 0.00457321 0.04675150
v 0.00728050 0.00442977 0.04705341
v 0.00737264 0.00420736 0.04729294
v 0.00748844 0.00392776 0.04744671
v 0.00814968 0.00485489 0.04675150
v 0.00817998 0.00470261 0.04705341
v 0.00822693 0.00446650 0.04729294
v 0.00828597 0.00416970 0.04744671
v 0.00911538 0.00495001 0.04675150
v 0.00911538 0.00479475 0.04705341
v 0.00911538 0.00455400 0.04729294
v 0.00911538 0.00425139 0.04744671
v 0.01008108 0.00485489 0.04675150
v 0.01005078 0.00470261 0.04705341
v 0.01000383 0.00446650 0.04729294
v 0.00994479 0.00416970 0.04744671
v 0.01100966 0.00457321 0.04675150
v 0.01095025 0.00442977 0.04705341
v 0.01085812 0.00420734 0.04729294
v 0.01074232 0.00392776 0.04744671
v 0.01186545 0.00411577 0.04675150
v 0.01177919 0.00398667 0.04705341
v 0.01164545 0.00378651 0.04729294
v 0.01147732 0.00353489 0.04744671
v 0.01261557 0.00350019 0.04675150
v 0.01250576 0.00339039 0.04705341
v 0.01233555 0.00322016 0.04729294
v 0.01212156 0.00300618 0.04744671
v 0.01323117 0.00275007 0.04675150
v 0.01310205 0.00266381 0.04705341
v 0.01290191 0.00253007 0.04729294
v 0.01265029 0.00236194 0.04744671
v 0.01368858 0.00189428 0.04675150
v 0.01354515 0.00183485 0.04705341
v 0.01332274 0.00174274 0.04729294
v 0.01304314 0.00162694 0.04744671
v 0.01397027 0.00096568 0.04675150
v 0.01381799 0.00093540 0.04705341
v 0.01358188 0.00088843 0.04729294
v 0.01328508 0.00082939 0.04744671
v -0.02502178 -0.03087566 -0.01603085
v -0.02502178 -0.01947888 -0.01603085
v -0.02510798 -0.01947888 -0.01515685
v -0.02510798 -0.03087566 -0.01515685
v -0.02536289 -0.01947888 -0.01774526
v -0.02536289 -0.03087566 -0.01774526
v -0.02577678 -0.03087566 -0.01851979
v -0.02577677 -0.01947890 -0.01851979
v -0.02633403 -0.03087566 -0.01919868
v -0.02633403 -0.01947890 -0.01919868
v -0.02701279 -0.03087566 -0.01975580
v -0.02701278 -0.01947890 -0.01975580
v -0.02778727 -0.03087566 -0.02016982
v -0.02778727 -0.01947890 -0.02016982
v -0.02862781 -0.03087566 -0.02042475
v -0.02862781 -0.01947890 -0.02042475
v -0.02950171 -0.03087566 -0.02051082
v -0.02950171 -0.01947890 -0.02051082
v -0.03037582 -0.03087566 -0.02042475
v -0.03037582 -0.01947890 -0.02042475
v -0.03121615 -0.03087566 -0.02016982
v -0.03121614 -0.01947890 -0.02016982
v -0.03199063 -0.03087566 -0.01975580
v -0.03199063 -0.01947890 -0.01975583
v -0.03266961 -0.03087566 -0.01919868
v -0.03266960 -0.01947890 -0.01919868
v -0.03322665 -0.03087566 -0.01851979
v -0.03322665 -0.01947890 -0.01851979
v -0.03364075 -0.03087565 -0.01774526
v -0.03364075 -0.01947888 -0.01774526
v -0.03389566 -0.03087565 -0.01690485
v -0.03389565 -0.01947888 -0.01690485
v -0.03398186 -0.03087565 -0.01603085
v -0.03398185 -0.01947888 -0.01603085
v -0.03389566 -0.03087565 -0.01515685
v -0.03389565 -0.01947888 -0.01515685
v -0.03364075 -0.03087565 -0.01431643
v -0.03364075 -0.01947888 -0.01431643
v -0.03322665 -0.03087566 -0.01354191
v -0.03322665 -0.01947888 -0.01354191
v -0.03266961 -0.03087566 -0.01286302
v -0.03266960 -0.01947888 -0.01286302
v -0.03199063 -0.03087566 -0.01230587
v -0.03199063 -0.01947888 -0.01230587
v -0.03121615 -0.03087566 -0.01189188
v -0.03121614 -0.01947888 -0.01189188
v -0.03037582 -0.03087566 -0.01163694
v -0.03037582 -0.01947888 -0.01163694
v -0.02950171 -0.03087566 -0.01155088
v -0.02950171 -0.01947888 -0.01155088
v -0.02862781 -0.03087566 -0.01163694
v -0.02862781 -0.01947888 -0.01163694
v -0.02778727 -0.03087566 -0.01189188
v -0.02778727 -0.01947888 -0.01189188
v -0.02701279 -0.03087566 -0.01230589
v -0.02701278 -0.01947888 -0.01230589
v -0.02633403 -0.03087566 -0.01286302
v -0.02633403 -0.01947888 -0.01286302
v -0.02577678 -0.03087566 -0.01354191
v -0.02577677 -0.01947888 -0.01354191
v -0.02536289 -0.03087566 -0.01431643
v -0.02536289 -0.01947888 -0.01431643
v -0.02510798 -0.01947888 -0.01690485
v -0.02510798 -0.03087566 -0.01690485
v -0.02670871 -0.03250000 -0.01658642
v -0.02665392 -0.03250000 -0.01603085
v -0.02687071 -0.03250000 -0.01712065
v -0.02670871 -0.03250000 -0.01547528
v -0.02687071 -0.03250000 -0.01494104
v -0.02713386 -0.03250000 -0.01444870
v -0.02748818 -0.03250000 -0.01401716
v -0.02791960 -0.03250000 -0.01366299
v -0.02841189 -0.03250000 -0.01339985
v -0.02894619 -0.03250000 -0.01323779
v -0.02950171 -0.03250000 -0.01318306
v -0.03005745 -0.03250000 -0.01323779
v -0.03059153 -0.03250000 -0.01339983
v -0.03108381 -0.03250000 -0.01366299
v -0.03151546 -0.03250000 -0.01401716
v -0.03186957 -0.03250000 -0.01444870
v -0.03213271 -0.03250000 -0.01494104
v -0.03229493 -0.03250000 -0.01547528
v -0.03234950 -0.03250000 -0.01603085
v -0.03229493 -0.03250000 -0.01658642
v -0.03213271 -0.03250000 -0.01712065
v -0.03186957 -0.03250000 -0.01761300
v -0.03151546 -0.03250000 -0.01804453
v -0.03108381 -0.03250000 -0.01839868
v -0.03059153 -0.03250000 -0.01866184
v -0.03005745 -0.03250000 -0.01882391
v -0.02950171 -0.03250000 -0.01887862
v -0.02894619 -0.03250000 -0.01882391
v -0.02841189 -0.03250000 -0.01866184
v -0.02791960 -0.03250000 -0.01839870
v -0.02748818 -0.03250000 -0.01804453
v -0.02713386 -0.03250000 -0.01761300
v -0.02510365 -0.03137747 -0.01603085
v -0.02518833 -0.03137747 -0.01688887
v -0.02533669 -0.03183034 -0.01603085
v -0.02541661 -0.03183034 -0.01684343
v -0.02569772 -0.03218964 -0.01603085
v -0.02577071 -0.03218964 -0.01677297
v -0.02615167 -0.03242051 -0.01603085
v -0.02621600 -0.03242051 -0.01668442
v -0.02543848 -0.03137747 -0.01771390
v -0.02565376 -0.03183034 -0.01762478
v -0.02598729 -0.03218964 -0.01748660
v -0.02640659 -0.03242051 -0.01731288
v -0.02584500 -0.03137747 -0.01847427
v -0.02603862 -0.03183034 -0.01834488
v -0.02633880 -0.03218964 -0.01814426
v -0.02671629 -0.03242051 -0.01789208
v -0.02639186 -0.03137747 -0.01914074
v -0.02655667 -0.03183034 -0.01897606
v -0.02681180 -0.03218964 -0.01872071
v -0.02713277 -0.03242051 -0.01839974
v -0.02705827 -0.03137747 -0.01968769
v -0.02718778 -0.03183034 -0.01949405
v -0.02738834 -0.03218964 -0.01919381
v -0.02764065 -0.03242051 -0.01881637
v -0.02781868 -0.03137747 -0.02009412
v -0.02790791 -0.03183034 -0.01987893
v -0.02804609 -0.03218964 -0.01954533
v -0.02821978 -0.03242051 -0.01912595
v -0.02864384 -0.03137747 -0.02034440
v -0.02868911 -0.03183034 -0.02011595
v -0.02875971 -0.03218964 -0.01976180
v -0.02884829 -0.03242051 -0.01931661
v -0.02950171 -0.03137747 -0.02042891
v -0.02950171 -0.03183034 -0.02019600
v -0.02950171 -0.03218964 -0.01983490
v -0.02950171 -0.03242051 -0.01938097
v -0.03035980 -0.03137747 -0.02034440
v -0.03031432 -0.03183034 -0.02011595
v -0.03024393 -0.03218964 -0.01976180
v -0.03015534 -0.03242051 -0.01931661
v -0.03118474 -0.03137747 -0.02009412
v -0.03109573 -0.03183034 -0.01987893
v -0.03095755 -0.03218964 -0.01954533
v -0.03078386 -0.03242051 -0.01912595
v -0.03194515 -0.03137747 -0.01968769
v -0.03181585 -0.03183034 -0.01949405
v -0.03161530 -0.03218964 -0.01919381
v -0.03136299 -0.03242051 -0.01881637
v -0.03261156 -0.03137747 -0.01914074
v -0.03244697 -0.03183034 -0.01897606
v -0.03219162 -0.03218964 -0.01872071
v -0.03187065 -0.03242051 -0.01839974
v -0.03315864 -0.03137747 -0.01847427
v -0.03296502 -0.03183034 -0.01834488
v -0.03266462 -0.03218964 -0.01814426
v -0.03228734 -0.03242051 -0.01789208
v -0.03356494 -0.03137747 -0.01771390
v -0.03334988 -0.03183033 -0.01762478
v -0.03301635 -0.03218964 -0.01748660
v -0.03259684 -0.03242051 -0.01731288
v -0.03381531 -0.03137747 -0.01688887
v -0.03358681 -0.03183033 -0.01684343
v -0.03323271 -0.03218964 -0.01677297
v -0.03278743 -0.03242051 -0.01668442
v -0.03389977 -0.03137747 -0.01603085
v -0.03366695 -0.03183033 -0.01603085
v -0.03330591 -0.03218963 -0.01603085
v -0.03285197 -0.03242051 -0.01603085
v -0.03381531 -0.03137747 -0.01517283
v -0.03358681 -0.03183033 -0.01521827
v -0.03323271 -0.03218964 -0.01528872
v -0.03278743 -0.03242051 -0.01537728
v -0.03356494 -0.03137747 -0.01434777
v -0.03334988 -0.03183033 -0.01443691
v -0.03301635 -0.03218964 -0.01457510
v -0.03259684 -0.03242051 -0.01474881
v -0.03315864 -0.03137747 -0.01358741
v -0.03296502 -0.03183034 -0.01371682
v -0.03266462 -0.03218964 -0.01391743
v -0.03228734 -0.03242051 -0.01416962
v -0.03261156 -0.03137747 -0.01292095
v -0.03244697 -0.03183034 -0.01308564
v -0.03219162 -0.03218964 -0.01334096
v -0.03187065 -0.03242051 -0.01366195
v -0.03194515 -0.03137747 -0.01237401
v -0.03181585 -0.03183034 -0.01256765
v -0.03161509 -0.03218964 -0.01286789
v -0.03136299 -0.03242051 -0.01324532
v -0.03118474 -0.03137747 -0.01196757
v -0.03109573 -0.03183034 -0.01218274
v -0.03095755 -0.03218964 -0.01251636
v -0.03078386 -0.03242051 -0.01293575
v -0.03035980 -0.03137747 -0.01171730
v -0.03031432 -0.03183034 -0.01194572
v -0.03024393 -0.03218964 -0.01229989
v -0.03015534 -0.03242051 -0.01274509
v -0.02950171 -0.03137747 -0.01163279
v -0.02950171 -0.03183034 -0.01186569
v -0.02950171 -0.03218964 -0.01222680
v -0.02950171 -0.03242051 -0.01268072
v -0.02864384 -0.03137747 -0.01171730
v -0.02868911 -0.03183034 -0.01194574
v -0.02875971 -0.03218964 -0.01229989
v -0.02884829 -0.03242051 -0.01274509
v -0.02781868 -0.03137747 -0.01196757
v -0.02790791 -0.03183034 -0.01218274
v -0.02804609 -0.03218964 -0.01251636
v -0.02821978 -0.03242051 -0.01293575
v -0.02705827 -0.03137747 -0.01237401
v -0.02718778 -0.03183034 -0.01256765
v -0.02738834 -0.03218964 -0.01286789
v -0.02764065 -0.03242051 -0.01324532
v -0.02639186 -0.03137747 -0.01292095
v -0.02655667 -0.03183034 -0.01308564
v -0.02681180 -0.03218964 -0.01334099
v -0.02713277 -0.03242051 -0.01366195
v -0.02584500 -0.03137747 -0.01358743
v -0.02603862 -0.03183034 -0.01371682
v -0.02633880 -0.03218964 -0.01391743
v -0.02671629 -0.03242051 -0.01416962
v -0.02543848 -0.03137747 -0.01434780
v -0.02565376 -0.03183034 -0.01443691
v -0.02598729 -0.03218964 -0.01457510
v -0.02640659 -0.03242051 -0.01474881
v -0.02518833 -0.03137747 -0.01517283
v -0.02541661 -0.03183034 -0.01521827
v -0.02577071 -0.03218964 -0.01528872
v -0.02621600 -0.03242051 -0.01537728
v 0.02966064 -0.01947888 -0.01515684
v 0.02966063 -0.03087566 -0.01515684
v 0.02974683 -0.03087566 -0.01603084
v 0.02974683 -0.01947888 -0.01603084
v 0.02940572 -0.01947888 -0.01774526
v 0.02940572 -0.03087566 -0.01774526
v 0.02899184 -0.03087566 -0.01851979
v 0.02899184 -0.01947891 -0.01851979
v 0.02843458 -0.03087566 -0.01919867
v 0.02843459 -0.01947891 -0.01919867
v 0.02775582 -0.03087566 -0.01975580
v 0.02775582 -0.01947891 -0.01975580
v 0.02698112 -0.03087566 -0.02016981
v 0.02698112 -0.01947891 -0.02016981
v 0.02614080 -0.03087566 -0.02042475
v 0.02614080 -0.01947891 -0.02042475
v 0.02526669 -0.03087566 -0.02051082
v 0.02526669 -0.01947891 -0.02051082
v 0.02439279 -0.03087566 -0.02042475
v 0.02439279 -0.01947891 -0.02042475
v 0.02355247 -0.03087566 -0.02016981
v 0.02355247 -0.01947891 -0.02016981
v 0.02277776 -0.03087566 -0.01975580
v 0.02277776 -0.01947891 -0.01975580
v 0.02209901 -0.03087566 -0.01919867
v 0.02209901 -0.01947891 -0.01919867
v 0.02154175 -0.03087566 -0.01851979
v 0.02154175 -0.01947891 -0.01851979
v 0.02112787 -0.03087566 -0.01774526
v 0.02112787 -0.01947888 -0.01774526
v 0.02087296 -0.03087566 -0.01690485
v 0.02087296 -0.01947888 -0.01690485
v 0.02078676 -0.03087566 -0.01603084
v 0.02078676 -0.01947888 -0.01603084
v 0.02087296 -0.03087566 -0.01515684
v 0.02087296 -0.01947888 -0.01515684
v 0.02112787 -0.03087566 -0.01431643
v 0.02112787 -0.01947888 -0.01431643
v 0.02154175 -0.03087566 -0.01354190
v 0.02154175 -0.01947888 -0.01354190
v 0.02209901 -0.03087566 -0.01286302
v 0.02209901 -0.01947888 -0.01286302
v 0.02277776 -0.03087566 -0.01230587
v 0.02277776 -0.01947888 -0.01230587
v 0.02355247 -0.03087566 -0.01189188
v 0.02355247 -0.01947888 -0.01189188
v 0.02439279 -0.03087566 -0.01163694
v 0.02439279 -0.01947888 -0.01163694
v 0.02526690 -0.03087566 -0.01155085
v 0.02526690 -0.01947888 -0.01155087
v 0.02614080 -0.03087566 -0.01163694
v 0.02614080 -0.01947888 -0.01163694
v 0.02698112 -0.03087566 -0.01189188
v 0.02698112 -0.01947888 -0.01189188
v 0.02775582 -0.03087566 -0.01230589
v 0.02775582 -0.01947888 -0.01230589
v 0.02843458 -0.03087566 -0.01286302
v 0.02843459 -0.01947888 -0.01286302
v 0.02899184 -0.03087566 -0.01354190
v 0.02899184 -0.01947888 -0.01354190
v 0.02940572 -0.03087566 -0.01431643
v 0.02940572 -0.01947888 -0.01431643
v 0.02966064 -0.01947888 -0.01690485
v 0.02966063 -0.03087566 -0.01690485
v 0.02805990 -0.03250000 -0.01658641
v 0.02811448 -0.03250000 -0.01603084
v 0.02789790 -0.03250000 -0.01712065
v 0.02805990 -0.03250000 -0.01547528
v 0.02789790 -0.03250000 -0.01494104
v 0.02763454 -0.03250000 -0.01444870
v 0.02728043 -0.03250000 -0.01401716
v 0.02684901 -0.03250000 -0.01366299
v 0.02635651 -0.03250000 -0.01339983
v 0.02582243 -0.03250000 -0.01323778
v 0.02526669 -0.03250000 -0.01318305
v 0.02471116 -0.03250000 -0.01323778
v 0.02417708 -0.03250000 -0.01339983
v 0.02368458 -0.03250000 -0.01366299
v 0.02325315 -0.03250000 -0.01401716
v 0.02289905 -0.03250000 -0.01444870
v 0.02263569 -0.03250000 -0.01494104
v 0.02247369 -0.03250000 -0.01547528
v 0.02241911 -0.03250000 -0.01603084
v 0.02247369 -0.03250000 -0.01658641
v 0.02263569 -0.03250000 -0.01712065
v 0.02289905 -0.03250000 -0.01761299
v 0.02325315 -0.03250000 -0.01804453
v 0.02368458 -0.03250000 -0.01839868
v 0.02417708 -0.03250000 -0.01866184
v 0.02471116 -0.03250000 -0.01882391
v 0.02526669 -0.03250000 -0.01887862
v 0.02582243 -0.03250000 -0.01882391
v 0.02635651 -0.03250000 -0.01866184
v 0.02684901 -0.03250000 -0.01839868
v 0.02728043 -0.03250000 -0.01804453
v 0.02763454 -0.03250000 -0.01761299
v 0.02966475 -0.03137747 -0.01603084
v 0.02958028 -0.03137747 -0.01688886
v 0.02943193 -0.03183034 -0.01603084
v 0.02935201 -0.03183034 -0.01684343
v 0.02907089 -0.03218964 -0.01603084
v 0.02899768 -0.03218964 -0.01677297
v 0.02861694 -0.03242052 -0.01603084
v 0.02855262 -0.03242052 -0.01668441
v 0.02933013 -0.03137747 -0.01771390
v 0.02911485 -0.03183034 -0.01762478
v 0.02878132 -0.03218964 -0.01748660
v 0.02836181 -0.03242052 -0.01731288
v 0.02892362 -0.03137747 -0.01847426
v 0.02872999 -0.03183034 -0.01834488
v 0.02842982 -0.03218964 -0.01814426
v 0.02805232 -0.03242051 -0.01789208
v 0.02837675 -0.03137747 -0.01914074
v 0.02821194 -0.03183034 -0.01897606
v 0.02795659 -0.03218964 -0.01872071
v 0.02763562 -0.03242051 -0.01839974
v 0.02771013 -0.03137747 -0.01968769
v 0.02758083 -0.03183034 -0.01949405
v 0.02738027 -0.03218964 -0.01919380
v 0.02712796 -0.03242051 -0.01881637
v 0.02694993 -0.03137747 -0.02009412
v 0.02686070 -0.03183034 -0.01987893
v 0.02672253 -0.03218964 -0.01954533
v 0.02654883 -0.03242051 -0.01912595
v 0.02612477 -0.03137747 -0.02034440
v 0.02607929 -0.03183034 -0.02011595
v 0.02600890 -0.03218964 -0.01976180
v 0.02592032 -0.03242051 -0.01931660
v 0.02526669 -0.03137747 -0.02042891
v 0.02526669 -0.03183034 -0.02019600
v 0.02526669 -0.03218964 -0.01983490
v 0.02526669 -0.03242051 -0.01938097
v 0.02440882 -0.03137747 -0.02034440
v 0.02445430 -0.03183034 -0.02011595
v 0.02452468 -0.03218964 -0.01976180
v 0.02461327 -0.03242051 -0.01931660
v 0.02358365 -0.03137747 -0.02009412
v 0.02367288 -0.03183034 -0.01987893
v 0.02381106 -0.03218964 -0.01954533
v 0.02398476 -0.03242051 -0.01912595
v 0.02282346 -0.03137747 -0.01968769
v 0.02295276 -0.03183034 -0.01949405
v 0.02315331 -0.03218964 -0.01919380
v 0.02340563 -0.03242051 -0.01881637
v 0.02215683 -0.03137747 -0.01914074
v 0.02232165 -0.03183034 -0.01897606
v 0.02257700 -0.03218964 -0.01872071
v 0.02289796 -0.03242051 -0.01839974
v 0.02160997 -0.03137747 -0.01847426
v 0.02180359 -0.03183034 -0.01834488
v 0.02210378 -0.03218964 -0.01814426
v 0.02248127 -0.03242051 -0.01789208
v 0.02120345 -0.03137747 -0.01771390
v 0.02141873 -0.03183034 -0.01762478
v 0.02175226 -0.03218964 -0.01748660
v 0.02217178 -0.03242051 -0.01731288
v 0.02095331 -0.03137747 -0.01688886
v 0.02118158 -0.03183034 -0.01684343
v 0.02153590 -0.03218964 -0.01677297
v 0.02198097 -0.03242051 -0.01668441
v 0.02086884 -0.03137747 -0.01603084
v 0.02110166 -0.03183034 -0.01603084
v 0.02146270 -0.03218964 -0.01603084
v 0.02191665 -0.03242051 -0.01603084
v 0.02095331 -0.03137747 -0.01517283
v 0.02118158 -0.03183034 -0.01521827
v 0.02153590 -0.03218964 -0.01528872
v 0.02198097 -0.03242051 -0.01537728
v 0.02120345 -0.03137747 -0.01434777
v 0.02141873 -0.03183034 -0.01443691
v 0.02175226 -0.03218964 -0.01457509
v 0.02217178 -0.03242051 -0.01474881
v 0.02160997 -0.03137747 -0.01358741
v 0.02180359 -0.03183034 -0.01371681
v 0.02210378 -0.03218964 -0.01391743
v 0.02248127 -0.03242051 -0.01416961
v 0.02215683 -0.03137747 -0.01292095
v 0.02232165 -0.03183034 -0.01308564
v 0.02257700 -0.03218964 -0.01334096
v 0.02289796 -0.03242051 -0.01366195
v 0.02282346 -0.03137747 -0.01237400
v 0.02295276 -0.03183034 -0.01256764
v 0.02315331 -0.03218964 -0.01286789
v 0.02340563 -0.03242051 -0.01324532
v 0.02358365 -0.03137747 -0.01196757
v 0.02367288 -0.03183034 -0.01218274
v 0.02381106 -0.03218964 -0.01251636
v 0.02398476 -0.03242051 -0.01293574
v 0.02440882 -0.03137747 -0.01171729
v 0.02445430 -0.03183034 -0.01194572
v 0.02452468 -0.03218964 -0.01229989
v 0.02461327 -0.03242051 -0.01274509
v 0.02526690 -0.03137747 -0.01163278
v 0.02526690 -0.03183034 -0.01186569
v 0.02526690 -0.03218964 -0.01222679
v 0.02526690 -0.03242051 -0.01268072
v 0.02612477 -0.03137747 -0.01171729
v 0.02607929 -0.03183034 -0.01194574
v 0.02600890 -0.03218964 -0.01229989
v 0.02592032 -0.03242051 -0.01274509
v 0.02694993 -0.03137747 -0.01196757
v 0.02686070 -0.03183034 -0.01218274
v 0.02672253 -0.03218964 -0.01251636
v 0.02654883 -0.03242051 -0.01293574
v 0.02771013 -0.03137747 -0.01237400
v 0.02758083 -0.03183034 -0.01256764
v 0.02738027 -0.03218964 -0.01286789
v 0.02712796 -0.03242051 -0.01324532
v 0.02837675 -0.03137747 -0.01292095
v 0.02821194 -0.03183034 -0.01308564
v 0.02795659 -0.03218964 -0.01334098
v 0.02763562 -0.03242051 -0.01366195
v 0.02892362 -0.03137747 -0.01358742
v 0.02872999 -0.03183034 -0.01371681
v 0.02842982 -0.03218964 -0.01391743
v 0.02805232 -0.03242051 -0.01416961
v 0.02933013 -0.03137747 -0.01434779
v 0.02911485 -0.03183034 -0.01443691
v 0.02878132 -0.03218964 -0.01457509
v 0.02836181 -0.03242052 -0.01474881
v 0.02958028 -0.03137747 -0.01517283
v 0.02935201 -0.03183034 -0.01521827
v 0.02899768 -0.03218964 -0.01528872
v 0.02855262 -0.03242052 -0.01537728
v -0.02510798 0.01947888 -0.01515685
v -0.02502177 0.01947888 -0.01603085
v -0.02502177 0.03087566 -0.01603085
v -0.02510797 0.03087566 -0.01515685
v -0.02536289 0.01947888 -0.01774526
v -0.02577677 0.01947891 -0.01851979
v -0.02577677 0.03087566 -0.01851979
v -0.02536289 0.03087566 -0.01774526
v -0.02633403 0.01947891 -0.01919868
v -0.02633403 0.03087566 -0.01919868
v -0.02701278 0.01947891 -0.01975580
v -0.02701278 0.03087566 -0.01975580
v -0.02778727 0.01947891 -0.02016982
v -0.02778727 0.03087566 -0.02016982
v -0.02862781 0.01947891 -0.02042475
v -0.02862781 0.03087566 -0.02042475
v -0.02950171 0.01947891 -0.02051082
v -0.02950170 0.03087566 -0.02051082
v -0.03037582 0.01947891 -0.02042475
v -0.03037581 0.03087566 -0.02042475
v -0.03121614 0.01947891 -0.02016982
v -0.03121614 0.03087566 -0.02016982
v -0.03199063 0.01947891 -0.01975583
v -0.03199063 0.03087566 -0.01975580
v -0.03266960 0.01947891 -0.01919868
v -0.03266960 0.03087566 -0.01919868
v -0.03322665 0.01947891 -0.01851979
v -0.03322664 0.03087566 -0.01851979
v -0.03364075 0.01947888 -0.01774526
v -0.03364074 0.03087566 -0.01774526
v -0.03389565 0.01947888 -0.01690485
v -0.03389565 0.03087566 -0.01690485
v -0.03398185 0.01947888 -0.01603085
v -0.03398185 0.03087566 -0.01603085
v -0.03389565 0.01947888 -0.01515685
v -0.03389565 0.03087566 -0.01515685
v -0.03364075 0.01947888 -0.01431643
v -0.03364074 0.03087566 -0.01431643
v -0.03322665 0.01947888 -0.01354191
v -0.03322664 0.03087566 -0.01354191
v -0.03266960 0.01947888 -0.01286302
v -0.03266960 0.03087566 -0.01286302
v -0.03199063 0.01947888 -0.01230587
v -0.03199063 0.03087566 -0.01230587
v -0.03121614 0.01947888 -0.01189188
v -0.03121614 0.03087566 -0.01189188
v -0.03037582 0.01947888 -0.01163694
v -0.03037581 0.03087566 -0.01163694
v -0.02950171 0.01947888 -0.01155088
v -0.02950170 0.03087566 -0.01155088
v -0.02862781 0.01947888 -0.01163694
v -0.02862781 0.03087566 -0.01163694
v -0.02778727 0.01947888 -0.01189188
v -0.02778727 0.03087566 -0.01189188
v -0.02701278 0.01947888 -0.01230589
v -0.02701278 0.03087566 -0.01230589
v -0.02633403 0.01947888 -0.01286302
v -0.02633403 0.03087566 -0.01286302
v -0.02577677 0.01947888 -0.01354191
v -0.02577677 0.03087566 -0.01354191
v -0.02536289 0.01947888 -0.01431643
v -0.02536289 0.03087566 -0.01431643
v -0.02510798 0.01947888 -0.01690485
v -0.02510797 0.03087566 -0.01690485
v -0.02670871 0.03250000 -0.01658642
v -0.02687071 0.03250000 -0.01712065
v -0.02665391 0.03250000 -0.01603085
v -0.02713385 0.03250000 -0.01761300
v -0.02748817 0.03250000 -0.01804453
v -0.02791960 0.03250000 -0.01839870
v -0.02841188 0.03250000 -0.01866184
v -0.02894618 0.03250000 -0.01882391
v -0.02950170 0.03250000 -0.01887862
v -0.03005745 0.03250000 -0.01882391
v -0.03059153 0.03250000 -0.01866184
v -0.03108381 0.03250000 -0.01839868
v -0.03151545 0.03250000 -0.01804453
v -0.03186956 0.03250000 -0.01761300
v -0.03213270 0.03250000 -0.01712065
v -0.03229492 0.03250000 -0.01658642
v -0.03234950 0.03250000 -0.01603085
v -0.03229492 0.03250000 -0.01547528
v -0.03213270 0.03250000 -0.01494104
v -0.03186956 0.03250000 -0.01444870
v -0.03151545 0.03250000 -0.01401716
v -0.03108381 0.03250000 -0.01366299
v -0.03059153 0.03250000 -0.01339983
v -0.03005745 0.03250000 -0.01323779
v -0.02950170 0.03250000 -0.01318306
v -0.02894618 0.03250000 -0.01323779
v -0.02841188 0.03250000 -0.01339985
v -0.02791960 0.03250000 -0.01366299
v -0.02748817 0.03250000 -0.01401716
v -0.02713385 0.03250000 -0.01444870
v -0.02687071 0.03250000 -0.01494104
v -0.02670871 0.03250000 -0.01547528
v -0.02518832 0.03137747 -0.01688887
v -0.02510364 0.03137747 -0.01603085
v -0.02541660 0.03183034 -0.01684343
v -0.02533668 0.03183034 -0.01603085
v -0.02577071 0.03218964 -0.01677297
v -0.02569772 0.03218964 -0.01603085
v -0.02621599 0.03242051 -0.01668442
v -0.02615167 0.03242051 -0.01603085
v -0.02543847 0.03137747 -0.01771390
v -0.02565375 0.03183034 -0.01762478
v -0.02598728 0.03218964 -0.01748660
v -0.02640658 0.03242051 -0.01731288
v -0.02584499 0.03137747 -0.01847427
v -0.02603862 0.03183034 -0.01834488
v -0.02633879 0.03218964 -0.01814426
v -0.02671629 0.03242051 -0.01789208
v -0.02639185 0.03137747 -0.01914074
v -0.02655667 0.03183034 -0.01897606
v -0.02681180 0.03218964 -0.01872071
v -0.02713277 0.03242051 -0.01839974
v -0.02705826 0.03137747 -0.01968769
v -0.02718778 0.03183034 -0.01949405
v -0.02738833 0.03218964 -0.01919381
v -0.02764064 0.03242051 -0.01881637
v -0.02781867 0.03137747 -0.02009412
v -0.02790790 0.03183034 -0.01987893
v -0.02804608 0.03218964 -0.01954533
v -0.02821977 0.03242051 -0.01912595
v -0.02864384 0.03137747 -0.02034440
v -0.02868910 0.03183034 -0.02011595
v -0.02875971 0.03218964 -0.01976180
v -0.02884829 0.03242051 -0.01931661
v -0.02950170 0.03137747 -0.02042891
v -0.02950170 0.03183034 -0.02019600
v -0.02950170 0.03218964 -0.01983490
v -0.02950170 0.03242051 -0.01938097
v -0.03035979 0.03137747 -0.02034440
v -0.03031431 0.03183034 -0.02011595
v -0.03024392 0.03218964 -0.01976180
v -0.03015533 0.03242051 -0.01931661
v -0.03118474 0.03137747 -0.02009412
v -0.03109573 0.03183034 -0.01987893
v -0.03095755 0.03218964 -0.01954533
v -0.03078385 0.03242051 -0.01912595
v -0.03194515 0.03137747 -0.01968769
v -0.03181585 0.03183034 -0.01949405
v -0.03161529 0.03218964 -0.01919381
v -0.03136298 0.03242051 -0.01881637
v -0.03261156 0.03137747 -0.01914074
v -0.03244696 0.03183034 -0.01897606
v -0.03219161 0.03218964 -0.01872071
v -0.03187064 0.03242051 -0.01839974
v -0.03315863 0.03137747 -0.01847427
v -0.03296502 0.03183034 -0.01834488
v -0.03266462 0.03218964 -0.01814426
v -0.03228734 0.03242051 -0.01789208
v -0.03356494 0.03137747 -0.01771390
v -0.03334987 0.03183034 -0.01762478
v -0.03301634 0.03218964 -0.01748660
v -0.03259683 0.03242051 -0.01731288
v -0.03381530 0.03137747 -0.01688887
v -0.03358681 0.03183034 -0.01684343
v -0.03323271 0.03218964 -0.01677297
v -0.03278742 0.03242051 -0.01668442
v -0.03389977 0.03137747 -0.01603085
v -0.03366695 0.03183034 -0.01603085
v -0.03330591 0.03218964 -0.01603085
v -0.03285196 0.03242051 -0.01603085
v -0.03381530 0.03137747 -0.01517283
v -0.03358681 0.03183034 -0.01521827
v -0.03323271 0.03218964 -0.01528872
v -0.03278742 0.03242051 -0.01537728
v -0.03356494 0.03137747 -0.01434777
v -0.03334987 0.03183034 -0.01443691
v -0.03301634 0.03218964 -0.01457510
v -0.03259683 0.03242051 -0.01474881
v -0.03315863 0.03137747 -0.01358741
v -0.03296502 0.03183034 -0.01371682
v -0.03266462 0.03218964 -0.01391743
v -0.03228734 0.03242051 -0.01416962
v -0.03261156 0.03137747 -0.01292095
v -0.03244696 0.03183034 -0.01308564
v -0.03219161 0.03218964 -0.01334096
v -0.03187064 0.03242051 -0.01366195
v -0.03194515 0.03137747 -0.01237401
v -0.03181585 0.03183034 -0.01256765
v -0.03161508 0.03218964 -0.01286789
v -0.03136298 0.03242051 -0.01324532
v -0.03118474 0.03137747 -0.01196757
v -0.03109573 0.03183034 -0.01218274
v -0.03095755 0.03218964 -0.01251636
v -0.03078385 0.03242051 -0.01293575
v -0.03035979 0.03137747 -0.01171730
v -0.03031431 0.03183034 -0.01194572
v -0.03024392 0.03218964 -0.01229989
v -0.03015533 0.03242051 -0.01274509
v -0.02950170 0.03137747 -0.01163279
v -0.02950170 0.03183034 -0.01186569
v -0.02950170 0.03218964 -0.01222680
v -0.02950170 0.03242051 -0.01268072
v -0.02864384 0.03137747 -0.01171730
v -0.02868910 0.03183034 -0.01194574
v -0.02875971 0.03218964 -0.01229989
v -0.02884829 0.03242051 -0.01274509
v -0.02781867 0.03137747 -0.01196757
v -0.02790790 0.03183034 -0.01218274
v -0.02804608 0.03218964 -0.01251636
v -0.02821977 0.03242051 -0.01293575
v -0.02705826 0.03137747 -0.01237401
v -0.02718778 0.03183034 -0.01256765
v -0.02738833 0.03218964 -0.01286789
v -0.02764064 0.03242051 -0.01324532
v -0.02639185 0.03137747 -0.01292095
v -0.02655667 0.03183034 -0.01308564
v -0.02681180 0.03218964 -0.01334099
v -0.02713277 0.03242051 -0.01366195
v -0.02584499 0.03137747 -0.01358743
v -0.02603862 0.03183034 -0.01371682
v -0.02633879 0.03218964 -0.01391743
v -0.02671629 0.03242051 -0.01416962
v -0.02543847 0.03137747 -0.01434780
v -0.02565375 0.03183034 -0.01443691
v -0.02598728 0.03218964 -0.01457510
v -0.02640658 0.03242051 -0.01474881
v -0.02518832 0.03137747 -0.01517283
v -0.02541660 0.03183034 -0.01521827
v -0.02577071 0.03218964 -0.01528872
v -0.02621599 0.03242051 -0.01537728
v 0.02966064 0.01947888 -0.01515684
v 0.02974683 0.01947888 -0.01603084
v 0.02974683 0.03087565 -0.01603084
v 0.02966064 0.03087565 -0.01515684
v 0.02940572 0.01947888 -0.01774526
v 0.02899184 0.01947890 -0.01851979
v 0.02899184 0.03087565 -0.01851979
v 0.02940572 0.03087565 -0.01774526
v 0.02843459 0.01947890 -0.01919867
v 0.02843459 0.03087565 -0.01919867
v 0.02775582 0.01947890 -0.01975580
v 0.02775583 0.03087566 -0.01975580
v 0.02698112 0.01947890 -0.02016981
v 0.02698113 0.03087566 -0.02016981
v 0.02614080 0.01947890 -0.02042475
v 0.02614080 0.03087566 -0.02042475
v 0.02526669 0.01947890 -0.02051082
v 0.02526669 0.03087566 -0.02051082
v 0.02439279 0.01947890 -0.02042475
v 0.02439279 0.03087566 -0.02042475
v 0.02355247 0.01947890 -0.02016981
v 0.02355247 0.03087566 -0.02016981
v 0.02277776 0.01947890 -0.01975580
v 0.02277777 0.03087566 -0.01975580
v 0.02209901 0.01947890 -0.01919867
v 0.02209901 0.03087566 -0.01919867
v 0.02154175 0.01947890 -0.01851979
v 0.02154176 0.03087566 -0.01851979
v 0.02112787 0.01947888 -0.01774526
v 0.02112788 0.03087566 -0.01774526
v 0.02087296 0.01947888 -0.01690485
v 0.02087296 0.03087566 -0.01690485
v 0.02078676 0.01947888 -0.01603084
v 0.02078676 0.03087566 -0.01603084
v 0.02087296 0.01947888 -0.01515684
v 0.02087296 0.03087566 -0.01515684
v 0.02112787 0.01947888 -0.01431643
v 0.02112788 0.03087566 -0.01431643
v 0.02154175 0.01947888 -0.01354190
v 0.02154176 0.03087566 -0.01354190
v 0.02209901 0.01947888 -0.01286302
v 0.02209901 0.03087566 -0.01286302
v 0.02277776 0.01947888 -0.01230587
v 0.02277777 0.03087566 -0.01230587
v 0.02355247 0.01947888 -0.01189188
v 0.02355247 0.03087566 -0.01189188
v 0.02439279 0.01947888 -0.01163694
v 0.02439279 0.03087566 -0.01163694
v 0.02526690 0.01947888 -0.01155087
v 0.02526691 0.03087566 -0.01155085
v 0.02614080 0.01947888 -0.01163694
v 0.02614080 0.03087566 -0.01163694
v 0.02698112 0.01947888 -0.01189188
v 0.02698113 0.03087566 -0.01189188
v 0.02775582 0.01947888 -0.01230589
v 0.02775583 0.03087566 -0.01230589
v 0.02843459 0.01947888 -0.01286302
v 0.02843459 0.03087565 -0.01286302
v 0.02899184 0.01947888 -0.01354190
v 0.02899184 0.03087565 -0.01354190
v 0.02940572 0.01947888 -0.01431643
v 0.02940572 0.03087565 -0.01431643
v 0.02966064 0.01947888 -0.01690485
v 0.02966064 0.03087565 -0.01690485
v 0.02805990 0.03250000 -0.01658641
v 0.02789791 0.03250000 -0.01712065
v 0.02811448 0.03250000 -0.01603084
v 0.02763454 0.03250000 -0.01761299
v 0.02728044 0.03250000 -0.01804453
v 0.02684902 0.03250000 -0.01839868
v 0.02635652 0.03250000 -0.01866184
v 0.02582243 0.03250000 -0.01882391
v 0.02526669 0.03250000 -0.01887862
v 0.02471117 0.03250000 -0.01882391
v 0.02417708 0.03250000 -0.01866184
v 0.02368458 0.03250000 -0.01839868
v 0.02325316 0.03250000 -0.01804453
v 0.02289905 0.03250000 -0.01761299
v 0.02263569 0.03250000 -0.01712065
v 0.02247369 0.03250000 -0.01658641
v 0.02241912 0.03250000 -0.01603084
v 0.02247369 0.03250000 -0.01547528
v 0.02263569 0.03250000 -0.01494104
v 0.02289905 0.03250000 -0.01444870
v 0.02325316 0.03250000 -0.01401716
v 0.02368458 0.03250000 -0.01366299
v 0.02417708 0.03250000 -0.01339983
v 0.02471117 0.03250000 -0.01323778
v 0.02526669 0.03250000 -0.01318305
v 0.02582243 0.03250000 -0.01323778
v 0.02635652 0.03250000 -0.01339983
v 0.02684902 0.03250000 -0.01366299
v 0.02728044 0.03250000 -0.01401716
v 0.02763454 0.03250000 -0.01444870
v 0.02789791 0.03250000 -0.01494104
v 0.02805990 0.03250000 -0.01547528
v 0.02958029 0.03137747 -0.01688886
v 0.02966475 0.03137747 -0.01603084
v 0.02935201 0.03183033 -0.01684343
v 0.02943193 0.03183033 -0.01603084
v 0.02899769 0.03218963 -0.01677297
v 0.02907089 0.03218963 -0.01603084
v 0.02855262 0.03242051 -0.01668441
v 0.02861694 0.03242051 -0.01603084
v 0.02933014 0.03137747 -0.01771390
v 0.02911486 0.03183033 -0.01762478
v 0.02878132 0.03218963 -0.01748660
v 0.02836181 0.03242051 -0.01731288
v 0.02892362 0.03137747 -0.01847426
v 0.02873000 0.03183033 -0.01834488
v 0.02842982 0.03218963 -0.01814426
v 0.02805232 0.03242051 -0.01789208
v 0.02837676 0.03137747 -0.01914074
v 0.02821195 0.03183034 -0.01897606
v 0.02795660 0.03218964 -0.01872071
v 0.02763563 0.03242051 -0.01839974
v 0.02771013 0.03137747 -0.01968769
v 0.02758083 0.03183034 -0.01949405
v 0.02738028 0.03218964 -0.01919380
v 0.02712797 0.03242051 -0.01881637
v 0.02694994 0.03137747 -0.02009412
v 0.02686071 0.03183034 -0.01987893
v 0.02672253 0.03218964 -0.01954533
v 0.02654883 0.03242051 -0.01912595
v 0.02612478 0.03137747 -0.02034440
v 0.02607929 0.03183034 -0.02011595
v 0.02600891 0.03218964 -0.01976180
v 0.02592032 0.03242051 -0.01931660
v 0.02526669 0.03137747 -0.02042891
v 0.02526669 0.03183034 -0.02019600
v 0.02526669 0.03218964 -0.01983490
v 0.02526669 0.03242051 -0.01938097
v 0.02440882 0.03137747 -0.02034440
v 0.02445430 0.03183034 -0.02011595
v 0.02452469 0.03218964 -0.01976180
v 0.02461327 0.03242051 -0.01931660
v 0.02358366 0.03137747 -0.02009412
v 0.02367289 0.03183034 -0.01987893
v 0.02381107 0.03218964 -0.01954533
v 0.02398476 0.03242051 -0.01912595
v 0.02282347 0.03137747 -0.01968769
v 0.02295276 0.03183034 -0.01949405
v 0.02315332 0.03218964 -0.01919380
v 0.02340563 0.03242051 -0.01881637
v 0.02215684 0.03137747 -0.01914074
v 0.02232166 0.03183034 -0.01897606
v 0.02257700 0.03218964 -0.01872071
v 0.02289797 0.03242051 -0.01839974
v 0.02160998 0.03137747 -0.01847426
v 0.02180360 0.03183034 -0.01834488
v 0.02210378 0.03218964 -0.01814426
v 0.02248127 0.03242051 -0.01789208
v 0.02120346 0.03137747 -0.01771390
v 0.02141874 0.03183034 -0.01762478
v 0.02175226 0.03218964 -0.01748660
v 0.02217178 0.03242051 -0.01731288
v 0.02095331 0.03137747 -0.01688886
v 0.02118159 0.03183034 -0.01684343
v 0.02153591 0.03218964 -0.01677297
v 0.02198098 0.03242051 -0.01668441
v 0.02086885 0.03137747 -0.01603084
v 0.02110167 0.03183034 -0.01603084
v 0.02146270 0.03218964 -0.01603084
v 0.02191665 0.03242051 -0.01603084
v 0.02095331 0.03137747 -0.01517283
v 0.02118159 0.03183034 -0.01521827
v 0.02153591 0.03218964 -0.01528872
v 0.02198098 0.03242051 -0.01537728
v 0.02120346 0.03137747 -0.01434777
v 0.02141874 0.03183034 -0.01443691
v 0.02175226 0.03218964 -0.01457509
v 0.02217178 0.03242051 -0.01474881
v 0.02160998 0.03137747 -0.01358741
v 0.02180360 0.03183034 -0.01371681
v 0.02210378 0.03218964 -0.01391743
v 0.02248127 0.03242051 -0.01416961
v 0.02215684 0.03137747 -0.01292095
v 0.02232166 0.03183034 -0.01308564
v 0.02257700 0.03218964 -0.01334096
v 0.02289797 0.03242051 -0.01366195
v 0.02282347 0.03137747 -0.01237400
v 0.02295276 0.03183034 -0.01256764
v 0.02315332 0.03218964 -0.01286789
v 0.02340563 0.03242051 -0.01324532
v 0.02358366 0.03137747 -0.01196757
v 0.02367289 0.03183034 -0.01218274
v 0.02381107 0.03218964 -0.01251636
v 0.02398476 0.03242051 -0.01293574
v 0.02440882 0.03137747 -0.01171729
v 0.02445430 0.03183034 -0.01194572
v 0.02452469 0.03218964 -0.01229989
v 0.02461327 0.03242051 -0.01274509
v 0.02526691 0.03137747 -0.01163278
v 0.02526691 0.03183034 -0.01186569
v 0.02526691 0.03218964 -0.01222679
v 0.02526691 0.03242051 -0.01268072
v 0.02612478 0.03137747 -0.01171729
v 0.02607929 0.03183034 -0.01194574
v 0.02600891 0.03218964 -0.01229989
v 0.02592032 0.03242051 -0.01274509
v 0.02694994 0.03137747 -0.01196757
v 0.02686071 0.03183034 -0.01218274
v 0.02672253 0.03218964 -0.01251636
v 0.02654883 0.03242051 -0.01293574
v 0.02771013 0.03137747 -0.01237400
v 0.02758083 0.03183034 -0.01256764
v 0.02738028 0.03218964 -0.01286789
v 0.02712797 0.03242051 -0.01324532
v 0.02837676 0.03137747 -0.01292095
v 0.02821195 0.03183034 -0.01308564
v 0.02795660 0.03218964 -0.01334098
v 0.02763563 0.03242051 -0.01366195
v 0.02892362 0.03137747 -0.01358742
v 0.02873000 0.03183033 -0.01371681
v 0.02842982 0.03218963 -0.01391743
v 0.02805232 0.03242051 -0.01416961
v 0.02933014 0.03137747 -0.01434779
v 0.02911486 0.03183033 -0.01443691
v 0.02878132 0.03218963 -0.01457509
v 0.02836181 0.03242051 -0.01474881
v 0.02958029 0.03137747 -0.01517283
v 0.02935201 0.03183033 -0.01521827
v 0.02899769 0.03218963 -0.01528872
v 0.02855262 0.03242051 -0.01537728
v 0.04869703 -0.01949207 0.00975468
v 0.04869703 -0.01949207 -0.02056622
v 0.04869703 0.01949207 -0.02056622
v 0.04869703 0.01949207 0.00975468
v -0.05655844 -0.01949207 -0.02074782
v -0.04313403 -0.01949205 0.00993638
v -0.04313403 0.01949207 0.00993638
v -0.05655844 0.01949207 -0.02074782
v -0.05411500 0.02165786 -0.02056622
v -0.04084957 0.02165786 0.00975467
v 0.04653124 0.02165786 0.00975468
v 0.04653124 0.02165786 -0.02056622
v 0.04653124 -0.01949207 0.01192046
v 0.04653124 0.01949207 0.01192046
v -0.04010020 0.01949207 0.01192046
v -0.04010020 -0.01949205 0.01192046
v 0.04653124 -0.02165786 -0.02056622
v 0.04653124 -0.02165786 0.00975468
v -0.04084957 -0.02165784 0.00975467
v -0.05411500 -0.02165786 -0.02056622
v 0.04859112 -0.02016135 -0.02056622
v 0.04851770 -0.02015875 -0.02123289
v 0.04859112 -0.01949207 -0.02123549
v 0.04828336 -0.02076510 -0.02056622
v 0.04827253 -0.02075497 -0.02122537
v 0.04780428 -0.02124424 -0.02056622
v 0.04779411 -0.02123330 -0.02122537
v 0.04653124 -0.02155187 -0.02123549
v 0.04719787 -0.02147862 -0.02123289
v 0.04720047 -0.02155187 -0.02056622
v 0.04653124 -0.02124424 -0.02183924
v 0.04719029 -0.02123330 -0.02182911
v 0.04653124 -0.02076508 -0.02231838
v 0.04719029 -0.02075497 -0.02230744
v 0.04653124 -0.01949207 -0.02273200
v 0.04720047 -0.01949207 -0.02262601
v 0.04719787 -0.02015875 -0.02255276
v 0.04653124 -0.02016135 -0.02262601
v 0.04780428 -0.01949207 -0.02231838
v 0.04779411 -0.02015121 -0.02230744
v 0.04828336 -0.01949207 -0.02183924
v 0.04827253 -0.02015121 -0.02182911
v 0.04811291 -0.02072560 -0.02179974
v 0.04776466 -0.02107373 -0.02179974
v 0.04776466 -0.02072560 -0.02214787
v -0.05526070 -0.01949207 -0.02273201
v -0.05505560 -0.02016134 -0.02262601
v -0.05571876 -0.02015874 -0.02255476
v -0.05588748 -0.01949207 -0.02263489
v -0.05481454 -0.02076508 -0.02231839
v -0.05551431 -0.02075496 -0.02230011
v -0.05456115 -0.02124423 -0.02183925
v -0.05524641 -0.02123330 -0.02175502
v -0.05481021 -0.02155186 -0.02048585
v -0.05501986 -0.02147862 -0.02115809
v -0.05432009 -0.02155186 -0.02123549
v -0.05546016 -0.02124423 -0.02046471
v -0.05565769 -0.02123330 -0.02112634
v -0.05600053 -0.02076508 -0.02050486
v -0.05626432 -0.02075496 -0.02115324
v -0.05672066 -0.01949207 -0.02136096
v -0.05657966 -0.02015874 -0.02123842
v -0.05637911 -0.02016134 -0.02060243
v -0.05665503 -0.01949207 -0.02191410
v -0.05657034 -0.02015121 -0.02180223
v -0.05636785 -0.01949207 -0.02235306
v -0.05623162 -0.02015121 -0.02232040
v -0.05605251 -0.02072559 -0.02213947
v -0.05584459 -0.02107372 -0.02169743
v -0.05633298 -0.02072559 -0.02171067
v -0.05526070 0.01949207 -0.02273201
v -0.05588748 0.01949207 -0.02263489
v -0.05571854 0.02015875 -0.02255476
v -0.05505560 0.02016135 -0.02262601
v -0.05636785 0.01949207 -0.02235306
v -0.05623162 0.02015121 -0.02232040
v -0.05665503 0.01949207 -0.02191410
v -0.05657034 0.02015121 -0.02180223
v -0.05637911 0.02016135 -0.02060243
v -0.05657945 0.02015875 -0.02123842
v -0.05672066 0.01949207 -0.02136096
v -0.05600053 0.02076510 -0.02050486
v -0.05626432 0.02075497 -0.02115324
v -0.05545995 0.02124424 -0.02046471
v -0.05565769 0.02123330 -0.02112634
v -0.05432009 0.02155187 -0.02123549
v -0.05501986 0.02147862 -0.02115809
v -0.05481021 0.02155187 -0.02048585
v -0.05456115 0.02124424 -0.02183925
v -0.05524641 0.02123330 -0.02175502
v -0.05481454 0.02076510 -0.02231839
v -0.05551431 0.02075497 -0.02230011
v -0.05605251 0.02072560 -0.02213947
v -0.05633276 0.02072560 -0.02171067
v -0.05584459 0.02107373 -0.02169743
v 0.04720047 0.02155184 -0.02056622
v 0.04719787 0.02147859 -0.02123289
v 0.04653124 0.02155184 -0.02123549
v 0.04780428 0.02124421 -0.02056622
v 0.04779411 0.02123327 -0.02122537
v 0.04828336 0.02076508 -0.02056622
v 0.04827253 0.02075496 -0.02122537
v 0.04859112 0.01949207 -0.02123549
v 0.04851770 0.02015874 -0.02123289
v 0.04859112 0.02016132 -0.02056622
v 0.04828336 0.01949207 -0.02183924
v 0.04827253 0.02015121 -0.02182911
v 0.04780428 0.01949207 -0.02231838
v 0.04779411 0.02015121 -0.02230744
v 0.04653124 0.01949207 -0.02273200
v 0.04653124 0.02016132 -0.02262601
v 0.04719787 0.02015874 -0.02255276
v 0.04720047 0.01949207 -0.02262601
v 0.04653124 0.02076508 -0.02231838
v 0.04719051 0.02075496 -0.02230744
v 0.04653124 0.02124421 -0.02183924
v 0.04719051 0.02123327 -0.02182911
v 0.04776487 0.02107372 -0.02179974
v 0.04811291 0.02072557 -0.02179974
v 0.04776487 0.02072557 -0.02214787
v 0.04720047 -0.02155187 0.00975468
v 0.04719787 -0.02147862 0.01042153
v 0.04653124 -0.02155187 0.01042412
v 0.04780428 -0.02124424 0.00975468
v 0.04779411 -0.02123330 0.01041394
v 0.04828336 -0.02076510 0.00975468
v 0.04827253 -0.02075499 0.01041394
v 0.04859090 -0.01949207 0.01042412
v 0.04851770 -0.02015875 0.01042153
v 0.04859090 -0.02016135 0.00975468
v 0.04828336 -0.01949210 0.01102772
v 0.04827253 -0.02015123 0.01101776
v 0.04780428 -0.01949210 0.01150701
v 0.04779411 -0.02015123 0.01149597
v 0.04653124 -0.02016135 0.01181455
v 0.04719787 -0.02015875 0.01174136
v 0.04720047 -0.01949210 0.01181455
v 0.04653124 -0.02076510 0.01150701
v 0.04719029 -0.02075499 0.01149597
v 0.04653124 -0.02124424 0.01102772
v 0.04719029 -0.02123330 0.01101776
v 0.04776466 -0.02107375 0.01098831
v 0.04811291 -0.02072560 0.01098831
v 0.04776466 -0.02072560 0.01133635
v -0.04081210 -0.01949205 0.01182343
v -0.04092125 -0.02015872 0.01175435
v -0.04023427 -0.02016132 0.01181455
v -0.04153915 -0.01949205 0.01154166
v -0.04161235 -0.02015121 0.01153885
v -0.04221033 -0.01949205 0.01110266
v -0.04217849 -0.02015121 0.01116871
v -0.04298330 -0.02016132 0.01001673
v -0.04265280 -0.02015872 0.01062185
v -0.04275978 -0.01949205 0.01054952
v -0.04263828 -0.02076508 0.01003795
v -0.04238792 -0.02075494 0.01063918
v -0.04213279 -0.02124421 0.00999767
v -0.04196624 -0.02123327 0.01061211
v -0.04071550 -0.02155184 0.01042412
v -0.04136415 -0.02147860 0.01054150
v -0.04151640 -0.02155184 0.00990022
v -0.04055784 -0.02124421 0.01102772
v -0.04118764 -0.02123327 0.01112151
v -0.04039194 -0.02076508 0.01150701
v -0.04104319 -0.02075494 0.01151871
v -0.04167776 -0.02072557 0.01139374
v -0.04201909 -0.02072557 0.01117067
v -0.04176677 -0.02107370 0.01115724
v -0.04023427 0.02016135 0.01181455
v -0.04092103 0.02015875 0.01175435
v -0.04081187 0.01949207 0.01182343
v -0.04039194 0.02076510 0.01150701
v -0.04104319 0.02075496 0.01151871
v -0.04055784 0.02124424 0.01102772
v -0.04118742 0.02123330 0.01112151
v -0.04151640 0.02155186 0.00990022
v -0.04136415 0.02147862 0.01054150
v -0.04071528 0.02155186 0.01042412
v -0.04213279 0.02124424 0.00999767
v -0.04196602 0.02123330 0.01061211
v -0.04263807 0.02076510 0.01003795
v -0.04238792 0.02075496 0.01063918
v -0.04275978 0.01949207 0.01054952
v -0.04265280 0.02015875 0.01062185
v -0.04298330 0.02016135 0.01001673
v -0.04221011 0.01949207 0.01110266
v -0.04217849 0.02015123 0.01116871
v -0.04153893 0.01949207 0.01154166
v -0.04161214 0.02015123 0.01153885
v -0.04167776 0.02072560 0.01139374
v -0.04176677 0.02107373 0.01115724
v -0.04201909 0.02072560 0.01117067
v 0.04859112 0.02016134 0.00975468
v 0.04851770 0.02015874 0.01042153
v 0.04859112 0.01949207 0.01042412
v 0.04828336 0.02076508 0.00975468
v 0.04827253 0.02075496 0.01041394
v 0.04780428 0.02124423 0.00975468
v 0.04779411 0.02123330 0.01041394
v 0.04653124 0.02155186 0.01042412
v 0.04719787 0.02147862 0.01042153
v 0.04720047 0.02155186 0.00975468
v 0.04653124 0.02124423 0.01102772
v 0.04719029 0.02123330 0.01101776
v 0.04653124 0.02076508 0.01150701
v 0.04719029 0.02075496 0.01149597
v 0.04720047 0.01949207 0.01181455
v 0.04719787 0.02015874 0.01174136
v 0.04653124 0.02016134 0.01181455
v 0.04780428 0.01949207 0.01150701
v 0.04779411 0.02015121 0.01149597
v 0.04828336 0.01949207 0.01102772
v 0.04827253 0.02015121 0.01101776
v 0.04811291 0.02072559 0.01098831
v 0.04776466 0.02107372 0.01098831
v 0.04776466 0.02072559 0.01133635
v 0.01579430 -0.00000000 0.00577613
v -0.03462357 0.00000000 0.00577613
v -0.03462357 0.00331131 0.00610229
v 0.01579430 0.00331131 0.00610229
v -0.03462357 -0.00649541 0.00706823
v 0.01579430 -0.00649541 0.00706824
v 0.01579430 -0.00942987 0.00863669
v -0.03462357 -0.00942987 0.00863669
v 0.01579430 -0.01200194 0.01074747
v -0.03462357 -0.01200194 0.01074746
v 0.01579430 -0.01411280 0.01331956
v -0.03462357 -0.01411280 0.01331956
v 0.01579429 -0.01568131 0.01625398
v -0.03462357 -0.01568131 0.01625398
v 0.01579429 -0.01664718 0.01943812
v -0.03462357 -0.01664718 0.01943812
v 0.01579429 -0.01697331 0.02274939
v -0.03462357 -0.01697331 0.02274939
v 0.01579429 -0.01664718 0.02606087
v -0.03462357 -0.01664718 0.02606087
v 0.01579429 -0.01568131 0.02924479
v -0.03462357 -0.01568131 0.02924479
v 0.01579430 -0.01411280 0.03217944
v -0.03462357 -0.01411280 0.03217944
v 0.01579430 -0.01200194 0.03475153
v -0.03462357 -0.01200194 0.03475153
v 0.01579430 -0.00942987 0.03686230
v -0.03462357 -0.00942987 0.03686230
v 0.01579430 -0.00649541 0.03843076
v -0.03462357 -0.00649541 0.03843076
v 0.01579430 -0.00331133 0.03939670
v -0.03462357 -0.00331133 0.03939670
v 0.01579430 -0.00000000 0.03972287
v -0.03462357 0.00000000 0.03972287
v 0.01579430 0.00331133 0.03939670
v -0.03462357 0.00331134 0.03939670
v 0.01579430 0.00649541 0.03843076
v -0.03462357 0.00649541 0.03843076
v 0.01579430 0.00942987 0.03686230
v -0.03462357 0.00942988 0.03686230
v 0.01579430 0.01200196 0.03475153
v -0.03462357 0.01200196 0.03475153
v 0.01579430 0.01411280 0.03217944
v -0.03462357 0.01411281 0.03217944
v 0.01579430 0.01568131 0.02924479
v -0.03462357 0.01568131 0.02924479
v 0.01579430 0.01664718 0.02606087
v -0.03462357 0.01664718 0.02606087
v 0.01579430 0.01697331 0.02274939
v -0.03462357 0.01697331 0.02274939
v 0.01579430 0.01664718 0.01943812
v -0.03462357 0.01664718 0.01943812
v 0.01579430 0.01568128 0.01625398
v -0.03462357 0.01568129 0.01625398
v 0.01579430 0.01411278 0.01331956
v -0.03462357 0.01411278 0.01331956
v 0.01579430 0.01200194 0.01074747
v -0.03462357 0.01200194 0.01074746
v 0.01579430 0.00942985 0.00863669
v -0.03462357 0.00942986 0.00863669
v 0.01579430 0.00649539 0.00706824
v -0.03462357 0.00649539 0.00706823
v -0.03462357 -0.00331133 0.00610229
v 0.01579430 -0.00331133 0.00610229
v 0.01749162 -0.00297861 0.00777515
v 0.01749162 -0.00000000 0.00748168
v 0.01749162 -0.00584273 0.00864384
v 0.01749162 0.00297856 0.00777515
v 0.01749162 0.00584271 0.00864384
v 0.01749162 0.00848230 0.01005485
v 0.01749162 0.01079592 0.01195360
v 0.01749162 0.01269469 0.01426708
v 0.01749162 0.01410557 0.01690674
v 0.01749162 0.01497439 0.01977079
v 0.01749162 0.01526777 0.02274939
v 0.01749162 0.01497441 0.02572800
v 0.01749162 0.01410559 0.02859224
v 0.01749162 0.01269469 0.03123191
v 0.01749162 0.01079597 0.03354539
v 0.01749162 0.00848232 0.03544414
v 0.01749162 0.00584273 0.03685515
v 0.01749162 0.00297860 0.03772384
v 0.01749162 -0.00000000 0.03801731
v 0.01749162 -0.00297858 0.03772384
v 0.01749162 -0.00584273 0.03685515
v 0.01749162 -0.00848232 0.03544414
v 0.01749162 -0.01079594 0.03354539
v 0.01749162 -0.01269469 0.03123191
v 0.01749162 -0.01410559 0.02859224
v 0.01749162 -0.01497442 0.02572800
v 0.01749162 -0.01526777 0.02274939
v 0.01749162 -0.01497442 0.01977100
v 0.01749162 -0.01410559 0.01690674
v 0.01749162 -0.01269469 0.01426708
v 0.01749162 -0.01079594 0.01195360
v 0.01749162 -0.00848232 0.01005485
v -0.03514813 -0.00329463 0.00618633
v -0.03514813 0.00000000 0.00586167
v -0.03562135 -0.00324714 0.00642499
v -0.03562135 0.00000000 0.00610511
v -0.03599690 -0.00317355 0.00679513
v -0.03599690 0.00000000 0.00648239
v -0.03623796 -0.00308100 0.00726033
v -0.03623796 0.00000000 0.00695691
v -0.03632090 -0.00297860 0.00777515
v -0.03632090 0.00000000 0.00748168
v 0.01631881 -0.00000000 0.00586167
v 0.01631881 -0.00329464 0.00618633
v 0.01679197 -0.00000000 0.00610511
v 0.01679197 -0.00324714 0.00642499
v 0.01716747 -0.00000000 0.00648239
v 0.01716747 -0.00317355 0.00679513
v 0.01740854 -0.00000000 0.00695691
v 0.01740854 -0.00308100 0.00726034
v -0.03514813 -0.00646264 0.00714728
v -0.03562135 -0.00636951 0.00737209
v -0.03599690 -0.00622512 0.00772079
v -0.03623796 -0.00604360 0.00815893
v -0.03632090 -0.00584272 0.00864384
v 0.01631881 -0.00646264 0.00714729
v 0.01679197 -0.00636951 0.00737209
v 0.01716747 -0.00622512 0.00772079
v 0.01740854 -0.00604360 0.00815893
v -0.03514813 -0.00938231 0.00870795
v -0.03562135 -0.00924710 0.00891024
v -0.03599690 -0.00903748 0.00922406
v -0.03623796 -0.00877394 0.00961844
v -0.03632090 -0.00848232 0.01005485
v 0.01631881 -0.00938231 0.00870795
v 0.01679197 -0.00924710 0.00891024
v 0.01716747 -0.00903748 0.00922406
v 0.01740854 -0.00877395 0.00961845
v -0.03514813 -0.01194140 0.01080811
v -0.03562135 -0.01176931 0.01098008
v -0.03599690 -0.01150251 0.01124690
v -0.03623796 -0.01116711 0.01158237
v -0.03632090 -0.01079594 0.01195360
v 0.01631881 -0.01194141 0.01080811
v 0.01679197 -0.01176931 0.01098008
v 0.01716747 -0.01150251 0.01124690
v 0.01740854 -0.01116711 0.01158237
v -0.03514813 -0.01404161 0.01336721
v -0.03562135 -0.01383926 0.01350236
v -0.03599690 -0.01352552 0.01371200
v -0.03623796 -0.01313113 0.01397557
v -0.03632090 -0.01269469 0.01426708
v 0.01631881 -0.01404161 0.01336721
v 0.01679197 -0.01383926 0.01350236
v 0.01716747 -0.01352553 0.01371200
v 0.01740854 -0.01313114 0.01397557
v -0.03514813 -0.01560221 0.01628689
v -0.03562135 -0.01537736 0.01638003
v -0.03599690 -0.01502875 0.01652427
v -0.03623796 -0.01459053 0.01670598
v -0.03632090 -0.01410559 0.01690674
v 0.01631880 -0.01560221 0.01628689
v 0.01679197 -0.01537736 0.01638003
v 0.01716747 -0.01502875 0.01652427
v 0.01740854 -0.01459053 0.01670598
v -0.03514813 -0.01656321 0.01945479
v -0.03562135 -0.01632452 0.01950243
v -0.03599690 -0.01595445 0.01957586
v -0.03623796 -0.01548922 0.01966856
v -0.03632090 -0.01497441 0.01977100
v 0.01631880 -0.01656322 0.01945479
v 0.01679196 -0.01632453 0.01950243
v 0.01716747 -0.01595446 0.01957586
v 0.01740854 -0.01548923 0.01966856
v -0.03514813 -0.01688771 0.02274939
v -0.03562135 -0.01664435 0.02274939
v -0.03599690 -0.01626702 0.02274939
v -0.03623796 -0.01579269 0.02274939
v -0.03632090 -0.01526777 0.02274939
v 0.01631880 -0.01688772 0.02274939
v 0.01679196 -0.01664435 0.02274939
v 0.01716747 -0.01626702 0.02274939
v 0.01740854 -0.01579270 0.02274939
v -0.03514813 -0.01656321 0.02604420
v -0.03562135 -0.01632452 0.02599655
v -0.03599690 -0.01595445 0.02592313
v -0.03623796 -0.01548922 0.02583043
v -0.03632090 -0.01497441 0.02572800
v 0.01631880 -0.01656322 0.02604420
v 0.01679196 -0.01632453 0.02599655
v 0.01716747 -0.01595446 0.02592313
v 0.01740854 -0.01548923 0.02583043
v -0.03514813 -0.01560221 0.02921209
v -0.03562135 -0.01537736 0.02911896
v -0.03599690 -0.01502875 0.02897450
v -0.03623796 -0.01459053 0.02879301
v -0.03632090 -0.01410559 0.02859224
v 0.01631880 -0.01560221 0.02921209
v 0.01679197 -0.01537736 0.02911896
v 0.01716747 -0.01502875 0.02897450
v 0.01740854 -0.01459053 0.02879301
v -0.03514813 -0.01404161 0.03213179
v -0.03562135 -0.01383926 0.03199665
v -0.03599690 -0.01352552 0.03178700
v -0.03623796 -0.01313113 0.03152342
v -0.03632090 -0.01269469 0.03123191
v 0.01631881 -0.01404161 0.03213179
v 0.01679197 -0.01383926 0.03199665
v 0.01716747 -0.01352553 0.03178700
v 0.01740854 -0.01313114 0.03152342
v -0.03514813 -0.01194140 0.03469088
v -0.03562135 -0.01176931 0.03451870
v -0.03599690 -0.01150251 0.03425210
v -0.03623796 -0.01116711 0.03391662
v -0.03632090 -0.01079594 0.03354539
v 0.01631881 -0.01194141 0.03469088
v 0.01679197 -0.01176931 0.03451892
v 0.01716747 -0.01150251 0.03425210
v 0.01740854 -0.01116711 0.03391662
v -0.03514813 -0.00938231 0.03679105
v -0.03562135 -0.00924710 0.03658876
v -0.03599690 -0.00903748 0.03627494
v -0.03623796 -0.00877394 0.03588055
v -0.03632090 -0.00848232 0.03544414
v 0.01631881 -0.00938231 0.03679105
v 0.01679197 -0.00924710 0.03658876
v 0.01716747 -0.00903748 0.03627494
v 0.01740854 -0.00877395 0.03588055
v -0.03514813 -0.00646264 0.03835171
v -0.03562135 -0.00636951 0.03812690
v -0.03599690 -0.00622512 0.03777821
v -0.03623796 -0.00604360 0.03734007
v -0.03632090 -0.00584272 0.03685515
v 0.01631881 -0.00646264 0.03835171
v 0.01679197 -0.00636951 0.03812690
v 0.01716747 -0.00622512 0.03777821
v 0.01740854 -0.00604360 0.03734007
v -0.03514813 -0.00329461 0.03931266
v -0.03562135 -0.00324714 0.03907400
v -0.03599690 -0.00317352 0.03870386
v -0.03623796 -0.00308100 0.03823866
v -0.03632090 -0.00297858 0.03772384
v 0.01631881 -0.00329462 0.03931266
v 0.01679197 -0.00324714 0.03907400
v 0.01716747 -0.00317353 0.03870386
v 0.01740854 -0.00308100 0.03823866
v -0.03514813 0.00000000 0.03963710
v -0.03562135 0.00000000 0.03939389
v -0.03599690 0.00000000 0.03901661
v -0.03623796 0.00000000 0.03854207
v -0.03632090 0.00000000 0.03801731
v 0.01631881 -0.00000000 0.03963710
v 0.01679197 -0.00000000 0.03939389
v 0.01716747 -0.00000000 0.03901661
v 0.01740854 -0.00000000 0.03854207
v -0.03514813 0.00329464 0.03931266
v -0.03562135 0.00324716 0.03907400
v -0.03599690 0.00317355 0.03870386
v -0.03623796 0.00308101 0.03823866
v -0.03632090 0.00297861 0.03772384
v 0.01631881 0.00329464 0.03931266
v 0.01679197 0.00324716 0.03907400
v 0.01716747 0.00317355 0.03870386
v 0.01740854 0.00308100 0.03823866
v -0.03514813 0.00646266 0.03835171
v -0.03562135 0.00636951 0.03812690
v -0.03599690 0.00622512 0.03777821
v -0.03623796 0.00604361 0.03734007
v -0.03632090 0.00584273 0.03685515
v 0.01631881 0.00646266 0.03835171
v 0.01679197 0.00636951 0.03812690
v 0.01716747 0.00622512 0.03777821
v 0.01740854 0.00604360 0.03734007
v -0.03514813 0.00938231 0.03679105
v -0.03562135 0.00924711 0.03658876
v -0.03599690 0.00903748 0.03627494
v -0.03623796 0.00877395 0.03588055
v -0.03632090 0.00848232 0.03544414
v 0.01631881 0.00938231 0.03679105
v 0.01679197 0.00924710 0.03658876
v 0.01716747 0.00903748 0.03627494
v 0.01740854 0.00877394 0.03588055
v -0.03514813 0.01194143 0.03469088
v -0.03562135 0.01176934 0.03451870
v -0.03599690 0.01150253 0.03425210
v -0.03623796 0.01116712 0.03391662
v -0.03632090 0.01079597 0.03354539
v 0.01631881 0.01194143 0.03469088
v 0.01679197 0.01176933 0.03451870
v 0.01716747 0.01150253 0.03425210
v 0.01740854 0.01116711 0.03391662
v -0.03514813 0.01404164 0.03213179
v -0.03562135 0.01383926 0.03199665
v -0.03599690 0.01352553 0.03178700
v -0.03623796 0.01313114 0.03152342
v -0.03632090 0.01269469 0.03123191
v 0.01631881 0.01404163 0.03213179
v 0.01679197 0.01383926 0.03199665
v 0.01716747 0.01352553 0.03178700
v 0.01740854 0.01313114 0.03152342
v -0.03514813 0.01560222 0.02921209
v -0.03562135 0.01537736 0.02911896
v -0.03599690 0.01502878 0.02897450
v -0.03623796 0.01459055 0.02879301
v -0.03632090 0.01410559 0.02859224
v 0.01631881 0.01560221 0.02921209
v 0.01679197 0.01537736 0.02911896
v 0.01716747 0.01502878 0.02897450
v 0.01740854 0.01459055 0.02879301
v -0.03514813 0.01656322 0.02604420
v -0.03562135 0.01632453 0.02599655
v -0.03599690 0.01595446 0.02592292
v -0.03623796 0.01548925 0.02583043
v -0.03632090 0.01497442 0.02572800
v 0.01631881 0.01656321 0.02604420
v 0.01679197 0.01632452 0.02599655
v 0.01716747 0.01595445 0.02592292
v 0.01740854 0.01548924 0.02583043
v -0.03514813 0.01688772 0.02274939
v -0.03562135 0.01664435 0.02274939
v -0.03599690 0.01626702 0.02274939
v -0.03623796 0.01579270 0.02274939
v -0.03632090 0.01526778 0.02274939
v 0.01631881 0.01688771 0.02274939
v 0.01679197 0.01664435 0.02274939
v 0.01716747 0.01626702 0.02274939
v 0.01740854 0.01579269 0.02274939
v -0.03514813 0.01656322 0.01945479
v -0.03562135 0.01632453 0.01950223
v -0.03599690 0.01595446 0.01957586
v -0.03623796 0.01548923 0.01966856
v -0.03632090 0.01497440 0.01977079
v 0.01631881 0.01656321 0.01945479
v 0.01679197 0.01632452 0.01950223
v 0.01716747 0.01595445 0.01957586
v 0.01740854 0.01548922 0.01966856
v -0.03514813 0.01560222 0.01628689
v -0.03562135 0.01537736 0.01638003
v -0.03599690 0.01502876 0.01652427
v -0.03623796 0.01459053 0.01670598
v -0.03632090 0.01410557 0.01690674
v 0.01631881 0.01560219 0.01628689
v 0.01679197 0.01537736 0.01638003
v 0.01716747 0.01502875 0.01652427
v 0.01740854 0.01459053 0.01670598
v -0.03514813 0.01404161 0.01336721
v -0.03562135 0.01383924 0.01350236
v -0.03599690 0.01352553 0.01371200
v -0.03623796 0.01313114 0.01397557
v -0.03632090 0.01269469 0.01426708
v 0.01631881 0.01404161 0.01336721
v 0.01679197 0.01383924 0.01350236
v 0.01716747 0.01352553 0.01371200
v 0.01740854 0.01313114 0.01397557
v -0.03514813 0.01194141 0.01080811
v -0.03562135 0.01176932 0.01098008
v -0.03599690 0.01150251 0.01124690
v -0.03623796 0.01116710 0.01158237
v -0.03632090 0.01079592 0.01195360
v 0.01631881 0.01194141 0.01080811
v 0.01679197 0.01176931 0.01098008
v 0.01716747 0.01150251 0.01124690
v 0.01740854 0.01116710 0.01158237
v -0.03514813 0.00938229 0.00870795
v -0.03562135 0.00924709 0.00891024
v -0.03599690 0.00903746 0.00922384
v -0.03623796 0.00877393 0.00961844
v -0.03632090 0.00848230 0.01005485
v 0.01631881 0.00938229 0.00870795
v 0.01679197 0.00924708 0.00891024
v 0.01716747 0.00903746 0.00922406
v 0.01740854 0.00877392 0.00961845
v -0.03514813 0.00646262 0.00714728
v -0.03562135 0.00636949 0.00737209
v -0.03599690 0.00622510 0.00772079
v -0.03623796 0.00604358 0.00815893
v -0.03632090 0.00584271 0.00864384
v 0.01631881 0.00646262 0.00714729
v 0.01679197 0.00636949 0.00737209
v 0.01716747 0.00622510 0.00772079
v 0.01740854 0.00604358 0.00815893
v -0.03514813 0.00329462 0.00618633
v -0.03562135 0.00324712 0.00642499
v -0.03599690 0.00317351 0.00679513
v -0.03623796 0.00308098 0.00726033
v -0.03632090 0.00297856 0.00777515
v 0.01631881 0.00329462 0.00618633
v 0.01679197 0.00324712 0.00642499
v 0.01716747 0.00317350 0.00679513
v 0.01740854 0.00308098 0.00726034
v -0.01325838 -0.02815522 -0.01603085
v -0.01325838 -0.02382364 -0.01603085
v -0.01357049 -0.02382364 -0.01286193
v -0.01357049 -0.02815522 -0.01286193
v -0.01449483 -0.02382364 -0.02224693
v -0.01449483 -0.02815522 -0.02224693
v -0.01599589 -0.02815522 -0.02505520
v -0.01599589 -0.02382364 -0.02505520
v -0.01801596 -0.02815522 -0.02751666
v -0.01801596 -0.02382364 -0.02751666
v -0.02047742 -0.02815522 -0.02953673
v -0.02047742 -0.02382364 -0.02953673
v -0.02328569 -0.02815522 -0.03103779
v -0.02328569 -0.02382364 -0.03103779
v -0.02633295 -0.02815522 -0.03196213
v -0.02633295 -0.02382364 -0.03196213
v -0.02950171 -0.02815522 -0.03227424
v -0.02950171 -0.02382364 -0.03227424
v -0.03267069 -0.02815522 -0.03196213
v -0.03267069 -0.02382364 -0.03196213
v -0.03571794 -0.02815521 -0.03103779
v -0.03571794 -0.02382364 -0.03103779
v -0.03852610 -0.02815521 -0.02953673
v -0.03852610 -0.02382364 -0.02953673
v -0.04098752 -0.02815521 -0.02751666
v -0.04098752 -0.02382364 -0.02751666
v -0.04300776 -0.02815521 -0.02505520
v -0.04300776 -0.02382364 -0.02505520
v -0.04450865 -0.02815521 -0.02224691
v -0.04450865 -0.02382364 -0.02224691
v -0.04543301 -0.02815521 -0.01919978
v -0.04543301 -0.02382364 -0.01919978
v -0.04574510 -0.02815521 -0.01603085
v -0.04574510 -0.02382364 -0.01603085
v -0.04543301 -0.02815521 -0.01286191
v -0.04543301 -0.02382364 -0.01286191
v -0.04450865 -0.02815521 -0.00981472
v -0.04450865 -0.02382364 -0.00981472
v -0.04300755 -0.02815521 -0.00700656
v -0.04300755 -0.02382364 -0.00700656
v -0.04098752 -0.02815521 -0.00454493
v -0.04098752 -0.02382364 -0.00454493
v -0.03852611 -0.02815521 -0.00252490
v -0.03852611 -0.02382364 -0.00252490
v -0.03571773 -0.02815521 -0.00102401
v -0.03571773 -0.02382364 -0.00102401
v -0.03267069 -0.02815522 -0.00009966
v -0.03267069 -0.02382364 -0.00009966
v -0.02950171 -0.02815522 0.00021265
v -0.02950171 -0.02382364 0.00021265
v -0.02633273 -0.02815522 -0.00009966
v -0.02633273 -0.02382364 -0.00009966
v -0.02328569 -0.02815522 -0.00102401
v -0.02328569 -0.02382364 -0.00102401
v -0.02047742 -0.02815522 -0.00252490
v -0.02047742 -0.02382364 -0.00252490
v -0.01801594 -0.02815522 -0.00454514
v -0.01801594 -0.02382364 -0.00454514
v -0.01599587 -0.02815522 -0.00700656
v -0.01599587 -0.02382364 -0.00700656
v -0.01449483 -0.02815522 -0.00981472
v -0.01449483 -0.02382364 -0.00981472
v -0.01357049 -0.02382364 -0.01919978
v -0.01357049 -0.02815522 -0.01919978
v -0.01463770 -0.02923811 -0.01898749
v -0.01434651 -0.02923811 -0.01603085
v -0.01550014 -0.02923811 -0.02183052
v -0.01463770 -0.02923811 -0.01307422
v -0.01550012 -0.02923811 -0.01023120
v -0.01690062 -0.02923811 -0.00761103
v -0.01878538 -0.02923811 -0.00531443
v -0.02108196 -0.02923811 -0.00342976
v -0.02370210 -0.02923811 -0.00202915
v -0.02654519 -0.02923811 -0.00116673
v -0.02950171 -0.02923811 -0.00087565
v -0.03245844 -0.02923811 -0.00116674
v -0.03530147 -0.02923811 -0.00202915
v -0.03792163 -0.02923811 -0.00342977
v -0.04021823 -0.02923811 -0.00531443
v -0.04210290 -0.02923811 -0.00761103
v -0.04350330 -0.02923811 -0.01023120
v -0.04436592 -0.02923811 -0.01307420
v -0.04465701 -0.02923811 -0.01603083
v -0.04436592 -0.02923811 -0.01898749
v -0.04350352 -0.02923811 -0.02183052
v -0.04210290 -0.02923811 -0.02445067
v -0.04021823 -0.02923811 -0.02674724
v -0.03792163 -0.02923811 -0.02863200
v -0.03530147 -0.02923811 -0.03003248
v -0.03245844 -0.02923811 -0.03089490
v -0.02950171 -0.02923811 -0.03118611
v -0.02654519 -0.02923811 -0.03089490
v -0.02370210 -0.02923811 -0.03003248
v -0.02108196 -0.02923811 -0.02863200
v -0.01878538 -0.02923811 -0.02674724
v -0.01690062 -0.02923811 -0.02445066
v -0.01362405 -0.02348903 -0.01918913
v -0.01331300 -0.02348903 -0.01603085
v -0.01377635 -0.02318712 -0.01915883
v -0.01346827 -0.02318712 -0.01603085
v -0.01401244 -0.02294759 -0.01911185
v -0.01370899 -0.02294759 -0.01603085
v -0.01430926 -0.02279381 -0.01905281
v -0.01401162 -0.02279381 -0.01603085
v -0.01463770 -0.02274075 -0.01898749
v -0.01434651 -0.02274075 -0.01603085
v -0.01331300 -0.02848983 -0.01603085
v -0.01362405 -0.02848983 -0.01918913
v -0.01346827 -0.02879174 -0.01603085
v -0.01377635 -0.02879174 -0.01915883
v -0.01370899 -0.02903128 -0.01603085
v -0.01401244 -0.02903128 -0.01911185
v -0.01401162 -0.02918505 -0.01603085
v -0.01430926 -0.02918505 -0.01905281
v -0.01454529 -0.02348903 -0.02222603
v -0.01468875 -0.02318712 -0.02216660
v -0.01491116 -0.02294759 -0.02207449
v -0.01519074 -0.02279381 -0.02195867
v -0.01550014 -0.02274075 -0.02183052
v -0.01454529 -0.02848983 -0.02222603
v -0.01468875 -0.02879174 -0.02216660
v -0.01491116 -0.02903128 -0.02207447
v -0.01519074 -0.02918505 -0.02195867
v -0.01604131 -0.02348903 -0.02502486
v -0.01617041 -0.02318712 -0.02493857
v -0.01637057 -0.02294759 -0.02480484
v -0.01662217 -0.02279381 -0.02463670
v -0.01690062 -0.02274075 -0.02445066
v -0.01604131 -0.02848983 -0.02502486
v -0.01617041 -0.02879174 -0.02493857
v -0.01637057 -0.02903128 -0.02480484
v -0.01662217 -0.02918505 -0.02463670
v -0.01805458 -0.02348903 -0.02747804
v -0.01816438 -0.02318712 -0.02736824
v -0.01833459 -0.02294759 -0.02719803
v -0.01854857 -0.02279381 -0.02698405
v -0.01878538 -0.02274075 -0.02674724
v -0.01805458 -0.02848983 -0.02747804
v -0.01816438 -0.02879174 -0.02736824
v -0.01833459 -0.02903128 -0.02719803
v -0.01854857 -0.02918505 -0.02698403
v -0.02050776 -0.02348903 -0.02949131
v -0.02059403 -0.02318712 -0.02936221
v -0.02072779 -0.02294759 -0.02916205
v -0.02089592 -0.02279381 -0.02891043
v -0.02108196 -0.02274075 -0.02863200
v -0.02050776 -0.02848983 -0.02949131
v -0.02059403 -0.02879174 -0.02936221
v -0.02072779 -0.02903128 -0.02916205
v -0.02089592 -0.02918505 -0.02891043
v -0.02330659 -0.02348903 -0.03098733
v -0.02336602 -0.02318712 -0.03084387
v -0.02345813 -0.02294759 -0.03062147
v -0.02357395 -0.02279381 -0.03034188
v -0.02370210 -0.02274075 -0.03003248
v -0.02330659 -0.02848983 -0.03098733
v -0.02336602 -0.02879174 -0.03084387
v -0.02345813 -0.02903128 -0.03062147
v -0.02357395 -0.02918505 -0.03034188
v -0.02634356 -0.02348903 -0.03190857
v -0.02637388 -0.02318712 -0.03175627
v -0.02642066 -0.02294759 -0.03152018
v -0.02647979 -0.02279381 -0.03122336
v -0.02654519 -0.02274075 -0.03089492
v -0.02634356 -0.02848983 -0.03190857
v -0.02637388 -0.02879174 -0.03175627
v -0.02642066 -0.02903128 -0.03152018
v -0.02647979 -0.02918505 -0.03122336
v -0.02950171 -0.02348903 -0.03221962
v -0.02950171 -0.02318712 -0.03206436
v -0.02950171 -0.02294759 -0.03182363
v -0.02950171 -0.02279381 -0.03152100
v -0.02950171 -0.02274075 -0.03118611
v -0.02950171 -0.02848983 -0.03221962
v -0.02950171 -0.02879174 -0.03206436
v -0.02950171 -0.02903128 -0.03182363
v -0.02950171 -0.02918505 -0.03152100
v -0.03266007 -0.02348903 -0.03190857
v -0.03262975 -0.02318712 -0.03175627
v -0.03258275 -0.02294759 -0.03152018
v -0.03252385 -0.02279381 -0.03122336
v -0.03245844 -0.02274075 -0.03089492
v -0.03266007 -0.02848983 -0.03190857
v -0.03262975 -0.02879174 -0.03175627
v -0.03258275 -0.02903128 -0.03152018
v -0.03252385 -0.02918505 -0.03122336
v -0.03569694 -0.02348903 -0.03098733
v -0.03563760 -0.02318712 -0.03084387
v -0.03554533 -0.02294758 -0.03062147
v -0.03542968 -0.02279381 -0.03034188
v -0.03530147 -0.02274075 -0.03003248
v -0.03569694 -0.02848982 -0.03098733
v -0.03563760 -0.02879174 -0.03084387
v -0.03554533 -0.02903127 -0.03062147
v -0.03542968 -0.02918504 -0.03034188
v -0.03849578 -0.02348903 -0.02949134
v -0.03840958 -0.02318712 -0.02936221
v -0.03827573 -0.02294758 -0.02916207
v -0.03810767 -0.02279381 -0.02891045
v -0.03792163 -0.02274075 -0.02863200
v -0.03849578 -0.02848982 -0.02949131
v -0.03840958 -0.02879174 -0.02936221
v -0.03827573 -0.02903127 -0.02916207
v -0.03810767 -0.02918504 -0.02891045
v -0.04094897 -0.02348903 -0.02747804
v -0.04083916 -0.02318712 -0.02736824
v -0.04066893 -0.02294758 -0.02719803
v -0.04045495 -0.02279381 -0.02698405
v -0.04021823 -0.02274075 -0.02674724
v -0.04094897 -0.02848982 -0.02747804
v -0.04083916 -0.02879174 -0.02736824
v -0.04066893 -0.02903127 -0.02719803
v -0.04045495 -0.02918504 -0.02698403
v -0.04296228 -0.02348903 -0.02502486
v -0.04283320 -0.02318712 -0.02493859
v -0.04263308 -0.02294758 -0.02480484
v -0.04238142 -0.02279381 -0.02463671
v -0.04210290 -0.02274075 -0.02445067
v -0.04296228 -0.02848982 -0.02502486
v -0.04283320 -0.02879174 -0.02493857
v -0.04263308 -0.02903127 -0.02480484
v -0.04238142 -0.02918504 -0.02463671
v -0.04445819 -0.02348903 -0.02222601
v -0.04431482 -0.02318712 -0.02216661
v -0.04409239 -0.02294758 -0.02207447
v -0.04381279 -0.02279381 -0.02195867
v -0.04350352 -0.02274075 -0.02183052
v -0.04445819 -0.02848982 -0.02222601
v -0.04431482 -0.02879174 -0.02216661
v -0.04409239 -0.02903127 -0.02207447
v -0.04381279 -0.02918504 -0.02195867
v -0.04537952 -0.02348903 -0.01918913
v -0.04522726 -0.02318712 -0.01915883
v -0.04499119 -0.02294758 -0.01911185
v -0.04469426 -0.02279381 -0.01905281
v -0.04436592 -0.02274075 -0.01898749
v -0.04537952 -0.02848982 -0.01918913
v -0.04522726 -0.02879174 -0.01915883
v -0.04499119 -0.02903127 -0.01911185
v -0.04469426 -0.02918504 -0.01905281
v -0.04569053 -0.02348903 -0.01603085
v -0.04553523 -0.02318712 -0.01603085
v -0.04529462 -0.02294758 -0.01603085
v -0.04499184 -0.02279381 -0.01603085
v -0.04465701 -0.02274075 -0.01603083
v -0.04569053 -0.02848982 -0.01603085
v -0.04553523 -0.02879174 -0.01603085
v -0.04529462 -0.02903127 -0.01603085
v -0.04499184 -0.02918504 -0.01603083
v -0.04537952 -0.02348903 -0.01287257
v -0.04522726 -0.02318712 -0.01290287
v -0.04499119 -0.02294758 -0.01294982
v -0.04469426 -0.02279381 -0.01300886
v -0.04436592 -0.02274075 -0.01307420
v -0.04537952 -0.02848982 -0.01287257
v -0.04522726 -0.02879174 -0.01290287
v -0.04499119 -0.02903127 -0.01294982
v -0.04469426 -0.02918504 -0.01300886
v -0.04445819 -0.02348903 -0.00983573
v -0.04431482 -0.02318712 -0.00989507
v -0.04409239 -0.02294758 -0.00998712
v -0.04381279 -0.02279381 -0.01010299
v -0.04350330 -0.02274075 -0.01023120
v -0.04445819 -0.02848982 -0.00983573
v -0.04431482 -0.02879174 -0.00989507
v -0.04409239 -0.02903127 -0.00998712
v -0.04381279 -0.02918504 -0.01010299
v -0.04296228 -0.02348903 -0.00703688
v -0.04283320 -0.02318712 -0.00712308
v -0.04263308 -0.02294758 -0.00725693
v -0.04238142 -0.02279381 -0.00742499
v -0.04210290 -0.02274075 -0.00761103
v -0.04296228 -0.02848982 -0.00703688
v -0.04283320 -0.02879174 -0.00712308
v -0.04263308 -0.02903127 -0.00725693
v -0.04238142 -0.02918504 -0.00742499
v -0.04094897 -0.02348903 -0.00458370
v -0.04083916 -0.02318712 -0.00469350
v -0.04066893 -0.02294758 -0.00486373
v -0.04045495 -0.02279381 -0.00507771
v -0.04021823 -0.02274075 -0.00531443
v -0.04094897 -0.02848982 -0.00458370
v -0.04083916 -0.02879174 -0.00469350
v -0.04066893 -0.02903127 -0.00486373
v -0.04045495 -0.02918504 -0.00507771
v -0.03849579 -0.02348903 -0.00257038
v -0.03840958 -0.02318712 -0.00269946
v -0.03827573 -0.02294758 -0.00289959
v -0.03810767 -0.02279381 -0.00315125
v -0.03792163 -0.02274075 -0.00342977
v -0.03849579 -0.02848982 -0.00257038
v -0.03840958 -0.02879174 -0.00269946
v -0.03827573 -0.02903127 -0.00289959
v -0.03810767 -0.02918504 -0.00315125
v -0.03569694 -0.02348903 -0.00107426
v -0.03563760 -0.02318712 -0.00121785
v -0.03554533 -0.02294758 -0.00144028
v -0.03542968 -0.02279381 -0.00171988
v -0.03530147 -0.02274075 -0.00202915
v -0.03569694 -0.02848982 -0.00107426
v -0.03563760 -0.02879174 -0.00121785
v -0.03554533 -0.02903127 -0.00144028
v -0.03542968 -0.02918504 -0.00171988
v -0.03266008 -0.02348903 -0.00015315
v -0.03262975 -0.02318712 -0.00030540
v -0.03258276 -0.02294759 -0.00054147
v -0.03252385 -0.02279381 -0.00083840
v -0.03245844 -0.02274075 -0.00116674
v -0.03266008 -0.02848983 -0.00015315
v -0.03262975 -0.02879174 -0.00030540
v -0.03258276 -0.02903128 -0.00054147
v -0.03252385 -0.02918505 -0.00083840
v -0.02950171 -0.02348903 0.00015786
v -0.02950171 -0.02318712 0.00000257
v -0.02950171 -0.02294759 -0.00023805
v -0.02950171 -0.02279381 -0.00054060
v -0.02950171 -0.02274075 -0.00087565
v -0.02950171 -0.02848983 0.00015786
v -0.02950171 -0.02879174 0.00000257
v -0.02950171 -0.02903128 -0.00023805
v -0.02950171 -0.02918505 -0.00054060
v -0.02634356 -0.02348903 -0.00015315
v -0.02637388 -0.02318712 -0.00030540
v -0.02642067 -0.02294759 -0.00054147
v -0.02647979 -0.02279381 -0.00083840
v -0.02654519 -0.02274075 -0.00116673
v -0.02634356 -0.02848983 -0.00015315
v -0.02637388 -0.02879174 -0.00030540
v -0.02642067 -0.02903128 -0.00054147
v -0.02647979 -0.02918505 -0.00083840
v -0.02330659 -0.02348903 -0.00107447
v -0.02336599 -0.02318712 -0.00121785
v -0.02345813 -0.02294759 -0.00144027
v -0.02357393 -0.02279381 -0.00171988
v -0.02370210 -0.02274075 -0.00202915
v -0.02330659 -0.02848983 -0.00107447
v -0.02336599 -0.02879174 -0.00121785
v -0.02345813 -0.02903128 -0.00144027
v -0.02357393 -0.02918505 -0.00171988
v -0.02050777 -0.02348903 -0.00257038
v -0.02059403 -0.02318712 -0.00269946
v -0.02072776 -0.02294759 -0.00289958
v -0.02089590 -0.02279381 -0.00315124
v -0.02108196 -0.02274075 -0.00342976
v -0.02050777 -0.02848983 -0.00257038
v -0.02059403 -0.02879174 -0.00269946
v -0.02072776 -0.02903128 -0.00289958
v -0.02089590 -0.02918505 -0.00315124
v -0.01805456 -0.02348903 -0.00458370
v -0.01816436 -0.02318712 -0.00469350
v -0.01833457 -0.02294759 -0.00486373
v -0.01854857 -0.02279381 -0.00507771
v -0.01878538 -0.02274075 -0.00531443
v -0.01805456 -0.02848983 -0.00458370
v -0.01816436 -0.02879174 -0.00469350
v -0.01833457 -0.02903128 -0.00486373
v -0.01854857 -0.02918505 -0.00507771
v -0.01604129 -0.02348903 -0.00703688
v -0.01617039 -0.02318712 -0.00712308
v -0.01637055 -0.02294759 -0.00725693
v -0.01662217 -0.02279381 -0.00742499
v -0.01690062 -0.02274075 -0.00761103
v -0.01604129 -0.02848983 -0.00703688
v -0.01617039 -0.02879174 -0.00712308
v -0.01637055 -0.02903128 -0.00725693
v -0.01662217 -0.02918505 -0.00742499
v -0.01454529 -0.02348903 -0.00983573
v -0.01468873 -0.02318712 -0.00989507
v -0.01491113 -0.02294759 -0.00998733
v -0.01519074 -0.02279381 -0.01010298
v -0.01550012 -0.02274075 -0.01023120
v -0.01454529 -0.02848983 -0.00983573
v -0.01468873 -0.02879174 -0.00989507
v -0.01491113 -0.02903128 -0.00998733
v -0.01519074 -0.02918505 -0.01010298
v -0.01362405 -0.02348903 -0.01287259
v -0.01377635 -0.02318712 -0.01290289
v -0.01401244 -0.02294759 -0.01294984
v -0.01430924 -0.02279381 -0.01300888
v -0.01463770 -0.02274075 -0.01307422
v -0.01362405 -0.02848983 -0.01287259
v -0.01377635 -0.02879174 -0.01290289
v -0.01401244 -0.02903128 -0.01294984
v -0.01430924 -0.02918505 -0.01300888
v 0.04119800 -0.02382365 -0.01286193
v 0.04119800 -0.02815522 -0.01286193
v 0.04151008 -0.02815522 -0.01603084
v 0.04151008 -0.02382365 -0.01603084
v 0.04027364 -0.02382365 -0.02224693
v 0.04027364 -0.02815522 -0.02224693
v 0.03877275 -0.02815522 -0.02505520
v 0.03877275 -0.02382365 -0.02505520
v 0.03675250 -0.02815522 -0.02751666
v 0.03675250 -0.02382365 -0.02751666
v 0.03429108 -0.02815522 -0.02953673
v 0.03429108 -0.02382365 -0.02953673
v 0.03148292 -0.02815522 -0.03103779
v 0.03148292 -0.02382365 -0.03103779
v 0.02843567 -0.02815522 -0.03196213
v 0.02843567 -0.02382365 -0.03196213
v 0.02526669 -0.02815522 -0.03227424
v 0.02526669 -0.02382364 -0.03227424
v 0.02209793 -0.02815522 -0.03196213
v 0.02209793 -0.02382364 -0.03196213
v 0.01905071 -0.02815522 -0.03103779
v 0.01905071 -0.02382364 -0.03103779
v 0.01624244 -0.02815522 -0.02953673
v 0.01624244 -0.02382364 -0.02953673
v 0.01378098 -0.02815522 -0.02751666
v 0.01378098 -0.02382364 -0.02751666
v 0.01176091 -0.02815522 -0.02505520
v 0.01176091 -0.02382364 -0.02505520
v 0.01025985 -0.02815522 -0.02224691
v 0.01025985 -0.02382364 -0.02224691
v 0.00933551 -0.02815522 -0.01919978
v 0.00933551 -0.02382364 -0.01919978
v 0.00902340 -0.02815522 -0.01603085
v 0.00902340 -0.02382364 -0.01603085
v 0.00933551 -0.02815522 -0.01286191
v 0.00933551 -0.02382364 -0.01286191
v 0.01025985 -0.02815522 -0.00981472
v 0.01025985 -0.02382364 -0.00981472
v 0.01176091 -0.02815522 -0.00700656
v 0.01176091 -0.02382364 -0.00700656
v 0.01378098 -0.02815522 -0.00454492
v 0.01378098 -0.02382364 -0.00454492
v 0.01624246 -0.02815522 -0.00252490
v 0.01624246 -0.02382364 -0.00252490
v 0.01905073 -0.02815522 -0.00102401
v 0.01905073 -0.02382364 -0.00102401
v 0.02209793 -0.02815522 -0.00009966
v 0.02209793 -0.02382364 -0.00009966
v 0.02526690 -0.02815522 0.00021265
v 0.02526690 -0.02382364 0.00021265
v 0.02843566 -0.02815522 -0.00009965
v 0.02843566 -0.02382365 -0.00009965
v 0.03148292 -0.02815522 -0.00102401
v 0.03148292 -0.02382365 -0.00102401
v 0.03429108 -0.02815522 -0.00252490
v 0.03429108 -0.02382365 -0.00252490
v 0.03675272 -0.02815522 -0.00454514
v 0.03675272 -0.02382365 -0.00454514
v 0.03877275 -0.02815522 -0.00700656
v 0.03877275 -0.02382365 -0.00700656
v 0.04027364 -0.02815522 -0.00981471
v 0.04027364 -0.02382365 -0.00981471
v 0.04119800 -0.02382365 -0.01919978
v 0.04119800 -0.02815522 -0.01919978
v 0.04013091 -0.02923811 -0.01898749
v 0.04042199 -0.02923811 -0.01603084
v 0.03926849 -0.02923811 -0.02183051
v 0.04013091 -0.02923811 -0.01307422
v 0.03926849 -0.02923811 -0.01023119
v 0.03786788 -0.02923811 -0.00761103
v 0.03598321 -0.02923811 -0.00531443
v 0.03368661 -0.02923811 -0.00342976
v 0.03106644 -0.02923811 -0.00202915
v 0.02822342 -0.02923811 -0.00116673
v 0.02526690 -0.02923811 -0.00087565
v 0.02231017 -0.02923811 -0.00116673
v 0.01946714 -0.02923811 -0.00202915
v 0.01684698 -0.02923811 -0.00342976
v 0.01455040 -0.02923811 -0.00531443
v 0.01266564 -0.02923811 -0.00761103
v 0.01126516 -0.02923811 -0.01023120
v 0.01040272 -0.02923811 -0.01307420
v 0.01011153 -0.02923811 -0.01603082
v 0.01040272 -0.02923811 -0.01898749
v 0.01126516 -0.02923811 -0.02183052
v 0.01266565 -0.02923811 -0.02445066
v 0.01455040 -0.02923811 -0.02674724
v 0.01684698 -0.02923811 -0.02863199
v 0.01946714 -0.02923811 -0.03003248
v 0.02231017 -0.02923811 -0.03089489
v 0.02526669 -0.02923811 -0.03118610
v 0.02822342 -0.02923811 -0.03089489
v 0.03106644 -0.02923811 -0.03003248
v 0.03368661 -0.02923811 -0.02863199
v 0.03598321 -0.02923811 -0.02674724
v 0.03786788 -0.02923811 -0.02445066
v 0.04114450 -0.02348903 -0.01918912
v 0.04145551 -0.02348903 -0.01603084
v 0.04099225 -0.02318712 -0.01915883
v 0.04130022 -0.02318712 -0.01603084
v 0.04075617 -0.02294759 -0.01911185
v 0.04105960 -0.02294759 -0.01603084
v 0.04045925 -0.02279381 -0.01905281
v 0.04075704 -0.02279381 -0.01603084
v 0.04013091 -0.02274075 -0.01898749
v 0.04042199 -0.02274075 -0.01603084
v 0.04145551 -0.02848983 -0.01603084
v 0.04114450 -0.02848983 -0.01918912
v 0.04130022 -0.02879174 -0.01603084
v 0.04099225 -0.02879174 -0.01915883
v 0.04105960 -0.02903128 -0.01603084
v 0.04075617 -0.02903128 -0.01911185
v 0.04075704 -0.02918505 -0.01603084
v 0.04045925 -0.02918505 -0.01905281
v 0.04022317 -0.02348903 -0.02222603
v 0.04007979 -0.02318712 -0.02216660
v 0.03985737 -0.02294759 -0.02207449
v 0.03957777 -0.02279381 -0.02195867
v 0.03926849 -0.02274075 -0.02183051
v 0.04022317 -0.02848983 -0.02222603
v 0.04007979 -0.02879174 -0.02216660
v 0.03985737 -0.02903128 -0.02207447
v 0.03957777 -0.02918505 -0.02195867
v 0.03872726 -0.02348903 -0.02502486
v 0.03859818 -0.02318712 -0.02493857
v 0.03839806 -0.02294759 -0.02480483
v 0.03814640 -0.02279381 -0.02463670
v 0.03786788 -0.02274075 -0.02445066
v 0.03872726 -0.02848983 -0.02502486
v 0.03859818 -0.02879174 -0.02493857
v 0.03839806 -0.02903128 -0.02480483
v 0.03814640 -0.02918505 -0.02463670
v 0.03671395 -0.02348903 -0.02747804
v 0.03660414 -0.02318712 -0.02736823
v 0.03643391 -0.02294759 -0.02719803
v 0.03621993 -0.02279381 -0.02698405
v 0.03598321 -0.02274075 -0.02674724
v 0.03671395 -0.02848983 -0.02747804
v 0.03660414 -0.02879174 -0.02736823
v 0.03643391 -0.02903128 -0.02719803
v 0.03621993 -0.02918505 -0.02698402
v 0.03426076 -0.02348903 -0.02949131
v 0.03417457 -0.02318712 -0.02936221
v 0.03404072 -0.02294759 -0.02916205
v 0.03387266 -0.02279381 -0.02891043
v 0.03368661 -0.02274075 -0.02863199
v 0.03426076 -0.02848983 -0.02949131
v 0.03417457 -0.02879174 -0.02936221
v 0.03404072 -0.02903128 -0.02916205
v 0.03387266 -0.02918505 -0.02891043
v 0.03146192 -0.02348903 -0.03098733
v 0.03140258 -0.02318712 -0.03084387
v 0.03131053 -0.02294759 -0.03062146
v 0.03119466 -0.02279381 -0.03034188
v 0.03106644 -0.02274075 -0.03003248
v 0.03146192 -0.02848983 -0.03098733
v 0.03140258 -0.02879174 -0.03084387
v 0.03131053 -0.02903128 -0.03062146
v 0.03119466 -0.02918505 -0.03034188
v 0.02842505 -0.02348903 -0.03190857
v 0.02839473 -0.02318712 -0.03175627
v 0.02834773 -0.02294759 -0.03152018
v 0.02828882 -0.02279381 -0.03122336
v 0.02822342 -0.02274075 -0.03089491
v 0.02842505 -0.02848983 -0.03190857
v 0.02839473 -0.02879174 -0.03175627
v 0.02834773 -0.02903128 -0.03152018
v 0.02828882 -0.02918505 -0.03122336
v 0.02526669 -0.02348903 -0.03221962
v 0.02526669 -0.02318712 -0.03206435
v 0.02526669 -0.02294759 -0.03182362
v 0.02526669 -0.02279381 -0.03152100
v 0.02526669 -0.02274075 -0.03118610
v 0.02526669 -0.02848983 -0.03221962
v 0.02526669 -0.02879174 -0.03206435
v 0.02526669 -0.02903128 -0.03182362
v 0.02526669 -0.02918505 -0.03152100
v 0.02210854 -0.02348903 -0.03190857
v 0.02213886 -0.02318712 -0.03175627
v 0.02218586 -0.02294759 -0.03152018
v 0.02224476 -0.02279381 -0.03122336
v 0.02231017 -0.02274075 -0.03089491
v 0.02210854 -0.02848983 -0.03190857
v 0.02213886 -0.02879174 -0.03175627
v 0.02218586 -0.02903128 -0.03152018
v 0.02224476 -0.02918505 -0.03122336
v 0.01907161 -0.02348903 -0.03098733
v 0.01913104 -0.02318712 -0.03084387
v 0.01922306 -0.02294759 -0.03062146
v 0.01933893 -0.02279381 -0.03034188
v 0.01946714 -0.02274075 -0.03003248
v 0.01907161 -0.02848983 -0.03098733
v 0.01913104 -0.02879174 -0.03084387
v 0.01922306 -0.02903128 -0.03062146
v 0.01933893 -0.02918505 -0.03034188
v 0.01627278 -0.02348903 -0.02949134
v 0.01635905 -0.02318712 -0.02936221
v 0.01649281 -0.02294759 -0.02916207
v 0.01666094 -0.02279381 -0.02891045
v 0.01684698 -0.02274075 -0.02863199
v 0.01627278 -0.02848983 -0.02949131
v 0.01635905 -0.02879174 -0.02936221
v 0.01649281 -0.02903128 -0.02916207
v 0.01666094 -0.02918505 -0.02891045
v 0.01381960 -0.02348903 -0.02747804
v 0.01392940 -0.02318712 -0.02736824
v 0.01409961 -0.02294759 -0.02719803
v 0.01431359 -0.02279381 -0.02698405
v 0.01455040 -0.02274075 -0.02674724
v 0.01381960 -0.02848983 -0.02747804
v 0.01392940 -0.02879174 -0.02736824
v 0.01409961 -0.02903128 -0.02719803
v 0.01431359 -0.02918505 -0.02698403
v 0.01180630 -0.02348903 -0.02502486
v 0.01193541 -0.02318712 -0.02493859
v 0.01213557 -0.02294759 -0.02480483
v 0.01238719 -0.02279381 -0.02463670
v 0.01266565 -0.02274075 -0.02445066
v 0.01180630 -0.02848983 -0.02502486
v 0.01193541 -0.02879174 -0.02493857
v 0.01213557 -0.02903128 -0.02480483
v 0.01238719 -0.02918505 -0.02463670
v 0.01031031 -0.02348903 -0.02222601
v 0.01045377 -0.02318712 -0.02216660
v 0.01067618 -0.02294759 -0.02207447
v 0.01095576 -0.02279381 -0.02195867
v 0.01126516 -0.02274075 -0.02183052
v 0.01031031 -0.02848983 -0.02222601
v 0.01045377 -0.02879174 -0.02216660
v 0.01067618 -0.02903128 -0.02207447
v 0.01095576 -0.02918505 -0.02195867
v 0.00938907 -0.02348903 -0.01918913
v 0.00954137 -0.02318712 -0.01915883
v 0.00977746 -0.02294759 -0.01911185
v 0.01007428 -0.02279381 -0.01905281
v 0.01040272 -0.02274075 -0.01898749
v 0.00938907 -0.02848983 -0.01918913
v 0.00954137 -0.02879174 -0.01915883
v 0.00977746 -0.02903128 -0.01911185
v 0.01007428 -0.02918505 -0.01905281
v 0.00907802 -0.02348903 -0.01603085
v 0.00923329 -0.02318712 -0.01603085
v 0.00947401 -0.02294759 -0.01603085
v 0.00977664 -0.02279381 -0.01603085
v 0.01011153 -0.02274075 -0.01603082
v 0.00907802 -0.02848983 -0.01603085
v 0.00923329 -0.02879174 -0.01603085
v 0.00947401 -0.02903128 -0.01603085
v 0.00977664 -0.02918505 -0.01603082
v 0.00938907 -0.02348903 -0.01287257
v 0.00954137 -0.02318712 -0.01290287
v 0.00977746 -0.02294759 -0.01294982
v 0.01007428 -0.02279381 -0.01300886
v 0.01040272 -0.02274075 -0.01307420
v 0.00938907 -0.02848983 -0.01287257
v 0.00954137 -0.02879174 -0.01290287
v 0.00977746 -0.02903128 -0.01294982
v 0.01007428 -0.02918505 -0.01300886
v 0.01031031 -0.02348903 -0.00983573
v 0.01045377 -0.02318712 -0.00989507
v 0.01067617 -0.02294759 -0.00998711
v 0.01095576 -0.02279381 -0.01010298
v 0.01126516 -0.02274075 -0.01023120
v 0.01031031 -0.02848983 -0.00983573
v 0.01045377 -0.02879174 -0.00989507
v 0.01067617 -0.02903128 -0.00998711
v 0.01095576 -0.02918505 -0.01010298
v 0.01180633 -0.02348903 -0.00703688
v 0.01193543 -0.02318712 -0.00712308
v 0.01213559 -0.02294759 -0.00725693
v 0.01238721 -0.02279381 -0.00742499
v 0.01266564 -0.02274075 -0.00761103
v 0.01180633 -0.02848983 -0.00703688
v 0.01193543 -0.02879174 -0.00712308
v 0.01213559 -0.02903128 -0.00725693
v 0.01238721 -0.02918505 -0.00742499
v 0.01381960 -0.02348903 -0.00458370
v 0.01392940 -0.02318712 -0.00469350
v 0.01409961 -0.02294759 -0.00486373
v 0.01431361 -0.02279381 -0.00507771
v 0.01455040 -0.02274075 -0.00531443
v 0.01381960 -0.02848983 -0.00458370
v 0.01392940 -0.02879174 -0.00469350
v 0.01409961 -0.02903128 -0.00486373
v 0.01431361 -0.02918505 -0.00507771
v 0.01627280 -0.02348903 -0.00257038
v 0.01635907 -0.02318712 -0.00269946
v 0.01649280 -0.02294759 -0.00289958
v 0.01666093 -0.02279381 -0.00315124
v 0.01684698 -0.02274075 -0.00342976
v 0.01627280 -0.02848983 -0.00257038
v 0.01635907 -0.02879174 -0.00269946
v 0.01649280 -0.02903128 -0.00289958
v 0.01666093 -0.02918505 -0.00315124
v 0.01907163 -0.02348903 -0.00107425
v 0.01913103 -0.02318712 -0.00121785
v 0.01922328 -0.02294759 -0.00144027
v 0.01933893 -0.02279381 -0.00171988
v 0.01946714 -0.02274075 -0.00202915
v 0.01907163 -0.02848983 -0.00107425
v 0.01913103 -0.02879174 -0.00121785
v 0.01922328 -0.02903128 -0.00144027
v 0.01933893 -0.02918505 -0.00171988
v 0.02210854 -0.02348903 -0.00015315
v 0.02213886 -0.02318712 -0.00030540
v 0.02218585 -0.02294759 -0.00054147
v 0.02224476 -0.02279381 -0.00083840
v 0.02231017 -0.02274075 -0.00116673
v 0.02210854 -0.02848983 -0.00015315
v 0.02213886 -0.02879174 -0.00030540
v 0.02218585 -0.02903128 -0.00054147
v 0.02224476 -0.02918505 -0.00083840
v 0.02526690 -0.02348903 0.00015786
v 0.02526690 -0.02318712 0.00000257
v 0.02526690 -0.02294759 -0.00023805
v 0.02526690 -0.02279381 -0.00054060
v 0.02526690 -0.02274075 -0.00087565
v 0.02526690 -0.02848983 0.00015786
v 0.02526690 -0.02879174 0.00000257
v 0.02526690 -0.02903128 -0.00023805
v 0.02526690 -0.02918505 -0.00054060
v 0.02842505 -0.02348903 -0.00015314
v 0.02839473 -0.02318712 -0.00030540
v 0.02834773 -0.02294759 -0.00054147
v 0.02828882 -0.02279381 -0.00083840
v 0.02822342 -0.02274075 -0.00116673
v 0.02842505 -0.02848983 -0.00015314
v 0.02839473 -0.02879174 -0.00030540
v 0.02834773 -0.02903128 -0.00054147
v 0.02828882 -0.02918505 -0.00083840
v 0.03146191 -0.02348903 -0.00107447
v 0.03140257 -0.02318712 -0.00121784
v 0.03131052 -0.02294759 -0.00144027
v 0.03119466 -0.02279381 -0.00171988
v 0.03106644 -0.02274075 -0.00202915
v 0.03146191 -0.02848983 -0.00107447
v 0.03140257 -0.02879174 -0.00121784
v 0.03131052 -0.02903128 -0.00144027
v 0.03119466 -0.02918505 -0.00171988
v 0.03426076 -0.02348903 -0.00257038
v 0.03417456 -0.02318712 -0.00269946
v 0.03404072 -0.02294759 -0.00289958
v 0.03387266 -0.02279381 -0.00315124
v 0.03368661 -0.02274075 -0.00342976
v 0.03426076 -0.02848983 -0.00257038
v 0.03417456 -0.02879174 -0.00269946
v 0.03404072 -0.02903128 -0.00289958
v 0.03387266 -0.02918505 -0.00315124
v 0.03671395 -0.02348903 -0.00458369
v 0.03660414 -0.02318712 -0.00469350
v 0.03643391 -0.02294759 -0.00486373
v 0.03621993 -0.02279381 -0.00507771
v 0.03598321 -0.02274075 -0.00531443
v 0.03671395 -0.02848983 -0.00458369
v 0.03660414 -0.02879174 -0.00469350
v 0.03643391 -0.02903128 -0.00486373
v 0.03621993 -0.02918505 -0.00507771
v 0.03872726 -0.02348903 -0.00703688
v 0.03859818 -0.02318712 -0.00712308
v 0.03839806 -0.02294759 -0.00725692
v 0.03814640 -0.02279381 -0.00742499
v 0.03786788 -0.02274075 -0.00761103
v 0.03872726 -0.02848983 -0.00703688
v 0.03859818 -0.02879174 -0.00712308
v 0.03839806 -0.02903128 -0.00725692
v 0.03814640 -0.02918505 -0.00742499
v 0.04022339 -0.02348903 -0.00983572
v 0.04007979 -0.02318712 -0.00989506
v 0.03985737 -0.02294759 -0.00998732
v 0.03957777 -0.02279381 -0.01010298
v 0.03926849 -0.02274075 -0.01023119
v 0.04022339 -0.02848983 -0.00983572
v 0.04007979 -0.02879174 -0.00989506
v 0.03985737 -0.02903128 -0.00998732
v 0.03957777 -0.02918505 -0.01010298
v 0.04114450 -0.02348903 -0.01287259
v 0.04099225 -0.02318712 -0.01290289
v 0.04075617 -0.02294759 -0.01294984
v 0.04045925 -0.02279381 -0.01300888
v 0.04013091 -0.02274075 -0.01307422
v 0.04114450 -0.02848983 -0.01287259
v 0.04099225 -0.02879174 -0.01290289
v 0.04075617 -0.02903128 -0.01294984
v 0.04045925 -0.02918505 -0.01300888
v -0.01357049 0.02382364 -0.01286193
v -0.01325838 0.02382364 -0.01603085
v -0.01325838 0.02815522 -0.01603085
v -0.01357049 0.02815522 -0.01286193
v -0.01449482 0.02382364 -0.02224693
v -0.01599589 0.02382364 -0.02505520
v -0.01599589 0.02815522 -0.02505520
v -0.01449482 0.02815522 -0.02224693
v -0.01801596 0.02382364 -0.02751666
v -0.01801596 0.02815522 -0.02751666
v -0.02047742 0.02382364 -0.02953673
v -0.02047742 0.02815522 -0.02953673
v -0.02328569 0.02382364 -0.03103779
v -0.02328569 0.02815522 -0.03103779
v -0.02633295 0.02382364 -0.03196213
v -0.02633295 0.02815522 -0.03196213
v -0.02950171 0.02382364 -0.03227424
v -0.02950171 0.02815522 -0.03227424
v -0.03267069 0.02382364 -0.03196213
v -0.03267069 0.02815522 -0.03196213
v -0.03571794 0.02382365 -0.03103779
v -0.03571794 0.02815522 -0.03103779
v -0.03852610 0.02382365 -0.02953673
v -0.03852610 0.02815522 -0.02953673
v -0.04098752 0.02382365 -0.02751666
v -0.04098752 0.02815522 -0.02751666
v -0.04300776 0.02382365 -0.02505520
v -0.04300776 0.02815522 -0.02505520
v -0.04450865 0.02382365 -0.02224691
v -0.04450865 0.02815522 -0.02224691
v -0.04543301 0.02382365 -0.01919978
v -0.04543301 0.02815522 -0.01919978
v -0.04574510 0.02382365 -0.01603085
v -0.04574510 0.02815522 -0.01603085
v -0.04543301 0.02382365 -0.01286191
v -0.04543301 0.02815522 -0.01286191
v -0.04450865 0.02382365 -0.00981472
v -0.04450865 0.02815522 -0.00981472
v -0.04300755 0.02382365 -0.00700656
v -0.04300755 0.02815522 -0.00700656
v -0.04098752 0.02382365 -0.00454493
v -0.04098752 0.02815522 -0.00454493
v -0.03852611 0.02382365 -0.00252490
v -0.03852611 0.02815522 -0.00252490
v -0.03571773 0.02382365 -0.00102401
v -0.03571773 0.02815522 -0.00102401
v -0.03267069 0.02382364 -0.00009966
v -0.03267069 0.02815522 -0.00009966
v -0.02950171 0.02382364 0.00021265
v -0.02950171 0.02815522 0.00021265
v -0.02633273 0.02382364 -0.00009966
v -0.02633273 0.02815522 -0.00009966
v -0.02328569 0.02382364 -0.00102401
v -0.02328569 0.02815522 -0.00102401
v -0.02047742 0.02382364 -0.00252490
v -0.02047742 0.02815522 -0.00252490
v -0.01801594 0.02382364 -0.00454514
v -0.01801594 0.02815522 -0.00454514
v -0.01599587 0.02382364 -0.00700656
v -0.01599587 0.02815522 -0.00700656
v -0.01449483 0.02382364 -0.00981472
v -0.01449483 0.02815522 -0.00981472
v -0.01357049 0.02382364 -0.01919978
v -0.01357049 0.02815522 -0.01919978
v -0.01463770 0.02923811 -0.01898749
v -0.01550014 0.02923811 -0.02183052
v -0.01434651 0.02923811 -0.01603085
v -0.01690062 0.02923811 -0.02445066
v -0.01878538 0.02923811 -0.02674724
v -0.02108195 0.02923811 -0.02863200
v -0.02370210 0.02923811 -0.03003248
v -0.02654519 0.02923811 -0.03089490
v -0.02950171 0.02923811 -0.03118611
v -0.03245844 0.02923811 -0.03089490
v -0.03530147 0.02923811 -0.03003248
v -0.03792163 0.02923811 -0.02863200
v -0.04021823 0.02923811 -0.02674724
v -0.04210290 0.02923811 -0.02445067
v -0.04350352 0.02923811 -0.02183052
v -0.04436592 0.02923811 -0.01898749
v -0.04465701 0.02923811 -0.01603083
v -0.04436592 0.02923811 -0.01307420
v -0.04350330 0.02923811 -0.01023120
v -0.04210290 0.02923811 -0.00761103
v -0.04021823 0.02923811 -0.00531443
v -0.03792163 0.02923811 -0.00342977
v -0.03530147 0.02923811 -0.00202915
v -0.03245844 0.02923811 -0.00116674
v -0.02950171 0.02923811 -0.00087565
v -0.02654519 0.02923811 -0.00116673
v -0.02370210 0.02923811 -0.00202915
v -0.02108195 0.02923811 -0.00342976
v -0.01878538 0.02923811 -0.00531443
v -0.01690062 0.02923811 -0.00761103
v -0.01550012 0.02923811 -0.01023120
v -0.01463770 0.02923811 -0.01307422
v -0.01331300 0.02348903 -0.01603085
v -0.01362405 0.02348903 -0.01918913
v -0.01346826 0.02318712 -0.01603085
v -0.01377635 0.02318712 -0.01915883
v -0.01370899 0.02294759 -0.01603085
v -0.01401244 0.02294759 -0.01911185
v -0.01401162 0.02279381 -0.01603085
v -0.01430926 0.02279381 -0.01905281
v -0.01434651 0.02274075 -0.01603085
v -0.01463770 0.02274075 -0.01898749
v -0.01362405 0.02848983 -0.01918913
v -0.01331300 0.02848983 -0.01603085
v -0.01377635 0.02879174 -0.01915883
v -0.01346826 0.02879174 -0.01603085
v -0.01401244 0.02903128 -0.01911185
v -0.01370899 0.02903128 -0.01603085
v -0.01430926 0.02918505 -0.01905281
v -0.01401162 0.02918505 -0.01603085
v -0.01454529 0.02348903 -0.02222603
v -0.01468875 0.02318712 -0.02216660
v -0.01491115 0.02294759 -0.02207449
v -0.01519073 0.02279381 -0.02195867
v -0.01550014 0.02274075 -0.02183052
v -0.01454529 0.02848983 -0.02222603
v -0.01468875 0.02879174 -0.02216660
v -0.01491115 0.02903128 -0.02207447
v -0.01519073 0.02918505 -0.02195867
v -0.01604130 0.02348903 -0.02502486
v -0.01617041 0.02318712 -0.02493857
v -0.01637057 0.02294759 -0.02480484
v -0.01662217 0.02279381 -0.02463670
v -0.01690062 0.02274075 -0.02445066
v -0.01604130 0.02848983 -0.02502486
v -0.01617041 0.02879174 -0.02493857
v -0.01637057 0.02903128 -0.02480484
v -0.01662217 0.02918505 -0.02463670
v -0.01805457 0.02348903 -0.02747804
v -0.01816438 0.02318712 -0.02736824
v -0.01833459 0.02294759 -0.02719803
v -0.01854857 0.02279381 -0.02698405
v -0.01878538 0.02274075 -0.02674724
v -0.01805457 0.02848983 -0.02747804
v -0.01816438 0.02879174 -0.02736824
v -0.01833459 0.02903128 -0.02719803
v -0.01854857 0.02918505 -0.02698403
v -0.02050776 0.02348903 -0.02949131
v -0.02059402 0.02318712 -0.02936221
v -0.02072778 0.02294759 -0.02916205
v -0.02089591 0.02279381 -0.02891043
v -0.02108195 0.02274075 -0.02863200
v -0.02050776 0.02848983 -0.02949131
v -0.02059402 0.02879174 -0.02936221
v -0.02072778 0.02903128 -0.02916205
v -0.02089591 0.02918505 -0.02891043
v -0.02330658 0.02348903 -0.03098733
v -0.02336601 0.02318712 -0.03084387
v -0.02345813 0.02294759 -0.03062147
v -0.02357395 0.02279381 -0.03034188
v -0.02370210 0.02274075 -0.03003248
v -0.02330658 0.02848983 -0.03098733
v -0.02336601 0.02879174 -0.03084387
v -0.02345813 0.02903128 -0.03062147
v -0.02357395 0.02918505 -0.03034188
v -0.02634356 0.02348903 -0.03190857
v -0.02637388 0.02318712 -0.03175627
v -0.02642066 0.02294759 -0.03152018
v -0.02647979 0.02279381 -0.03122336
v -0.02654519 0.02274075 -0.03089492
v -0.02634356 0.02848983 -0.03190857
v -0.02637388 0.02879174 -0.03175627
v -0.02642066 0.02903128 -0.03152018
v -0.02647979 0.02918505 -0.03122336
v -0.02950171 0.02348903 -0.03221962
v -0.02950171 0.02318712 -0.03206436
v -0.02950171 0.02294759 -0.03182363
v -0.02950171 0.02279381 -0.03152100
v -0.02950171 0.02274075 -0.03118611
v -0.02950171 0.02848983 -0.03221962
v -0.02950171 0.02879174 -0.03206436
v -0.02950171 0.02903128 -0.03182363
v -0.02950171 0.02918505 -0.03152100
v -0.03266007 0.02348903 -0.03190857
v -0.03262975 0.02318712 -0.03175627
v -0.03258275 0.02294759 -0.03152018
v -0.03252385 0.02279381 -0.03122336
v -0.03245844 0.02274075 -0.03089492
v -0.03266007 0.02848983 -0.03190857
v -0.03262975 0.02879174 -0.03175627
v -0.03258275 0.02903128 -0.03152018
v -0.03252385 0.02918505 -0.03122336
v -0.03569694 0.02348903 -0.03098733
v -0.03563760 0.02318712 -0.03084387
v -0.03554533 0.02294759 -0.03062147
v -0.03542968 0.02279381 -0.03034188
v -0.03530147 0.02274075 -0.03003248
v -0.03569694 0.02848983 -0.03098733
v -0.03563760 0.02879174 -0.03084387
v -0.03554533 0.02903128 -0.03062147
v -0.03542968 0.02918505 -0.03034188
v -0.03849578 0.02348903 -0.02949134
v -0.03840958 0.02318712 -0.02936221
v -0.03827573 0.02294759 -0.02916207
v -0.03810767 0.02279381 -0.02891045
v -0.03792163 0.02274075 -0.02863200
v -0.03849578 0.02848983 -0.02949131
v -0.03840958 0.02879174 -0.02936221
v -0.03827573 0.02903128 -0.02916207
v -0.03810767 0.02918505 -0.02891045
v -0.04094897 0.02348903 -0.02747804
v -0.04083916 0.02318712 -0.02736824
v -0.04066893 0.02294759 -0.02719803
v -0.04045495 0.02279381 -0.02698405
v -0.04021823 0.02274075 -0.02674724
v -0.04094897 0.02848983 -0.02747804
v -0.04083916 0.02879174 -0.02736824
v -0.04066893 0.02903128 -0.02719803
v -0.04045495 0.02918505 -0.02698403
v -0.04296228 0.02348903 -0.02502486
v -0.04283320 0.02318712 -0.02493859
v -0.04263308 0.02294759 -0.02480484
v -0.04238142 0.02279381 -0.02463671
v -0.04210290 0.02274075 -0.02445067
v -0.04296228 0.02848983 -0.02502486
v -0.04283320 0.02879174 -0.02493857
v -0.04263308 0.02903128 -0.02480484
v -0.04238142 0.02918505 -0.02463671
v -0.04445819 0.02348903 -0.02222601
v -0.04431482 0.02318712 -0.02216661
v -0.04409239 0.02294759 -0.02207447
v -0.04381279 0.02279381 -0.02195867
v -0.04350352 0.02274075 -0.02183052
v -0.04445819 0.02848983 -0.02222601
v -0.04431482 0.02879174 -0.02216661
v -0.04409239 0.02903128 -0.02207447
v -0.04381279 0.02918505 -0.02195867
v -0.04537952 0.02348903 -0.01918913
v -0.04522726 0.02318712 -0.01915883
v -0.04499119 0.02294759 -0.01911185
v -0.04469426 0.02279381 -0.01905281
v -0.04436592 0.02274075 -0.01898749
v -0.04537952 0.02848983 -0.01918913
v -0.04522726 0.02879174 -0.01915883
v -0.04499119 0.02903128 -0.01911185
v -0.04469426 0.02918505 -0.01905281
v -0.04569053 0.02348903 -0.01603085
v -0.04553523 0.02318712 -0.01603085
v -0.04529462 0.02294759 -0.01603085
v -0.04499184 0.02279381 -0.01603085
v -0.04465701 0.02274075 -0.01603083
v -0.04569053 0.02848983 -0.01603085
v -0.04553523 0.02879174 -0.01603085
v -0.04529462 0.02903128 -0.01603085
v -0.04499184 0.02918505 -0.01603083
v -0.04537952 0.02348903 -0.01287257
v -0.04522726 0.02318712 -0.01290287
v -0.04499119 0.02294759 -0.01294982
v -0.04469426 0.02279381 -0.01300886
v -0.04436592 0.02274075 -0.01307420
v -0.04537952 0.02848983 -0.01287257
v -0.04522726 0.02879174 -0.01290287
v -0.04499119 0.02903128 -0.01294982
v -0.04469426 0.02918505 -0.01300886
v -0.04445819 0.02348903 -0.00983573
v -0.04431482 0.02318712 -0.00989507
v -0.04409239 0.02294759 -0.00998712
v -0.04381279 0.02279381 -0.01010299
v -0.04350330 0.02274075 -0.01023120
v -0.04445819 0.02848983 -0.00983573
v -0.04431482 0.02879174 -0.00989507
v -0.04409239 0.02903128 -0.00998712
v -0.04381279 0.02918505 -0.01010299
v -0.04296228 0.02348903 -0.00703688
v -0.04283320 0.02318712 -0.00712308
v -0.04263308 0.02294759 -0.00725693
v -0.04238142 0.02279381 -0.00742499
v -0.04210290 0.02274075 -0.00761103
v -0.04296228 0.02848983 -0.00703688
v -0.04283320 0.02879174 -0.00712308
v -0.04263308 0.02903128 -0.00725693
v -0.04238142 0.02918505 -0.00742499
v -0.04094897 0.02348903 -0.00458370
v -0.04083916 0.02318712 -0.00469350
v -0.04066893 0.02294759 -0.00486373
v -0.04045495 0.02279381 -0.00507771
v -0.04021823 0.02274075 -0.00531443
v -0.04094897 0.02848983 -0.00458370
v -0.04083916 0.02879174 -0.00469350
v -0.04066893 0.02903128 -0.00486373
v -0.04045495 0.02918505 -0.00507771
v -0.03849579 0.02348903 -0.00257038
v -0.03840958 0.02318712 -0.00269946
v -0.03827573 0.02294759 -0.00289959
v -0.03810767 0.02279381 -0.00315125
v -0.03792163 0.02274075 -0.00342977
v -0.03849579 0.02848983 -0.00257038
v -0.03840958 0.02879174 -0.00269946
v -0.03827573 0.02903128 -0.00289959
v -0.03810767 0.02918505 -0.00315125
v -0.03569694 0.02348903 -0.00107426
v -0.03563760 0.02318712 -0.00121785
v -0.03554533 0.02294759 -0.00144028
v -0.03542968 0.02279381 -0.00171988
v -0.03530147 0.02274075 -0.00202915
v -0.03569694 0.02848983 -0.00107426
v -0.03563760 0.02879174 -0.00121785
v -0.03554533 0.02903128 -0.00144028
v -0.03542968 0.02918505 -0.00171988
v -0.03266008 0.02348903 -0.00015315
v -0.03262975 0.02318712 -0.00030540
v -0.03258276 0.02294759 -0.00054147
v -0.03252385 0.02279381 -0.00083840
v -0.03245844 0.02274075 -0.00116674
v -0.03266008 0.02848983 -0.00015315
v -0.03262975 0.02879174 -0.00030540
v -0.03258276 0.02903128 -0.00054147
v -0.03252385 0.02918505 -0.00083840
v -0.02950171 0.02348903 0.00015786
v -0.02950171 0.02318712 0.00000257
v -0.02950171 0.02294759 -0.00023805
v -0.02950171 0.02279381 -0.00054060
v -0.02950171 0.02274075 -0.00087565
v -0.02950171 0.02848983 0.00015786
v -0.02950171 0.02879174 0.00000257
v -0.02950171 0.02903128 -0.00023805
v -0.02950171 0.02918505 -0.00054060
v -0.02634356 0.02348903 -0.00015315
v -0.02637388 0.02318712 -0.00030540
v -0.02642067 0.02294759 -0.00054147
v -0.02647979 0.02279381 -0.00083840
v -0.02654519 0.02274075 -0.00116673
v -0.02634356 0.02848983 -0.00015315
v -0.02637388 0.02879174 -0.00030540
v -0.02642067 0.02903128 -0.00054147
v -0.02647979 0.02918505 -0.00083840
v -0.02330658 0.02348903 -0.00107447
v -0.02336599 0.02318712 -0.00121785
v -0.02345813 0.02294759 -0.00144027
v -0.02357393 0.02279381 -0.00171988
v -0.02370210 0.02274075 -0.00202915
v -0.02330658 0.02848983 -0.00107447
v -0.02336599 0.02879174 -0.00121785
v -0.02345813 0.02903128 -0.00144027
v -0.02357393 0.02918505 -0.00171988
v -0.02050776 0.02348903 -0.00257038
v -0.02059402 0.02318712 -0.00269946
v -0.02072776 0.02294759 -0.00289958
v -0.02089589 0.02279381 -0.00315124
v -0.02108195 0.02274075 -0.00342976
v -0.02050776 0.02848983 -0.00257038
v -0.02059402 0.02879174 -0.00269946
v -0.02072776 0.02903128 -0.00289958
v -0.02089589 0.02918505 -0.00315124
v -0.01805455 0.02348903 -0.00458370
v -0.01816436 0.02318712 -0.00469350
v -0.01833457 0.02294759 -0.00486373
v -0.01854857 0.02279381 -0.00507771
v -0.01878538 0.02274075 -0.00531443
v -0.01805455 0.02848983 -0.00458370
v -0.01816436 0.02879174 -0.00469350
v -0.01833457 0.02903128 -0.00486373
v -0.01854857 0.02918505 -0.00507771
v -0.01604128 0.02348903 -0.00703688
v -0.01617039 0.02318712 -0.00712308
v -0.01637055 0.02294759 -0.00725693
v -0.01662217 0.02279381 -0.00742499
v -0.01690062 0.02274075 -0.00761103
v -0.01604128 0.02848983 -0.00703688
v -0.01617039 0.02879174 -0.00712308
v -0.01637055 0.02903128 -0.00725693
v -0.01662217 0.02918505 -0.00742499
v -0.01454529 0.02348903 -0.00983573
v -0.01468873 0.02318712 -0.00989507
v -0.01491113 0.02294759 -0.00998733
v -0.01519074 0.02279381 -0.01010298
v -0.01550012 0.02274075 -0.01023120
v -0.01454529 0.02848983 -0.00983573
v -0.01468873 0.02879174 -0.00989507
v -0.01491113 0.02903128 -0.00998733
v -0.01519074 0.02918505 -0.01010298
v -0.01362405 0.02348903 -0.01287259
v -0.01377635 0.02318712 -0.01290289
v -0.01401244 0.02294759 -0.01294984
v -0.01430924 0.02279381 -0.01300888
v -0.01463770 0.02274075 -0.01307422
v -0.01362405 0.02848983 -0.01287259
v -0.01377635 0.02879174 -0.01290289
v -0.01401244 0.02903128 -0.01294984
v -0.01430924 0.02918505 -0.01300888
v 0.04119800 0.02382364 -0.01286193
v 0.04151008 0.02382364 -0.01603084
v 0.04151008 0.02815521 -0.01603084
v 0.04119800 0.02815521 -0.01286193
v 0.04027364 0.02382364 -0.02224693
v 0.03877275 0.02382364 -0.02505520
v 0.03877275 0.02815521 -0.02505520
v 0.04027364 0.02815521 -0.02224693
v 0.03675250 0.02382364 -0.02751666
v 0.03675250 0.02815521 -0.02751666
v 0.03429108 0.02382364 -0.02953673
v 0.03429108 0.02815521 -0.02953673
v 0.03148292 0.02382364 -0.03103779
v 0.03148292 0.02815521 -0.03103779
v 0.02843567 0.02382364 -0.03196213
v 0.02843567 0.02815521 -0.03196213
v 0.02526669 0.02382364 -0.03227424
v 0.02526669 0.02815522 -0.03227424
v 0.02209793 0.02382364 -0.03196213
v 0.02209793 0.02815522 -0.03196213
v 0.01905071 0.02382364 -0.03103779
v 0.01905071 0.02815522 -0.03103779
v 0.01624244 0.02382364 -0.02953673
v 0.01624244 0.02815522 -0.02953673
v 0.01378099 0.02382364 -0.02751666
v 0.01378099 0.02815522 -0.02751666
v 0.01176091 0.02382364 -0.02505520
v 0.01176091 0.02815522 -0.02505520
v 0.01025985 0.02382364 -0.02224691
v 0.01025985 0.02815522 -0.02224691
v 0.00933551 0.02382364 -0.01919978
v 0.00933551 0.02815522 -0.01919978
v 0.00902340 0.02382364 -0.01603085
v 0.00902340 0.02815522 -0.01603085
v 0.00933551 0.02382364 -0.01286191
v 0.00933551 0.02815522 -0.01286191
v 0.01025985 0.02382364 -0.00981472
v 0.01025985 0.02815522 -0.00981472
v 0.01176091 0.02382364 -0.00700656
v 0.01176091 0.02815522 -0.00700656
v 0.01378098 0.02382364 -0.00454492
v 0.01378098 0.02815522 -0.00454492
v 0.01624247 0.02382364 -0.00252490
v 0.01624247 0.02815522 -0.00252490
v 0.01905073 0.02382364 -0.00102401
v 0.01905073 0.02815522 -0.00102401
v 0.02209793 0.02382364 -0.00009966
v 0.02209793 0.02815522 -0.00009966
v 0.02526690 0.02382364 0.00021265
v 0.02526690 0.02815522 0.00021265
v 0.02843566 0.02382364 -0.00009965
v 0.02843566 0.02815521 -0.00009965
v 0.03148292 0.02382364 -0.00102401
v 0.03148292 0.02815521 -0.00102401
v 0.03429108 0.02382364 -0.00252490
v 0.03429108 0.02815521 -0.00252490
v 0.03675272 0.02382364 -0.00454514
v 0.03675272 0.02815521 -0.00454514
v 0.03877275 0.02382364 -0.00700656
v 0.03877275 0.02815521 -0.00700656
v 0.04027364 0.02382364 -0.00981471
v 0.04027364 0.02815521 -0.00981471
v 0.04119800 0.02382364 -0.01919978
v 0.04119800 0.02815521 -0.01919978
v 0.04013091 0.02923811 -0.01898749
v 0.03926849 0.02923811 -0.02183051
v 0.04042199 0.02923811 -0.01603084
v 0.03786788 0.02923811 -0.02445066
v 0.03598321 0.02923811 -0.02674724
v 0.03368661 0.02923811 -0.02863199
v 0.03106644 0.02923811 -0.03003248
v 0.02822342 0.02923811 -0.03089489
v 0.02526669 0.02923811 -0.03118610
v 0.02231017 0.02923811 -0.03089489
v 0.01946715 0.02923811 -0.03003248
v 0.01684698 0.02923811 -0.02863199
v 0.01455040 0.02923811 -0.02674724
v 0.01266565 0.02923811 -0.02445066
v 0.01126516 0.02923811 -0.02183052
v 0.01040273 0.02923811 -0.01898749
v 0.01011154 0.02923811 -0.01603082
v 0.01040273 0.02923811 -0.01307420
v 0.01126516 0.02923811 -0.01023120
v 0.01266565 0.02923811 -0.00761103
v 0.01455040 0.02923811 -0.00531443
v 0.01684698 0.02923811 -0.00342976
v 0.01946714 0.02923811 -0.00202915
v 0.02231017 0.02923811 -0.00116673
v 0.02526690 0.02923811 -0.00087565
v 0.02822342 0.02923811 -0.00116673
v 0.03106644 0.02923811 -0.00202915
v 0.03368661 0.02923811 -0.00342976
v 0.03598321 0.02923811 -0.00531443
v 0.03786788 0.02923811 -0.00761103
v 0.03926849 0.02923811 -0.01023119
v 0.04013091 0.02923811 -0.01307422
v 0.04145551 0.02348903 -0.01603084
v 0.04114450 0.02348903 -0.01918912
v 0.04130022 0.02318712 -0.01603084
v 0.04099225 0.02318712 -0.01915883
v 0.04105960 0.02294758 -0.01603084
v 0.04075617 0.02294758 -0.01911185
v 0.04075704 0.02279381 -0.01603084
v 0.04045925 0.02279381 -0.01905281
v 0.04042199 0.02274075 -0.01603084
v 0.04013091 0.02274075 -0.01898749
v 0.04114450 0.02848982 -0.01918912
v 0.04145551 0.02848982 -0.01603084
v 0.04099225 0.02879174 -0.01915883
v 0.04130022 0.02879174 -0.01603084
v 0.04075617 0.02903127 -0.01911185
v 0.04105960 0.02903127 -0.01603084
v 0.04045925 0.02918504 -0.01905281
v 0.04075704 0.02918504 -0.01603084
v 0.04022317 0.02348903 -0.02222603
v 0.04007979 0.02318712 -0.02216660
v 0.03985737 0.02294758 -0.02207449
v 0.03957777 0.02279381 -0.02195867
v 0.03926849 0.02274075 -0.02183051
v 0.04022317 0.02848982 -0.02222603
v 0.04007979 0.02879174 -0.02216660
v 0.03985737 0.02903127 -0.02207447
v 0.03957777 0.02918504 -0.02195867
v 0.03872726 0.02348903 -0.02502486
v 0.03859818 0.02318712 -0.02493857
v 0.03839806 0.02294758 -0.02480483
v 0.03814640 0.02279381 -0.02463670
v 0.03786788 0.02274075 -0.02445066
v 0.03872726 0.02848982 -0.02502486
v 0.03859818 0.02879174 -0.02493857
v 0.03839806 0.02903127 -0.02480483
v 0.03814640 0.02918504 -0.02463670
v 0.03671395 0.02348903 -0.02747804
v 0.03660414 0.02318712 -0.02736823
v 0.03643391 0.02294758 -0.02719803
v 0.03621993 0.02279381 -0.02698405
v 0.03598321 0.02274075 -0.02674724
v 0.03671395 0.02848982 -0.02747804
v 0.03660414 0.02879174 -0.02736823
v 0.03643391 0.02903127 -0.02719803
v 0.03621993 0.02918504 -0.02698402
v 0.03426076 0.02348903 -0.02949131
v 0.03417457 0.02318712 -0.02936221
v 0.03404072 0.02294758 -0.02916205
v 0.03387266 0.02279381 -0.02891043
v 0.03368661 0.02274075 -0.02863199
v 0.03426076 0.02848982 -0.02949131
v 0.03417457 0.02879174 -0.02936221
v 0.03404072 0.02903127 -0.02916205
v 0.03387266 0.02918504 -0.02891043
v 0.03146192 0.02348903 -0.03098733
v 0.03140258 0.02318712 -0.03084387
v 0.03131053 0.02294758 -0.03062146
v 0.03119466 0.02279381 -0.03034188
v 0.03106644 0.02274075 -0.03003248
v 0.03146192 0.02848982 -0.03098733
v 0.03140258 0.02879174 -0.03084387
v 0.03131053 0.02903127 -0.03062146
v 0.03119466 0.02918504 -0.03034188
v 0.02842505 0.02348903 -0.03190857
v 0.02839473 0.02318712 -0.03175627
v 0.02834773 0.02294758 -0.03152018
v 0.02828882 0.02279381 -0.03122336
v 0.02822342 0.02274075 -0.03089491
v 0.02842505 0.02848982 -0.03190857
v 0.02839473 0.02879174 -0.03175627
v 0.02834773 0.02903127 -0.03152018
v 0.02828882 0.02918504 -0.03122336
v 0.02526669 0.02348903 -0.03221962
v 0.02526669 0.02318712 -0.03206435
v 0.02526669 0.02294759 -0.03182362
v 0.02526669 0.02279381 -0.03152100
v 0.02526669 0.02274075 -0.03118610
v 0.02526669 0.02848983 -0.03221962
v 0.02526669 0.02879174 -0.03206435
v 0.02526669 0.02903128 -0.03182362
v 0.02526669 0.02918505 -0.03152100
v 0.02210854 0.02348903 -0.03190857
v 0.02213886 0.02318712 -0.03175627
v 0.02218586 0.02294759 -0.03152018
v 0.02224476 0.02279381 -0.03122336
v 0.02231017 0.02274075 -0.03089491
v 0.02210854 0.02848983 -0.03190857
v 0.02213886 0.02879174 -0.03175627
v 0.02218586 0.02903128 -0.03152018
v 0.02224476 0.02918505 -0.03122336
v 0.01907161 0.02348903 -0.03098733
v 0.01913104 0.02318712 -0.03084387
v 0.01922306 0.02294759 -0.03062146
v 0.01933893 0.02279381 -0.03034188
v 0.01946715 0.02274075 -0.03003248
v 0.01907161 0.02848983 -0.03098733
v 0.01913104 0.02879174 -0.03084387
v 0.01922306 0.02903128 -0.03062146
v 0.01933893 0.02918505 -0.03034188
v 0.01627279 0.02348903 -0.02949134
v 0.01635905 0.02318712 -0.02936221
v 0.01649281 0.02294759 -0.02916207
v 0.01666094 0.02279381 -0.02891045
v 0.01684698 0.02274075 -0.02863199
v 0.01627279 0.02848983 -0.02949131
v 0.01635905 0.02879174 -0.02936221
v 0.01649281 0.02903128 -0.02916207
v 0.01666094 0.02918505 -0.02891045
v 0.01381960 0.02348903 -0.02747804
v 0.01392940 0.02318712 -0.02736824
v 0.01409961 0.02294759 -0.02719803
v 0.01431359 0.02279381 -0.02698405
v 0.01455040 0.02274075 -0.02674724
v 0.01381960 0.02848983 -0.02747804
v 0.01392940 0.02879174 -0.02736824
v 0.01409961 0.02903128 -0.02719803
v 0.01431359 0.02918505 -0.02698403
v 0.01180631 0.02348903 -0.02502486
v 0.01193541 0.02318712 -0.02493859
v 0.01213557 0.02294759 -0.02480483
v 0.01238719 0.02279381 -0.02463670
v 0.01266565 0.02274075 -0.02445066
v 0.01180631 0.02848983 -0.02502486
v 0.01193541 0.02879174 -0.02493857
v 0.01213557 0.02903128 -0.02480483
v 0.01238719 0.02918505 -0.02463670
v 0.01031031 0.02348903 -0.02222601
v 0.01045377 0.02318712 -0.02216660
v 0.01067618 0.02294759 -0.02207447
v 0.01095576 0.02279381 -0.02195867
v 0.01126516 0.02274075 -0.02183052
v 0.01031031 0.02848983 -0.02222601
v 0.01045377 0.02879174 -0.02216660
v 0.01067618 0.02903128 -0.02207447
v 0.01095576 0.02918505 -0.02195867
v 0.00938907 0.02348903 -0.01918913
v 0.00954137 0.02318712 -0.01915883
v 0.00977746 0.02294759 -0.01911185
v 0.01007429 0.02279381 -0.01905281
v 0.01040273 0.02274075 -0.01898749
v 0.00938907 0.02848983 -0.01918913
v 0.00954137 0.02879174 -0.01915883
v 0.00977746 0.02903128 -0.01911185
v 0.01007429 0.02918505 -0.01905281
v 0.00907802 0.02348903 -0.01603085
v 0.00923329 0.02318712 -0.01603085
v 0.00947401 0.02294759 -0.01603085
v 0.00977664 0.02279381 -0.01603085
v 0.01011154 0.02274075 -0.01603082
v 0.00907802 0.02848983 -0.01603085
v 0.00923329 0.02879174 -0.01603085
v 0.00947401 0.02903128 -0.01603085
v 0.00977664 0.02918505 -0.01603082
v 0.00938907 0.02348903 -0.01287257
v 0.00954137 0.02318712 -0.01290287
v 0.00977746 0.02294759 -0.01294982
v 0.01007428 0.02279381 -0.01300886
v 0.01040273 0.02274075 -0.01307420
v 0.00938907 0.02848983 -0.01287257
v 0.00954137 0.02879174 -0.01290287
v 0.00977746 0.02903128 -0.01294982
v 0.01007428 0.02918505 -0.01300886
v 0.01031031 0.02348903 -0.00983573
v 0.01045377 0.02318712 -0.00989507
v 0.01067618 0.02294759 -0.00998711
v 0.01095576 0.02279381 -0.01010298
v 0.01126516 0.02274075 -0.01023120
v 0.01031031 0.02848983 -0.00983573
v 0.01045377 0.02879174 -0.00989507
v 0.01067618 0.02903128 -0.00998711
v 0.01095576 0.02918505 -0.01010298
v 0.01180633 0.02348903 -0.00703688
v 0.01193543 0.02318712 -0.00712308
v 0.01213559 0.02294759 -0.00725693
v 0.01238721 0.02279381 -0.00742499
v 0.01266565 0.02274075 -0.00761103
v 0.01180633 0.02848983 -0.00703688
v 0.01193543 0.02879174 -0.00712308
v 0.01213559 0.02903128 -0.00725693
v 0.01238721 0.02918505 -0.00742499
v 0.01381960 0.02348903 -0.00458370
v 0.01392940 0.02318712 -0.00469350
v 0.01409961 0.02294759 -0.00486373
v 0.01431362 0.02279381 -0.00507771
v 0.01455040 0.02274075 -0.00531443
v 0.01381960 0.02848983 -0.00458370
v 0.01392940 0.02879174 -0.00469350
v 0.01409961 0.02903128 -0.00486373
v 0.01431362 0.02918505 -0.00507771
v 0.01627281 0.02348903 -0.00257038
v 0.01635907 0.02318712 -0.00269946
v 0.01649281 0.02294759 -0.00289958
v 0.01666094 0.02279381 -0.00315124
v 0.01684698 0.02274075 -0.00342976
v 0.01627281 0.02848983 -0.00257038
v 0.01635907 0.02879174 -0.00269946
v 0.01649281 0.02903128 -0.00289958
v 0.01666094 0.02918505 -0.00315124
v 0.01907163 0.02348903 -0.00107425
v 0.01913104 0.02318712 -0.00121785
v 0.01922328 0.02294759 -0.00144027
v 0.01933893 0.02279381 -0.00171988
v 0.01946714 0.02274075 -0.00202915
v 0.01907163 0.02848983 -0.00107425
v 0.01913104 0.02879174 -0.00121785
v 0.01922328 0.02903128 -0.00144027
v 0.01933893 0.02918505 -0.00171988
v 0.02210854 0.02348903 -0.00015315
v 0.02213886 0.02318712 -0.00030540
v 0.02218585 0.02294759 -0.00054147
v 0.02224476 0.02279381 -0.00083840
v 0.02231017 0.02274075 -0.00116673
v 0.02210854 0.02848983 -0.00015315
v 0.02213886 0.02879174 -0.00030540
v 0.02218585 0.02903128 -0.00054147
v 0.02224476 0.02918505 -0.00083840
v 0.02526690 0.02348903 0.00015786
v 0.02526690 0.02318712 0.00000257
v 0.02526690 0.02294759 -0.00023805
v 0.02526690 0.02279381 -0.00054060
v 0.02526690 0.02274075 -0.00087565
v 0.02526690 0.02848983 0.00015786
v 0.02526690 0.02879174 0.00000257
v 0.02526690 0.02903128 -0.00023805
v 0.02526690 0.02918505 -0.00054060
v 0.02842505 0.02348903 -0.00015314
v 0.02839473 0.02318712 -0.00030540
v 0.02834773 0.02294758 -0.00054147
v 0.02828882 0.02279381 -0.00083840
v 0.02822342 0.02274075 -0.00116673
v 0.02842505 0.02848982 -0.00015314
v 0.02839473 0.02879174 -0.00030540
v 0.02834773 0.02903127 -0.00054147
v 0.02828882 0.02918504 -0.00083840
v 0.03146191 0.02348903 -0.00107447
v 0.03140257 0.02318712 -0.00121784
v 0.03131052 0.02294758 -0.00144027
v 0.03119466 0.02279381 -0.00171988
v 0.03106644 0.02274075 -0.00202915
v 0.03146191 0.02848982 -0.00107447
v 0.03140257 0.02879174 -0.00121784
v 0.03131052 0.02903127 -0.00144027
v 0.03119466 0.02918504 -0.00171988
v 0.03426076 0.02348903 -0.00257038
v 0.03417456 0.02318712 -0.00269946
v 0.03404072 0.02294758 -0.00289958
v 0.03387266 0.02279381 -0.00315124
v 0.03368661 0.02274075 -0.00342976
v 0.03426076 0.02848982 -0.00257038
v 0.03417456 0.02879174 -0.00269946
v 0.03404072 0.02903127 -0.00289958
v 0.03387266 0.02918504 -0.00315124
v 0.03671395 0.02348903 -0.00458369
v 0.03660414 0.02318712 -0.00469350
v 0.03643391 0.02294758 -0.00486373
v 0.03621993 0.02279381 -0.00507771
v 0.03598321 0.02274075 -0.00531443
v 0.03671395 0.02848982 -0.00458369
v 0.03660414 0.02879174 -0.00469350
v 0.03643391 0.02903127 -0.00486373
v 0.03621993 0.02918504 -0.00507771
v 0.03872726 0.02348903 -0.00703688
v 0.03859818 0.02318712 -0.00712308
v 0.03839806 0.02294758 -0.00725692
v 0.03814640 0.02279381 -0.00742499
v 0.03786788 0.02274075 -0.00761103
v 0.03872726 0.02848982 -0.00703688
v 0.03859818 0.02879174 -0.00712308
v 0.03839806 0.02903127 -0.00725692
v 0.03814640 0.02918504 -0.00742499
v 0.04022339 0.02348903 -0.00983572
v 0.04007979 0.02318712 -0.00989506
v 0.03985737 0.02294758 -0.00998732
v 0.03957777 0.02279381 -0.01010298
v 0.03926849 0.02274075 -0.01023119
v 0.04022339 0.02848982 -0.00983572
v 0.04007979 0.02879174 -0.00989506
v 0.03985737 0.02903127 -0.00998732
v 0.03957777 0.02918504 -0.01010298
v 0.04114450 0.02348903 -0.01287259
v 0.04099225 0.02318712 -0.01290289
v 0.04075617 0.02294758 -0.01294984
v 0.04045925 0.02279381 -0.01300888
v 0.04013091 0.02274075 -0.01307422
v 0.04114450 0.02848982 -0.01287259
v 0.04099225 0.02879174 -0.01290289
v 0.04075617 0.02903127 -0.01294984
v 0.04045925 0.02918504 -0.01300888
f 1 2 3
f 1 3 4
f 5 6 7
f 5 7 8
f 9 10 11
f 9 11 12
f 13 14 15
f 13 15 16
f 17 18 19
f 17 19 20
f 21 22 23
f 21 23 24
f 25 26 27
f 25 27 28
f 29 30 31
f 29 31 32
f 33 34 30
f 33 30 29
f 35 36 34
f 35 34 33
f 24 23 36
f 24 36 35
f 32 31 37
f 32 37 38
f 39 40 41
f 39 41 42
f 40 43 44
f 40 44 41
f 43 1 4
f 43 4 44
f 45 46 47
f 45 47 48
f 6 39 42
f 6 42 7
f 49 50 51
f 49 51 52
f 52 51 53
f 52 53 54
f 54 53 55
f 54 55 56
f 14 57 58
f 14 58 15
f 56 55 10
f 56 10 9
f 59 17 20
f 59 20 60
f 61 59 60
f 61 60 62
f 57 61 62
f 57 62 58
f 46 63 64
f 46 64 65
f 63 66 67
f 63 67 64
f 66 68 69
f 66 69 67
f 70 71 72
f 70 72 73
f 71 74 75
f 71 75 72
f 74 76 77
f 74 77 75
f 3 78 79
f 3 79 80
f 78 81 82
f 78 82 79
f 81 83 84
f 81 84 82
f 65 64 84
f 65 84 83
f 64 67 85
f 64 85 84
f 67 69 86
f 67 86 85
f 73 72 69
f 73 69 68
f 72 75 86
f 72 86 69
f 75 77 87
f 75 87 86
f 80 79 77
f 80 77 76
f 79 82 87
f 79 87 77
f 82 84 85
f 82 85 87
f 85 86 87
f 45 88 89
f 45 89 90
f 88 91 92
f 88 92 89
f 91 93 94
f 91 94 92
f 16 95 96
f 16 96 97
f 95 98 99
f 95 99 96
f 98 100 101
f 98 101 99
f 102 103 104
f 102 104 105
f 103 106 107
f 103 107 104
f 106 108 109
f 106 109 107
f 90 89 109
f 90 109 108
f 89 92 110
f 89 110 109
f 92 94 111
f 92 111 110
f 97 96 94
f 97 94 93
f 96 99 111
f 96 111 94
f 99 101 112
f 99 112 111
f 105 104 101
f 105 101 100
f 104 107 112
f 104 112 101
f 107 109 110
f 107 110 112
f 110 111 112
f 11 113 114
f 11 114 115
f 113 116 117
f 113 117 114
f 116 118 119
f 116 119 117
f 19 120 121
f 19 121 122
f 120 123 124
f 120 124 121
f 123 125 126
f 123 126 124
f 28 127 128
f 28 128 129
f 127 130 131
f 127 131 128
f 130 132 133
f 130 133 131
f 115 114 133
f 115 133 132
f 114 117 134
f 114 134 133
f 117 119 135
f 117 135 134
f 122 121 119
f 122 119 118
f 121 124 135
f 121 135 119
f 124 126 136
f 124 136 135
f 129 128 126
f 129 126 125
f 128 131 136
f 128 136 126
f 131 133 134
f 131 134 136
f 134 135 136
f 27 137 138
f 27 138 139
f 137 140 141
f 137 141 138
f 140 142 143
f 140 143 141
f 8 144 145
f 8 145 146
f 144 147 148
f 144 148 145
f 147 149 150
f 147 150 148
f 12 151 152
f 12 152 153
f 151 154 155
f 151 155 152
f 154 156 157
f 154 157 155
f 139 138 157
f 139 157 156
f 138 141 158
f 138 158 157
f 141 143 159
f 141 159 158
f 146 145 143
f 146 143 142
f 145 148 159
f 145 159 143
f 148 150 160
f 148 160 159
f 153 152 150
f 153 150 149
f 152 155 160
f 152 160 150
f 155 157 158
f 155 158 160
f 158 159 160
f 2 161 162
f 2 162 163
f 161 164 165
f 161 165 162
f 164 166 167
f 164 167 165
f 38 168 169
f 38 169 170
f 168 171 172
f 168 172 169
f 171 173 174
f 171 174 172
f 47 175 176
f 47 176 177
f 175 178 179
f 175 179 176
f 178 180 181
f 178 181 179
f 163 162 181
f 163 181 180
f 162 165 182
f 162 182 181
f 165 167 183
f 165 183 182
f 170 169 167
f 170 167 166
f 169 172 183
f 169 183 167
f 172 174 184
f 172 184 183
f 177 176 174
f 177 174 173
f 176 179 184
f 176 184 174
f 179 181 182
f 179 182 184
f 182 183 184
f 48 185 186
f 48 186 187
f 185 188 189
f 185 189 186
f 188 190 191
f 188 191 189
f 37 192 193
f 37 193 194
f 192 195 196
f 192 196 193
f 195 197 198
f 195 198 196
f 13 199 200
f 13 200 201
f 199 202 203
f 199 203 200
f 202 204 205
f 202 205 203
f 187 186 205
f 187 205 204
f 186 189 206
f 186 206 205
f 189 191 207
f 189 207 206
f 194 193 191
f 194 191 190
f 193 196 207
f 193 207 191
f 196 198 208
f 196 208 207
f 201 200 198
f 201 198 197
f 200 203 208
f 200 208 198
f 203 205 206
f 203 206 208
f 206 207 208
f 18 209 210
f 18 210 211
f 209 212 213
f 209 213 210
f 212 214 215
f 212 215 213
f 22 216 217
f 22 217 218
f 216 219 220
f 216 220 217
f 219 221 222
f 219 222 220
f 25 223 224
f 25 224 225
f 223 226 227
f 223 227 224
f 226 228 229
f 226 229 227
f 211 210 229
f 211 229 228
f 210 213 230
f 210 230 229
f 213 215 231
f 213 231 230
f 218 217 215
f 218 215 214
f 217 220 231
f 217 231 215
f 220 222 232
f 220 232 231
f 225 224 222
f 225 222 221
f 224 227 232
f 224 232 222
f 227 229 230
f 227 230 232
f 230 231 232
f 26 233 234
f 26 234 235
f 233 236 237
f 233 237 234
f 236 238 239
f 236 239 237
f 21 240 241
f 21 241 242
f 240 243 244
f 240 244 241
f 243 245 246
f 243 246 244
f 5 247 248
f 5 248 249
f 247 250 251
f 247 251 248
f 250 252 253
f 250 253 251
f 235 234 253
f 235 253 252
f 234 237 254
f 234 254 253
f 237 239 255
f 237 255 254
f 242 241 239
f 242 239 238
f 241 244 255
f 241 255 239
f 244 246 256
f 244 256 255
f 249 248 246
f 249 246 245
f 248 251 256
f 248 256 246
f 251 253 254
f 251 254 256
f 254 255 256
f 38 37 194
f 38 194 168
f 168 194 190
f 168 190 171
f 171 190 188
f 171 188 173
f 173 188 185
f 173 185 177
f 177 185 48
f 177 48 47
f 13 16 97
f 13 97 199
f 199 97 93
f 199 93 202
f 202 93 91
f 202 91 204
f 204 91 88
f 204 88 187
f 187 88 45
f 187 45 48
f 102 70 73
f 102 73 103
f 103 73 68
f 103 68 106
f 106 68 66
f 106 66 108
f 108 66 63
f 108 63 90
f 46 45 90
f 46 90 63
f 3 2 163
f 3 163 78
f 78 163 180
f 78 180 81
f 81 180 178
f 81 178 83
f 83 178 175
f 83 175 65
f 47 46 65
f 47 65 175
f 23 22 218
f 23 218 257
f 257 218 214
f 257 214 258
f 258 214 212
f 258 212 259
f 259 212 209
f 259 209 260
f 260 209 18
f 260 18 17
f 25 28 129
f 25 129 223
f 223 129 125
f 223 125 226
f 226 125 123
f 226 123 228
f 228 123 120
f 228 120 211
f 211 120 19
f 211 19 18
f 50 102 105
f 50 105 261
f 261 105 100
f 261 100 262
f 262 100 98
f 262 98 263
f 263 98 95
f 263 95 264
f 264 95 16
f 264 16 15
f 22 21 242
f 22 242 216
f 216 242 238
f 216 238 219
f 219 238 236
f 219 236 221
f 221 236 233
f 221 233 225
f 225 233 26
f 225 26 25
f 5 8 146
f 5 146 247
f 247 146 142
f 247 142 250
f 250 142 140
f 250 140 252
f 252 140 137
f 252 137 235
f 235 137 27
f 235 27 26
f 12 11 115
f 12 115 151
f 151 115 132
f 151 132 154
f 154 132 130
f 154 130 156
f 156 130 127
f 156 127 139
f 139 127 28
f 139 28 27
f 32 38 170
f 32 170 265
f 265 170 166
f 265 166 266
f 266 166 164
f 266 164 267
f 267 164 161
f 267 161 268
f 268 161 2
f 268 2 1
f 9 12 153
f 9 153 269
f 269 153 149
f 269 149 270
f 270 149 147
f 270 147 271
f 271 147 144
f 271 144 272
f 272 144 8
f 272 8 7
f 14 13 201
f 14 201 273
f 273 201 197
f 273 197 274
f 274 197 195
f 274 195 275
f 275 195 192
f 275 192 276
f 276 192 37
f 276 37 31
f 57 14 273
f 57 273 277
f 277 273 274
f 277 274 278
f 278 274 275
f 278 275 279
f 279 275 276
f 279 276 280
f 280 276 31
f 280 31 30
f 61 57 277
f 61 277 281
f 281 277 278
f 281 278 282
f 282 278 279
f 282 279 283
f 283 279 280
f 283 280 284
f 284 280 30
f 284 30 34
f 59 61 281
f 59 281 285
f 285 281 282
f 285 282 286
f 286 282 283
f 286 283 287
f 287 283 284
f 287 284 288
f 288 284 34
f 288 34 36
f 17 59 285
f 17 285 260
f 260 285 286
f 260 286 259
f 259 286 287
f 259 287 258
f 258 287 288
f 258 288 257
f 257 288 36
f 257 36 23
f 20 19 122
f 20 122 289
f 289 122 118
f 289 118 290
f 290 118 116
f 290 116 291
f 291 116 113
f 291 113 292
f 292 113 11
f 292 11 10
f 60 20 289
f 60 289 293
f 293 289 290
f 293 290 294
f 294 290 291
f 294 291 295
f 295 291 292
f 295 292 296
f 296 292 10
f 296 10 55
f 62 60 293
f 62 293 297
f 297 293 294
f 297 294 298
f 298 294 295
f 298 295 299
f 299 295 296
f 299 296 300
f 300 296 55
f 300 55 53
f 58 62 297
f 58 297 301
f 301 297 298
f 301 298 302
f 302 298 299
f 302 299 303
f 303 299 300
f 303 300 304
f 304 300 53
f 304 53 51
f 15 58 301
f 15 301 264
f 264 301 302
f 264 302 263
f 263 302 303
f 263 303 262
f 262 303 304
f 262 304 261
f 261 304 51
f 261 51 50
f 6 5 249
f 6 249 305
f 305 249 245
f 305 245 306
f 306 245 243
f 306 243 307
f 307 243 240
f 307 240 308
f 308 240 21
f 308 21 24
f 39 6 305
f 39 305 309
f 309 305 306
f 309 306 310
f 310 306 307
f 310 307 311
f 311 307 308
f 311 308 312
f 312 308 24
f 312 24 35
f 40 39 309
f 40 309 313
f 313 309 310
f 313 310 314
f 314 310 311
f 314 311 315
f 315 311 312
f 315 312 316
f 316 312 35
f 316 35 33
f 43 40 313
f 43 313 317
f 317 313 314
f 317 314 318
f 318 314 315
f 318 315 319
f 319 315 316
f 319 316 320
f 320 316 33
f 320 33 29
f 1 43 317
f 1 317 268
f 268 317 318
f 268 318 267
f 267 318 319
f 267 319 266
f 266 319 320
f 266 320 265
f 265 320 29
f 265 29 32
f 4 3 80
f 4 80 321
f 321 80 76
f 321 76 322
f 322 76 74
f 322 74 323
f 323 74 71
f 323 71 324
f 324 71 70
f 324 70 49
f 44 4 321
f 44 321 325
f 325 321 322
f 325 322 326
f 326 322 323
f 326 323 327
f 327 323 324
f 327 324 328
f 328 324 49
f 328 49 52
f 41 44 325
f 41 325 329
f 329 325 326
f 329 326 330
f 330 326 327
f 330 327 331
f 331 327 328
f 331 328 332
f 332 328 52
f 332 52 54
f 42 41 329
f 42 329 333
f 333 329 330
f 333 330 334
f 334 330 331
f 334 331 335
f 335 331 332
f 335 332 336
f 336 332 54
f 336 54 56
f 7 42 333
f 7 333 272
f 272 333 334
f 272 334 271
f 271 334 335
f 271 335 270
f 270 335 336
f 270 336 269
f 269 336 56
f 269 56 9
f 70 102 50
f 70 50 49
f 337 338 339
f 337 339 340
f 341 342 343
f 341 343 344
f 345 346 347
f 345 347 348
f 349 350 351
f 349 351 352
f 353 337 340
f 353 340 354
f 355 341 344
f 355 344 356
f 357 345 348
f 357 348 358
f 359 360 361
f 359 361 362
f 363 349 352
f 363 352 364
f 365 353 354
f 365 354 366
f 367 355 356
f 367 356 368
f 369 357 358
f 369 358 370
f 360 371 372
f 360 372 361
f 373 363 364
f 373 364 374
f 375 365 366
f 375 366 376
f 377 367 368
f 377 368 378
f 362 369 370
f 362 370 359
f 379 372 371
f 379 371 380
f 381 373 374
f 381 374 382
f 383 375 376
f 383 376 384
f 385 377 378
f 385 378 386
f 387 379 380
f 387 380 388
f 389 381 382
f 389 382 390
f 391 383 384
f 391 384 392
f 393 387 388
f 393 388 394
f 395 396 397
f 396 398 399
f 399 400 401
f 401 402 403
f 403 404 405
f 405 406 407
f 407 408 409
f 409 410 411
f 411 412 413
f 413 414 415
f 415 416 417
f 417 418 419
f 419 420 421
f 421 422 423
f 423 424 425
f 425 426 397
f 396 399 397
f 399 401 403
f 403 405 407
f 407 409 411
f 411 413 415
f 415 417 419
f 419 421 423
f 423 425 397
f 399 403 397
f 403 407 411
f 411 415 419
f 419 423 397
f 403 411 397
f 411 419 397
f 427 389 390
f 427 390 428
f 369 362 429
f 369 429 430
f 430 429 431
f 430 431 432
f 432 431 433
f 432 433 434
f 434 433 435
f 434 435 436
f 436 435 396
f 436 396 395
f 357 369 430
f 357 430 437
f 437 430 432
f 437 432 438
f 438 432 434
f 438 434 439
f 439 434 436
f 439 436 440
f 440 436 395
f 440 395 397
f 345 357 437
f 345 437 441
f 441 437 438
f 441 438 442
f 442 438 439
f 442 439 443
f 443 439 440
f 443 440 444
f 444 440 397
f 444 397 426
f 346 345 441
f 346 441 445
f 445 441 442
f 445 442 446
f 446 442 443
f 446 443 447
f 447 443 444
f 447 444 448
f 448 444 426
f 448 426 425
f 449 346 445
f 449 445 450
f 450 445 446
f 450 446 451
f 451 446 447
f 451 447 452
f 452 447 448
f 452 448 453
f 453 448 425
f 453 425 424
f 385 449 450
f 385 450 454
f 454 450 451
f 454 451 455
f 455 451 452
f 455 452 456
f 456 452 453
f 456 453 457
f 457 453 424
f 457 424 423
f 449 385 386
f 449 386 458
f 459 391 392
f 459 392 460
f 338 393 394
f 338 394 339
f 342 427 428
f 342 428 343
f 346 449 458
f 346 458 347
f 377 385 454
f 377 454 461
f 461 454 455
f 461 455 462
f 462 455 456
f 462 456 463
f 463 456 457
f 463 457 464
f 464 457 423
f 464 423 422
f 367 377 461
f 367 461 465
f 465 461 462
f 465 462 466
f 466 462 463
f 466 463 467
f 467 463 464
f 467 464 468
f 468 464 422
f 468 422 421
f 355 367 465
f 355 465 469
f 469 465 466
f 469 466 470
f 470 466 467
f 470 467 471
f 471 467 468
f 471 468 472
f 472 468 421
f 472 421 420
f 341 355 469
f 341 469 473
f 473 469 470
f 473 470 474
f 474 470 471
f 474 471 475
f 475 471 472
f 475 472 476
f 476 472 420
f 476 420 419
f 342 341 473
f 342 473 477
f 477 473 474
f 477 474 478
f 478 474 475
f 478 475 479
f 479 475 476
f 479 476 480
f 480 476 419
f 480 419 418
f 427 342 477
f 427 477 481
f 481 477 478
f 481 478 482
f 482 478 479
f 482 479 483
f 483 479 480
f 483 480 484
f 484 480 418
f 484 418 417
f 389 427 481
f 389 481 485
f 485 481 482
f 485 482 486
f 486 482 483
f 486 483 487
f 487 483 484
f 487 484 488
f 488 484 417
f 488 417 416
f 381 389 485
f 381 485 489
f 489 485 486
f 489 486 490
f 490 486 487
f 490 487 491
f 491 487 488
f 491 488 492
f 492 488 416
f 492 416 415
f 373 381 489
f 373 489 493
f 493 489 490
f 493 490 494
f 494 490 491
f 494 491 495
f 495 491 492
f 495 492 496
f 496 492 415
f 496 415 414
f 363 373 493
f 363 493 497
f 497 493 494
f 497 494 498
f 498 494 495
f 498 495 499
f 499 495 496
f 499 496 500
f 500 496 414
f 500 414 413
f 349 363 497
f 349 497 501
f 501 497 498
f 501 498 502
f 502 498 499
f 502 499 503
f 503 499 500
f 503 500 504
f 504 500 413
f 504 413 412
f 350 349 501
f 350 501 505
f 505 501 502
f 505 502 506
f 506 502 503
f 506 503 507
f 507 503 504
f 507 504 508
f 508 504 412
f 508 412 411
f 459 350 505
f 459 505 509
f 509 505 506
f 509 506 510
f 510 506 507
f 510 507 511
f 511 507 508
f 511 508 512
f 512 508 411
f 512 411 410
f 391 459 509
f 391 509 513
f 513 509 510
f 513 510 514
f 514 510 511
f 514 511 515
f 515 511 512
f 515 512 516
f 516 512 410
f 516 410 409
f 383 391 513
f 383 513 517
f 517 513 514
f 517 514 518
f 518 514 515
f 518 515 519
f 519 515 516
f 519 516 520
f 520 516 409
f 520 409 408
f 375 383 517
f 375 517 521
f 521 517 518
f 521 518 522
f 522 518 519
f 522 519 523
f 523 519 520
f 523 520 524
f 524 520 408
f 524 408 407
f 365 375 521
f 365 521 525
f 525 521 522
f 525 522 526
f 526 522 523
f 526 523 527
f 527 523 524
f 527 524 528
f 528 524 407
f 528 407 406
f 353 365 525
f 353 525 529
f 529 525 526
f 529 526 530
f 530 526 527
f 530 527 531
f 531 527 528
f 531 528 532
f 532 528 406
f 532 406 405
f 337 353 529
f 337 529 533
f 533 529 530
f 533 530 534
f 534 530 531
f 534 531 535
f 535 531 532
f 535 532 536
f 536 532 405
f 536 405 404
f 338 337 533
f 338 533 537
f 537 533 534
f 537 534 538
f 538 534 535
f 538 535 539
f 539 535 536
f 539 536 540
f 540 536 404
f 540 404 403
f 393 338 537
f 393 537 541
f 541 537 538
f 541 538 542
f 542 538 539
f 542 539 543
f 543 539 540
f 543 540 544
f 544 540 403
f 544 403 402
f 387 393 541
f 387 541 545
f 545 541 542
f 545 542 546
f 546 542 543
f 546 543 547
f 547 543 544
f 547 544 548
f 548 544 402
f 548 402 401
f 379 387 545
f 379 545 549
f 549 545 546
f 549 546 550
f 550 546 547
f 550 547 551
f 551 547 548
f 551 548 552
f 552 548 401
f 552 401 400
f 372 379 549
f 372 549 553
f 553 549 550
f 553 550 554
f 554 550 551
f 554 551 555
f 555 551 552
f 555 552 556
f 556 552 400
f 556 400 399
f 361 372 553
f 361 553 557
f 557 553 554
f 557 554 558
f 558 554 555
f 558 555 559
f 559 555 556
f 559 556 560
f 560 556 399
f 560 399 398
f 362 361 557
f 362 557 429
f 429 557 558
f 429 558 431
f 431 558 559
f 431 559 433
f 433 559 560
f 433 560 435
f 435 560 398
f 435 398 396
f 350 459 460
f 350 460 351
f 561 562 563
f 561 563 564
f 565 566 567
f 565 567 568
f 568 567 569
f 568 569 570
f 570 569 571
f 570 571 572
f 572 571 573
f 572 573 574
f 574 573 575
f 574 575 576
f 576 575 577
f 576 577 578
f 578 577 579
f 578 579 580
f 580 579 581
f 580 581 582
f 582 581 583
f 582 583 584
f 584 583 585
f 584 585 586
f 586 585 587
f 586 587 588
f 588 587 589
f 588 589 590
f 590 589 591
f 590 591 592
f 592 591 593
f 592 593 594
f 594 593 595
f 594 595 596
f 596 595 597
f 596 597 598
f 598 597 599
f 598 599 600
f 600 599 601
f 600 601 602
f 602 601 603
f 602 603 604
f 604 603 605
f 604 605 606
f 606 605 607
f 606 607 608
f 608 607 609
f 608 609 610
f 610 609 611
f 610 611 612
f 612 611 613
f 612 613 614
f 614 613 615
f 614 615 616
f 616 615 617
f 616 617 618
f 618 617 619
f 618 619 620
f 620 619 621
f 620 621 622
f 622 621 564
f 622 564 563
f 623 624 566
f 623 566 565
f 625 626 627
f 626 628 629
f 629 630 631
f 631 632 633
f 633 634 635
f 635 636 637
f 637 638 639
f 639 640 641
f 641 642 643
f 643 644 645
f 645 646 647
f 647 648 649
f 649 650 651
f 651 652 653
f 653 654 655
f 655 656 627
f 626 629 627
f 629 631 633
f 633 635 637
f 637 639 641
f 641 643 645
f 645 647 649
f 649 651 653
f 653 655 627
f 629 633 627
f 633 637 641
f 641 645 649
f 649 653 627
f 633 641 627
f 641 649 627
f 624 561 657
f 624 657 658
f 658 657 659
f 658 659 660
f 660 659 661
f 660 661 662
f 662 661 663
f 662 663 664
f 664 663 626
f 664 626 625
f 566 624 658
f 566 658 665
f 665 658 660
f 665 660 666
f 666 660 662
f 666 662 667
f 667 662 664
f 667 664 668
f 668 664 625
f 668 625 627
f 567 566 665
f 567 665 669
f 669 665 666
f 669 666 670
f 670 666 667
f 670 667 671
f 671 667 668
f 671 668 672
f 672 668 627
f 672 627 656
f 569 567 669
f 569 669 673
f 673 669 670
f 673 670 674
f 674 670 671
f 674 671 675
f 675 671 672
f 675 672 676
f 676 672 656
f 676 656 655
f 571 569 673
f 571 673 677
f 677 673 674
f 677 674 678
f 678 674 675
f 678 675 679
f 679 675 676
f 679 676 680
f 680 676 655
f 680 655 654
f 573 571 677
f 573 677 681
f 681 677 678
f 681 678 682
f 682 678 679
f 682 679 683
f 683 679 680
f 683 680 684
f 684 680 654
f 684 654 653
f 575 573 681
f 575 681 685
f 685 681 682
f 685 682 686
f 686 682 683
f 686 683 687
f 687 683 684
f 687 684 688
f 688 684 653
f 688 653 652
f 577 575 685
f 577 685 689
f 689 685 686
f 689 686 690
f 690 686 687
f 690 687 691
f 691 687 688
f 691 688 692
f 692 688 652
f 692 652 651
f 579 577 689
f 579 689 693
f 693 689 690
f 693 690 694
f 694 690 691
f 694 691 695
f 695 691 692
f 695 692 696
f 696 692 651
f 696 651 650
f 581 579 693
f 581 693 697
f 697 693 694
f 697 694 698
f 698 694 695
f 698 695 699
f 699 695 696
f 699 696 700
f 700 696 650
f 700 650 649
f 583 581 697
f 583 697 701
f 701 697 698
f 701 698 702
f 702 698 699
f 702 699 703
f 703 699 700
f 703 700 704
f 704 700 649
f 704 649 648
f 585 583 701
f 585 701 705
f 705 701 702
f 705 702 706
f 706 702 703
f 706 703 707
f 707 703 704
f 707 704 708
f 708 704 648
f 708 648 647
f 587 585 705
f 587 705 709
f 709 705 706
f 709 706 710
f 710 706 707
f 710 707 711
f 711 707 708
f 711 708 712
f 712 708 647
f 712 647 646
f 589 587 709
f 589 709 713
f 713 709 710
f 713 710 714
f 714 710 711
f 714 711 715
f 715 711 712
f 715 712 716
f 716 712 646
f 716 646 645
f 591 589 713
f 591 713 717
f 717 713 714
f 717 714 718
f 718 714 715
f 718 715 719
f 719 715 716
f 719 716 720
f 720 716 645
f 720 645 644
f 593 591 717
f 593 717 721
f 721 717 718
f 721 718 722
f 722 718 719
f 722 719 723
f 723 719 720
f 723 720 724
f 724 720 644
f 724 644 643
f 595 593 721
f 595 721 725
f 725 721 722
f 725 722 726
f 726 722 723
f 726 723 727
f 727 723 724
f 727 724 728
f 728 724 643
f 728 643 642
f 597 595 725
f 597 725 729
f 729 725 726
f 729 726 730
f 730 726 727
f 730 727 731
f 731 727 728
f 731 728 732
f 732 728 642
f 732 642 641
f 599 597 729
f 599 729 733
f 733 729 730
f 733 730 734
f 734 730 731
f 734 731 735
f 735 731 732
f 735 732 736
f 736 732 641
f 736 641 640
f 601 599 733
f 601 733 737
f 737 733 734
f 737 734 738
f 738 734 735
f 738 735 739
f 739 735 736
f 739 736 740
f 740 736 640
f 740 640 639
f 603 601 737
f 603 737 741
f 741 737 738
f 741 738 742
f 742 738 739
f 742 739 743
f 743 739 740
f 743 740 744
f 744 740 639
f 744 639 638
f 605 603 741
f 605 741 745
f 745 741 742
f 745 742 746
f 746 742 743
f 746 743 747
f 747 743 744
f 747 744 748
f 748 744 638
f 748 638 637
f 607 605 745
f 607 745 749
f 749 745 746
f 749 746 750
f 750 746 747
f 750 747 751
f 751 747 748
f 751 748 752
f 752 748 637
f 752 637 636
f 609 607 749
f 609 749 753
f 753 749 750
f 753 750 754
f 754 750 751
f 754 751 755
f 755 751 752
f 755 752 756
f 756 752 636
f 756 636 635
f 611 609 753
f 611 753 757
f 757 753 754
f 757 754 758
f 758 754 755
f 758 755 759
f 759 755 756
f 759 756 760
f 760 756 635
f 760 635 634
f 613 611 757
f 613 757 761
f 761 757 758
f 761 758 762
f 762 758 759
f 762 759 763
f 763 759 760
f 763 760 764
f 764 760 634
f 764 634 633
f 615 613 761
f 615 761 765
f 765 761 762
f 765 762 766
f 766 762 763
f 766 763 767
f 767 763 764
f 767 764 768
f 768 764 633
f 768 633 632
f 617 615 765
f 617 765 769
f 769 765 766
f 769 766 770
f 770 766 767
f 770 767 771
f 771 767 768
f 771 768 772
f 772 768 632
f 772 632 631
f 619 617 769
f 619 769 773
f 773 769 770
f 773 770 774
f 774 770 771
f 774 771 775
f 775 771 772
f 775 772 776
f 776 772 631
f 776 631 630
f 621 619 773
f 621 773 777
f 777 773 774
f 777 774 778
f 778 774 775
f 778 775 779
f 779 775 776
f 779 776 780
f 780 776 630
f 780 630 629
f 564 621 777
f 564 777 781
f 781 777 778
f 781 778 782
f 782 778 779
f 782 779 783
f 783 779 780
f 783 780 784
f 784 780 629
f 784 629 628
f 561 564 781
f 561 781 657
f 657 781 782
f 657 782 659
f 659 782 783
f 659 783 661
f 661 783 784
f 661 784 663
f 663 784 628
f 663 628 626
f 562 561 624
f 562 624 623
f 785 786 787
f 785 787 788
f 789 790 791
f 789 791 792
f 792 791 793
f 792 793 794
f 794 793 795
f 794 795 796
f 796 795 797
f 796 797 798
f 798 797 799
f 798 799 800
f 800 799 801
f 800 801 802
f 802 801 803
f 802 803 804
f 804 803 805
f 804 805 806
f 806 805 807
f 806 807 808
f 808 807 809
f 808 809 810
f 810 809 811
f 810 811 812
f 812 811 813
f 812 813 814
f 814 813 815
f 814 815 816
f 816 815 817
f 816 817 818
f 818 817 819
f 818 819 820
f 820 819 821
f 820 821 822
f 822 821 823
f 822 823 824
f 824 823 825
f 824 825 826
f 826 825 827
f 826 827 828
f 828 827 829
f 828 829 830
f 830 829 831
f 830 831 832
f 832 831 833
f 832 833 834
f 834 833 835
f 834 835 836
f 836 835 837
f 836 837 838
f 838 837 839
f 838 839 840
f 840 839 841
f 840 841 842
f 842 841 843
f 842 843 844
f 844 843 845
f 844 845 846
f 846 845 788
f 846 788 787
f 847 848 790
f 847 790 789
f 849 850 851
f 850 852 853
f 853 854 855
f 855 856 857
f 857 858 859
f 859 860 861
f 861 862 863
f 863 864 865
f 865 866 867
f 867 868 869
f 869 870 871
f 871 872 873
f 873 874 875
f 875 876 877
f 877 878 879
f 879 880 851
f 850 853 851
f 853 855 857
f 857 859 861
f 861 863 865
f 865 867 869
f 869 871 873
f 873 875 877
f 877 879 851
f 853 857 851
f 857 861 865
f 865 869 873
f 873 877 851
f 857 865 851
f 865 873 851
f 786 847 787
f 847 789 792
f 792 794 796
f 796 798 800
f 800 802 804
f 804 806 808
f 808 810 812
f 812 814 816
f 816 818 820
f 820 822 824
f 824 826 828
f 828 830 832
f 832 834 836
f 836 838 840
f 840 842 844
f 844 846 787
f 847 792 787
f 792 796 800
f 800 804 808
f 808 812 816
f 816 820 824
f 824 828 832
f 832 836 840
f 840 844 787
f 792 800 787
f 800 808 816
f 816 824 832
f 832 840 787
f 800 816 787
f 816 832 787
f 848 785 881
f 848 881 882
f 882 881 883
f 882 883 884
f 884 883 885
f 884 885 886
f 886 885 887
f 886 887 888
f 888 887 850
f 888 850 849
f 790 848 882
f 790 882 889
f 889 882 884
f 889 884 890
f 890 884 886
f 890 886 891
f 891 886 888
f 891 888 892
f 892 888 849
f 892 849 851
f 791 790 889
f 791 889 893
f 893 889 890
f 893 890 894
f 894 890 891
f 894 891 895
f 895 891 892
f 895 892 896
f 896 892 851
f 896 851 880
f 793 791 893
f 793 893 897
f 897 893 894
f 897 894 898
f 898 894 895
f 898 895 899
f 899 895 896
f 899 896 900
f 900 896 880
f 900 880 879
f 795 793 897
f 795 897 901
f 901 897 898
f 901 898 902
f 902 898 899
f 902 899 903
f 903 899 900
f 903 900 904
f 904 900 879
f 904 879 878
f 797 795 901
f 797 901 905
f 905 901 902
f 905 902 906
f 906 902 903
f 906 903 907
f 907 903 904
f 907 904 908
f 908 904 878
f 908 878 877
f 799 797 905
f 799 905 909
f 909 905 906
f 909 906 910
f 910 906 907
f 910 907 911
f 911 907 908
f 911 908 912
f 912 908 877
f 912 877 876
f 801 799 909
f 801 909 913
f 913 909 910
f 913 910 914
f 914 910 911
f 914 911 915
f 915 911 912
f 915 912 916
f 916 912 876
f 916 876 875
f 803 801 913
f 803 913 917
f 917 913 914
f 917 914 918
f 918 914 915
f 918 915 919
f 919 915 916
f 919 916 920
f 920 916 875
f 920 875 874
f 805 803 917
f 805 917 921
f 921 917 918
f 921 918 922
f 922 918 919
f 922 919 923
f 923 919 920
f 923 920 924
f 924 920 874
f 924 874 873
f 807 805 921
f 807 921 925
f 925 921 922
f 925 922 926
f 926 922 923
f 926 923 927
f 927 923 924
f 927 924 928
f 928 924 873
f 928 873 872
f 809 807 925
f 809 925 929
f 929 925 926
f 929 926 930
f 930 926 927
f 930 927 931
f 931 927 928
f 931 928 932
f 932 928 872
f 932 872 871
f 811 809 929
f 811 929 933
f 933 929 930
f 933 930 934
f 934 930 931
f 934 931 935
f 935 931 932
f 935 932 936
f 936 932 871
f 936 871 870
f 813 811 933
f 813 933 937
f 937 933 934
f 937 934 938
f 938 934 935
f 938 935 939
f 939 935 936
f 939 936 940
f 940 936 870
f 940 870 869
f 815 813 937
f 815 937 941
f 941 937 938
f 941 938 942
f 942 938 939
f 942 939 943
f 943 939 940
f 943 940 944
f 944 940 869
f 944 869 868
f 817 815 941
f 817 941 945
f 945 941 942
f 945 942 946
f 946 942 943
f 946 943 947
f 947 943 944
f 947 944 948
f 948 944 868
f 948 868 867
f 819 817 945
f 819 945 949
f 949 945 946
f 949 946 950
f 950 946 947
f 950 947 951
f 951 947 948
f 951 948 952
f 952 948 867
f 952 867 866
f 821 819 949
f 821 949 953
f 953 949 950
f 953 950 954
f 954 950 951
f 954 951 955
f 955 951 952
f 955 952 956
f 956 952 866
f 956 866 865
f 823 821 953
f 823 953 957
f 957 953 954
f 957 954 958
f 958 954 955
f 958 955 959
f 959 955 956
f 959 956 960
f 960 956 865
f 960 865 864
f 825 823 957
f 825 957 961
f 961 957 958
f 961 958 962
f 962 958 959
f 962 959 963
f 963 959 960
f 963 960 964
f 964 960 864
f 964 864 863
f 827 825 961
f 827 961 965
f 965 961 962
f 965 962 966
f 966 962 963
f 966 963 967
f 967 963 964
f 967 964 968
f 968 964 863
f 968 863 862
f 829 827 965
f 829 965 969
f 969 965 966
f 969 966 970
f 970 966 967
f 970 967 971
f 971 967 968
f 971 968 972
f 972 968 862
f 972 862 861
f 831 829 969
f 831 969 973
f 973 969 970
f 973 970 974
f 974 970 971
f 974 971 975
f 975 971 972
f 975 972 976
f 976 972 861
f 976 861 860
f 833 831 973
f 833 973 977
f 977 973 974
f 977 974 978
f 978 974 975
f 978 975 979
f 979 975 976
f 979 976 980
f 980 976 860
f 980 860 859
f 835 833 977
f 835 977 981
f 981 977 978
f 981 978 982
f 982 978 979
f 982 979 983
f 983 979 980
f 983 980 984
f 984 980 859
f 984 859 858
f 837 835 981
f 837 981 985
f 985 981 982
f 985 982 986
f 986 982 983
f 986 983 987
f 987 983 984
f 987 984 988
f 988 984 858
f 988 858 857
f 839 837 985
f 839 985 989
f 989 985 986
f 989 986 990
f 990 986 987
f 990 987 991
f 991 987 988
f 991 988 992
f 992 988 857
f 992 857 856
f 841 839 989
f 841 989 993
f 993 989 990
f 993 990 994
f 994 990 991
f 994 991 995
f 995 991 992
f 995 992 996
f 996 992 856
f 996 856 855
f 843 841 993
f 843 993 997
f 997 993 994
f 997 994 998
f 998 994 995
f 998 995 999
f 999 995 996
f 999 996 1000
f 1000 996 855
f 1000 855 854
f 845 843 997
f 845 997 1001
f 1001 997 998
f 1001 998 1002
f 1002 998 999
f 1002 999 1003
f 1003 999 1000
f 1003 1000 1004
f 1004 1000 854
f 1004 854 853
f 788 845 1001
f 788 1001 1005
f 1005 1001 1002
f 1005 1002 1006
f 1006 1002 1003
f 1006 1003 1007
f 1007 1003 1004
f 1007 1004 1008
f 1008 1004 853
f 1008 853 852
f 785 788 1005
f 785 1005 881
f 881 1005 1006
f 881 1006 883
f 883 1006 1007
f 883 1007 885
f 885 1007 1008
f 885 1008 887
f 887 1008 852
f 887 852 850
f 786 785 848
f 786 848 847
f 1009 1010 1011
f 1009 1011 1012
f 1013 1014 1015
f 1013 1015 1016
f 1016 1015 1017
f 1016 1017 1018
f 1018 1017 1019
f 1018 1019 1020
f 1020 1019 1021
f 1020 1021 1022
f 1022 1021 1023
f 1022 1023 1024
f 1024 1023 1025
f 1024 1025 1026
f 1026 1025 1027
f 1026 1027 1028
f 1028 1027 1029
f 1028 1029 1030
f 1030 1029 1031
f 1030 1031 1032
f 1032 1031 1033
f 1032 1033 1034
f 1034 1033 1035
f 1034 1035 1036
f 1036 1035 1037
f 1036 1037 1038
f 1038 1037 1039
f 1038 1039 1040
f 1040 1039 1041
f 1040 1041 1042
f 1042 1041 1043
f 1042 1043 1044
f 1044 1043 1045
f 1044 1045 1046
f 1046 1045 1047
f 1046 1047 1048
f 1048 1047 1049
f 1048 1049 1050
f 1050 1049 1051
f 1050 1051 1052
f 1052 1051 1053
f 1052 1053 1054
f 1054 1053 1055
f 1054 1055 1056
f 1056 1055 1057
f 1056 1057 1058
f 1058 1057 1059
f 1058 1059 1060
f 1060 1059 1061
f 1060 1061 1062
f 1062 1061 1063
f 1062 1063 1064
f 1064 1063 1065
f 1064 1065 1066
f 1066 1065 1067
f 1066 1067 1068
f 1068 1067 1069
f 1068 1069 1070
f 1070 1069 1010
f 1070 1010 1009
f 1071 1072 1014
f 1071 1014 1013
f 1073 1074 1075
f 1074 1076 1077
f 1077 1078 1079
f 1079 1080 1081
f 1081 1082 1083
f 1083 1084 1085
f 1085 1086 1087
f 1087 1088 1089
f 1089 1090 1091
f 1091 1092 1093
f 1093 1094 1095
f 1095 1096 1097
f 1097 1098 1099
f 1099 1100 1101
f 1101 1102 1103
f 1103 1104 1075
f 1074 1077 1075
f 1077 1079 1081
f 1081 1083 1085
f 1085 1087 1089
f 1089 1091 1093
f 1093 1095 1097
f 1097 1099 1101
f 1101 1103 1075
f 1077 1081 1075
f 1081 1085 1089
f 1089 1093 1097
f 1097 1101 1075
f 1081 1089 1075
f 1089 1097 1075
f 1012 1071 1009
f 1071 1013 1016
f 1016 1018 1020
f 1020 1022 1024
f 1024 1026 1028
f 1028 1030 1032
f 1032 1034 1036
f 1036 1038 1040
f 1040 1042 1044
f 1044 1046 1048
f 1048 1050 1052
f 1052 1054 1056
f 1056 1058 1060
f 1060 1062 1064
f 1064 1066 1068
f 1068 1070 1009
f 1071 1016 1009
f 1016 1020 1024
f 1024 1028 1032
f 1032 1036 1040
f 1040 1044 1048
f 1048 1052 1056
f 1056 1060 1064
f 1064 1068 1009
f 1016 1024 1009
f 1024 1032 1040
f 1040 1048 1056
f 1056 1064 1009
f 1024 1040 1009
f 1040 1056 1009
f 1072 1011 1105
f 1072 1105 1106
f 1106 1105 1107
f 1106 1107 1108
f 1108 1107 1109
f 1108 1109 1110
f 1110 1109 1111
f 1110 1111 1112
f 1112 1111 1074
f 1112 1074 1073
f 1014 1072 1106
f 1014 1106 1113
f 1113 1106 1108
f 1113 1108 1114
f 1114 1108 1110
f 1114 1110 1115
f 1115 1110 1112
f 1115 1112 1116
f 1116 1112 1073
f 1116 1073 1075
f 1015 1014 1113
f 1015 1113 1117
f 1117 1113 1114
f 1117 1114 1118
f 1118 1114 1115
f 1118 1115 1119
f 1119 1115 1116
f 1119 1116 1120
f 1120 1116 1075
f 1120 1075 1104
f 1017 1015 1117
f 1017 1117 1121
f 1121 1117 1118
f 1121 1118 1122
f 1122 1118 1119
f 1122 1119 1123
f 1123 1119 1120
f 1123 1120 1124
f 1124 1120 1104
f 1124 1104 1103
f 1019 1017 1121
f 1019 1121 1125
f 1125 1121 1122
f 1125 1122 1126
f 1126 1122 1123
f 1126 1123 1127
f 1127 1123 1124
f 1127 1124 1128
f 1128 1124 1103
f 1128 1103 1102
f 1021 1019 1125
f 1021 1125 1129
f 1129 1125 1126
f 1129 1126 1130
f 1130 1126 1127
f 1130 1127 1131
f 1131 1127 1128
f 1131 1128 1132
f 1132 1128 1102
f 1132 1102 1101
f 1023 1021 1129
f 1023 1129 1133
f 1133 1129 1130
f 1133 1130 1134
f 1134 1130 1131
f 1134 1131 1135
f 1135 1131 1132
f 1135 1132 1136
f 1136 1132 1101
f 1136 1101 1100
f 1025 1023 1133
f 1025 1133 1137
f 1137 1133 1134
f 1137 1134 1138
f 1138 1134 1135
f 1138 1135 1139
f 1139 1135 1136
f 1139 1136 1140
f 1140 1136 1100
f 1140 1100 1099
f 1027 1025 1137
f 1027 1137 1141
f 1141 1137 1138
f 1141 1138 1142
f 1142 1138 1139
f 1142 1139 1143
f 1143 1139 1140
f 1143 1140 1144
f 1144 1140 1099
f 1144 1099 1098
f 1029 1027 1141
f 1029 1141 1145
f 1145 1141 1142
f 1145 1142 1146
f 1146 1142 1143
f 1146 1143 1147
f 1147 1143 1144
f 1147 1144 1148
f 1148 1144 1098
f 1148 1098 1097
f 1031 1029 1145
f 1031 1145 1149
f 1149 1145 1146
f 1149 1146 1150
f 1150 1146 1147
f 1150 1147 1151
f 1151 1147 1148
f 1151 1148 1152
f 1152 1148 1097
f 1152 1097 1096
f 1033 1031 1149
f 1033 1149 1153
f 1153 1149 1150
f 1153 1150 1154
f 1154 1150 1151
f 1154 1151 1155
f 1155 1151 1152
f 1155 1152 1156
f 1156 1152 1096
f 1156 1096 1095
f 1035 1033 1153
f 1035 1153 1157
f 1157 1153 1154
f 1157 1154 1158
f 1158 1154 1155
f 1158 1155 1159
f 1159 1155 1156
f 1159 1156 1160
f 1160 1156 1095
f 1160 1095 1094
f 1037 1035 1157
f 1037 1157 1161
f 1161 1157 1158
f 1161 1158 1162
f 1162 1158 1159
f 1162 1159 1163
f 1163 1159 1160
f 1163 1160 1164
f 1164 1160 1094
f 1164 1094 1093
f 1039 1037 1161
f 1039 1161 1165
f 1165 1161 1162
f 1165 1162 1166
f 1166 1162 1163
f 1166 1163 1167
f 1167 1163 1164
f 1167 1164 1168
f 1168 1164 1093
f 1168 1093 1092
f 1041 1039 1165
f 1041 1165 1169
f 1169 1165 1166
f 1169 1166 1170
f 1170 1166 1167
f 1170 1167 1171
f 1171 1167 1168
f 1171 1168 1172
f 1172 1168 1092
f 1172 1092 1091
f 1043 1041 1169
f 1043 1169 1173
f 1173 1169 1170
f 1173 1170 1174
f 1174 1170 1171
f 1174 1171 1175
f 1175 1171 1172
f 1175 1172 1176
f 1176 1172 1091
f 1176 1091 1090
f 1045 1043 1173
f 1045 1173 1177
f 1177 1173 1174
f 1177 1174 1178
f 1178 1174 1175
f 1178 1175 1179
f 1179 1175 1176
f 1179 1176 1180
f 1180 1176 1090
f 1180 1090 1089
f 1047 1045 1177
f 1047 1177 1181
f 1181 1177 1178
f 1181 1178 1182
f 1182 1178 1179
f 1182 1179 1183
f 1183 1179 1180
f 1183 1180 1184
f 1184 1180 1089
f 1184 1089 1088
f 1049 1047 1181
f 1049 1181 1185
f 1185 1181 1182
f 1185 1182 1186
f 1186 1182 1183
f 1186 1183 1187
f 1187 1183 1184
f 1187 1184 1188
f 1188 1184 1088
f 1188 1088 1087
f 1051 1049 1185
f 1051 1185 1189
f 1189 1185 1186
f 1189 1186 1190
f 1190 1186 1187
f 1190 1187 1191
f 1191 1187 1188
f 1191 1188 1192
f 1192 1188 1087
f 1192 1087 1086
f 1053 1051 1189
f 1053 1189 1193
f 1193 1189 1190
f 1193 1190 1194
f 1194 1190 1191
f 1194 1191 1195
f 1195 1191 1192
f 1195 1192 1196
f 1196 1192 1086
f 1196 1086 1085
f 1055 1053 1193
f 1055 1193 1197
f 1197 1193 1194
f 1197 1194 1198
f 1198 1194 1195
f 1198 1195 1199
f 1199 1195 1196
f 1199 1196 1200
f 1200 1196 1085
f 1200 1085 1084
f 1057 1055 1197
f 1057 1197 1201
f 1201 1197 1198
f 1201 1198 1202
f 1202 1198 1199
f 1202 1199 1203
f 1203 1199 1200
f 1203 1200 1204
f 1204 1200 1084
f 1204 1084 1083
f 1059 1057 1201
f 1059 1201 1205
f 1205 1201 1202
f 1205 1202 1206
f 1206 1202 1203
f 1206 1203 1207
f 1207 1203 1204
f 1207 1204 1208
f 1208 1204 1083
f 1208 1083 1082
f 1061 1059 1205
f 1061 1205 1209
f 1209 1205 1206
f 1209 1206 1210
f 1210 1206 1207
f 1210 1207 1211
f 1211 1207 1208
f 1211 1208 1212
f 1212 1208 1082
f 1212 1082 1081
f 1063 1061 1209
f 1063 1209 1213
f 1213 1209 1210
f 1213 1210 1214
f 1214 1210 1211
f 1214 1211 1215
f 1215 1211 1212
f 1215 1212 1216
f 1216 1212 1081
f 1216 1081 1080
f 1065 1063 1213
f 1065 1213 1217
f 1217 1213 1214
f 1217 1214 1218
f 1218 1214 1215
f 1218 1215 1219
f 1219 1215 1216
f 1219 1216 1220
f 1220 1216 1080
f 1220 1080 1079
f 1067 1065 1217
f 1067 1217 1221
f 1221 1217 1218
f 1221 1218 1222
f 1222 1218 1219
f 1222 1219 1223
f 1223 1219 1220
f 1223 1220 1224
f 1224 1220 1079
f 1224 1079 1078
f 1069 1067 1221
f 1069 1221 1225
f 1225 1221 1222
f 1225 1222 1226
f 1226 1222 1223
f 1226 1223 1227
f 1227 1223 1224
f 1227 1224 1228
f 1228 1224 1078
f 1228 1078 1077
f 1010 1069 1225
f 1010 1225 1229
f 1229 1225 1226
f 1229 1226 1230
f 1230 1226 1227
f 1230 1227 1231
f 1231 1227 1228
f 1231 1228 1232
f 1232 1228 1077
f 1232 1077 1076
f 1011 1010 1229
f 1011 1229 1105
f 1105 1229 1230
f 1105 1230 1107
f 1107 1230 1231
f 1107 1231 1109
f 1109 1231 1232
f 1109 1232 1111
f 1111 1232 1076
f 1111 1076 1074
f 1012 1011 1072
f 1012 1072 1071
f 1233 1234 1235
f 1233 1235 1236
f 1237 1238 1239
f 1237 1239 1240
f 1238 1241 1242
f 1238 1242 1239
f 1241 1243 1244
f 1241 1244 1242
f 1243 1245 1246
f 1243 1246 1244
f 1245 1247 1248
f 1245 1248 1246
f 1247 1249 1250
f 1247 1250 1248
f 1249 1251 1252
f 1249 1252 1250
f 1251 1253 1254
f 1251 1254 1252
f 1253 1255 1256
f 1253 1256 1254
f 1255 1257 1258
f 1255 1258 1256
f 1257 1259 1260
f 1257 1260 1258
f 1259 1261 1262
f 1259 1262 1260
f 1261 1263 1264
f 1261 1264 1262
f 1263 1265 1266
f 1263 1266 1264
f 1265 1267 1268
f 1265 1268 1266
f 1267 1269 1270
f 1267 1270 1268
f 1269 1271 1272
f 1269 1272 1270
f 1271 1273 1274
f 1271 1274 1272
f 1273 1275 1276
f 1273 1276 1274
f 1275 1277 1278
f 1275 1278 1276
f 1277 1279 1280
f 1277 1280 1278
f 1279 1281 1282
f 1279 1282 1280
f 1281 1283 1284
f 1281 1284 1282
f 1283 1285 1286
f 1283 1286 1284
f 1285 1287 1288
f 1285 1288 1286
f 1287 1289 1290
f 1287 1290 1288
f 1289 1291 1292
f 1289 1292 1290
f 1291 1293 1294
f 1291 1294 1292
f 1293 1233 1236
f 1293 1236 1294
f 1295 1237 1240
f 1295 1240 1296
f 1297 1298 1299
f 1298 1300 1301
f 1301 1302 1303
f 1303 1304 1305
f 1305 1306 1307
f 1307 1308 1309
f 1309 1310 1311
f 1311 1312 1313
f 1313 1314 1315
f 1315 1316 1317
f 1317 1318 1319
f 1319 1320 1321
f 1321 1322 1323
f 1323 1324 1325
f 1325 1326 1327
f 1327 1328 1299
f 1298 1301 1299
f 1301 1303 1305
f 1305 1307 1309
f 1309 1311 1313
f 1313 1315 1317
f 1317 1319 1321
f 1321 1323 1325
f 1325 1327 1299
f 1301 1305 1299
f 1305 1309 1313
f 1313 1317 1321
f 1321 1325 1299
f 1305 1313 1299
f 1313 1321 1299
f 1234 1233 1295
f 1233 1293 1291
f 1291 1289 1287
f 1287 1285 1283
f 1283 1281 1279
f 1279 1277 1275
f 1275 1273 1271
f 1271 1269 1267
f 1267 1265 1263
f 1263 1261 1259
f 1259 1257 1255
f 1255 1253 1251
f 1251 1249 1247
f 1247 1245 1243
f 1243 1241 1238
f 1238 1237 1295
f 1233 1291 1295
f 1291 1287 1283
f 1283 1279 1275
f 1275 1271 1267
f 1267 1263 1259
f 1259 1255 1251
f 1251 1247 1243
f 1243 1238 1295
f 1291 1283 1295
f 1283 1275 1267
f 1267 1259 1251
f 1251 1243 1295
f 1283 1267 1295
f 1267 1251 1295
f 1296 1329 1330
f 1296 1330 1235
f 1329 1331 1332
f 1329 1332 1330
f 1331 1333 1334
f 1331 1334 1332
f 1333 1335 1336
f 1333 1336 1334
f 1335 1297 1299
f 1335 1299 1336
f 1240 1337 1329
f 1240 1329 1296
f 1337 1338 1331
f 1337 1331 1329
f 1338 1339 1333
f 1338 1333 1331
f 1339 1340 1335
f 1339 1335 1333
f 1340 1298 1297
f 1340 1297 1335
f 1239 1341 1337
f 1239 1337 1240
f 1341 1342 1338
f 1341 1338 1337
f 1342 1343 1339
f 1342 1339 1338
f 1343 1344 1340
f 1343 1340 1339
f 1344 1300 1298
f 1344 1298 1340
f 1242 1345 1341
f 1242 1341 1239
f 1345 1346 1342
f 1345 1342 1341
f 1346 1347 1343
f 1346 1343 1342
f 1347 1348 1344
f 1347 1344 1343
f 1348 1301 1300
f 1348 1300 1344
f 1244 1349 1345
f 1244 1345 1242
f 1349 1350 1346
f 1349 1346 1345
f 1350 1351 1347
f 1350 1347 1346
f 1351 1352 1348
f 1351 1348 1347
f 1352 1302 1301
f 1352 1301 1348
f 1246 1353 1349
f 1246 1349 1244
f 1353 1354 1350
f 1353 1350 1349
f 1354 1355 1351
f 1354 1351 1350
f 1355 1356 1352
f 1355 1352 1351
f 1356 1303 1302
f 1356 1302 1352
f 1248 1357 1353
f 1248 1353 1246
f 1357 1358 1354
f 1357 1354 1353
f 1358 1359 1355
f 1358 1355 1354
f 1359 1360 1356
f 1359 1356 1355
f 1360 1304 1303
f 1360 1303 1356
f 1250 1361 1357
f 1250 1357 1248
f 1361 1362 1358
f 1361 1358 1357
f 1362 1363 1359
f 1362 1359 1358
f 1363 1364 1360
f 1363 1360 1359
f 1364 1305 1304
f 1364 1304 1360
f 1252 1365 1361
f 1252 1361 1250
f 1365 1366 1362
f 1365 1362 1361
f 1366 1367 1363
f 1366 1363 1362
f 1367 1368 1364
f 1367 1364 1363
f 1368 1306 1305
f 1368 1305 1364
f 1254 1369 1365
f 1254 1365 1252
f 1369 1370 1366
f 1369 1366 1365
f 1370 1371 1367
f 1370 1367 1366
f 1371 1372 1368
f 1371 1368 1367
f 1372 1307 1306
f 1372 1306 1368
f 1256 1373 1369
f 1256 1369 1254
f 1373 1374 1370
f 1373 1370 1369
f 1374 1375 1371
f 1374 1371 1370
f 1375 1376 1372
f 1375 1372 1371
f 1376 1308 1307
f 1376 1307 1372
f 1258 1377 1373
f 1258 1373 1256
f 1377 1378 1374
f 1377 1374 1373
f 1378 1379 1375
f 1378 1375 1374
f 1379 1380 1376
f 1379 1376 1375
f 1380 1309 1308
f 1380 1308 1376
f 1260 1381 1377
f 1260 1377 1258
f 1381 1382 1378
f 1381 1378 1377
f 1382 1383 1379
f 1382 1379 1378
f 1383 1384 1380
f 1383 1380 1379
f 1384 1310 1309
f 1384 1309 1380
f 1262 1385 1381
f 1262 1381 1260
f 1385 1386 1382
f 1385 1382 1381
f 1386 1387 1383
f 1386 1383 1382
f 1387 1388 1384
f 1387 1384 1383
f 1388 1311 1310
f 1388 1310 1384
f 1264 1389 1385
f 1264 1385 1262
f 1389 1390 1386
f 1389 1386 1385
f 1390 1391 1387
f 1390 1387 1386
f 1391 1392 1388
f 1391 1388 1387
f 1392 1312 1311
f 1392 1311 1388
f 1266 1393 1389
f 1266 1389 1264
f 1393 1394 1390
f 1393 1390 1389
f 1394 1395 1391
f 1394 1391 1390
f 1395 1396 1392
f 1395 1392 1391
f 1396 1313 1312
f 1396 1312 1392
f 1268 1397 1393
f 1268 1393 1266
f 1397 1398 1394
f 1397 1394 1393
f 1398 1399 1395
f 1398 1395 1394
f 1399 1400 1396
f 1399 1396 1395
f 1400 1314 1313
f 1400 1313 1396
f 1270 1401 1397
f 1270 1397 1268
f 1401 1402 1398
f 1401 1398 1397
f 1402 1403 1399
f 1402 1399 1398
f 1403 1404 1400
f 1403 1400 1399
f 1404 1315 1314
f 1404 1314 1400
f 1272 1405 1401
f 1272 1401 1270
f 1405 1406 1402
f 1405 1402 1401
f 1406 1407 1403
f 1406 1403 1402
f 1407 1408 1404
f 1407 1404 1403
f 1408 1316 1315
f 1408 1315 1404
f 1274 1409 1405
f 1274 1405 1272
f 1409 1410 1406
f 1409 1406 1405
f 1410 1411 1407
f 1410 1407 1406
f 1411 1412 1408
f 1411 1408 1407
f 1412 1317 1316
f 1412 1316 1408
f 1276 1413 1409
f 1276 1409 1274
f 1413 1414 1410
f 1413 1410 1409
f 1414 1415 1411
f 1414 1411 1410
f 1415 1416 1412
f 1415 1412 1411
f 1416 1318 1317
f 1416 1317 1412
f 1278 1417 1413
f 1278 1413 1276
f 1417 1418 1414
f 1417 1414 1413
f 1418 1419 1415
f 1418 1415 1414
f 1419 1420 1416
f 1419 1416 1415
f 1420 1319 1318
f 1420 1318 1416
f 1280 1421 1417
f 1280 1417 1278
f 1421 1422 1418
f 1421 1418 1417
f 1422 1423 1419
f 1422 1419 1418
f 1423 1424 1420
f 1423 1420 1419
f 1424 1320 1319
f 1424 1319 1420
f 1282 1425 1421
f 1282 1421 1280
f 1425 1426 1422
f 1425 1422 1421
f 1426 1427 1423
f 1426 1423 1422
f 1427 1428 1424
f 1427 1424 1423
f 1428 1321 1320
f 1428 1320 1424
f 1284 1429 1425
f 1284 1425 1282
f 1429 1430 1426
f 1429 1426 1425
f 1430 1431 1427
f 1430 1427 1426
f 1431 1432 1428
f 1431 1428 1427
f 1432 1322 1321
f 1432 1321 1428
f 1286 1433 1429
f 1286 1429 1284
f 1433 1434 1430
f 1433 1430 1429
f 1434 1435 1431
f 1434 1431 1430
f 1435 1436 1432
f 1435 1432 1431
f 1436 1323 1322
f 1436 1322 1432
f 1288 1437 1433
f 1288 1433 1286
f 1437 1438 1434
f 1437 1434 1433
f 1438 1439 1435
f 1438 1435 1434
f 1439 1440 1436
f 1439 1436 1435
f 1440 1324 1323
f 1440 1323 1436
f 1290 1441 1437
f 1290 1437 1288
f 1441 1442 1438
f 1441 1438 1437
f 1442 1443 1439
f 1442 1439 1438
f 1443 1444 1440
f 1443 1440 1439
f 1444 1325 1324
f 1444 1324 1440
f 1292 1445 1441
f 1292 1441 1290
f 1445 1446 1442
f 1445 1442 1441
f 1446 1447 1443
f 1446 1443 1442
f 1447 1448 1444
f 1447 1444 1443
f 1448 1326 1325
f 1448 1325 1444
f 1294 1449 1445
f 1294 1445 1292
f 1449 1450 1446
f 1449 1446 1445
f 1450 1451 1447
f 1450 1447 1446
f 1451 1452 1448
f 1451 1448 1447
f 1452 1327 1326
f 1452 1326 1448
f 1236 1453 1449
f 1236 1449 1294
f 1453 1454 1450
f 1453 1450 1449
f 1454 1455 1451
f 1454 1451 1450
f 1455 1456 1452
f 1455 1452 1451
f 1456 1328 1327
f 1456 1327 1452
f 1235 1330 1453
f 1235 1453 1236
f 1330 1332 1454
f 1330 1454 1453
f 1332 1334 1455
f 1332 1455 1454
f 1334 1336 1456
f 1334 1456 1455
f 1336 1299 1328
f 1336 1328 1456
f 1234 1295 1296
f 1234 1296 1235
f 1457 1458 1459
f 1457 1459 1460
f 1461 1462 1463
f 1461 1463 1464
f 1462 1465 1466
f 1462 1466 1463
f 1465 1467 1468
f 1465 1468 1466
f 1467 1469 1470
f 1467 1470 1468
f 1469 1471 1472
f 1469 1472 1470
f 1471 1473 1474
f 1471 1474 1472
f 1473 1475 1476
f 1473 1476 1474
f 1475 1477 1478
f 1475 1478 1476
f 1477 1479 1480
f 1477 1480 1478
f 1479 1481 1482
f 1479 1482 1480
f 1481 1483 1484
f 1481 1484 1482
f 1483 1485 1486
f 1483 1486 1484
f 1485 1487 1488
f 1485 1488 1486
f 1487 1489 1490
f 1487 1490 1488
f 1489 1491 1492
f 1489 1492 1490
f 1491 1493 1494
f 1491 1494 1492
f 1493 1495 1496
f 1493 1496 1494
f 1495 1497 1498
f 1495 1498 1496
f 1497 1499 1500
f 1497 1500 1498
f 1499 1501 1502
f 1499 1502 1500
f 1501 1503 1504
f 1501 1504 1502
f 1503 1505 1506
f 1503 1506 1504
f 1505 1507 1508
f 1505 1508 1506
f 1507 1509 1510
f 1507 1510 1508
f 1509 1511 1512
f 1509 1512 1510
f 1511 1513 1514
f 1511 1514 1512
f 1513 1515 1516
f 1513 1516 1514
f 1515 1517 1518
f 1515 1518 1516
f 1517 1457 1460
f 1517 1460 1518
f 1519 1461 1464
f 1519 1464 1520
f 1521 1522 1523
f 1522 1524 1525
f 1525 1526 1527
f 1527 1528 1529
f 1529 1530 1531
f 1531 1532 1533
f 1533 1534 1535
f 1535 1536 1537
f 1537 1538 1539
f 1539 1540 1541
f 1541 1542 1543
f 1543 1544 1545
f 1545 1546 1547
f 1547 1548 1549
f 1549 1550 1551
f 1551 1552 1523
f 1522 1525 1523
f 1525 1527 1529
f 1529 1531 1533
f 1533 1535 1537
f 1537 1539 1541
f 1541 1543 1545
f 1545 1547 1549
f 1549 1551 1523
f 1525 1529 1523
f 1529 1533 1537
f 1537 1541 1545
f 1545 1549 1523
f 1529 1537 1523
f 1537 1545 1523
f 1458 1457 1519
f 1457 1517 1515
f 1515 1513 1511
f 1511 1509 1507
f 1507 1505 1503
f 1503 1501 1499
f 1499 1497 1495
f 1495 1493 1491
f 1491 1489 1487
f 1487 1485 1483
f 1483 1481 1479
f 1479 1477 1475
f 1475 1473 1471
f 1471 1469 1467
f 1467 1465 1462
f 1462 1461 1519
f 1457 1515 1519
f 1515 1511 1507
f 1507 1503 1499
f 1499 1495 1491
f 1491 1487 1483
f 1483 1479 1475
f 1475 1471 1467
f 1467 1462 1519
f 1515 1507 1519
f 1507 1499 1491
f 1491 1483 1475
f 1475 1467 1519
f 1507 1491 1519
f 1491 1475 1519
f 1520 1553 1554
f 1520 1554 1459
f 1553 1555 1556
f 1553 1556 1554
f 1555 1557 1558
f 1555 1558 1556
f 1557 1559 1560
f 1557 1560 1558
f 1559 1521 1523
f 1559 1523 1560
f 1464 1561 1553
f 1464 1553 1520
f 1561 1562 1555
f 1561 1555 1553
f 1562 1563 1557
f 1562 1557 1555
f 1563 1564 1559
f 1563 1559 1557
f 1564 1522 1521
f 1564 1521 1559
f 1463 1565 1561
f 1463 1561 1464
f 1565 1566 1562
f 1565 1562 1561
f 1566 1567 1563
f 1566 1563 1562
f 1567 1568 1564
f 1567 1564 1563
f 1568 1524 1522
f 1568 1522 1564
f 1466 1569 1565
f 1466 1565 1463
f 1569 1570 1566
f 1569 1566 1565
f 1570 1571 1567
f 1570 1567 1566
f 1571 1572 1568
f 1571 1568 1567
f 1572 1525 1524
f 1572 1524 1568
f 1468 1573 1569
f 1468 1569 1466
f 1573 1574 1570
f 1573 1570 1569
f 1574 1575 1571
f 1574 1571 1570
f 1575 1576 1572
f 1575 1572 1571
f 1576 1526 1525
f 1576 1525 1572
f 1470 1577 1573
f 1470 1573 1468
f 1577 1578 1574
f 1577 1574 1573
f 1578 1579 1575
f 1578 1575 1574
f 1579 1580 1576
f 1579 1576 1575
f 1580 1527 1526
f 1580 1526 1576
f 1472 1581 1577
f 1472 1577 1470
f 1581 1582 1578
f 1581 1578 1577
f 1582 1583 1579
f 1582 1579 1578
f 1583 1584 1580
f 1583 1580 1579
f 1584 1528 1527
f 1584 1527 1580
f 1474 1585 1581
f 1474 1581 1472
f 1585 1586 1582
f 1585 1582 1581
f 1586 1587 1583
f 1586 1583 1582
f 1587 1588 1584
f 1587 1584 1583
f 1588 1529 1528
f 1588 1528 1584
f 1476 1589 1585
f 1476 1585 1474
f 1589 1590 1586
f 1589 1586 1585
f 1590 1591 1587
f 1590 1587 1586
f 1591 1592 1588
f 1591 1588 1587
f 1592 1530 1529
f 1592 1529 1588
f 1478 1593 1589
f 1478 1589 1476
f 1593 1594 1590
f 1593 1590 1589
f 1594 1595 1591
f 1594 1591 1590
f 1595 1596 1592
f 1595 1592 1591
f 1596 1531 1530
f 1596 1530 1592
f 1480 1597 1593
f 1480 1593 1478
f 1597 1598 1594
f 1597 1594 1593
f 1598 1599 1595
f 1598 1595 1594
f 1599 1600 1596
f 1599 1596 1595
f 1600 1532 1531
f 1600 1531 1596
f 1482 1601 1597
f 1482 1597 1480
f 1601 1602 1598
f 1601 1598 1597
f 1602 1603 1599
f 1602 1599 1598
f 1603 1604 1600
f 1603 1600 1599
f 1604 1533 1532
f 1604 1532 1600
f 1484 1605 1601
f 1484 1601 1482
f 1605 1606 1602
f 1605 1602 1601
f 1606 1607 1603
f 1606 1603 1602
f 1607 1608 1604
f 1607 1604 1603
f 1608 1534 1533
f 1608 1533 1604
f 1486 1609 1605
f 1486 1605 1484
f 1609 1610 1606
f 1609 1606 1605
f 1610 1611 1607
f 1610 1607 1606
f 1611 1612 1608
f 1611 1608 1607
f 1612 1535 1534
f 1612 1534 1608
f 1488 1613 1609
f 1488 1609 1486
f 1613 1614 1610
f 1613 1610 1609
f 1614 1615 1611
f 1614 1611 1610
f 1615 1616 1612
f 1615 1612 1611
f 1616 1536 1535
f 1616 1535 1612
f 1490 1617 1613
f 1490 1613 1488
f 1617 1618 1614
f 1617 1614 1613
f 1618 1619 1615
f 1618 1615 1614
f 1619 1620 1616
f 1619 1616 1615
f 1620 1537 1536
f 1620 1536 1616
f 1492 1621 1617
f 1492 1617 1490
f 1621 1622 1618
f 1621 1618 1617
f 1622 1623 1619
f 1622 1619 1618
f 1623 1624 1620
f 1623 1620 1619
f 1624 1538 1537
f 1624 1537 1620
f 1494 1625 1621
f 1494 1621 1492
f 1625 1626 1622
f 1625 1622 1621
f 1626 1627 1623
f 1626 1623 1622
f 1627 1628 1624
f 1627 1624 1623
f 1628 1539 1538
f 1628 1538 1624
f 1496 1629 1625
f 1496 1625 1494
f 1629 1630 1626
f 1629 1626 1625
f 1630 1631 1627
f 1630 1627 1626
f 1631 1632 1628
f 1631 1628 1627
f 1632 1540 1539
f 1632 1539 1628
f 1498 1633 1629
f 1498 1629 1496
f 1633 1634 1630
f 1633 1630 1629
f 1634 1635 1631
f 1634 1631 1630
f 1635 1636 1632
f 1635 1632 1631
f 1636 1541 1540
f 1636 1540 1632
f 1500 1637 1633
f 1500 1633 1498
f 1637 1638 1634
f 1637 1634 1633
f 1638 1639 1635
f 1638 1635 1634
f 1639 1640 1636
f 1639 1636 1635
f 1640 1542 1541
f 1640 1541 1636
f 1502 1641 1637
f 1502 1637 1500
f 1641 1642 1638
f 1641 1638 1637
f 1642 1643 1639
f 1642 1639 1638
f 1643 1644 1640
f 1643 1640 1639
f 1644 1543 1542
f 1644 1542 1640
f 1504 1645 1641
f 1504 1641 1502
f 1645 1646 1642
f 1645 1642 1641
f 1646 1647 1643
f 1646 1643 1642
f 1647 1648 1644
f 1647 1644 1643
f 1648 1544 1543
f 1648 1543 1644
f 1506 1649 1645
f 1506 1645 1504
f 1649 1650 1646
f 1649 1646 1645
f 1650 1651 1647
f 1650 1647 1646
f 1651 1652 1648
f 1651 1648 1647
f 1652 1545 1544
f 1652 1544 1648
f 1508 1653 1649
f 1508 1649 1506
f 1653 1654 1650
f 1653 1650 1649
f 1654 1655 1651
f 1654 1651 1650
f 1655 1656 1652
f 1655 1652 1651
f 1656 1546 1545
f 1656 1545 1652
f 1510 1657 1653
f 1510 1653 1508
f 1657 1658 1654
f 1657 1654 1653
f 1658 1659 1655
f 1658 1655 1654
f 1659 1660 1656
f 1659 1656 1655
f 1660 1547 1546
f 1660 1546 1656
f 1512 1661 1657
f 1512 1657 1510
f 1661 1662 1658
f 1661 1658 1657
f 1662 1663 1659
f 1662 1659 1658
f 1663 1664 1660
f 1663 1660 1659
f 1664 1548 1547
f 1664 1547 1660
f 1514 1665 1661
f 1514 1661 1512
f 1665 1666 1662
f 1665 1662 1661
f 1666 1667 1663
f 1666 1663 1662
f 1667 1668 1664
f 1667 1664 1663
f 1668 1549 1548
f 1668 1548 1664
f 1516 1669 1665
f 1516 1665 1514
f 1669 1670 1666
f 1669 1666 1665
f 1670 1671 1667
f 1670 1667 1666
f 1671 1672 1668
f 1671 1668 1667
f 1672 1550 1549
f 1672 1549 1668
f 1518 1673 1669
f 1518 1669 1516
f 1673 1674 1670
f 1673 1670 1669
f 1674 1675 1671
f 1674 1671 1670
f 1675 1676 1672
f 1675 1672 1671
f 1676 1551 1550
f 1676 1550 1672
f 1460 1677 1673
f 1460 1673 1518
f 1677 1678 1674
f 1677 1674 1673
f 1678 1679 1675
f 1678 1675 1674
f 1679 1680 1676
f 1679 1676 1675
f 1680 1552 1551
f 1680 1551 1676
f 1459 1554 1677
f 1459 1677 1460
f 1554 1556 1678
f 1554 1678 1677
f 1556 1558 1679
f 1556 1679 1678
f 1558 1560 1680
f 1558 1680 1679
f 1560 1523 1552
f 1560 1552 1680
f 1458 1519 1520
f 1458 1520 1459
f 1681 1682 1683
f 1681 1683 1684
f 1685 1686 1687
f 1685 1687 1688
f 1689 1690 1691
f 1689 1691 1692
f 1693 1694 1695
f 1693 1695 1696
f 1697 1698 1699
f 1697 1699 1700
f 1682 1701 1702
f 1682 1702 1703
f 1701 1704 1705
f 1701 1705 1702
f 1704 1706 1707
f 1704 1707 1705
f 1697 1708 1709
f 1697 1709 1710
f 1708 1711 1712
f 1708 1712 1709
f 1711 1713 1714
f 1711 1714 1712
f 1715 1716 1717
f 1715 1717 1718
f 1716 1719 1720
f 1716 1720 1717
f 1719 1721 1722
f 1719 1722 1720
f 1703 1702 1722
f 1703 1722 1721
f 1702 1705 1723
f 1702 1723 1722
f 1705 1707 1724
f 1705 1724 1723
f 1710 1709 1707
f 1710 1707 1706
f 1709 1712 1724
f 1709 1724 1707
f 1712 1714 1725
f 1712 1725 1724
f 1718 1717 1714
f 1718 1714 1713
f 1717 1720 1725
f 1717 1725 1714
f 1720 1722 1723
f 1720 1723 1725
f 1723 1724 1725
f 1726 1727 1728
f 1726 1728 1729
f 1727 1730 1731
f 1727 1731 1728
f 1730 1732 1733
f 1730 1733 1731
f 1700 1734 1735
f 1700 1735 1736
f 1734 1737 1738
f 1734 1738 1735
f 1737 1739 1740
f 1737 1740 1738
f 1685 1741 1742
f 1685 1742 1743
f 1741 1744 1745
f 1741 1745 1742
f 1744 1746 1747
f 1744 1747 1745
f 1729 1728 1747
f 1729 1747 1746
f 1728 1731 1748
f 1728 1748 1747
f 1731 1733 1749
f 1731 1749 1748
f 1736 1735 1733
f 1736 1733 1732
f 1735 1738 1749
f 1735 1749 1733
f 1738 1740 1750
f 1738 1750 1749
f 1743 1742 1740
f 1743 1740 1739
f 1742 1745 1750
f 1742 1750 1740
f 1745 1747 1748
f 1745 1748 1750
f 1748 1749 1750
f 1751 1752 1753
f 1751 1753 1754
f 1752 1755 1756
f 1752 1756 1753
f 1755 1757 1758
f 1755 1758 1756
f 1688 1759 1760
f 1688 1760 1761
f 1759 1762 1763
f 1759 1763 1760
f 1762 1764 1765
f 1762 1765 1763
f 1689 1766 1767
f 1689 1767 1768
f 1766 1769 1770
f 1766 1770 1767
f 1769 1771 1772
f 1769 1772 1770
f 1754 1753 1772
f 1754 1772 1771
f 1753 1756 1773
f 1753 1773 1772
f 1756 1758 1774
f 1756 1774 1773
f 1761 1760 1758
f 1761 1758 1757
f 1760 1763 1774
f 1760 1774 1758
f 1763 1765 1775
f 1763 1775 1774
f 1768 1767 1765
f 1768 1765 1764
f 1767 1770 1775
f 1767 1775 1765
f 1770 1772 1773
f 1770 1773 1775
f 1773 1774 1775
f 1692 1776 1777
f 1692 1777 1778
f 1776 1779 1780
f 1776 1780 1777
f 1779 1781 1782
f 1779 1782 1780
f 1683 1783 1784
f 1683 1784 1785
f 1783 1786 1787
f 1783 1787 1784
f 1786 1788 1789
f 1786 1789 1787
f 1790 1791 1792
f 1790 1792 1793
f 1791 1794 1795
f 1791 1795 1792
f 1794 1796 1797
f 1794 1797 1795
f 1778 1777 1797
f 1778 1797 1796
f 1777 1780 1798
f 1777 1798 1797
f 1780 1782 1799
f 1780 1799 1798
f 1785 1784 1782
f 1785 1782 1781
f 1784 1787 1799
f 1784 1799 1782
f 1787 1789 1800
f 1787 1800 1799
f 1793 1792 1789
f 1793 1789 1788
f 1792 1795 1800
f 1792 1800 1789
f 1795 1797 1798
f 1795 1798 1800
f 1798 1799 1800
f 1698 1801 1802
f 1698 1802 1803
f 1801 1804 1805
f 1801 1805 1802
f 1804 1806 1807
f 1804 1807 1805
f 1681 1808 1809
f 1681 1809 1810
f 1808 1811 1812
f 1808 1812 1809
f 1811 1813 1814
f 1811 1814 1812
f 1693 1815 1816
f 1693 1816 1817
f 1815 1818 1819
f 1815 1819 1816
f 1818 1820 1821
f 1818 1821 1819
f 1803 1802 1821
f 1803 1821 1820
f 1802 1805 1822
f 1802 1822 1821
f 1805 1807 1823
f 1805 1823 1822
f 1810 1809 1807
f 1810 1807 1806
f 1809 1812 1823
f 1809 1823 1807
f 1812 1814 1824
f 1812 1824 1823
f 1817 1816 1814
f 1817 1814 1813
f 1816 1819 1824
f 1816 1824 1814
f 1819 1821 1822
f 1819 1822 1824
f 1822 1823 1824
f 1696 1825 1826
f 1696 1826 1827
f 1825 1828 1829
f 1825 1829 1826
f 1828 1830 1831
f 1828 1831 1829
f 1686 1832 1833
f 1686 1833 1834
f 1832 1835 1836
f 1832 1836 1833
f 1835 1837 1838
f 1835 1838 1836
f 1699 1839 1840
f 1699 1840 1841
f 1839 1842 1843
f 1839 1843 1840
f 1842 1844 1845
f 1842 1845 1843
f 1827 1826 1845
f 1827 1845 1844
f 1826 1829 1846
f 1826 1846 1845
f 1829 1831 1847
f 1829 1847 1846
f 1834 1833 1831
f 1834 1831 1830
f 1833 1836 1847
f 1833 1847 1831
f 1836 1838 1848
f 1836 1848 1847
f 1841 1840 1838
f 1841 1838 1837
f 1840 1843 1848
f 1840 1848 1838
f 1843 1845 1846
f 1843 1846 1848
f 1846 1847 1848
f 1695 1849 1850
f 1695 1850 1851
f 1849 1852 1853
f 1849 1853 1850
f 1852 1854 1855
f 1852 1855 1853
f 1690 1856 1857
f 1690 1857 1858
f 1856 1859 1860
f 1856 1860 1857
f 1859 1861 1862
f 1859 1862 1860
f 1687 1863 1864
f 1687 1864 1865
f 1863 1866 1867
f 1863 1867 1864
f 1866 1868 1869
f 1866 1869 1867
f 1851 1850 1869
f 1851 1869 1868
f 1850 1853 1870
f 1850 1870 1869
f 1853 1855 1871
f 1853 1871 1870
f 1858 1857 1855
f 1858 1855 1854
f 1857 1860 1871
f 1857 1871 1855
f 1860 1862 1872
f 1860 1872 1871
f 1865 1864 1862
f 1865 1862 1861
f 1864 1867 1872
f 1864 1872 1862
f 1867 1869 1870
f 1867 1870 1872
f 1870 1871 1872
f 1684 1873 1874
f 1684 1874 1875
f 1873 1876 1877
f 1873 1877 1874
f 1876 1878 1879
f 1876 1879 1877
f 1691 1880 1881
f 1691 1881 1882
f 1880 1883 1884
f 1880 1884 1881
f 1883 1885 1886
f 1883 1886 1884
f 1694 1887 1888
f 1694 1888 1889
f 1887 1890 1891
f 1887 1891 1888
f 1890 1892 1893
f 1890 1893 1891
f 1875 1874 1893
f 1875 1893 1892
f 1874 1877 1894
f 1874 1894 1893
f 1877 1879 1895
f 1877 1895 1894
f 1882 1881 1879
f 1882 1879 1878
f 1881 1884 1895
f 1881 1895 1879
f 1884 1886 1896
f 1884 1896 1895
f 1889 1888 1886
f 1889 1886 1885
f 1888 1891 1896
f 1888 1896 1886
f 1891 1893 1894
f 1891 1894 1896
f 1894 1895 1896
f 1697 1700 1736
f 1697 1736 1708
f 1708 1736 1732
f 1708 1732 1711
f 1711 1732 1730
f 1711 1730 1713
f 1713 1730 1727
f 1713 1727 1718
f 1718 1727 1726
f 1718 1726 1715
f 1715 1790 1793
f 1715 1793 1716
f 1716 1793 1788
f 1716 1788 1719
f 1719 1788 1786
f 1719 1786 1721
f 1721 1786 1783
f 1721 1783 1703
f 1683 1682 1703
f 1683 1703 1783
f 1682 1681 1810
f 1682 1810 1701
f 1701 1810 1806
f 1701 1806 1704
f 1704 1806 1804
f 1704 1804 1706
f 1706 1804 1801
f 1706 1801 1710
f 1710 1801 1698
f 1710 1698 1697
f 1685 1688 1761
f 1685 1761 1741
f 1741 1761 1757
f 1741 1757 1744
f 1744 1757 1755
f 1744 1755 1746
f 1746 1755 1752
f 1746 1752 1729
f 1729 1752 1751
f 1729 1751 1726
f 1700 1699 1841
f 1700 1841 1734
f 1734 1841 1837
f 1734 1837 1737
f 1737 1837 1835
f 1737 1835 1739
f 1739 1835 1832
f 1739 1832 1743
f 1743 1832 1686
f 1743 1686 1685
f 1689 1692 1778
f 1689 1778 1766
f 1766 1778 1796
f 1766 1796 1769
f 1769 1796 1794
f 1769 1794 1771
f 1771 1794 1791
f 1771 1791 1754
f 1754 1791 1790
f 1754 1790 1751
f 1688 1687 1865
f 1688 1865 1759
f 1759 1865 1861
f 1759 1861 1762
f 1762 1861 1859
f 1762 1859 1764
f 1764 1859 1856
f 1764 1856 1768
f 1768 1856 1690
f 1768 1690 1689
f 1692 1691 1882
f 1692 1882 1776
f 1776 1882 1878
f 1776 1878 1779
f 1779 1878 1876
f 1779 1876 1781
f 1781 1876 1873
f 1781 1873 1785
f 1785 1873 1684
f 1785 1684 1683
f 1693 1696 1827
f 1693 1827 1815
f 1815 1827 1844
f 1815 1844 1818
f 1818 1844 1842
f 1818 1842 1820
f 1820 1842 1839
f 1820 1839 1803
f 1803 1839 1699
f 1803 1699 1698
f 1681 1684 1875
f 1681 1875 1808
f 1808 1875 1892
f 1808 1892 1811
f 1811 1892 1890
f 1811 1890 1813
f 1813 1890 1887
f 1813 1887 1817
f 1817 1887 1694
f 1817 1694 1693
f 1696 1695 1851
f 1696 1851 1825
f 1825 1851 1868
f 1825 1868 1828
f 1828 1868 1866
f 1828 1866 1830
f 1830 1866 1863
f 1830 1863 1834
f 1834 1863 1687
f 1834 1687 1686
f 1695 1694 1889
f 1695 1889 1849
f 1849 1889 1885
f 1849 1885 1852
f 1852 1885 1883
f 1852 1883 1854
f 1854 1883 1880
f 1854 1880 1858
f 1858 1880 1691
f 1858 1691 1690
f 1715 1726 1751
f 1715 1751 1790
f 1897 1898 1899
f 1897 1899 1900
f 1901 1902 1903
f 1901 1903 1904
f 1904 1903 1905
f 1904 1905 1906
f 1906 1905 1907
f 1906 1907 1908
f 1908 1907 1909
f 1908 1909 1910
f 1910 1909 1911
f 1910 1911 1912
f 1912 1911 1913
f 1912 1913 1914
f 1914 1913 1915
f 1914 1915 1916
f 1916 1915 1917
f 1916 1917 1918
f 1918 1917 1919
f 1918 1919 1920
f 1920 1919 1921
f 1920 1921 1922
f 1922 1921 1923
f 1922 1923 1924
f 1924 1923 1925
f 1924 1925 1926
f 1926 1925 1927
f 1926 1927 1928
f 1928 1927 1929
f 1928 1929 1930
f 1930 1929 1931
f 1930 1931 1932
f 1932 1931 1933
f 1932 1933 1934
f 1934 1933 1935
f 1934 1935 1936
f 1936 1935 1937
f 1936 1937 1938
f 1938 1937 1939
f 1938 1939 1940
f 1940 1939 1941
f 1940 1941 1942
f 1942 1941 1943
f 1942 1943 1944
f 1944 1943 1945
f 1944 1945 1946
f 1946 1945 1947
f 1946 1947 1948
f 1948 1947 1949
f 1948 1949 1950
f 1950 1949 1951
f 1950 1951 1952
f 1952 1951 1953
f 1952 1953 1954
f 1954 1953 1955
f 1954 1955 1956
f 1956 1955 1957
f 1956 1957 1958
f 1958 1957 1900
f 1958 1900 1899
f 1959 1960 1902
f 1959 1902 1901
f 1961 1962 1963
f 1962 1964 1965
f 1965 1966 1967
f 1967 1968 1969
f 1969 1970 1971
f 1971 1972 1973
f 1973 1974 1975
f 1975 1976 1977
f 1977 1978 1979
f 1979 1980 1981
f 1981 1982 1983
f 1983 1984 1985
f 1985 1986 1987
f 1987 1988 1989
f 1989 1990 1991
f 1991 1992 1963
f 1962 1965 1963
f 1965 1967 1969
f 1969 1971 1973
f 1973 1975 1977
f 1977 1979 1981
f 1981 1983 1985
f 1985 1987 1989
f 1989 1991 1963
f 1965 1969 1963
f 1969 1973 1977
f 1977 1981 1985
f 1985 1989 1963
f 1969 1977 1963
f 1977 1985 1963
f 1898 1897 1960
f 1898 1960 1959
f 1898 1959 1993
f 1898 1993 1994
f 1994 1993 1995
f 1994 1995 1996
f 1996 1995 1997
f 1996 1997 1998
f 1998 1997 1999
f 1998 1999 2000
f 2000 1999 2001
f 2000 2001 2002
f 1960 1897 2003
f 1960 2003 2004
f 2004 2003 2005
f 2004 2005 2006
f 2006 2005 2007
f 2006 2007 2008
f 2008 2007 2009
f 2008 2009 2010
f 2010 2009 1962
f 2010 1962 1961
f 1959 1901 2011
f 1959 2011 1993
f 1993 2011 2012
f 1993 2012 1995
f 1995 2012 2013
f 1995 2013 1997
f 1997 2013 2014
f 1997 2014 1999
f 1999 2014 2015
f 1999 2015 2001
f 1902 1960 2004
f 1902 2004 2016
f 2016 2004 2006
f 2016 2006 2017
f 2017 2006 2008
f 2017 2008 2018
f 2018 2008 2010
f 2018 2010 2019
f 2019 2010 1961
f 2019 1961 1963
f 1901 1904 2020
f 1901 2020 2011
f 2011 2020 2021
f 2011 2021 2012
f 2012 2021 2022
f 2012 2022 2013
f 2013 2022 2023
f 2013 2023 2014
f 2014 2023 2024
f 2014 2024 2015
f 1903 1902 2016
f 1903 2016 2025
f 2025 2016 2017
f 2025 2017 2026
f 2026 2017 2018
f 2026 2018 2027
f 2027 2018 2019
f 2027 2019 2028
f 2028 2019 1963
f 2028 1963 1992
f 1904 1906 2029
f 1904 2029 2020
f 2020 2029 2030
f 2020 2030 2021
f 2021 2030 2031
f 2021 2031 2022
f 2022 2031 2032
f 2022 2032 2023
f 2023 2032 2033
f 2023 2033 2024
f 1905 1903 2025
f 1905 2025 2034
f 2034 2025 2026
f 2034 2026 2035
f 2035 2026 2027
f 2035 2027 2036
f 2036 2027 2028
f 2036 2028 2037
f 2037 2028 1992
f 2037 1992 1991
f 1906 1908 2038
f 1906 2038 2029
f 2029 2038 2039
f 2029 2039 2030
f 2030 2039 2040
f 2030 2040 2031
f 2031 2040 2041
f 2031 2041 2032
f 2032 2041 2042
f 2032 2042 2033
f 1907 1905 2034
f 1907 2034 2043
f 2043 2034 2035
f 2043 2035 2044
f 2044 2035 2036
f 2044 2036 2045
f 2045 2036 2037
f 2045 2037 2046
f 2046 2037 1991
f 2046 1991 1990
f 1908 1910 2047
f 1908 2047 2038
f 2038 2047 2048
f 2038 2048 2039
f 2039 2048 2049
f 2039 2049 2040
f 2040 2049 2050
f 2040 2050 2041
f 2041 2050 2051
f 2041 2051 2042
f 1909 1907 2043
f 1909 2043 2052
f 2052 2043 2044
f 2052 2044 2053
f 2053 2044 2045
f 2053 2045 2054
f 2054 2045 2046
f 2054 2046 2055
f 2055 2046 1990
f 2055 1990 1989
f 1910 1912 2056
f 1910 2056 2047
f 2047 2056 2057
f 2047 2057 2048
f 2048 2057 2058
f 2048 2058 2049
f 2049 2058 2059
f 2049 2059 2050
f 2050 2059 2060
f 2050 2060 2051
f 1911 1909 2052
f 1911 2052 2061
f 2061 2052 2053
f 2061 2053 2062
f 2062 2053 2054
f 2062 2054 2063
f 2063 2054 2055
f 2063 2055 2064
f 2064 2055 1989
f 2064 1989 1988
f 1912 1914 2065
f 1912 2065 2056
f 2056 2065 2066
f 2056 2066 2057
f 2057 2066 2067
f 2057 2067 2058
f 2058 2067 2068
f 2058 2068 2059
f 2059 2068 2069
f 2059 2069 2060
f 1913 1911 2061
f 1913 2061 2070
f 2070 2061 2062
f 2070 2062 2071
f 2071 2062 2063
f 2071 2063 2072
f 2072 2063 2064
f 2072 2064 2073
f 2073 2064 1988
f 2073 1988 1987
f 1914 1916 2074
f 1914 2074 2065
f 2065 2074 2075
f 2065 2075 2066
f 2066 2075 2076
f 2066 2076 2067
f 2067 2076 2077
f 2067 2077 2068
f 2068 2077 2078
f 2068 2078 2069
f 1915 1913 2070
f 1915 2070 2079
f 2079 2070 2071
f 2079 2071 2080
f 2080 2071 2072
f 2080 2072 2081
f 2081 2072 2073
f 2081 2073 2082
f 2082 2073 1987
f 2082 1987 1986
f 1916 1918 2083
f 1916 2083 2074
f 2074 2083 2084
f 2074 2084 2075
f 2075 2084 2085
f 2075 2085 2076
f 2076 2085 2086
f 2076 2086 2077
f 2077 2086 2087
f 2077 2087 2078
f 1917 1915 2079
f 1917 2079 2088
f 2088 2079 2080
f 2088 2080 2089
f 2089 2080 2081
f 2089 2081 2090
f 2090 2081 2082
f 2090 2082 2091
f 2091 2082 1986
f 2091 1986 1985
f 1918 1920 2092
f 1918 2092 2083
f 2083 2092 2093
f 2083 2093 2084
f 2084 2093 2094
f 2084 2094 2085
f 2085 2094 2095
f 2085 2095 2086
f 2086 2095 2096
f 2086 2096 2087
f 1919 1917 2088
f 1919 2088 2097
f 2097 2088 2089
f 2097 2089 2098
f 2098 2089 2090
f 2098 2090 2099
f 2099 2090 2091
f 2099 2091 2100
f 2100 2091 1985
f 2100 1985 1984
f 1920 1922 2101
f 1920 2101 2092
f 2092 2101 2102
f 2092 2102 2093
f 2093 2102 2103
f 2093 2103 2094
f 2094 2103 2104
f 2094 2104 2095
f 2095 2104 2105
f 2095 2105 2096
f 1921 1919 2097
f 1921 2097 2106
f 2106 2097 2098
f 2106 2098 2107
f 2107 2098 2099
f 2107 2099 2108
f 2108 2099 2100
f 2108 2100 2109
f 2109 2100 1984
f 2109 1984 1983
f 1922 1924 2110
f 1922 2110 2101
f 2101 2110 2111
f 2101 2111 2102
f 2102 2111 2112
f 2102 2112 2103
f 2103 2112 2113
f 2103 2113 2104
f 2104 2113 2114
f 2104 2114 2105
f 1923 1921 2106
f 1923 2106 2115
f 2115 2106 2107
f 2115 2107 2116
f 2116 2107 2108
f 2116 2108 2117
f 2117 2108 2109
f 2117 2109 2118
f 2118 2109 1983
f 2118 1983 1982
f 1924 1926 2119
f 1924 2119 2110
f 2110 2119 2120
f 2110 2120 2111
f 2111 2120 2121
f 2111 2121 2112
f 2112 2121 2122
f 2112 2122 2113
f 2113 2122 2123
f 2113 2123 2114
f 1925 1923 2115
f 1925 2115 2124
f 2124 2115 2116
f 2124 2116 2125
f 2125 2116 2117
f 2125 2117 2126
f 2126 2117 2118
f 2126 2118 2127
f 2127 2118 1982
f 2127 1982 1981
f 1926 1928 2128
f 1926 2128 2119
f 2119 2128 2129
f 2119 2129 2120
f 2120 2129 2130
f 2120 2130 2121
f 2121 2130 2131
f 2121 2131 2122
f 2122 2131 2132
f 2122 2132 2123
f 1927 1925 2124
f 1927 2124 2133
f 2133 2124 2125
f 2133 2125 2134
f 2134 2125 2126
f 2134 2126 2135
f 2135 2126 2127
f 2135 2127 2136
f 2136 2127 1981
f 2136 1981 1980
f 1928 1930 2137
f 1928 2137 2128
f 2128 2137 2138
f 2128 2138 2129
f 2129 2138 2139
f 2129 2139 2130
f 2130 2139 2140
f 2130 2140 2131
f 2131 2140 2141
f 2131 2141 2132
f 1929 1927 2133
f 1929 2133 2142
f 2142 2133 2134
f 2142 2134 2143
f 2143 2134 2135
f 2143 2135 2144
f 2144 2135 2136
f 2144 2136 2145
f 2145 2136 1980
f 2145 1980 1979
f 1930 1932 2146
f 1930 2146 2137
f 2137 2146 2147
f 2137 2147 2138
f 2138 2147 2148
f 2138 2148 2139
f 2139 2148 2149
f 2139 2149 2140
f 2140 2149 2150
f 2140 2150 2141
f 1931 1929 2142
f 1931 2142 2151
f 2151 2142 2143
f 2151 2143 2152
f 2152 2143 2144
f 2152 2144 2153
f 2153 2144 2145
f 2153 2145 2154
f 2154 2145 1979
f 2154 1979 1978
f 1932 1934 2155
f 1932 2155 2146
f 2146 2155 2156
f 2146 2156 2147
f 2147 2156 2157
f 2147 2157 2148
f 2148 2157 2158
f 2148 2158 2149
f 2149 2158 2159
f 2149 2159 2150
f 1933 1931 2151
f 1933 2151 2160
f 2160 2151 2152
f 2160 2152 2161
f 2161 2152 2153
f 2161 2153 2162
f 2162 2153 2154
f 2162 2154 2163
f 2163 2154 1978
f 2163 1978 1977
f 1934 1936 2164
f 1934 2164 2155
f 2155 2164 2165
f 2155 2165 2156
f 2156 2165 2166
f 2156 2166 2157
f 2157 2166 2167
f 2157 2167 2158
f 2158 2167 2168
f 2158 2168 2159
f 1935 1933 2160
f 1935 2160 2169
f 2169 2160 2161
f 2169 2161 2170
f 2170 2161 2162
f 2170 2162 2171
f 2171 2162 2163
f 2171 2163 2172
f 2172 2163 1977
f 2172 1977 1976
f 1936 1938 2173
f 1936 2173 2164
f 2164 2173 2174
f 2164 2174 2165
f 2165 2174 2175
f 2165 2175 2166
f 2166 2175 2176
f 2166 2176 2167
f 2167 2176 2177
f 2167 2177 2168
f 1937 1935 2169
f 1937 2169 2178
f 2178 2169 2170
f 2178 2170 2179
f 2179 2170 2171
f 2179 2171 2180
f 2180 2171 2172
f 2180 2172 2181
f 2181 2172 1976
f 2181 1976 1975
f 1938 1940 2182
f 1938 2182 2173
f 2173 2182 2183
f 2173 2183 2174
f 2174 2183 2184
f 2174 2184 2175
f 2175 2184 2185
f 2175 2185 2176
f 2176 2185 2186
f 2176 2186 2177
f 1939 1937 2178
f 1939 2178 2187
f 2187 2178 2179
f 2187 2179 2188
f 2188 2179 2180
f 2188 2180 2189
f 2189 2180 2181
f 2189 2181 2190
f 2190 2181 1975
f 2190 1975 1974
f 1940 1942 2191
f 1940 2191 2182
f 2182 2191 2192
f 2182 2192 2183
f 2183 2192 2193
f 2183 2193 2184
f 2184 2193 2194
f 2184 2194 2185
f 2185 2194 2195
f 2185 2195 2186
f 1941 1939 2187
f 1941 2187 2196
f 2196 2187 2188
f 2196 2188 2197
f 2197 2188 2189
f 2197 2189 2198
f 2198 2189 2190
f 2198 2190 2199
f 2199 2190 1974
f 2199 1974 1973
f 1942 1944 2200
f 1942 2200 2191
f 2191 2200 2201
f 2191 2201 2192
f 2192 2201 2202
f 2192 2202 2193
f 2193 2202 2203
f 2193 2203 2194
f 2194 2203 2204
f 2194 2204 2195
f 1943 1941 2196
f 1943 2196 2205
f 2205 2196 2197
f 2205 2197 2206
f 2206 2197 2198
f 2206 2198 2207
f 2207 2198 2199
f 2207 2199 2208
f 2208 2199 1973
f 2208 1973 1972
f 1944 1946 2209
f 1944 2209 2200
f 2200 2209 2210
f 2200 2210 2201
f 2201 2210 2211
f 2201 2211 2202
f 2202 2211 2212
f 2202 2212 2203
f 2203 2212 2213
f 2203 2213 2204
f 1945 1943 2205
f 1945 2205 2214
f 2214 2205 2206
f 2214 2206 2215
f 2215 2206 2207
f 2215 2207 2216
f 2216 2207 2208
f 2216 2208 2217
f 2217 2208 1972
f 2217 1972 1971
f 1946 1948 2218
f 1946 2218 2209
f 2209 2218 2219
f 2209 2219 2210
f 2210 2219 2220
f 2210 2220 2211
f 2211 2220 2221
f 2211 2221 2212
f 2212 2221 2222
f 2212 2222 2213
f 1947 1945 2214
f 1947 2214 2223
f 2223 2214 2215
f 2223 2215 2224
f 2224 2215 2216
f 2224 2216 2225
f 2225 2216 2217
f 2225 2217 2226
f 2226 2217 1971
f 2226 1971 1970
f 1948 1950 2227
f 1948 2227 2218
f 2218 2227 2228
f 2218 2228 2219
f 2219 2228 2229
f 2219 2229 2220
f 2220 2229 2230
f 2220 2230 2221
f 2221 2230 2231
f 2221 2231 2222
f 1949 1947 2223
f 1949 2223 2232
f 2232 2223 2224
f 2232 2224 2233
f 2233 2224 2225
f 2233 2225 2234
f 2234 2225 2226
f 2234 2226 2235
f 2235 2226 1970
f 2235 1970 1969
f 1950 1952 2236
f 1950 2236 2227
f 2227 2236 2237
f 2227 2237 2228
f 2228 2237 2238
f 2228 2238 2229
f 2229 2238 2239
f 2229 2239 2230
f 2230 2239 2240
f 2230 2240 2231
f 1951 1949 2232
f 1951 2232 2241
f 2241 2232 2233
f 2241 2233 2242
f 2242 2233 2234
f 2242 2234 2243
f 2243 2234 2235
f 2243 2235 2244
f 2244 2235 1969
f 2244 1969 1968
f 1952 1954 2245
f 1952 2245 2236
f 2236 2245 2246
f 2236 2246 2237
f 2237 2246 2247
f 2237 2247 2238
f 2238 2247 2248
f 2238 2248 2239
f 2239 2248 2249
f 2239 2249 2240
f 1953 1951 2241
f 1953 2241 2250
f 2250 2241 2242
f 2250 2242 2251
f 2251 2242 2243
f 2251 2243 2252
f 2252 2243 2244
f 2252 2244 2253
f 2253 2244 1968
f 2253 1968 1967
f 1954 1956 2254
f 1954 2254 2245
f 2245 2254 2255
f 2245 2255 2246
f 2246 2255 2256
f 2246 2256 2247
f 2247 2256 2257
f 2247 2257 2248
f 2248 2257 2258
f 2248 2258 2249
f 1955 1953 2250
f 1955 2250 2259
f 2259 2250 2251
f 2259 2251 2260
f 2260 2251 2252
f 2260 2252 2261
f 2261 2252 2253
f 2261 2253 2262
f 2262 2253 1967
f 2262 1967 1966
f 1956 1958 2263
f 1956 2263 2254
f 2254 2263 2264
f 2254 2264 2255
f 2255 2264 2265
f 2255 2265 2256
f 2256 2265 2266
f 2256 2266 2257
f 2257 2266 2267
f 2257 2267 2258
f 1957 1955 2259
f 1957 2259 2268
f 2268 2259 2260
f 2268 2260 2269
f 2269 2260 2261
f 2269 2261 2270
f 2270 2261 2262
f 2270 2262 2271
f 2271 2262 1966
f 2271 1966 1965
f 1958 1899 2272
f 1958 2272 2263
f 2263 2272 2273
f 2263 2273 2264
f 2264 2273 2274
f 2264 2274 2265
f 2265 2274 2275
f 2265 2275 2266
f 2266 2275 2276
f 2266 2276 2267
f 1900 1957 2268
f 1900 2268 2277
f 2277 2268 2269
f 2277 2269 2278
f 2278 2269 2270
f 2278 2270 2279
f 2279 2270 2271
f 2279 2271 2280
f 2280 2271 1965
f 2280 1965 1964
f 1899 1898 1994
f 1899 1994 2272
f 2272 1994 1996
f 2272 1996 2273
f 2273 1996 1998
f 2273 1998 2274
f 2274 1998 2000
f 2274 2000 2275
f 2275 2000 2002
f 2275 2002 2276
f 1897 1900 2277
f 1897 2277 2003
f 2003 2277 2278
f 2003 2278 2005
f 2005 2278 2279
f 2005 2279 2007
f 2007 2279 2280
f 2007 2280 2009
f 2009 2280 1964
f 2009 1964 1962
f 2002 2001 2276
f 2001 2015 2024
f 2024 2033 2042
f 2042 2051 2060
f 2060 2069 2078
f 2078 2087 2096
f 2096 2105 2114
f 2114 2123 2132
f 2132 2141 2150
f 2150 2159 2168
f 2168 2177 2186
f 2186 2195 2204
f 2204 2213 2222
f 2222 2231 2240
f 2240 2249 2258
f 2258 2267 2276
f 2001 2024 2276
f 2024 2042 2060
f 2060 2078 2096
f 2096 2114 2132
f 2132 2150 2168
f 2168 2186 2204
f 2204 2222 2240
f 2240 2258 2276
f 2024 2060 2276
f 2060 2096 2132
f 2132 2168 2204
f 2204 2240 2276
f 2060 2132 2276
f 2132 2204 2276
f 2281 2282 2283
f 2281 2283 2284
f 2285 2286 2287
f 2285 2287 2288
f 2288 2287 2289
f 2288 2289 2290
f 2290 2289 2291
f 2290 2291 2292
f 2292 2291 2293
f 2292 2293 2294
f 2294 2293 2295
f 2294 2295 2296
f 2296 2295 2297
f 2296 2297 2298
f 2298 2297 2299
f 2298 2299 2300
f 2300 2299 2301
f 2300 2301 2302
f 2302 2301 2303
f 2302 2303 2304
f 2304 2303 2305
f 2304 2305 2306
f 2306 2305 2307
f 2306 2307 2308
f 2308 2307 2309
f 2308 2309 2310
f 2310 2309 2311
f 2310 2311 2312
f 2312 2311 2313
f 2312 2313 2314
f 2314 2313 2315
f 2314 2315 2316
f 2316 2315 2317
f 2316 2317 2318
f 2318 2317 2319
f 2318 2319 2320
f 2320 2319 2321
f 2320 2321 2322
f 2322 2321 2323
f 2322 2323 2324
f 2324 2323 2325
f 2324 2325 2326
f 2326 2325 2327
f 2326 2327 2328
f 2328 2327 2329
f 2328 2329 2330
f 2330 2329 2331
f 2330 2331 2332
f 2332 2331 2333
f 2332 2333 2334
f 2334 2333 2335
f 2334 2335 2336
f 2336 2335 2337
f 2336 2337 2338
f 2338 2337 2339
f 2338 2339 2340
f 2340 2339 2341
f 2340 2341 2342
f 2342 2341 2284
f 2342 2284 2283
f 2343 2344 2286
f 2343 2286 2285
f 2345 2346 2347
f 2346 2348 2349
f 2349 2350 2351
f 2351 2352 2353
f 2353 2354 2355
f 2355 2356 2357
f 2357 2358 2359
f 2359 2360 2361
f 2361 2362 2363
f 2363 2364 2365
f 2365 2366 2367
f 2367 2368 2369
f 2369 2370 2371
f 2371 2372 2373
f 2373 2374 2375
f 2375 2376 2347
f 2346 2349 2347
f 2349 2351 2353
f 2353 2355 2357
f 2357 2359 2361
f 2361 2363 2365
f 2365 2367 2369
f 2369 2371 2373
f 2373 2375 2347
f 2349 2353 2347
f 2353 2357 2361
f 2361 2365 2369
f 2369 2373 2347
f 2353 2361 2347
f 2361 2369 2347
f 2282 2281 2344
f 2282 2344 2343
f 2282 2343 2377
f 2282 2377 2378
f 2378 2377 2379
f 2378 2379 2380
f 2380 2379 2381
f 2380 2381 2382
f 2382 2381 2383
f 2382 2383 2384
f 2384 2383 2385
f 2384 2385 2386
f 2344 2281 2387
f 2344 2387 2388
f 2388 2387 2389
f 2388 2389 2390
f 2390 2389 2391
f 2390 2391 2392
f 2392 2391 2393
f 2392 2393 2394
f 2394 2393 2346
f 2394 2346 2345
f 2343 2285 2395
f 2343 2395 2377
f 2377 2395 2396
f 2377 2396 2379
f 2379 2396 2397
f 2379 2397 2381
f 2381 2397 2398
f 2381 2398 2383
f 2383 2398 2399
f 2383 2399 2385
f 2286 2344 2388
f 2286 2388 2400
f 2400 2388 2390
f 2400 2390 2401
f 2401 2390 2392
f 2401 2392 2402
f 2402 2392 2394
f 2402 2394 2403
f 2403 2394 2345
f 2403 2345 2347
f 2285 2288 2404
f 2285 2404 2395
f 2395 2404 2405
f 2395 2405 2396
f 2396 2405 2406
f 2396 2406 2397
f 2397 2406 2407
f 2397 2407 2398
f 2398 2407 2408
f 2398 2408 2399
f 2287 2286 2400
f 2287 2400 2409
f 2409 2400 2401
f 2409 2401 2410
f 2410 2401 2402
f 2410 2402 2411
f 2411 2402 2403
f 2411 2403 2412
f 2412 2403 2347
f 2412 2347 2376
f 2288 2290 2413
f 2288 2413 2404
f 2404 2413 2414
f 2404 2414 2405
f 2405 2414 2415
f 2405 2415 2406
f 2406 2415 2416
f 2406 2416 2407
f 2407 2416 2417
f 2407 2417 2408
f 2289 2287 2409
f 2289 2409 2418
f 2418 2409 2410
f 2418 2410 2419
f 2419 2410 2411
f 2419 2411 2420
f 2420 2411 2412
f 2420 2412 2421
f 2421 2412 2376
f 2421 2376 2375
f 2290 2292 2422
f 2290 2422 2413
f 2413 2422 2423
f 2413 2423 2414
f 2414 2423 2424
f 2414 2424 2415
f 2415 2424 2425
f 2415 2425 2416
f 2416 2425 2426
f 2416 2426 2417
f 2291 2289 2418
f 2291 2418 2427
f 2427 2418 2419
f 2427 2419 2428
f 2428 2419 2420
f 2428 2420 2429
f 2429 2420 2421
f 2429 2421 2430
f 2430 2421 2375
f 2430 2375 2374
f 2292 2294 2431
f 2292 2431 2422
f 2422 2431 2432
f 2422 2432 2423
f 2423 2432 2433
f 2423 2433 2424
f 2424 2433 2434
f 2424 2434 2425
f 2425 2434 2435
f 2425 2435 2426
f 2293 2291 2427
f 2293 2427 2436
f 2436 2427 2428
f 2436 2428 2437
f 2437 2428 2429
f 2437 2429 2438
f 2438 2429 2430
f 2438 2430 2439
f 2439 2430 2374
f 2439 2374 2373
f 2294 2296 2440
f 2294 2440 2431
f 2431 2440 2441
f 2431 2441 2432
f 2432 2441 2442
f 2432 2442 2433
f 2433 2442 2443
f 2433 2443 2434
f 2434 2443 2444
f 2434 2444 2435
f 2295 2293 2436
f 2295 2436 2445
f 2445 2436 2437
f 2445 2437 2446
f 2446 2437 2438
f 2446 2438 2447
f 2447 2438 2439
f 2447 2439 2448
f 2448 2439 2373
f 2448 2373 2372
f 2296 2298 2449
f 2296 2449 2440
f 2440 2449 2450
f 2440 2450 2441
f 2441 2450 2451
f 2441 2451 2442
f 2442 2451 2452
f 2442 2452 2443
f 2443 2452 2453
f 2443 2453 2444
f 2297 2295 2445
f 2297 2445 2454
f 2454 2445 2446
f 2454 2446 2455
f 2455 2446 2447
f 2455 2447 2456
f 2456 2447 2448
f 2456 2448 2457
f 2457 2448 2372
f 2457 2372 2371
f 2298 2300 2458
f 2298 2458 2449
f 2449 2458 2459
f 2449 2459 2450
f 2450 2459 2460
f 2450 2460 2451
f 2451 2460 2461
f 2451 2461 2452
f 2452 2461 2462
f 2452 2462 2453
f 2299 2297 2454
f 2299 2454 2463
f 2463 2454 2455
f 2463 2455 2464
f 2464 2455 2456
f 2464 2456 2465
f 2465 2456 2457
f 2465 2457 2466
f 2466 2457 2371
f 2466 2371 2370
f 2300 2302 2467
f 2300 2467 2458
f 2458 2467 2468
f 2458 2468 2459
f 2459 2468 2469
f 2459 2469 2460
f 2460 2469 2470
f 2460 2470 2461
f 2461 2470 2471
f 2461 2471 2462
f 2301 2299 2463
f 2301 2463 2472
f 2472 2463 2464
f 2472 2464 2473
f 2473 2464 2465
f 2473 2465 2474
f 2474 2465 2466
f 2474 2466 2475
f 2475 2466 2370
f 2475 2370 2369
f 2302 2304 2476
f 2302 2476 2467
f 2467 2476 2477
f 2467 2477 2468
f 2468 2477 2478
f 2468 2478 2469
f 2469 2478 2479
f 2469 2479 2470
f 2470 2479 2480
f 2470 2480 2471
f 2303 2301 2472
f 2303 2472 2481
f 2481 2472 2473
f 2481 2473 2482
f 2482 2473 2474
f 2482 2474 2483
f 2483 2474 2475
f 2483 2475 2484
f 2484 2475 2369
f 2484 2369 2368
f 2304 2306 2485
f 2304 2485 2476
f 2476 2485 2486
f 2476 2486 2477
f 2477 2486 2487
f 2477 2487 2478
f 2478 2487 2488
f 2478 2488 2479
f 2479 2488 2489
f 2479 2489 2480
f 2305 2303 2481
f 2305 2481 2490
f 2490 2481 2482
f 2490 2482 2491
f 2491 2482 2483
f 2491 2483 2492
f 2492 2483 2484
f 2492 2484 2493
f 2493 2484 2368
f 2493 2368 2367
f 2306 2308 2494
f 2306 2494 2485
f 2485 2494 2495
f 2485 2495 2486
f 2486 2495 2496
f 2486 2496 2487
f 2487 2496 2497
f 2487 2497 2488
f 2488 2497 2498
f 2488 2498 2489
f 2307 2305 2490
f 2307 2490 2499
f 2499 2490 2491
f 2499 2491 2500
f 2500 2491 2492
f 2500 2492 2501
f 2501 2492 2493
f 2501 2493 2502
f 2502 2493 2367
f 2502 2367 2366
f 2308 2310 2503
f 2308 2503 2494
f 2494 2503 2504
f 2494 2504 2495
f 2495 2504 2505
f 2495 2505 2496
f 2496 2505 2506
f 2496 2506 2497
f 2497 2506 2507
f 2497 2507 2498
f 2309 2307 2499
f 2309 2499 2508
f 2508 2499 2500
f 2508 2500 2509
f 2509 2500 2501
f 2509 2501 2510
f 2510 2501 2502
f 2510 2502 2511
f 2511 2502 2366
f 2511 2366 2365
f 2310 2312 2512
f 2310 2512 2503
f 2503 2512 2513
f 2503 2513 2504
f 2504 2513 2514
f 2504 2514 2505
f 2505 2514 2515
f 2505 2515 2506
f 2506 2515 2516
f 2506 2516 2507
f 2311 2309 2508
f 2311 2508 2517
f 2517 2508 2509
f 2517 2509 2518
f 2518 2509 2510
f 2518 2510 2519
f 2519 2510 2511
f 2519 2511 2520
f 2520 2511 2365
f 2520 2365 2364
f 2312 2314 2521
f 2312 2521 2512
f 2512 2521 2522
f 2512 2522 2513
f 2513 2522 2523
f 2513 2523 2514
f 2514 2523 2524
f 2514 2524 2515
f 2515 2524 2525
f 2515 2525 2516
f 2313 2311 2517
f 2313 2517 2526
f 2526 2517 2518
f 2526 2518 2527
f 2527 2518 2519
f 2527 2519 2528
f 2528 2519 2520
f 2528 2520 2529
f 2529 2520 2364
f 2529 2364 2363
f 2314 2316 2530
f 2314 2530 2521
f 2521 2530 2531
f 2521 2531 2522
f 2522 2531 2532
f 2522 2532 2523
f 2523 2532 2533
f 2523 2533 2524
f 2524 2533 2534
f 2524 2534 2525
f 2315 2313 2526
f 2315 2526 2535
f 2535 2526 2527
f 2535 2527 2536
f 2536 2527 2528
f 2536 2528 2537
f 2537 2528 2529
f 2537 2529 2538
f 2538 2529 2363
f 2538 2363 2362
f 2316 2318 2539
f 2316 2539 2530
f 2530 2539 2540
f 2530 2540 2531
f 2531 2540 2541
f 2531 2541 2532
f 2532 2541 2542
f 2532 2542 2533
f 2533 2542 2543
f 2533 2543 2534
f 2317 2315 2535
f 2317 2535 2544
f 2544 2535 2536
f 2544 2536 2545
f 2545 2536 2537
f 2545 2537 2546
f 2546 2537 2538
f 2546 2538 2547
f 2547 2538 2362
f 2547 2362 2361
f 2318 2320 2548
f 2318 2548 2539
f 2539 2548 2549
f 2539 2549 2540
f 2540 2549 2550
f 2540 2550 2541
f 2541 2550 2551
f 2541 2551 2542
f 2542 2551 2552
f 2542 2552 2543
f 2319 2317 2544
f 2319 2544 2553
f 2553 2544 2545
f 2553 2545 2554
f 2554 2545 2546
f 2554 2546 2555
f 2555 2546 2547
f 2555 2547 2556
f 2556 2547 2361
f 2556 2361 2360
f 2320 2322 2557
f 2320 2557 2548
f 2548 2557 2558
f 2548 2558 2549
f 2549 2558 2559
f 2549 2559 2550
f 2550 2559 2560
f 2550 2560 2551
f 2551 2560 2561
f 2551 2561 2552
f 2321 2319 2553
f 2321 2553 2562
f 2562 2553 2554
f 2562 2554 2563
f 2563 2554 2555
f 2563 2555 2564
f 2564 2555 2556
f 2564 2556 2565
f 2565 2556 2360
f 2565 2360 2359
f 2322 2324 2566
f 2322 2566 2557
f 2557 2566 2567
f 2557 2567 2558
f 2558 2567 2568
f 2558 2568 2559
f 2559 2568 2569
f 2559 2569 2560
f 2560 2569 2570
f 2560 2570 2561
f 2323 2321 2562
f 2323 2562 2571
f 2571 2562 2563
f 2571 2563 2572
f 2572 2563 2564
f 2572 2564 2573
f 2573 2564 2565
f 2573 2565 2574
f 2574 2565 2359
f 2574 2359 2358
f 2324 2326 2575
f 2324 2575 2566
f 2566 2575 2576
f 2566 2576 2567
f 2567 2576 2577
f 2567 2577 2568
f 2568 2577 2578
f 2568 2578 2569
f 2569 2578 2579
f 2569 2579 2570
f 2325 2323 2571
f 2325 2571 2580
f 2580 2571 2572
f 2580 2572 2581
f 2581 2572 2573
f 2581 2573 2582
f 2582 2573 2574
f 2582 2574 2583
f 2583 2574 2358
f 2583 2358 2357
f 2326 2328 2584
f 2326 2584 2575
f 2575 2584 2585
f 2575 2585 2576
f 2576 2585 2586
f 2576 2586 2577
f 2577 2586 2587
f 2577 2587 2578
f 2578 2587 2588
f 2578 2588 2579
f 2327 2325 2580
f 2327 2580 2589
f 2589 2580 2581
f 2589 2581 2590
f 2590 2581 2582
f 2590 2582 2591
f 2591 2582 2583
f 2591 2583 2592
f 2592 2583 2357
f 2592 2357 2356
f 2328 2330 2593
f 2328 2593 2584
f 2584 2593 2594
f 2584 2594 2585
f 2585 2594 2595
f 2585 2595 2586
f 2586 2595 2596
f 2586 2596 2587
f 2587 2596 2597
f 2587 2597 2588
f 2329 2327 2589
f 2329 2589 2598
f 2598 2589 2590
f 2598 2590 2599
f 2599 2590 2591
f 2599 2591 2600
f 2600 2591 2592
f 2600 2592 2601
f 2601 2592 2356
f 2601 2356 2355
f 2330 2332 2602
f 2330 2602 2593
f 2593 2602 2603
f 2593 2603 2594
f 2594 2603 2604
f 2594 2604 2595
f 2595 2604 2605
f 2595 2605 2596
f 2596 2605 2606
f 2596 2606 2597
f 2331 2329 2598
f 2331 2598 2607
f 2607 2598 2599
f 2607 2599 2608
f 2608 2599 2600
f 2608 2600 2609
f 2609 2600 2601
f 2609 2601 2610
f 2610 2601 2355
f 2610 2355 2354
f 2332 2334 2611
f 2332 2611 2602
f 2602 2611 2612
f 2602 2612 2603
f 2603 2612 2613
f 2603 2613 2604
f 2604 2613 2614
f 2604 2614 2605
f 2605 2614 2615
f 2605 2615 2606
f 2333 2331 2607
f 2333 2607 2616
f 2616 2607 2608
f 2616 2608 2617
f 2617 2608 2609
f 2617 2609 2618
f 2618 2609 2610
f 2618 2610 2619
f 2619 2610 2354
f 2619 2354 2353
f 2334 2336 2620
f 2334 2620 2611
f 2611 2620 2621
f 2611 2621 2612
f 2612 2621 2622
f 2612 2622 2613
f 2613 2622 2623
f 2613 2623 2614
f 2614 2623 2624
f 2614 2624 2615
f 2335 2333 2616
f 2335 2616 2625
f 2625 2616 2617
f 2625 2617 2626
f 2626 2617 2618
f 2626 2618 2627
f 2627 2618 2619
f 2627 2619 2628
f 2628 2619 2353
f 2628 2353 2352
f 2336 2338 2629
f 2336 2629 2620
f 2620 2629 2630
f 2620 2630 2621
f 2621 2630 2631
f 2621 2631 2622
f 2622 2631 2632
f 2622 2632 2623
f 2623 2632 2633
f 2623 2633 2624
f 2337 2335 2625
f 2337 2625 2634
f 2634 2625 2626
f 2634 2626 2635
f 2635 2626 2627
f 2635 2627 2636
f 2636 2627 2628
f 2636 2628 2637
f 2637 2628 2352
f 2637 2352 2351
f 2338 2340 2638
f 2338 2638 2629
f 2629 2638 2639
f 2629 2639 2630
f 2630 2639 2640
f 2630 2640 2631
f 2631 2640 2641
f 2631 2641 2632
f 2632 2641 2642
f 2632 2642 2633
f 2339 2337 2634
f 2339 2634 2643
f 2643 2634 2635
f 2643 2635 2644
f 2644 2635 2636
f 2644 2636 2645
f 2645 2636 2637
f 2645 2637 2646
f 2646 2637 2351
f 2646 2351 2350
f 2340 2342 2647
f 2340 2647 2638
f 2638 2647 2648
f 2638 2648 2639
f 2639 2648 2649
f 2639 2649 2640
f 2640 2649 2650
f 2640 2650 2641
f 2641 2650 2651
f 2641 2651 2642
f 2341 2339 2643
f 2341 2643 2652
f 2652 2643 2644
f 2652 2644 2653
f 2653 2644 2645
f 2653 2645 2654
f 2654 2645 2646
f 2654 2646 2655
f 2655 2646 2350
f 2655 2350 2349
f 2342 2283 2656
f 2342 2656 2647
f 2647 2656 2657
f 2647 2657 2648
f 2648 2657 2658
f 2648 2658 2649
f 2649 2658 2659
f 2649 2659 2650
f 2650 2659 2660
f 2650 2660 2651
f 2284 2341 2652
f 2284 2652 2661
f 2661 2652 2653
f 2661 2653 2662
f 2662 2653 2654
f 2662 2654 2663
f 2663 2654 2655
f 2663 2655 2664
f 2664 2655 2349
f 2664 2349 2348
f 2283 2282 2378
f 2283 2378 2656
f 2656 2378 2380
f 2656 2380 2657
f 2657 2380 2382
f 2657 2382 2658
f 2658 2382 2384
f 2658 2384 2659
f 2659 2384 2386
f 2659 2386 2660
f 2281 2284 2661
f 2281 2661 2387
f 2387 2661 2662
f 2387 2662 2389
f 2389 2662 2663
f 2389 2663 2391
f 2391 2663 2664
f 2391 2664 2393
f 2393 2664 2348
f 2393 2348 2346
f 2386 2385 2660
f 2385 2399 2408
f 2408 2417 2426
f 2426 2435 2444
f 2444 2453 2462
f 2462 2471 2480
f 2480 2489 2498
f 2498 2507 2516
f 2516 2525 2534
f 2534 2543 2552
f 2552 2561 2570
f 2570 2579 2588
f 2588 2597 2606
f 2606 2615 2624
f 2624 2633 2642
f 2642 2651 2660
f 2385 2408 2660
f 2408 2426 2444
f 2444 2462 2480
f 2480 2498 2516
f 2516 2534 2552
f 2552 2570 2588
f 2588 2606 2624
f 2624 2642 2660
f 2408 2444 2660
f 2444 2480 2516
f 2516 2552 2588
f 2588 2624 2660
f 2444 2516 2660
f 2516 2588 2660
f 2665 2666 2667
f 2665 2667 2668
f 2669 2670 2671
f 2669 2671 2672
f 2672 2671 2673
f 2672 2673 2674
f 2674 2673 2675
f 2674 2675 2676
f 2676 2675 2677
f 2676 2677 2678
f 2678 2677 2679
f 2678 2679 2680
f 2680 2679 2681
f 2680 2681 2682
f 2682 2681 2683
f 2682 2683 2684
f 2684 2683 2685
f 2684 2685 2686
f 2686 2685 2687
f 2686 2687 2688
f 2688 2687 2689
f 2688 2689 2690
f 2690 2689 2691
f 2690 2691 2692
f 2692 2691 2693
f 2692 2693 2694
f 2694 2693 2695
f 2694 2695 2696
f 2696 2695 2697
f 2696 2697 2698
f 2698 2697 2699
f 2698 2699 2700
f 2700 2699 2701
f 2700 2701 2702
f 2702 2701 2703
f 2702 2703 2704
f 2704 2703 2705
f 2704 2705 2706
f 2706 2705 2707
f 2706 2707 2708
f 2708 2707 2709
f 2708 2709 2710
f 2710 2709 2711
f 2710 2711 2712
f 2712 2711 2713
f 2712 2713 2714
f 2714 2713 2715
f 2714 2715 2716
f 2716 2715 2717
f 2716 2717 2718
f 2718 2717 2719
f 2718 2719 2720
f 2720 2719 2721
f 2720 2721 2722
f 2722 2721 2723
f 2722 2723 2724
f 2724 2723 2725
f 2724 2725 2726
f 2726 2725 2666
f 2726 2666 2665
f 2727 2728 2670
f 2727 2670 2669
f 2729 2730 2731
f 2730 2732 2733
f 2733 2734 2735
f 2735 2736 2737
f 2737 2738 2739
f 2739 2740 2741
f 2741 2742 2743
f 2743 2744 2745
f 2745 2746 2747
f 2747 2748 2749
f 2749 2750 2751
f 2751 2752 2753
f 2753 2754 2755
f 2755 2756 2757
f 2757 2758 2759
f 2759 2760 2731
f 2730 2733 2731
f 2733 2735 2737
f 2737 2739 2741
f 2741 2743 2745
f 2745 2747 2749
f 2749 2751 2753
f 2753 2755 2757
f 2757 2759 2731
f 2733 2737 2731
f 2737 2741 2745
f 2745 2749 2753
f 2753 2757 2731
f 2737 2745 2731
f 2745 2753 2731
f 2668 2667 2728
f 2668 2728 2727
f 2668 2727 2761
f 2668 2761 2762
f 2762 2761 2763
f 2762 2763 2764
f 2764 2763 2765
f 2764 2765 2766
f 2766 2765 2767
f 2766 2767 2768
f 2768 2767 2769
f 2768 2769 2770
f 2728 2667 2771
f 2728 2771 2772
f 2772 2771 2773
f 2772 2773 2774
f 2774 2773 2775
f 2774 2775 2776
f 2776 2775 2777
f 2776 2777 2778
f 2778 2777 2730
f 2778 2730 2729
f 2727 2669 2779
f 2727 2779 2761
f 2761 2779 2780
f 2761 2780 2763
f 2763 2780 2781
f 2763 2781 2765
f 2765 2781 2782
f 2765 2782 2767
f 2767 2782 2783
f 2767 2783 2769
f 2670 2728 2772
f 2670 2772 2784
f 2784 2772 2774
f 2784 2774 2785
f 2785 2774 2776
f 2785 2776 2786
f 2786 2776 2778
f 2786 2778 2787
f 2787 2778 2729
f 2787 2729 2731
f 2669 2672 2788
f 2669 2788 2779
f 2779 2788 2789
f 2779 2789 2780
f 2780 2789 2790
f 2780 2790 2781
f 2781 2790 2791
f 2781 2791 2782
f 2782 2791 2792
f 2782 2792 2783
f 2671 2670 2784
f 2671 2784 2793
f 2793 2784 2785
f 2793 2785 2794
f 2794 2785 2786
f 2794 2786 2795
f 2795 2786 2787
f 2795 2787 2796
f 2796 2787 2731
f 2796 2731 2760
f 2672 2674 2797
f 2672 2797 2788
f 2788 2797 2798
f 2788 2798 2789
f 2789 2798 2799
f 2789 2799 2790
f 2790 2799 2800
f 2790 2800 2791
f 2791 2800 2801
f 2791 2801 2792
f 2673 2671 2793
f 2673 2793 2802
f 2802 2793 2794
f 2802 2794 2803
f 2803 2794 2795
f 2803 2795 2804
f 2804 2795 2796
f 2804 2796 2805
f 2805 2796 2760
f 2805 2760 2759
f 2674 2676 2806
f 2674 2806 2797
f 2797 2806 2807
f 2797 2807 2798
f 2798 2807 2808
f 2798 2808 2799
f 2799 2808 2809
f 2799 2809 2800
f 2800 2809 2810
f 2800 2810 2801
f 2675 2673 2802
f 2675 2802 2811
f 2811 2802 2803
f 2811 2803 2812
f 2812 2803 2804
f 2812 2804 2813
f 2813 2804 2805
f 2813 2805 2814
f 2814 2805 2759
f 2814 2759 2758
f 2676 2678 2815
f 2676 2815 2806
f 2806 2815 2816
f 2806 2816 2807
f 2807 2816 2817
f 2807 2817 2808
f 2808 2817 2818
f 2808 2818 2809
f 2809 2818 2819
f 2809 2819 2810
f 2677 2675 2811
f 2677 2811 2820
f 2820 2811 2812
f 2820 2812 2821
f 2821 2812 2813
f 2821 2813 2822
f 2822 2813 2814
f 2822 2814 2823
f 2823 2814 2758
f 2823 2758 2757
f 2678 2680 2824
f 2678 2824 2815
f 2815 2824 2825
f 2815 2825 2816
f 2816 2825 2826
f 2816 2826 2817
f 2817 2826 2827
f 2817 2827 2818
f 2818 2827 2828
f 2818 2828 2819
f 2679 2677 2820
f 2679 2820 2829
f 2829 2820 2821
f 2829 2821 2830
f 2830 2821 2822
f 2830 2822 2831
f 2831 2822 2823
f 2831 2823 2832
f 2832 2823 2757
f 2832 2757 2756
f 2680 2682 2833
f 2680 2833 2824
f 2824 2833 2834
f 2824 2834 2825
f 2825 2834 2835
f 2825 2835 2826
f 2826 2835 2836
f 2826 2836 2827
f 2827 2836 2837
f 2827 2837 2828
f 2681 2679 2829
f 2681 2829 2838
f 2838 2829 2830
f 2838 2830 2839
f 2839 2830 2831
f 2839 2831 2840
f 2840 2831 2832
f 2840 2832 2841
f 2841 2832 2756
f 2841 2756 2755
f 2682 2684 2842
f 2682 2842 2833
f 2833 2842 2843
f 2833 2843 2834
f 2834 2843 2844
f 2834 2844 2835
f 2835 2844 2845
f 2835 2845 2836
f 2836 2845 2846
f 2836 2846 2837
f 2683 2681 2838
f 2683 2838 2847
f 2847 2838 2839
f 2847 2839 2848
f 2848 2839 2840
f 2848 2840 2849
f 2849 2840 2841
f 2849 2841 2850
f 2850 2841 2755
f 2850 2755 2754
f 2684 2686 2851
f 2684 2851 2842
f 2842 2851 2852
f 2842 2852 2843
f 2843 2852 2853
f 2843 2853 2844
f 2844 2853 2854
f 2844 2854 2845
f 2845 2854 2855
f 2845 2855 2846
f 2685 2683 2847
f 2685 2847 2856
f 2856 2847 2848
f 2856 2848 2857
f 2857 2848 2849
f 2857 2849 2858
f 2858 2849 2850
f 2858 2850 2859
f 2859 2850 2754
f 2859 2754 2753
f 2686 2688 2860
f 2686 2860 2851
f 2851 2860 2861
f 2851 2861 2852
f 2852 2861 2862
f 2852 2862 2853
f 2853 2862 2863
f 2853 2863 2854
f 2854 2863 2864
f 2854 2864 2855
f 2687 2685 2856
f 2687 2856 2865
f 2865 2856 2857
f 2865 2857 2866
f 2866 2857 2858
f 2866 2858 2867
f 2867 2858 2859
f 2867 2859 2868
f 2868 2859 2753
f 2868 2753 2752
f 2688 2690 2869
f 2688 2869 2860
f 2860 2869 2870
f 2860 2870 2861
f 2861 2870 2871
f 2861 2871 2862
f 2862 2871 2872
f 2862 2872 2863
f 2863 2872 2873
f 2863 2873 2864
f 2689 2687 2865
f 2689 2865 2874
f 2874 2865 2866
f 2874 2866 2875
f 2875 2866 2867
f 2875 2867 2876
f 2876 2867 2868
f 2876 2868 2877
f 2877 2868 2752
f 2877 2752 2751
f 2690 2692 2878
f 2690 2878 2869
f 2869 2878 2879
f 2869 2879 2870
f 2870 2879 2880
f 2870 2880 2871
f 2871 2880 2881
f 2871 2881 2872
f 2872 2881 2882
f 2872 2882 2873
f 2691 2689 2874
f 2691 2874 2883
f 2883 2874 2875
f 2883 2875 2884
f 2884 2875 2876
f 2884 2876 2885
f 2885 2876 2877
f 2885 2877 2886
f 2886 2877 2751
f 2886 2751 2750
f 2692 2694 2887
f 2692 2887 2878
f 2878 2887 2888
f 2878 2888 2879
f 2879 2888 2889
f 2879 2889 2880
f 2880 2889 2890
f 2880 2890 2881
f 2881 2890 2891
f 2881 2891 2882
f 2693 2691 2883
f 2693 2883 2892
f 2892 2883 2884
f 2892 2884 2893
f 2893 2884 2885
f 2893 2885 2894
f 2894 2885 2886
f 2894 2886 2895
f 2895 2886 2750
f 2895 2750 2749
f 2694 2696 2896
f 2694 2896 2887
f 2887 2896 2897
f 2887 2897 2888
f 2888 2897 2898
f 2888 2898 2889
f 2889 2898 2899
f 2889 2899 2890
f 2890 2899 2900
f 2890 2900 2891
f 2695 2693 2892
f 2695 2892 2901
f 2901 2892 2893
f 2901 2893 2902
f 2902 2893 2894
f 2902 2894 2903
f 2903 2894 2895
f 2903 2895 2904
f 2904 2895 2749
f 2904 2749 2748
f 2696 2698 2905
f 2696 2905 2896
f 2896 2905 2906
f 2896 2906 2897
f 2897 2906 2907
f 2897 2907 2898
f 2898 2907 2908
f 2898 2908 2899
f 2899 2908 2909
f 2899 2909 2900
f 2697 2695 2901
f 2697 2901 2910
f 2910 2901 2902
f 2910 2902 2911
f 2911 2902 2903
f 2911 2903 2912
f 2912 2903 2904
f 2912 2904 2913
f 2913 2904 2748
f 2913 2748 2747
f 2698 2700 2914
f 2698 2914 2905
f 2905 2914 2915
f 2905 2915 2906
f 2906 2915 2916
f 2906 2916 2907
f 2907 2916 2917
f 2907 2917 2908
f 2908 2917 2918
f 2908 2918 2909
f 2699 2697 2910
f 2699 2910 2919
f 2919 2910 2911
f 2919 2911 2920
f 2920 2911 2912
f 2920 2912 2921
f 2921 2912 2913
f 2921 2913 2922
f 2922 2913 2747
f 2922 2747 2746
f 2700 2702 2923
f 2700 2923 2914
f 2914 2923 2924
f 2914 2924 2915
f 2915 2924 2925
f 2915 2925 2916
f 2916 2925 2926
f 2916 2926 2917
f 2917 2926 2927
f 2917 2927 2918
f 2701 2699 2919
f 2701 2919 2928
f 2928 2919 2920
f 2928 2920 2929
f 2929 2920 2921
f 2929 2921 2930
f 2930 2921 2922
f 2930 2922 2931
f 2931 2922 2746
f 2931 2746 2745
f 2702 2704 2932
f 2702 2932 2923
f 2923 2932 2933
f 2923 2933 2924
f 2924 2933 2934
f 2924 2934 2925
f 2925 2934 2935
f 2925 2935 2926
f 2926 2935 2936
f 2926 2936 2927
f 2703 2701 2928
f 2703 2928 2937
f 2937 2928 2929
f 2937 2929 2938
f 2938 2929 2930
f 2938 2930 2939
f 2939 2930 2931
f 2939 2931 2940
f 2940 2931 2745
f 2940 2745 2744
f 2704 2706 2941
f 2704 2941 2932
f 2932 2941 2942
f 2932 2942 2933
f 2933 2942 2943
f 2933 2943 2934
f 2934 2943 2944
f 2934 2944 2935
f 2935 2944 2945
f 2935 2945 2936
f 2705 2703 2937
f 2705 2937 2946
f 2946 2937 2938
f 2946 2938 2947
f 2947 2938 2939
f 2947 2939 2948
f 2948 2939 2940
f 2948 2940 2949
f 2949 2940 2744
f 2949 2744 2743
f 2706 2708 2950
f 2706 2950 2941
f 2941 2950 2951
f 2941 2951 2942
f 2942 2951 2952
f 2942 2952 2943
f 2943 2952 2953
f 2943 2953 2944
f 2944 2953 2954
f 2944 2954 2945
f 2707 2705 2946
f 2707 2946 2955
f 2955 2946 2947
f 2955 2947 2956
f 2956 2947 2948
f 2956 2948 2957
f 2957 2948 2949
f 2957 2949 2958
f 2958 2949 2743
f 2958 2743 2742
f 2708 2710 2959
f 2708 2959 2950
f 2950 2959 2960
f 2950 2960 2951
f 2951 2960 2961
f 2951 2961 2952
f 2952 2961 2962
f 2952 2962 2953
f 2953 2962 2963
f 2953 2963 2954
f 2709 2707 2955
f 2709 2955 2964
f 2964 2955 2956
f 2964 2956 2965
f 2965 2956 2957
f 2965 2957 2966
f 2966 2957 2958
f 2966 2958 2967
f 2967 2958 2742
f 2967 2742 2741
f 2710 2712 2968
f 2710 2968 2959
f 2959 2968 2969
f 2959 2969 2960
f 2960 2969 2970
f 2960 2970 2961
f 2961 2970 2971
f 2961 2971 2962
f 2962 2971 2972
f 2962 2972 2963
f 2711 2709 2964
f 2711 2964 2973
f 2973 2964 2965
f 2973 2965 2974
f 2974 2965 2966
f 2974 2966 2975
f 2975 2966 2967
f 2975 2967 2976
f 2976 2967 2741
f 2976 2741 2740
f 2712 2714 2977
f 2712 2977 2968
f 2968 2977 2978
f 2968 2978 2969
f 2969 2978 2979
f 2969 2979 2970
f 2970 2979 2980
f 2970 2980 2971
f 2971 2980 2981
f 2971 2981 2972
f 2713 2711 2973
f 2713 2973 2982
f 2982 2973 2974
f 2982 2974 2983
f 2983 2974 2975
f 2983 2975 2984
f 2984 2975 2976
f 2984 2976 2985
f 2985 2976 2740
f 2985 2740 2739
f 2714 2716 2986
f 2714 2986 2977
f 2977 2986 2987
f 2977 2987 2978
f 2978 2987 2988
f 2978 2988 2979
f 2979 2988 2989
f 2979 2989 2980
f 2980 2989 2990
f 2980 2990 2981
f 2715 2713 2982
f 2715 2982 2991
f 2991 2982 2983
f 2991 2983 2992
f 2992 2983 2984
f 2992 2984 2993
f 2993 2984 2985
f 2993 2985 2994
f 2994 2985 2739
f 2994 2739 2738
f 2716 2718 2995
f 2716 2995 2986
f 2986 2995 2996
f 2986 2996 2987
f 2987 2996 2997
f 2987 2997 2988
f 2988 2997 2998
f 2988 2998 2989
f 2989 2998 2999
f 2989 2999 2990
f 2717 2715 2991
f 2717 2991 3000
f 3000 2991 2992
f 3000 2992 3001
f 3001 2992 2993
f 3001 2993 3002
f 3002 2993 2994
f 3002 2994 3003
f 3003 2994 2738
f 3003 2738 2737
f 2718 2720 3004
f 2718 3004 2995
f 2995 3004 3005
f 2995 3005 2996
f 2996 3005 3006
f 2996 3006 2997
f 2997 3006 3007
f 2997 3007 2998
f 2998 3007 3008
f 2998 3008 2999
f 2719 2717 3000
f 2719 3000 3009
f 3009 3000 3001
f 3009 3001 3010
f 3010 3001 3002
f 3010 3002 3011
f 3011 3002 3003
f 3011 3003 3012
f 3012 3003 2737
f 3012 2737 2736
f 2720 2722 3013
f 2720 3013 3004
f 3004 3013 3014
f 3004 3014 3005
f 3005 3014 3015
f 3005 3015 3006
f 3006 3015 3016
f 3006 3016 3007
f 3007 3016 3017
f 3007 3017 3008
f 2721 2719 3009
f 2721 3009 3018
f 3018 3009 3010
f 3018 3010 3019
f 3019 3010 3011
f 3019 3011 3020
f 3020 3011 3012
f 3020 3012 3021
f 3021 3012 2736
f 3021 2736 2735
f 2722 2724 3022
f 2722 3022 3013
f 3013 3022 3023
f 3013 3023 3014
f 3014 3023 3024
f 3014 3024 3015
f 3015 3024 3025
f 3015 3025 3016
f 3016 3025 3026
f 3016 3026 3017
f 2723 2721 3018
f 2723 3018 3027
f 3027 3018 3019
f 3027 3019 3028
f 3028 3019 3020
f 3028 3020 3029
f 3029 3020 3021
f 3029 3021 3030
f 3030 3021 2735
f 3030 2735 2734
f 2724 2726 3031
f 2724 3031 3022
f 3022 3031 3032
f 3022 3032 3023
f 3023 3032 3033
f 3023 3033 3024
f 3024 3033 3034
f 3024 3034 3025
f 3025 3034 3035
f 3025 3035 3026
f 2725 2723 3027
f 2725 3027 3036
f 3036 3027 3028
f 3036 3028 3037
f 3037 3028 3029
f 3037 3029 3038
f 3038 3029 3030
f 3038 3030 3039
f 3039 3030 2734
f 3039 2734 2733
f 2726 2665 3040
f 2726 3040 3031
f 3031 3040 3041
f 3031 3041 3032
f 3032 3041 3042
f 3032 3042 3033
f 3033 3042 3043
f 3033 3043 3034
f 3034 3043 3044
f 3034 3044 3035
f 2666 2725 3036
f 2666 3036 3045
f 3045 3036 3037
f 3045 3037 3046
f 3046 3037 3038
f 3046 3038 3047
f 3047 3038 3039
f 3047 3039 3048
f 3048 3039 2733
f 3048 2733 2732
f 2665 2668 2762
f 2665 2762 3040
f 3040 2762 2764
f 3040 2764 3041
f 3041 2764 2766
f 3041 2766 3042
f 3042 2766 2768
f 3042 2768 3043
f 3043 2768 2770
f 3043 2770 3044
f 2667 2666 3045
f 2667 3045 2771
f 2771 3045 3046
f 2771 3046 2773
f 2773 3046 3047
f 2773 3047 2775
f 2775 3047 3048
f 2775 3048 2777
f 2777 3048 2732
f 2777 2732 2730
f 2770 2769 3044
f 2769 2783 2792
f 2792 2801 2810
f 2810 2819 2828
f 2828 2837 2846
f 2846 2855 2864
f 2864 2873 2882
f 2882 2891 2900
f 2900 2909 2918
f 2918 2927 2936
f 2936 2945 2954
f 2954 2963 2972
f 2972 2981 2990
f 2990 2999 3008
f 3008 3017 3026
f 3026 3035 3044
f 2769 2792 3044
f 2792 2810 2828
f 2828 2846 2864
f 2864 2882 2900
f 2900 2918 2936
f 2936 2954 2972
f 2972 2990 3008
f 3008 3026 3044
f 2792 2828 3044
f 2828 2864 2900
f 2900 2936 2972
f 2972 3008 3044
f 2828 2900 3044
f 2900 2972 3044
f 3049 3050 3051
f 3049 3051 3052
f 3053 3054 3055
f 3053 3055 3056
f 3054 3057 3058
f 3054 3058 3055
f 3057 3059 3060
f 3057 3060 3058
f 3059 3061 3062
f 3059 3062 3060
f 3061 3063 3064
f 3061 3064 3062
f 3063 3065 3066
f 3063 3066 3064
f 3065 3067 3068
f 3065 3068 3066
f 3067 3069 3070
f 3067 3070 3068
f 3069 3071 3072
f 3069 3072 3070
f 3071 3073 3074
f 3071 3074 3072
f 3073 3075 3076
f 3073 3076 3074
f 3075 3077 3078
f 3075 3078 3076
f 3077 3079 3080
f 3077 3080 3078
f 3079 3081 3082
f 3079 3082 3080
f 3081 3083 3084
f 3081 3084 3082
f 3083 3085 3086
f 3083 3086 3084
f 3085 3087 3088
f 3085 3088 3086
f 3087 3089 3090
f 3087 3090 3088
f 3089 3091 3092
f 3089 3092 3090
f 3091 3093 3094
f 3091 3094 3092
f 3093 3095 3096
f 3093 3096 3094
f 3095 3097 3098
f 3095 3098 3096
f 3097 3099 3100
f 3097 3100 3098
f 3099 3101 3102
f 3099 3102 3100
f 3101 3103 3104
f 3101 3104 3102
f 3103 3105 3106
f 3103 3106 3104
f 3105 3107 3108
f 3105 3108 3106
f 3107 3109 3110
f 3107 3110 3108
f 3109 3049 3052
f 3109 3052 3110
f 3111 3053 3056
f 3111 3056 3112
f 3113 3114 3115
f 3114 3116 3117
f 3117 3118 3119
f 3119 3120 3121
f 3121 3122 3123
f 3123 3124 3125
f 3125 3126 3127
f 3127 3128 3129
f 3129 3130 3131
f 3131 3132 3133
f 3133 3134 3135
f 3135 3136 3137
f 3137 3138 3139
f 3139 3140 3141
f 3141 3142 3143
f 3143 3144 3115
f 3114 3117 3115
f 3117 3119 3121
f 3121 3123 3125
f 3125 3127 3129
f 3129 3131 3133
f 3133 3135 3137
f 3137 3139 3141
f 3141 3143 3115
f 3117 3121 3115
f 3121 3125 3129
f 3129 3133 3137
f 3137 3141 3115
f 3121 3129 3115
f 3129 3137 3115
f 3050 3111 3112
f 3050 3112 3051
f 3050 3145 3146
f 3050 3146 3111
f 3145 3147 3148
f 3145 3148 3146
f 3147 3149 3150
f 3147 3150 3148
f 3149 3151 3152
f 3149 3152 3150
f 3151 3153 3154
f 3151 3154 3152
f 3112 3155 3156
f 3112 3156 3051
f 3155 3157 3158
f 3155 3158 3156
f 3157 3159 3160
f 3157 3160 3158
f 3159 3161 3162
f 3159 3162 3160
f 3161 3113 3115
f 3161 3115 3162
f 3111 3146 3163
f 3111 3163 3053
f 3146 3148 3164
f 3146 3164 3163
f 3148 3150 3165
f 3148 3165 3164
f 3150 3152 3166
f 3150 3166 3165
f 3152 3154 3167
f 3152 3167 3166
f 3056 3168 3155
f 3056 3155 3112
f 3168 3169 3157
f 3168 3157 3155
f 3169 3170 3159
f 3169 3159 3157
f 3170 3171 3161
f 3170 3161 3159
f 3171 3114 3113
f 3171 3113 3161
f 3053 3163 3172
f 3053 3172 3054
f 3163 3164 3173
f 3163 3173 3172
f 3164 3165 3174
f 3164 3174 3173
f 3165 3166 3175
f 3165 3175 3174
f 3166 3167 3176
f 3166 3176 3175
f 3055 3177 3168
f 3055 3168 3056
f 3177 3178 3169
f 3177 3169 3168
f 3178 3179 3170
f 3178 3170 3169
f 3179 3180 3171
f 3179 3171 3170
f 3180 3116 3114
f 3180 3114 3171
f 3054 3172 3181
f 3054 3181 3057
f 3172 3173 3182
f 3172 3182 3181
f 3173 3174 3183
f 3173 3183 3182
f 3174 3175 3184
f 3174 3184 3183
f 3175 3176 3185
f 3175 3185 3184
f 3058 3186 3177
f 3058 3177 3055
f 3186 3187 3178
f 3186 3178 3177
f 3187 3188 3179
f 3187 3179 3178
f 3188 3189 3180
f 3188 3180 3179
f 3189 3117 3116
f 3189 3116 3180
f 3057 3181 3190
f 3057 3190 3059
f 3181 3182 3191
f 3181 3191 3190
f 3182 3183 3192
f 3182 3192 3191
f 3183 3184 3193
f 3183 3193 3192
f 3184 3185 3194
f 3184 3194 3193
f 3060 3195 3186
f 3060 3186 3058
f 3195 3196 3187
f 3195 3187 3186
f 3196 3197 3188
f 3196 3188 3187
f 3197 3198 3189
f 3197 3189 3188
f 3198 3118 3117
f 3198 3117 3189
f 3059 3190 3199
f 3059 3199 3061
f 3190 3191 3200
f 3190 3200 3199
f 3191 3192 3201
f 3191 3201 3200
f 3192 3193 3202
f 3192 3202 3201
f 3193 3194 3203
f 3193 3203 3202
f 3062 3204 3195
f 3062 3195 3060
f 3204 3205 3196
f 3204 3196 3195
f 3205 3206 3197
f 3205 3197 3196
f 3206 3207 3198
f 3206 3198 3197
f 3207 3119 3118
f 3207 3118 3198
f 3061 3199 3208
f 3061 3208 3063
f 3199 3200 3209
f 3199 3209 3208
f 3200 3201 3210
f 3200 3210 3209
f 3201 3202 3211
f 3201 3211 3210
f 3202 3203 3212
f 3202 3212 3211
f 3064 3213 3204
f 3064 3204 3062
f 3213 3214 3205
f 3213 3205 3204
f 3214 3215 3206
f 3214 3206 3205
f 3215 3216 3207
f 3215 3207 3206
f 3216 3120 3119
f 3216 3119 3207
f 3063 3208 3217
f 3063 3217 3065
f 3208 3209 3218
f 3208 3218 3217
f 3209 3210 3219
f 3209 3219 3218
f 3210 3211 3220
f 3210 3220 3219
f 3211 3212 3221
f 3211 3221 3220
f 3066 3222 3213
f 3066 3213 3064
f 3222 3223 3214
f 3222 3214 3213
f 3223 3224 3215
f 3223 3215 3214
f 3224 3225 3216
f 3224 3216 3215
f 3225 3121 3120
f 3225 3120 3216
f 3065 3217 3226
f 3065 3226 3067
f 3217 3218 3227
f 3217 3227 3226
f 3218 3219 3228
f 3218 3228 3227
f 3219 3220 3229
f 3219 3229 3228
f 3220 3221 3230
f 3220 3230 3229
f 3068 3231 3222
f 3068 3222 3066
f 3231 3232 3223
f 3231 3223 3222
f 3232 3233 3224
f 3232 3224 3223
f 3233 3234 3225
f 3233 3225 3224
f 3234 3122 3121
f 3234 3121 3225
f 3067 3226 3235
f 3067 3235 3069
f 3226 3227 3236
f 3226 3236 3235
f 3227 3228 3237
f 3227 3237 3236
f 3228 3229 3238
f 3228 3238 3237
f 3229 3230 3239
f 3229 3239 3238
f 3070 3240 3231
f 3070 3231 3068
f 3240 3241 3232
f 3240 3232 3231
f 3241 3242 3233
f 3241 3233 3232
f 3242 3243 3234
f 3242 3234 3233
f 3243 3123 3122
f 3243 3122 3234
f 3069 3235 3244
f 3069 3244 3071
f 3235 3236 3245
f 3235 3245 3244
f 3236 3237 3246
f 3236 3246 3245
f 3237 3238 3247
f 3237 3247 3246
f 3238 3239 3248
f 3238 3248 3247
f 3072 3249 3240
f 3072 3240 3070
f 3249 3250 3241
f 3249 3241 3240
f 3250 3251 3242
f 3250 3242 3241
f 3251 3252 3243
f 3251 3243 3242
f 3252 3124 3123
f 3252 3123 3243
f 3071 3244 3253
f 3071 3253 3073
f 3244 3245 3254
f 3244 3254 3253
f 3245 3246 3255
f 3245 3255 3254
f 3246 3247 3256
f 3246 3256 3255
f 3247 3248 3257
f 3247 3257 3256
f 3074 3258 3249
f 3074 3249 3072
f 3258 3259 3250
f 3258 3250 3249
f 3259 3260 3251
f 3259 3251 3250
f 3260 3261 3252
f 3260 3252 3251
f 3261 3125 3124
f 3261 3124 3252
f 3073 3253 3262
f 3073 3262 3075
f 3253 3254 3263
f 3253 3263 3262
f 3254 3255 3264
f 3254 3264 3263
f 3255 3256 3265
f 3255 3265 3264
f 3256 3257 3266
f 3256 3266 3265
f 3076 3267 3258
f 3076 3258 3074
f 3267 3268 3259
f 3267 3259 3258
f 3268 3269 3260
f 3268 3260 3259
f 3269 3270 3261
f 3269 3261 3260
f 3270 3126 3125
f 3270 3125 3261
f 3075 3262 3271
f 3075 3271 3077
f 3262 3263 3272
f 3262 3272 3271
f 3263 3264 3273
f 3263 3273 3272
f 3264 3265 3274
f 3264 3274 3273
f 3265 3266 3275
f 3265 3275 3274
f 3078 3276 3267
f 3078 3267 3076
f 3276 3277 3268
f 3276 3268 3267
f 3277 3278 3269
f 3277 3269 3268
f 3278 3279 3270
f 3278 3270 3269
f 3279 3127 3126
f 3279 3126 3270
f 3077 3271 3280
f 3077 3280 3079
f 3271 3272 3281
f 3271 3281 3280
f 3272 3273 3282
f 3272 3282 3281
f 3273 3274 3283
f 3273 3283 3282
f 3274 3275 3284
f 3274 3284 3283
f 3080 3285 3276
f 3080 3276 3078
f 3285 3286 3277
f 3285 3277 3276
f 3286 3287 3278
f 3286 3278 3277
f 3287 3288 3279
f 3287 3279 3278
f 3288 3128 3127
f 3288 3127 3279
f 3079 3280 3289
f 3079 3289 3081
f 3280 3281 3290
f 3280 3290 3289
f 3281 3282 3291
f 3281 3291 3290
f 3282 3283 3292
f 3282 3292 3291
f 3283 3284 3293
f 3283 3293 3292
f 3082 3294 3285
f 3082 3285 3080
f 3294 3295 3286
f 3294 3286 3285
f 3295 3296 3287
f 3295 3287 3286
f 3296 3297 3288
f 3296 3288 3287
f 3297 3129 3128
f 3297 3128 3288
f 3081 3289 3298
f 3081 3298 3083
f 3289 3290 3299
f 3289 3299 3298
f 3290 3291 3300
f 3290 3300 3299
f 3291 3292 3301
f 3291 3301 3300
f 3292 3293 3302
f 3292 3302 3301
f 3084 3303 3294
f 3084 3294 3082
f 3303 3304 3295
f 3303 3295 3294
f 3304 3305 3296
f 3304 3296 3295
f 3305 3306 3297
f 3305 3297 3296
f 3306 3130 3129
f 3306 3129 3297
f 3083 3298 3307
f 3083 3307 3085
f 3298 3299 3308
f 3298 3308 3307
f 3299 3300 3309
f 3299 3309 3308
f 3300 3301 3310
f 3300 3310 3309
f 3301 3302 3311
f 3301 3311 3310
f 3086 3312 3303
f 3086 3303 3084
f 3312 3313 3304
f 3312 3304 3303
f 3313 3314 3305
f 3313 3305 3304
f 3314 3315 3306
f 3314 3306 3305
f 3315 3131 3130
f 3315 3130 3306
f 3085 3307 3316
f 3085 3316 3087
f 3307 3308 3317
f 3307 3317 3316
f 3308 3309 3318
f 3308 3318 3317
f 3309 3310 3319
f 3309 3319 3318
f 3310 3311 3320
f 3310 3320 3319
f 3088 3321 3312
f 3088 3312 3086
f 3321 3322 3313
f 3321 3313 3312
f 3322 3323 3314
f 3322 3314 3313
f 3323 3324 3315
f 3323 3315 3314
f 3324 3132 3131
f 3324 3131 3315
f 3087 3316 3325
f 3087 3325 3089
f 3316 3317 3326
f 3316 3326 3325
f 3317 3318 3327
f 3317 3327 3326
f 3318 3319 3328
f 3318 3328 3327
f 3319 3320 3329
f 3319 3329 3328
f 3090 3330 3321
f 3090 3321 3088
f 3330 3331 3322
f 3330 3322 3321
f 3331 3332 3323
f 3331 3323 3322
f 3332 3333 3324
f 3332 3324 3323
f 3333 3133 3132
f 3333 3132 3324
f 3089 3325 3334
f 3089 3334 3091
f 3325 3326 3335
f 3325 3335 3334
f 3326 3327 3336
f 3326 3336 3335
f 3327 3328 3337
f 3327 3337 3336
f 3328 3329 3338
f 3328 3338 3337
f 3092 3339 3330
f 3092 3330 3090
f 3339 3340 3331
f 3339 3331 3330
f 3340 3341 3332
f 3340 3332 3331
f 3341 3342 3333
f 3341 3333 3332
f 3342 3134 3133
f 3342 3133 3333
f 3091 3334 3343
f 3091 3343 3093
f 3334 3335 3344
f 3334 3344 3343
f 3335 3336 3345
f 3335 3345 3344
f 3336 3337 3346
f 3336 3346 3345
f 3337 3338 3347
f 3337 3347 3346
f 3094 3348 3339
f 3094 3339 3092
f 3348 3349 3340
f 3348 3340 3339
f 3349 3350 3341
f 3349 3341 3340
f 3350 3351 3342
f 3350 3342 3341
f 3351 3135 3134
f 3351 3134 3342
f 3093 3343 3352
f 3093 3352 3095
f 3343 3344 3353
f 3343 3353 3352
f 3344 3345 3354
f 3344 3354 3353
f 3345 3346 3355
f 3345 3355 3354
f 3346 3347 3356
f 3346 3356 3355
f 3096 3357 3348
f 3096 3348 3094
f 3357 3358 3349
f 3357 3349 3348
f 3358 3359 3350
f 3358 3350 3349
f 3359 3360 3351
f 3359 3351 3350
f 3360 3136 3135
f 3360 3135 3351
f 3095 3352 3361
f 3095 3361 3097
f 3352 3353 3362
f 3352 3362 3361
f 3353 3354 3363
f 3353 3363 3362
f 3354 3355 3364
f 3354 3364 3363
f 3355 3356 3365
f 3355 3365 3364
f 3098 3366 3357
f 3098 3357 3096
f 3366 3367 3358
f 3366 3358 3357
f 3367 3368 3359
f 3367 3359 3358
f 3368 3369 3360
f 3368 3360 3359
f 3369 3137 3136
f 3369 3136 3360
f 3097 3361 3370
f 3097 3370 3099
f 3361 3362 3371
f 3361 3371 3370
f 3362 3363 3372
f 3362 3372 3371
f 3363 3364 3373
f 3363 3373 3372
f 3364 3365 3374
f 3364 3374 3373
f 3100 3375 3366
f 3100 3366 3098
f 3375 3376 3367
f 3375 3367 3366
f 3376 3377 3368
f 3376 3368 3367
f 3377 3378 3369
f 3377 3369 3368
f 3378 3138 3137
f 3378 3137 3369
f 3099 3370 3379
f 3099 3379 3101
f 3370 3371 3380
f 3370 3380 3379
f 3371 3372 3381
f 3371 3381 3380
f 3372 3373 3382
f 3372 3382 3381
f 3373 3374 3383
f 3373 3383 3382
f 3102 3384 3375
f 3102 3375 3100
f 3384 3385 3376
f 3384 3376 3375
f 3385 3386 3377
f 3385 3377 3376
f 3386 3387 3378
f 3386 3378 3377
f 3387 3139 3138
f 3387 3138 3378
f 3101 3379 3388
f 3101 3388 3103
f 3379 3380 3389
f 3379 3389 3388
f 3380 3381 3390
f 3380 3390 3389
f 3381 3382 3391
f 3381 3391 3390
f 3382 3383 3392
f 3382 3392 3391
f 3104 3393 3384
f 3104 3384 3102
f 3393 3394 3385
f 3393 3385 3384
f 3394 3395 3386
f 3394 3386 3385
f 3395 3396 3387
f 3395 3387 3386
f 3396 3140 3139
f 3396 3139 3387
f 3103 3388 3397
f 3103 3397 3105
f 3388 3389 3398
f 3388 3398 3397
f 3389 3390 3399
f 3389 3399 3398
f 3390 3391 3400
f 3390 3400 3399
f 3391 3392 3401
f 3391 3401 3400
f 3106 3402 3393
f 3106 3393 3104
f 3402 3403 3394
f 3402 3394 3393
f 3403 3404 3395
f 3403 3395 3394
f 3404 3405 3396
f 3404 3396 3395
f 3405 3141 3140
f 3405 3140 3396
f 3105 3397 3406
f 3105 3406 3107
f 3397 3398 3407
f 3397 3407 3406
f 3398 3399 3408
f 3398 3408 3407
f 3399 3400 3409
f 3399 3409 3408
f 3400 3401 3410
f 3400 3410 3409
f 3108 3411 3402
f 3108 3402 3106
f 3411 3412 3403
f 3411 3403 3402
f 3412 3413 3404
f 3412 3404 3403
f 3413 3414 3405
f 3413 3405 3404
f 3414 3142 3141
f 3414 3141 3405
f 3107 3406 3415
f 3107 3415 3109
f 3406 3407 3416
f 3406 3416 3415
f 3407 3408 3417
f 3407 3417 3416
f 3408 3409 3418
f 3408 3418 3417
f 3409 3410 3419
f 3409 3419 3418
f 3110 3420 3411
f 3110 3411 3108
f 3420 3421 3412
f 3420 3412 3411
f 3421 3422 3413
f 3421 3413 3412
f 3422 3423 3414
f 3422 3414 3413
f 3423 3143 3142
f 3423 3142 3414
f 3109 3415 3424
f 3109 3424 3049
f 3415 3416 3425
f 3415 3425 3424
f 3416 3417 3426
f 3416 3426 3425
f 3417 3418 3427
f 3417 3427 3426
f 3418 3419 3428
f 3418 3428 3427
f 3052 3429 3420
f 3052 3420 3110
f 3429 3430 3421
f 3429 3421 3420
f 3430 3431 3422
f 3430 3422 3421
f 3431 3432 3423
f 3431 3423 3422
f 3432 3144 3143
f 3432 3143 3423
f 3049 3424 3145
f 3049 3145 3050
f 3424 3425 3147
f 3424 3147 3145
f 3425 3426 3149
f 3425 3149 3147
f 3426 3427 3151
f 3426 3151 3149
f 3427 3428 3153
f 3427 3153 3151
f 3051 3156 3429
f 3051 3429 3052
f 3156 3158 3430
f 3156 3430 3429
f 3158 3160 3431
f 3158 3431 3430
f 3160 3162 3432
f 3160 3432 3431
f 3162 3115 3144
f 3162 3144 3432
f 3153 3428 3154
f 3428 3419 3410
f 3410 3401 3392
f 3392 3383 3374
f 3374 3365 3356
f 3356 3347 3338
f 3338 3329 3320
f 3320 3311 3302
f 3302 3293 3284
f 3284 3275 3266
f 3266 3257 3248
f 3248 3239 3230
f 3230 3221 3212
f 3212 3203 3194
f 3194 3185 3176
f 3176 3167 3154
f 3428 3410 3154
f 3410 3392 3374
f 3374 3356 3338
f 3338 3320 3302
f 3302 3284 3266
f 3266 3248 3230
f 3230 3212 3194
f 3194 3176 3154
f 3410 3374 3154
f 3374 3338 3302
f 3302 3266 3230
f 3230 3194 3154
f 3374 3302 3154
f 3302 3230 3154
f 3433 3434 3435
f 3433 3435 3436
f 3437 3438 3439
f 3437 3439 3440
f 3438 3441 3442
f 3438 3442 3439
f 3441 3443 3444
f 3441 3444 3442
f 3443 3445 3446
f 3443 3446 3444
f 3445 3447 3448
f 3445 3448 3446
f 3447 3449 3450
f 3447 3450 3448
f 3449 3451 3452
f 3449 3452 3450
f 3451 3453 3454
f 3451 3454 3452
f 3453 3455 3456
f 3453 3456 3454
f 3455 3457 3458
f 3455 3458 3456
f 3457 3459 3460
f 3457 3460 3458
f 3459 3461 3462
f 3459 3462 3460
f 3461 3463 3464
f 3461 3464 3462
f 3463 3465 3466
f 3463 3466 3464
f 3465 3467 3468
f 3465 3468 3466
f 3467 3469 3470
f 3467 3470 3468
f 3469 3471 3472
f 3469 3472 3470
f 3471 3473 3474
f 3471 3474 3472
f 3473 3475 3476
f 3473 3476 3474
f 3475 3477 3478
f 3475 3478 3476
f 3477 3479 3480
f 3477 3480 3478
f 3479 3481 3482
f 3479 3482 3480
f 3481 3483 3484
f 3481 3484 3482
f 3483 3485 3486
f 3483 3486 3484
f 3485 3487 3488
f 3485 3488 3486
f 3487 3489 3490
f 3487 3490 3488
f 3489 3491 3492
f 3489 3492 3490
f 3491 3493 3494
f 3491 3494 3492
f 3493 3433 3436
f 3493 3436 3494
f 3495 3437 3440
f 3495 3440 3496
f 3497 3498 3499
f 3498 3500 3501
f 3501 3502 3503
f 3503 3504 3505
f 3505 3506 3507
f 3507 3508 3509
f 3509 3510 3511
f 3511 3512 3513
f 3513 3514 3515
f 3515 3516 3517
f 3517 3518 3519
f 3519 3520 3521
f 3521 3522 3523
f 3523 3524 3525
f 3525 3526 3527
f 3527 3528 3499
f 3498 3501 3499
f 3501 3503 3505
f 3505 3507 3509
f 3509 3511 3513
f 3513 3515 3517
f 3517 3519 3521
f 3521 3523 3525
f 3525 3527 3499
f 3501 3505 3499
f 3505 3509 3513
f 3513 3517 3521
f 3521 3525 3499
f 3505 3513 3499
f 3513 3521 3499
f 3434 3495 3496
f 3434 3496 3435
f 3434 3529 3530
f 3434 3530 3495
f 3529 3531 3532
f 3529 3532 3530
f 3531 3533 3534
f 3531 3534 3532
f 3533 3535 3536
f 3533 3536 3534
f 3535 3537 3538
f 3535 3538 3536
f 3496 3539 3540
f 3496 3540 3435
f 3539 3541 3542
f 3539 3542 3540
f 3541 3543 3544
f 3541 3544 3542
f 3543 3545 3546
f 3543 3546 3544
f 3545 3497 3499
f 3545 3499 3546
f 3495 3530 3547
f 3495 3547 3437
f 3530 3532 3548
f 3530 3548 3547
f 3532 3534 3549
f 3532 3549 3548
f 3534 3536 3550
f 3534 3550 3549
f 3536 3538 3551
f 3536 3551 3550
f 3440 3552 3539
f 3440 3539 3496
f 3552 3553 3541
f 3552 3541 3539
f 3553 3554 3543
f 3553 3543 3541
f 3554 3555 3545
f 3554 3545 3543
f 3555 3498 3497
f 3555 3497 3545
f 3437 3547 3556
f 3437 3556 3438
f 3547 3548 3557
f 3547 3557 3556
f 3548 3549 3558
f 3548 3558 3557
f 3549 3550 3559
f 3549 3559 3558
f 3550 3551 3560
f 3550 3560 3559
f 3439 3561 3552
f 3439 3552 3440
f 3561 3562 3553
f 3561 3553 3552
f 3562 3563 3554
f 3562 3554 3553
f 3563 3564 3555
f 3563 3555 3554
f 3564 3500 3498
f 3564 3498 3555
f 3438 3556 3565
f 3438 3565 3441
f 3556 3557 3566
f 3556 3566 3565
f 3557 3558 3567
f 3557 3567 3566
f 3558 3559 3568
f 3558 3568 3567
f 3559 3560 3569
f 3559 3569 3568
f 3442 3570 3561
f 3442 3561 3439
f 3570 3571 3562
f 3570 3562 3561
f 3571 3572 3563
f 3571 3563 3562
f 3572 3573 3564
f 3572 3564 3563
f 3573 3501 3500
f 3573 3500 3564
f 3441 3565 3574
f 3441 3574 3443
f 3565 3566 3575
f 3565 3575 3574
f 3566 3567 3576
f 3566 3576 3575
f 3567 3568 3577
f 3567 3577 3576
f 3568 3569 3578
f 3568 3578 3577
f 3444 3579 3570
f 3444 3570 3442
f 3579 3580 3571
f 3579 3571 3570
f 3580 3581 3572
f 3580 3572 3571
f 3581 3582 3573
f 3581 3573 3572
f 3582 3502 3501
f 3582 3501 3573
f 3443 3574 3583
f 3443 3583 3445
f 3574 3575 3584
f 3574 3584 3583
f 3575 3576 3585
f 3575 3585 3584
f 3576 3577 3586
f 3576 3586 3585
f 3577 3578 3587
f 3577 3587 3586
f 3446 3588 3579
f 3446 3579 3444
f 3588 3589 3580
f 3588 3580 3579
f 3589 3590 3581
f 3589 3581 3580
f 3590 3591 3582
f 3590 3582 3581
f 3591 3503 3502
f 3591 3502 3582
f 3445 3583 3592
f 3445 3592 3447
f 3583 3584 3593
f 3583 3593 3592
f 3584 3585 3594
f 3584 3594 3593
f 3585 3586 3595
f 3585 3595 3594
f 3586 3587 3596
f 3586 3596 3595
f 3448 3597 3588
f 3448 3588 3446
f 3597 3598 3589
f 3597 3589 3588
f 3598 3599 3590
f 3598 3590 3589
f 3599 3600 3591
f 3599 3591 3590
f 3600 3504 3503
f 3600 3503 3591
f 3447 3592 3601
f 3447 3601 3449
f 3592 3593 3602
f 3592 3602 3601
f 3593 3594 3603
f 3593 3603 3602
f 3594 3595 3604
f 3594 3604 3603
f 3595 3596 3605
f 3595 3605 3604
f 3450 3606 3597
f 3450 3597 3448
f 3606 3607 3598
f 3606 3598 3597
f 3607 3608 3599
f 3607 3599 3598
f 3608 3609 3600
f 3608 3600 3599
f 3609 3505 3504
f 3609 3504 3600
f 3449 3601 3610
f 3449 3610 3451
f 3601 3602 3611
f 3601 3611 3610
f 3602 3603 3612
f 3602 3612 3611
f 3603 3604 3613
f 3603 3613 3612
f 3604 3605 3614
f 3604 3614 3613
f 3452 3615 3606
f 3452 3606 3450
f 3615 3616 3607
f 3615 3607 3606
f 3616 3617 3608
f 3616 3608 3607
f 3617 3618 3609
f 3617 3609 3608
f 3618 3506 3505
f 3618 3505 3609
f 3451 3610 3619
f 3451 3619 3453
f 3610 3611 3620
f 3610 3620 3619
f 3611 3612 3621
f 3611 3621 3620
f 3612 3613 3622
f 3612 3622 3621
f 3613 3614 3623
f 3613 3623 3622
f 3454 3624 3615
f 3454 3615 3452
f 3624 3625 3616
f 3624 3616 3615
f 3625 3626 3617
f 3625 3617 3616
f 3626 3627 3618
f 3626 3618 3617
f 3627 3507 3506
f 3627 3506 3618
f 3453 3619 3628
f 3453 3628 3455
f 3619 3620 3629
f 3619 3629 3628
f 3620 3621 3630
f 3620 3630 3629
f 3621 3622 3631
f 3621 3631 3630
f 3622 3623 3632
f 3622 3632 3631
f 3456 3633 3624
f 3456 3624 3454
f 3633 3634 3625
f 3633 3625 3624
f 3634 3635 3626
f 3634 3626 3625
f 3635 3636 3627
f 3635 3627 3626
f 3636 3508 3507
f 3636 3507 3627
f 3455 3628 3637
f 3455 3637 3457
f 3628 3629 3638
f 3628 3638 3637
f 3629 3630 3639
f 3629 3639 3638
f 3630 3631 3640
f 3630 3640 3639
f 3631 3632 3641
f 3631 3641 3640
f 3458 3642 3633
f 3458 3633 3456
f 3642 3643 3634
f 3642 3634 3633
f 3643 3644 3635
f 3643 3635 3634
f 3644 3645 3636
f 3644 3636 3635
f 3645 3509 3508
f 3645 3508 3636
f 3457 3637 3646
f 3457 3646 3459
f 3637 3638 3647
f 3637 3647 3646
f 3638 3639 3648
f 3638 3648 3647
f 3639 3640 3649
f 3639 3649 3648
f 3640 3641 3650
f 3640 3650 3649
f 3460 3651 3642
f 3460 3642 3458
f 3651 3652 3643
f 3651 3643 3642
f 3652 3653 3644
f 3652 3644 3643
f 3653 3654 3645
f 3653 3645 3644
f 3654 3510 3509
f 3654 3509 3645
f 3459 3646 3655
f 3459 3655 3461
f 3646 3647 3656
f 3646 3656 3655
f 3647 3648 3657
f 3647 3657 3656
f 3648 3649 3658
f 3648 3658 3657
f 3649 3650 3659
f 3649 3659 3658
f 3462 3660 3651
f 3462 3651 3460
f 3660 3661 3652
f 3660 3652 3651
f 3661 3662 3653
f 3661 3653 3652
f 3662 3663 3654
f 3662 3654 3653
f 3663 3511 3510
f 3663 3510 3654
f 3461 3655 3664
f 3461 3664 3463
f 3655 3656 3665
f 3655 3665 3664
f 3656 3657 3666
f 3656 3666 3665
f 3657 3658 3667
f 3657 3667 3666
f 3658 3659 3668
f 3658 3668 3667
f 3464 3669 3660
f 3464 3660 3462
f 3669 3670 3661
f 3669 3661 3660
f 3670 3671 3662
f 3670 3662 3661
f 3671 3672 3663
f 3671 3663 3662
f 3672 3512 3511
f 3672 3511 3663
f 3463 3664 3673
f 3463 3673 3465
f 3664 3665 3674
f 3664 3674 3673
f 3665 3666 3675
f 3665 3675 3674
f 3666 3667 3676
f 3666 3676 3675
f 3667 3668 3677
f 3667 3677 3676
f 3466 3678 3669
f 3466 3669 3464
f 3678 3679 3670
f 3678 3670 3669
f 3679 3680 3671
f 3679 3671 3670
f 3680 3681 3672
f 3680 3672 3671
f 3681 3513 3512
f 3681 3512 3672
f 3465 3673 3682
f 3465 3682 3467
f 3673 3674 3683
f 3673 3683 3682
f 3674 3675 3684
f 3674 3684 3683
f 3675 3676 3685
f 3675 3685 3684
f 3676 3677 3686
f 3676 3686 3685
f 3468 3687 3678
f 3468 3678 3466
f 3687 3688 3679
f 3687 3679 3678
f 3688 3689 3680
f 3688 3680 3679
f 3689 3690 3681
f 3689 3681 3680
f 3690 3514 3513
f 3690 3513 3681
f 3467 3682 3691
f 3467 3691 3469
f 3682 3683 3692
f 3682 3692 3691
f 3683 3684 3693
f 3683 3693 3692
f 3684 3685 3694
f 3684 3694 3693
f 3685 3686 3695
f 3685 3695 3694
f 3470 3696 3687
f 3470 3687 3468
f 3696 3697 3688
f 3696 3688 3687
f 3697 3698 3689
f 3697 3689 3688
f 3698 3699 3690
f 3698 3690 3689
f 3699 3515 3514
f 3699 3514 3690
f 3469 3691 3700
f 3469 3700 3471
f 3691 3692 3701
f 3691 3701 3700
f 3692 3693 3702
f 3692 3702 3701
f 3693 3694 3703
f 3693 3703 3702
f 3694 3695 3704
f 3694 3704 3703
f 3472 3705 3696
f 3472 3696 3470
f 3705 3706 3697
f 3705 3697 3696
f 3706 3707 3698
f 3706 3698 3697
f 3707 3708 3699
f 3707 3699 3698
f 3708 3516 3515
f 3708 3515 3699
f 3471 3700 3709
f 3471 3709 3473
f 3700 3701 3710
f 3700 3710 3709
f 3701 3702 3711
f 3701 3711 3710
f 3702 3703 3712
f 3702 3712 3711
f 3703 3704 3713
f 3703 3713 3712
f 3474 3714 3705
f 3474 3705 3472
f 3714 3715 3706
f 3714 3706 3705
f 3715 3716 3707
f 3715 3707 3706
f 3716 3717 3708
f 3716 3708 3707
f 3717 3517 3516
f 3717 3516 3708
f 3473 3709 3718
f 3473 3718 3475
f 3709 3710 3719
f 3709 3719 3718
f 3710 3711 3720
f 3710 3720 3719
f 3711 3712 3721
f 3711 3721 3720
f 3712 3713 3722
f 3712 3722 3721
f 3476 3723 3714
f 3476 3714 3474
f 3723 3724 3715
f 3723 3715 3714
f 3724 3725 3716
f 3724 3716 3715
f 3725 3726 3717
f 3725 3717 3716
f 3726 3518 3517
f 3726 3517 3717
f 3475 3718 3727
f 3475 3727 3477
f 3718 3719 3728
f 3718 3728 3727
f 3719 3720 3729
f 3719 3729 3728
f 3720 3721 3730
f 3720 3730 3729
f 3721 3722 3731
f 3721 3731 3730
f 3478 3732 3723
f 3478 3723 3476
f 3732 3733 3724
f 3732 3724 3723
f 3733 3734 3725
f 3733 3725 3724
f 3734 3735 3726
f 3734 3726 3725
f 3735 3519 3518
f 3735 3518 3726
f 3477 3727 3736
f 3477 3736 3479
f 3727 3728 3737
f 3727 3737 3736
f 3728 3729 3738
f 3728 3738 3737
f 3729 3730 3739
f 3729 3739 3738
f 3730 3731 3740
f 3730 3740 3739
f 3480 3741 3732
f 3480 3732 3478
f 3741 3742 3733
f 3741 3733 3732
f 3742 3743 3734
f 3742 3734 3733
f 3743 3744 3735
f 3743 3735 3734
f 3744 3520 3519
f 3744 3519 3735
f 3479 3736 3745
f 3479 3745 3481
f 3736 3737 3746
f 3736 3746 3745
f 3737 3738 3747
f 3737 3747 3746
f 3738 3739 3748
f 3738 3748 3747
f 3739 3740 3749
f 3739 3749 3748
f 3482 3750 3741
f 3482 3741 3480
f 3750 3751 3742
f 3750 3742 3741
f 3751 3752 3743
f 3751 3743 3742
f 3752 3753 3744
f 3752 3744 3743
f 3753 3521 3520
f 3753 3520 3744
f 3481 3745 3754
f 3481 3754 3483
f 3745 3746 3755
f 3745 3755 3754
f 3746 3747 3756
f 3746 3756 3755
f 3747 3748 3757
f 3747 3757 3756
f 3748 3749 3758
f 3748 3758 3757
f 3484 3759 3750
f 3484 3750 3482
f 3759 3760 3751
f 3759 3751 3750
f 3760 3761 3752
f 3760 3752 3751
f 3761 3762 3753
f 3761 3753 3752
f 3762 3522 3521
f 3762 3521 3753
f 3483 3754 3763
f 3483 3763 3485
f 3754 3755 3764
f 3754 3764 3763
f 3755 3756 3765
f 3755 3765 3764
f 3756 3757 3766
f 3756 3766 3765
f 3757 3758 3767
f 3757 3767 3766
f 3486 3768 3759
f 3486 3759 3484
f 3768 3769 3760
f 3768 3760 3759
f 3769 3770 3761
f 3769 3761 3760
f 3770 3771 3762
f 3770 3762 3761
f 3771 3523 3522
f 3771 3522 3762
f 3485 3763 3772
f 3485 3772 3487
f 3763 3764 3773
f 3763 3773 3772
f 3764 3765 3774
f 3764 3774 3773
f 3765 3766 3775
f 3765 3775 3774
f 3766 3767 3776
f 3766 3776 3775
f 3488 3777 3768
f 3488 3768 3486
f 3777 3778 3769
f 3777 3769 3768
f 3778 3779 3770
f 3778 3770 3769
f 3779 3780 3771
f 3779 3771 3770
f 3780 3524 3523
f 3780 3523 3771
f 3487 3772 3781
f 3487 3781 3489
f 3772 3773 3782
f 3772 3782 3781
f 3773 3774 3783
f 3773 3783 3782
f 3774 3775 3784
f 3774 3784 3783
f 3775 3776 3785
f 3775 3785 3784
f 3490 3786 3777
f 3490 3777 3488
f 3786 3787 3778
f 3786 3778 3777
f 3787 3788 3779
f 3787 3779 3778
f 3788 3789 3780
f 3788 3780 3779
f 3789 3525 3524
f 3789 3524 3780
f 3489 3781 3790
f 3489 3790 3491
f 3781 3782 3791
f 3781 3791 3790
f 3782 3783 3792
f 3782 3792 3791
f 3783 3784 3793
f 3783 3793 3792
f 3784 3785 3794
f 3784 3794 3793
f 3492 3795 3786
f 3492 3786 3490
f 3795 3796 3787
f 3795 3787 3786
f 3796 3797 3788
f 3796 3788 3787
f 3797 3798 3789
f 3797 3789 3788
f 3798 3526 3525
f 3798 3525 3789
f 3491 3790 3799
f 3491 3799 3493
f 3790 3791 3800
f 3790 3800 3799
f 3791 3792 3801
f 3791 3801 3800
f 3792 3793 3802
f 3792 3802 3801
f 3793 3794 3803
f 3793 3803 3802
f 3494 3804 3795
f 3494 3795 3492
f 3804 3805 3796
f 3804 3796 3795
f 3805 3806 3797
f 3805 3797 3796
f 3806 3807 3798
f 3806 3798 3797
f 3807 3527 3526
f 3807 3526 3798
f 3493 3799 3808
f 3493 3808 3433
f 3799 3800 3809
f 3799 3809 3808
f 3800 3801 3810
f 3800 3810 3809
f 3801 3802 3811
f 3801 3811 3810
f 3802 3803 3812
f 3802 3812 3811
f 3436 3813 3804
f 3436 3804 3494
f 3813 3814 3805
f 3813 3805 3804
f 3814 3815 3806
f 3814 3806 3805
f 3815 3816 3807
f 3815 3807 3806
f 3816 3528 3527
f 3816 3527 3807
f 3433 3808 3529
f 3433 3529 3434
f 3808 3809 3531
f 3808 3531 3529
f 3809 3810 3533
f 3809 3533 3531
f 3810 3811 3535
f 3810 3535 3533
f 3811 3812 3537
f 3811 3537 3535
f 3435 3540 3813
f 3435 3813 3436
f 3540 3542 3814
f 3540 3814 3813
f 3542 3544 3815
f 3542 3815 3814
f 3544 3546 3816
f 3544 3816 3815
f 3546 3499 3528
f 3546 3528 3816
f 3537 3812 3538
f 3812 3803 3794
f 3794 3785 3776
f 3776 3767 3758
f 3758 3749 3740
f 3740 3731 3722
f 3722 3713 3704
f 3704 3695 3686
f 3686 3677 3668
f 3668 3659 3650
f 3650 3641 3632
f 3632 3623 3614
f 3614 3605 3596
f 3596 3587 3578
f 3578 3569 3560
f 3560 3551 3538
f 3812 3794 3538
f 3794 3776 3758
f 3758 3740 3722
f 3722 3704 3686
f 3686 3668 3650
f 3650 3632 3614
f 3614 3596 3578
f 3578 3560 3538
f 3794 3758 3538
f 3758 3722 3686
f 3686 3650 3614
f 3614 3578 3538
f 3758 3686 3538
f 3686 3614 3538